vgs,id
0.510415,6.01843e-06
0.510415,6.01843e-06
0.510415,6.01841e-06
0.510415,6.01838e-06
0.510415,6.01837e-06
0.510414,6.01831e-06
0.510414,6.01818e-06
0.510412,6.01799e-06
0.510409,6.01757e-06
0.510405,6.01688e-06
0.5104,6.01618e-06
0.510396,6.01553e-06
0.510392,6.01485e-06
0.510387,6.01418e-06
0.510383,6.01348e-06
0.510378,6.0128e-06
0.510374,6.01213e-06
0.510369,6.01145e-06
0.510365,6.01079e-06
0.510361,6.01011e-06
0.510356,6.00942e-06
0.510352,6.00874e-06
0.510347,6.00809e-06
0.510343,6.00742e-06
0.510338,6.00674e-06
0.510334,6.00606e-06
0.51033,6.00539e-06
0.510325,6.00473e-06
0.510321,6.00404e-06
0.510316,6.00336e-06
0.510312,6.00268e-06
0.510307,6.00202e-06
0.510303,6.00136e-06
0.510299,6.00067e-06
0.510294,6e-06
0.51029,5.99932e-06
0.510285,5.99865e-06
0.510281,5.99798e-06
0.510277,5.9973e-06
0.510272,5.99662e-06
0.510268,5.99595e-06
0.510263,5.9953e-06
0.510259,5.99461e-06
0.510254,5.99395e-06
0.51025,5.99327e-06
0.510246,5.99259e-06
0.510241,5.99191e-06
0.510237,5.99124e-06
0.510232,5.99057e-06
0.510228,5.98991e-06
0.510224,5.98923e-06
0.510219,5.98858e-06
0.510215,5.98791e-06
0.51021,5.98724e-06
0.510206,5.98654e-06
0.510202,5.98589e-06
0.510197,5.98521e-06
0.510193,5.98455e-06
0.510188,5.98388e-06
0.510184,5.9832e-06
0.51018,5.98253e-06
0.510175,5.98186e-06
0.510171,5.98119e-06
0.510166,5.98053e-06
0.510162,5.97986e-06
0.510157,5.9792e-06
0.510153,5.97853e-06
0.510149,5.97786e-06
0.510144,5.97721e-06
0.51014,5.97653e-06
0.510135,5.97586e-06
0.510131,5.97521e-06
0.510127,5.97453e-06
0.510122,5.97387e-06
0.510118,5.97318e-06
0.510113,5.97251e-06
0.510109,5.97184e-06
0.510105,5.97119e-06
0.5101,5.97051e-06
0.510096,5.96984e-06
0.510092,5.96918e-06
0.510087,5.96851e-06
0.510083,5.96784e-06
0.510078,5.96719e-06
0.510074,5.96652e-06
0.51007,5.96586e-06
0.510065,5.96517e-06
0.510061,5.96451e-06
0.510056,5.96384e-06
0.510052,5.96321e-06
0.510048,5.96255e-06
0.510043,5.96187e-06
0.510039,5.96119e-06
0.510034,5.96052e-06
0.51003,5.95985e-06
0.510026,5.9592e-06
0.510021,5.95852e-06
0.510017,5.95787e-06
0.510012,5.95723e-06
0.510008,5.95655e-06
0.510004,5.95588e-06
0.509999,5.95522e-06
0.509995,5.95455e-06
0.509991,5.9539e-06
0.509986,5.95324e-06
0.509982,5.95256e-06
0.509977,5.95189e-06
0.509973,5.95123e-06
0.509969,5.95059e-06
0.509964,5.9499e-06
0.50996,5.94926e-06
0.509956,5.94859e-06
0.509951,5.94794e-06
0.509947,5.94726e-06
0.509942,5.9466e-06
0.509938,5.94594e-06
0.509934,5.9453e-06
0.509929,5.94463e-06
0.509925,5.94395e-06
0.509921,5.94331e-06
0.509916,5.94264e-06
0.509912,5.94196e-06
0.509907,5.94132e-06
0.509903,5.94067e-06
0.509899,5.94001e-06
0.509894,5.93936e-06
0.50989,5.93867e-06
0.509886,5.93802e-06
0.509881,5.93735e-06
0.509877,5.9367e-06
0.509872,5.93603e-06
0.509868,5.93537e-06
0.509864,5.93473e-06
0.509859,5.93406e-06
0.509855,5.93339e-06
0.509851,5.93276e-06
0.509846,5.93209e-06
0.509842,5.93144e-06
0.509837,5.93077e-06
0.509833,5.93012e-06
0.509829,5.92947e-06
0.509824,5.92881e-06
0.50982,5.92813e-06
0.509816,5.92748e-06
0.509811,5.92683e-06
0.509807,5.92619e-06
0.509803,5.92551e-06
0.509798,5.92486e-06
0.509794,5.92419e-06
0.509789,5.92357e-06
0.509785,5.92288e-06
0.509781,5.92223e-06
0.509776,5.92158e-06
0.509772,5.92091e-06
0.509768,5.92026e-06
0.509763,5.91961e-06
0.509759,5.91895e-06
0.509755,5.9183e-06
0.50975,5.91765e-06
0.509746,5.91698e-06
0.509742,5.91633e-06
0.509737,5.91569e-06
0.509733,5.91504e-06
0.509729,5.91436e-06
0.509724,5.91372e-06
0.50972,5.91305e-06
0.509715,5.9124e-06
0.509711,5.91175e-06
0.509707,5.9111e-06
0.509702,5.91045e-06
0.509698,5.90979e-06
0.509694,5.90916e-06
0.509689,5.90847e-06
0.509685,5.90784e-06
0.509681,5.90721e-06
0.509676,5.90652e-06
0.509672,5.90588e-06
0.509668,5.90524e-06
0.509663,5.90456e-06
0.509659,5.90392e-06
0.509655,5.90327e-06
0.50965,5.90265e-06
0.509646,5.90196e-06
0.509642,5.90133e-06
0.509637,5.90064e-06
0.509633,5.90002e-06
0.509629,5.89935e-06
0.509624,5.89872e-06
0.50962,5.89805e-06
0.509616,5.89741e-06
0.509611,5.89676e-06
0.509607,5.89612e-06
0.509603,5.89545e-06
0.509598,5.8948e-06
0.509594,5.89416e-06
0.509589,5.8935e-06
0.509585,5.89286e-06
0.509581,5.89222e-06
0.509576,5.89155e-06
0.509572,5.89092e-06
0.509568,5.89026e-06
0.509563,5.88961e-06
0.509559,5.88899e-06
0.509555,5.88834e-06
0.50955,5.88765e-06
0.509546,5.88702e-06
0.509542,5.88636e-06
0.509537,5.88573e-06
0.509533,5.88507e-06
0.509529,5.88444e-06
0.509525,5.88377e-06
0.50952,5.88313e-06
0.509516,5.88248e-06
0.509512,5.88183e-06
0.509507,5.88119e-06
0.509503,5.88055e-06
0.509499,5.8799e-06
0.509494,5.87925e-06
0.50949,5.87861e-06
0.509486,5.87794e-06
0.509481,5.8773e-06
0.509477,5.87667e-06
0.509473,5.87601e-06
0.509468,5.87537e-06
0.509464,5.87472e-06
0.50946,5.8741e-06
0.509455,5.87343e-06
0.509451,5.87279e-06
0.509447,5.87214e-06
0.509442,5.87149e-06
0.509438,5.87085e-06
0.509434,5.87023e-06
0.509429,5.86957e-06
0.509425,5.86892e-06
0.509421,5.86828e-06
0.509416,5.86762e-06
0.509412,5.86698e-06
0.509408,5.86636e-06
0.509403,5.86569e-06
0.509399,5.86507e-06
0.509395,5.8644e-06
0.509391,5.86379e-06
0.509386,5.86312e-06
0.509382,5.86249e-06
0.509378,5.86183e-06
0.509373,5.86121e-06
0.509369,5.86057e-06
0.509365,5.85992e-06
0.50936,5.85928e-06
0.509356,5.85864e-06
0.509352,5.85797e-06
0.509347,5.85735e-06
0.509343,5.8567e-06
0.509339,5.85608e-06
0.509335,5.85542e-06
0.50933,5.85477e-06
0.509326,5.85413e-06
0.509322,5.85351e-06
0.509317,5.85286e-06
0.509313,5.85224e-06
0.509309,5.85155e-06
0.509304,5.85095e-06
0.5093,5.85029e-06
0.509296,5.84966e-06
0.509291,5.849e-06
0.509287,5.84838e-06
0.509283,5.84772e-06
0.509279,5.84709e-06
0.509274,5.84645e-06
0.50927,5.84581e-06
0.509266,5.84516e-06
0.509261,5.84454e-06
0.509257,5.84388e-06
0.509253,5.84325e-06
0.509248,5.84262e-06
0.509244,5.84199e-06
0.50924,5.84134e-06
0.509236,5.84071e-06
0.509231,5.84007e-06
0.509227,5.83942e-06
0.509223,5.83879e-06
0.509218,5.83815e-06
0.509214,5.8375e-06
0.50921,5.83687e-06
0.509206,5.83623e-06
0.509201,5.83562e-06
0.509197,5.83495e-06
0.509193,5.83433e-06
0.509188,5.83369e-06
0.509184,5.83306e-06
0.50918,5.83241e-06
0.509175,5.8318e-06
0.509171,5.83115e-06
0.509167,5.83052e-06
0.509163,5.82988e-06
0.509158,5.82923e-06
0.509154,5.82861e-06
0.50915,5.82797e-06
0.509145,5.82734e-06
0.509141,5.82669e-06
0.509137,5.82606e-06
0.509133,5.82545e-06
0.509128,5.82477e-06
0.509124,5.82415e-06
0.50912,5.82351e-06
0.509115,5.82289e-06
0.509111,5.82225e-06
0.509107,5.82163e-06
0.509103,5.82099e-06
0.509098,5.82036e-06
0.509094,5.81973e-06
0.50909,5.81908e-06
0.509089,5.81902e-06
0.509088,5.81886e-06
0.509086,5.81854e-06
0.509082,5.81789e-06
0.509078,5.81728e-06
0.509073,5.81664e-06
0.509069,5.81599e-06
0.509065,5.81537e-06
0.50906,5.81473e-06
0.509056,5.81408e-06
0.509052,5.81347e-06
0.509048,5.81284e-06
0.509043,5.8122e-06
0.509039,5.81155e-06
0.509035,5.81091e-06
0.50903,5.81032e-06
0.509026,5.80968e-06
0.509022,5.80903e-06
0.509018,5.80841e-06
0.509013,5.80778e-06
0.509009,5.80714e-06
0.509005,5.80654e-06
0.509001,5.80587e-06
0.508996,5.80526e-06
0.508992,5.80462e-06
0.508988,5.804e-06
0.508984,5.80335e-06
0.508979,5.80274e-06
0.508975,5.8021e-06
0.508971,5.80148e-06
0.508966,5.80085e-06
0.508962,5.80023e-06
0.508958,5.79959e-06
0.508954,5.79896e-06
0.508949,5.79833e-06
0.508945,5.79771e-06
0.508941,5.79707e-06
0.508937,5.79645e-06
0.508932,5.79581e-06
0.508928,5.7952e-06
0.508924,5.79456e-06
0.50892,5.79392e-06
0.508915,5.79331e-06
0.508911,5.79268e-06
0.508907,5.79207e-06
0.508903,5.79142e-06
0.508898,5.79079e-06
0.508894,5.79015e-06
0.50889,5.78952e-06
0.508886,5.78891e-06
0.508881,5.78828e-06
0.508877,5.78766e-06
0.508873,5.78701e-06
0.508868,5.7864e-06
0.508864,5.78579e-06
0.50886,5.78517e-06
0.508856,5.78453e-06
0.508851,5.78391e-06
0.508847,5.78328e-06
0.508843,5.78263e-06
0.508839,5.78203e-06
0.508834,5.78141e-06
0.50883,5.78077e-06
0.508826,5.78014e-06
0.508822,5.7795e-06
0.508817,5.77889e-06
0.508813,5.77827e-06
0.508809,5.77764e-06
0.508805,5.777e-06
0.5088,5.77638e-06
0.508796,5.77577e-06
0.508792,5.77515e-06
0.508788,5.77453e-06
0.508784,5.7739e-06
0.508779,5.77328e-06
0.508775,5.77267e-06
0.508771,5.77205e-06
0.508767,5.77139e-06
0.508762,5.77077e-06
0.508758,5.77015e-06
0.508754,5.76955e-06
0.50875,5.7689e-06
0.508745,5.76829e-06
0.508741,5.76767e-06
0.508737,5.76704e-06
0.508733,5.76644e-06
0.508728,5.7658e-06
0.508724,5.76516e-06
0.50872,5.76455e-06
0.508716,5.76393e-06
0.508711,5.7633e-06
0.508707,5.7627e-06
0.508703,5.76206e-06
0.508699,5.76143e-06
0.508694,5.76081e-06
0.50869,5.76019e-06
0.508686,5.75958e-06
0.508682,5.75898e-06
0.508678,5.75834e-06
0.508673,5.75772e-06
0.508669,5.7571e-06
0.508665,5.75648e-06
0.508661,5.75585e-06
0.508656,5.75526e-06
0.508652,5.75462e-06
0.508648,5.754e-06
0.508644,5.7534e-06
0.508639,5.75276e-06
0.508635,5.75214e-06
0.508631,5.75152e-06
0.508627,5.75091e-06
0.508623,5.75028e-06
0.508618,5.74966e-06
0.508614,5.74905e-06
0.50861,5.74844e-06
0.508606,5.74781e-06
0.508601,5.7472e-06
0.508597,5.74657e-06
0.508593,5.74595e-06
0.508589,5.74533e-06
0.508585,5.74473e-06
0.50858,5.74411e-06
0.508576,5.74348e-06
0.508572,5.74286e-06
0.508568,5.74227e-06
0.508563,5.74164e-06
0.508559,5.74102e-06
0.508555,5.74041e-06
0.508551,5.73979e-06
0.508547,5.73917e-06
0.508542,5.73855e-06
0.508538,5.73795e-06
0.508534,5.73732e-06
0.50853,5.7367e-06
0.508526,5.73609e-06
0.508521,5.73548e-06
0.508517,5.73486e-06
0.508513,5.73425e-06
0.508509,5.73363e-06
0.508504,5.73303e-06
0.5085,5.73241e-06
0.508496,5.7318e-06
0.508492,5.73117e-06
0.508488,5.73057e-06
0.508483,5.72994e-06
0.508479,5.72934e-06
0.508475,5.7287e-06
0.508471,5.72809e-06
0.508467,5.72749e-06
0.508462,5.72686e-06
0.508458,5.72624e-06
0.508454,5.72565e-06
0.50845,5.72501e-06
0.508445,5.72442e-06
0.508441,5.72381e-06
0.508437,5.7232e-06
0.508433,5.72258e-06
0.508429,5.72196e-06
0.508424,5.72134e-06
0.50842,5.72074e-06
0.508416,5.72013e-06
0.508412,5.71952e-06
0.508408,5.71889e-06
0.508403,5.7183e-06
0.508399,5.71768e-06
0.508395,5.71709e-06
0.508391,5.71646e-06
0.508387,5.71584e-06
0.508382,5.71523e-06
0.508378,5.71464e-06
0.508374,5.71401e-06
0.50837,5.71339e-06
0.508366,5.71279e-06
0.508361,5.71217e-06
0.508357,5.71156e-06
0.508353,5.71097e-06
0.508349,5.71034e-06
0.508345,5.70975e-06
0.50834,5.70912e-06
0.508336,5.7085e-06
0.508332,5.70789e-06
0.508328,5.7073e-06
0.508324,5.70669e-06
0.50832,5.70608e-06
0.508315,5.70548e-06
0.508311,5.70486e-06
0.508307,5.70424e-06
0.508303,5.70363e-06
0.508299,5.70305e-06
0.508294,5.70243e-06
0.50829,5.70182e-06
0.508286,5.70121e-06
0.508282,5.7006e-06
0.508278,5.69999e-06
0.508273,5.69939e-06
0.508269,5.69877e-06
0.508265,5.69815e-06
0.508261,5.69757e-06
0.508257,5.69694e-06
0.508253,5.69635e-06
0.508248,5.69573e-06
0.508244,5.69515e-06
0.50824,5.69452e-06
0.508236,5.69393e-06
0.508232,5.69332e-06
0.508227,5.6927e-06
0.508223,5.69209e-06
0.508219,5.6915e-06
0.508215,5.69085e-06
0.508211,5.69029e-06
0.508207,5.68968e-06
0.508202,5.68906e-06
0.508198,5.68845e-06
0.508194,5.68786e-06
0.50819,5.68726e-06
0.508186,5.68665e-06
0.508181,5.68603e-06
0.508177,5.68544e-06
0.508173,5.68481e-06
0.508169,5.68423e-06
0.508165,5.68362e-06
0.508161,5.68301e-06
0.508156,5.6824e-06
0.508152,5.68181e-06
0.508148,5.6812e-06
0.508144,5.68059e-06
0.50814,5.68e-06
0.508136,5.67939e-06
0.508131,5.67878e-06
0.508127,5.6782e-06
0.508123,5.67756e-06
0.508119,5.67695e-06
0.508115,5.67637e-06
0.508111,5.67578e-06
0.508106,5.67517e-06
0.508102,5.67456e-06
0.508098,5.67395e-06
0.508094,5.67336e-06
0.50809,5.67275e-06
0.508086,5.67217e-06
0.508081,5.67154e-06
0.508077,5.67095e-06
0.508073,5.67034e-06
0.508072,5.6703e-06
0.508071,5.67014e-06
0.508069,5.66982e-06
0.508065,5.66921e-06
0.508061,5.66862e-06
0.508057,5.66804e-06
0.508053,5.66741e-06
0.508049,5.66682e-06
0.508044,5.66621e-06
0.50804,5.66562e-06
0.508036,5.66501e-06
0.508032,5.66441e-06
0.508028,5.66382e-06
0.508024,5.66322e-06
0.508019,5.66261e-06
0.508015,5.66202e-06
0.508011,5.66143e-06
0.508007,5.6608e-06
0.508003,5.66021e-06
0.507999,5.65958e-06
0.507994,5.65902e-06
0.50799,5.65841e-06
0.507986,5.65783e-06
0.507982,5.65721e-06
0.507978,5.6566e-06
0.507974,5.65602e-06
0.50797,5.65542e-06
0.507965,5.65483e-06
0.507961,5.65425e-06
0.507957,5.65361e-06
0.507953,5.653e-06
0.507949,5.65242e-06
0.507945,5.65183e-06
0.50794,5.65123e-06
0.507936,5.65062e-06
0.507932,5.65002e-06
0.507928,5.64944e-06
0.507924,5.64884e-06
0.50792,5.64825e-06
0.507916,5.64764e-06
0.507911,5.64704e-06
0.507907,5.64646e-06
0.507903,5.64584e-06
0.507899,5.64526e-06
0.507895,5.64467e-06
0.507891,5.64406e-06
0.507887,5.64348e-06
0.507882,5.64287e-06
0.507878,5.64226e-06
0.507874,5.64168e-06
0.50787,5.64108e-06
0.507866,5.64049e-06
0.507862,5.6399e-06
0.507858,5.63932e-06
0.507853,5.63871e-06
0.507849,5.63811e-06
0.507845,5.63752e-06
0.507841,5.63689e-06
0.507837,5.63631e-06
0.507833,5.63573e-06
0.507829,5.63514e-06
0.507824,5.63453e-06
0.50782,5.63395e-06
0.507816,5.63336e-06
0.507812,5.63275e-06
0.507808,5.63215e-06
0.507804,5.63156e-06
0.5078,5.63099e-06
0.507796,5.63038e-06
0.507791,5.62979e-06
0.507787,5.6292e-06
0.507783,5.6286e-06
0.507779,5.62802e-06
0.507775,5.62743e-06
0.507771,5.62682e-06
0.507767,5.62622e-06
0.507762,5.62564e-06
0.507758,5.62505e-06
0.507754,5.62445e-06
0.50775,5.62386e-06
0.507746,5.62328e-06
0.507742,5.62269e-06
0.507738,5.62211e-06
0.507734,5.6215e-06
0.507729,5.6209e-06
0.507725,5.62032e-06
0.507721,5.61974e-06
0.507717,5.61915e-06
0.507713,5.61852e-06
0.507709,5.61795e-06
0.507705,5.61737e-06
0.507701,5.61676e-06
0.507696,5.61619e-06
0.507692,5.61558e-06
0.507688,5.61499e-06
0.507684,5.61441e-06
0.50768,5.61381e-06
0.507676,5.61325e-06
0.507672,5.61262e-06
0.507668,5.61203e-06
0.507663,5.61146e-06
0.507659,5.61087e-06
0.507655,5.61028e-06
0.507651,5.60971e-06
0.507647,5.6091e-06
0.507643,5.60851e-06
0.507639,5.60791e-06
0.507635,5.60733e-06
0.507631,5.60674e-06
0.507626,5.60617e-06
0.507622,5.60556e-06
0.507618,5.60498e-06
0.507614,5.60439e-06
0.50761,5.6038e-06
0.507606,5.6032e-06
0.507602,5.60262e-06
0.507598,5.60203e-06
0.507594,5.60146e-06
0.507589,5.60087e-06
0.507585,5.60029e-06
0.507581,5.59968e-06
0.507577,5.59911e-06
0.507573,5.59853e-06
0.507569,5.59792e-06
0.507565,5.59736e-06
0.507561,5.59675e-06
0.507557,5.59617e-06
0.507552,5.59558e-06
0.507548,5.59499e-06
0.507544,5.59442e-06
0.50754,5.59385e-06
0.507536,5.59324e-06
0.507532,5.59266e-06
0.507528,5.59207e-06
0.507524,5.5915e-06
0.50752,5.59092e-06
0.507515,5.5903e-06
0.507511,5.58972e-06
0.507507,5.58914e-06
0.507503,5.58857e-06
0.507499,5.58798e-06
0.507495,5.58738e-06
0.507491,5.58682e-06
0.507487,5.58622e-06
0.507483,5.58564e-06
0.507479,5.58506e-06
0.507474,5.58447e-06
0.50747,5.58389e-06
0.507466,5.58331e-06
0.507462,5.58272e-06
0.507458,5.58215e-06
0.507454,5.58156e-06
0.50745,5.58096e-06
0.507446,5.58038e-06
0.507442,5.57982e-06
0.507438,5.57924e-06
0.507434,5.57861e-06
0.507429,5.57806e-06
0.507425,5.57748e-06
0.507421,5.5769e-06
0.507417,5.57632e-06
0.507417,5.57623e-06
0.507416,5.5761e-06
0.507414,5.5758e-06
0.507409,5.57522e-06
0.507405,5.57464e-06
0.507401,5.57404e-06
0.507397,5.57348e-06
0.507393,5.57289e-06
0.507389,5.57231e-06
0.507385,5.57173e-06
0.507381,5.57115e-06
0.507377,5.57057e-06
0.507373,5.56999e-06
0.507369,5.56939e-06
0.507364,5.56883e-06
0.50736,5.56823e-06
0.507356,5.56767e-06
0.507352,5.56709e-06
0.507348,5.56649e-06
0.507344,5.56591e-06
0.50734,5.56535e-06
0.507336,5.56477e-06
0.507332,5.56417e-06
0.507328,5.56359e-06
0.507324,5.56303e-06
0.50732,5.56243e-06
0.507315,5.56187e-06
0.507311,5.56129e-06
0.507307,5.56072e-06
0.507303,5.56013e-06
0.507299,5.55953e-06
0.507295,5.55898e-06
0.507291,5.5584e-06
0.507287,5.55781e-06
0.507283,5.55724e-06
0.507279,5.55666e-06
0.507275,5.55608e-06
0.507271,5.55549e-06
0.507267,5.55491e-06
0.507262,5.55434e-06
0.507258,5.55375e-06
0.507254,5.5532e-06
0.50725,5.55262e-06
0.507246,5.55204e-06
0.507242,5.55146e-06
0.507238,5.55089e-06
0.507234,5.55031e-06
0.50723,5.54973e-06
0.507226,5.54912e-06
0.507222,5.54857e-06
0.507218,5.54801e-06
0.507214,5.54743e-06
0.50721,5.54686e-06
0.507205,5.54628e-06
0.507201,5.5457e-06
0.507197,5.54512e-06
0.507193,5.54454e-06
0.507189,5.54396e-06
0.507185,5.54337e-06
0.507181,5.54283e-06
0.507177,5.54225e-06
0.507173,5.54166e-06
0.507169,5.54111e-06
0.507168,5.54105e-06
0.507167,5.5409e-06
0.507165,5.54058e-06
0.507161,5.54e-06
0.507157,5.53944e-06
0.507153,5.53884e-06
0.507149,5.53829e-06
0.507145,5.53771e-06
0.507141,5.53713e-06
0.507137,5.53658e-06
0.507133,5.53599e-06
0.507129,5.53542e-06
0.507125,5.53486e-06
0.507121,5.53428e-06
0.507117,5.53368e-06
0.507112,5.53315e-06
0.507108,5.53255e-06
0.507104,5.53197e-06
0.5071,5.53141e-06
0.507096,5.53083e-06
0.507092,5.53026e-06
0.507088,5.52968e-06
0.507084,5.52913e-06
0.50708,5.52855e-06
0.507076,5.52797e-06
0.507072,5.52741e-06
0.507068,5.52681e-06
0.507064,5.52626e-06
0.50706,5.52568e-06
0.507056,5.52513e-06
0.507052,5.52455e-06
0.507048,5.52397e-06
0.507044,5.52339e-06
0.507039,5.52284e-06
0.507035,5.52226e-06
0.507031,5.52168e-06
0.507027,5.5211e-06
0.507023,5.52055e-06
0.507019,5.51998e-06
0.507015,5.5194e-06
0.507011,5.51884e-06
0.507007,5.51826e-06
0.507003,5.51769e-06
0.506999,5.51713e-06
0.506995,5.51654e-06
0.506991,5.51598e-06
0.506987,5.5154e-06
0.506983,5.51486e-06
0.506979,5.51428e-06
0.506975,5.51372e-06
0.506971,5.51312e-06
0.506967,5.51256e-06
0.506963,5.51199e-06
0.506959,5.51143e-06
0.506955,5.51086e-06
0.50695,5.51028e-06
0.506946,5.50972e-06
0.506942,5.50915e-06
0.506938,5.50857e-06
0.506934,5.50802e-06
0.50693,5.50745e-06
0.506926,5.50689e-06
0.506922,5.50631e-06
0.506918,5.50574e-06
0.506914,5.50516e-06
0.50691,5.50461e-06
0.506906,5.50403e-06
0.506902,5.50348e-06
0.506898,5.50293e-06
0.506894,5.50234e-06
0.50689,5.50177e-06
0.506886,5.50121e-06
0.506882,5.50064e-06
0.506878,5.50008e-06
0.506874,5.49951e-06
0.50687,5.49895e-06
0.506866,5.49836e-06
0.506862,5.4978e-06
0.506858,5.49723e-06
0.506854,5.49668e-06
0.50685,5.49612e-06
0.506846,5.49554e-06
0.506842,5.49499e-06
0.506837,5.49441e-06
0.506833,5.49385e-06
0.506829,5.49329e-06
0.506825,5.49271e-06
0.506821,5.49216e-06
0.506817,5.49158e-06
0.506813,5.49103e-06
0.506809,5.49046e-06
0.506805,5.4899e-06
0.506801,5.48933e-06
0.506797,5.48878e-06
0.506793,5.48822e-06
0.506789,5.48762e-06
0.506785,5.48707e-06
0.506781,5.48652e-06
0.506777,5.48597e-06
0.506773,5.4854e-06
0.506769,5.48482e-06
0.506765,5.48426e-06
0.506761,5.48369e-06
0.506757,5.48314e-06
0.506753,5.48258e-06
0.506749,5.48203e-06
0.506745,5.48144e-06
0.506741,5.48088e-06
0.506737,5.48031e-06
0.506733,5.47976e-06
0.506729,5.47921e-06
0.506725,5.47865e-06
0.506721,5.47808e-06
0.506717,5.47752e-06
0.506713,5.47695e-06
0.506709,5.47639e-06
0.506705,5.4758e-06
0.506701,5.47527e-06
0.506697,5.47472e-06
0.506693,5.47414e-06
0.506689,5.47359e-06
0.506685,5.47301e-06
0.506681,5.47246e-06
0.506677,5.47191e-06
0.506673,5.47134e-06
0.506669,5.47078e-06
0.506665,5.47021e-06
0.506661,5.46967e-06
0.506657,5.46909e-06
0.506653,5.46853e-06
0.506649,5.46798e-06
0.506645,5.46741e-06
0.506641,5.46686e-06
0.50664,5.46679e-06
0.506639,5.46664e-06
0.506637,5.46637e-06
0.506633,5.46582e-06
0.506629,5.46525e-06
0.506625,5.46467e-06
0.506621,5.46412e-06
0.506617,5.46356e-06
0.506613,5.463e-06
0.506609,5.46244e-06
0.506605,5.46189e-06
0.506601,5.46134e-06
0.506597,5.46077e-06
0.506593,5.46021e-06
0.506589,5.45967e-06
0.506585,5.4591e-06
0.506581,5.45854e-06
0.506577,5.45797e-06
0.506573,5.45742e-06
0.506569,5.45687e-06
0.506565,5.45632e-06
0.506561,5.45576e-06
0.506557,5.4552e-06
0.506553,5.45464e-06
0.506549,5.45409e-06
0.506545,5.45352e-06
0.506541,5.45297e-06
0.506537,5.45244e-06
0.506533,5.45185e-06
0.506529,5.4513e-06
0.506525,5.45074e-06
0.506521,5.45019e-06
0.506517,5.44964e-06
0.506513,5.44907e-06
0.506509,5.4485e-06
0.506505,5.44797e-06
0.506501,5.4474e-06
0.506497,5.44685e-06
0.506493,5.4463e-06
0.506489,5.44575e-06
0.506485,5.44518e-06
0.506481,5.44464e-06
0.506477,5.44408e-06
0.506473,5.44352e-06
0.506469,5.44295e-06
0.506465,5.44243e-06
0.506461,5.44184e-06
0.506457,5.4413e-06
0.506453,5.44076e-06
0.506449,5.44018e-06
0.506445,5.43963e-06
0.506441,5.4391e-06
0.506437,5.43853e-06
0.506433,5.43798e-06
0.506429,5.43741e-06
0.506425,5.43686e-06
0.506421,5.43631e-06
0.506417,5.43575e-06
0.506413,5.43521e-06
0.506409,5.43465e-06
0.506405,5.43411e-06
0.506401,5.43356e-06
0.506397,5.43299e-06
0.506393,5.43243e-06
0.506389,5.43187e-06
0.506385,5.43136e-06
0.506381,5.43076e-06
0.506377,5.43024e-06
0.506373,5.42969e-06
0.506369,5.42912e-06
0.506366,5.42858e-06
0.506362,5.42802e-06
0.506358,5.42747e-06
0.506354,5.42692e-06
0.50635,5.42637e-06
0.506346,5.42582e-06
0.506342,5.42526e-06
0.506338,5.4247e-06
0.506334,5.42416e-06
0.50633,5.4236e-06
0.506326,5.42305e-06
0.506322,5.4225e-06
0.506318,5.42194e-06
0.506314,5.42141e-06
0.50631,5.42086e-06
0.506306,5.42032e-06
0.506302,5.41976e-06
0.506298,5.41921e-06
0.506294,5.41865e-06
0.50629,5.4181e-06
0.506286,5.41755e-06
0.506282,5.417e-06
0.506278,5.41646e-06
0.506274,5.41591e-06
0.50627,5.41536e-06
0.506266,5.4148e-06
0.506262,5.41425e-06
0.506258,5.41371e-06
0.506254,5.41314e-06
0.50625,5.41262e-06
0.506246,5.41206e-06
0.506242,5.41154e-06
0.506238,5.41095e-06
0.506234,5.41042e-06
0.50623,5.40987e-06
0.506228,5.40954e-06
0.506225,5.40917e-06
0.506225,5.41522e-06
0.506224,5.42739e-06
0.506224,5.45186e-06
0.506228,5.50135e-06
0.506239,5.5641e-06
0.506257,5.6279e-06
0.506283,5.69272e-06
0.506316,5.75856e-06
0.506356,5.82548e-06
0.506404,5.89346e-06
0.50646,5.96247e-06
0.506523,6.03251e-06
0.506593,6.10364e-06
0.506671,6.17585e-06
0.506756,6.24914e-06
0.506849,6.32354e-06
0.506949,6.399e-06
0.507057,6.47558e-06
0.507172,6.55329e-06
0.507294,6.6321e-06
0.507424,6.71208e-06
0.507561,6.7932e-06
0.507706,6.87549e-06
0.507858,6.95893e-06
0.508018,7.04361e-06
0.508185,7.12948e-06
0.50836,7.21658e-06
0.508542,7.3049e-06
0.508731,7.3945e-06
0.508929,7.48535e-06
0.509133,7.57748e-06
0.509345,7.67096e-06
0.509565,7.76576e-06
0.509792,7.86191e-06
0.510026,7.95944e-06
0.510268,8.05836e-06
0.510518,8.1587e-06
0.510775,8.2605e-06
0.511039,8.36375e-06
0.511312,8.46852e-06
0.511591,8.57477e-06
0.511878,8.68261e-06
0.512173,8.79202e-06
0.512475,8.90303e-06
0.512785,9.01568e-06
0.513103,9.13003e-06
0.513428,9.24605e-06
0.51376,9.36384e-06
0.514101,9.48337e-06
0.514448,9.60477e-06
0.514804,9.72798e-06
0.515167,9.85309e-06
0.515537,9.98014e-06
0.515916,1.01091e-05
0.516302,1.02402e-05
0.516695,1.03733e-05
0.517096,1.05085e-05
0.517505,1.06458e-05
0.517922,1.07854e-05
0.518346,1.09272e-05
0.518778,1.10713e-05
0.519217,1.12177e-05
0.519665,1.13666e-05
0.52012,1.1518e-05
0.520583,1.16719e-05
0.521053,1.18284e-05
0.521531,1.19875e-05
0.522017,1.21494e-05
0.522511,1.2314e-05
0.523013,1.24815e-05
0.523522,1.2652e-05
0.524039,1.28254e-05
0.524564,1.30019e-05
0.525097,1.31816e-05
0.525638,1.33645e-05
0.526186,1.35507e-05
0.526743,1.37404e-05
0.527307,1.39335e-05
0.527879,1.41302e-05
0.528459,1.43307e-05
0.529047,1.45349e-05
0.529643,1.4743e-05
0.530246,1.4955e-05
0.530858,1.51711e-05
0.531478,1.53915e-05
0.532105,1.56162e-05
0.532741,1.58453e-05
0.533384,1.6079e-05
0.534036,1.63173e-05
0.534696,1.65605e-05
0.535363,1.68086e-05
0.536039,1.70618e-05
0.536722,1.73202e-05
0.537414,1.7584e-05
0.538114,1.78533e-05
0.538822,1.81283e-05
0.539538,1.84091e-05
0.540262,1.8696e-05
0.540994,1.8989e-05
0.541734,1.92883e-05
0.542483,1.95942e-05
0.543239,1.99068e-05
0.544004,2.02264e-05
0.544777,2.0553e-05
0.545558,2.0887e-05
0.546348,2.12285e-05
0.547145,2.15778e-05
0.547951,2.1935e-05
0.548765,2.23005e-05
0.549588,2.26744e-05
0.550418,2.3057e-05
0.551257,2.34486e-05
0.552104,2.38495e-05
0.55296,2.42599e-05
0.553823,2.468e-05
0.554695,2.51102e-05
0.555576,2.55508e-05
0.556464,2.60021e-05
0.557362,2.64645e-05
0.558267,2.69381e-05
0.559181,2.74234e-05
0.560103,2.79208e-05
0.561034,2.84306e-05
0.561973,2.89532e-05
0.56292,2.94889e-05
0.563876,3.00382e-05
0.56484,3.06015e-05
0.565813,3.11791e-05
0.566794,3.17717e-05
0.567784,3.23795e-05
0.568782,3.3003e-05
0.569788,3.36428e-05
0.570803,3.42993e-05
0.571827,3.4973e-05
0.572859,3.56646e-05
0.573899,3.63744e-05
0.574948,3.71031e-05
0.576006,3.78513e-05
0.577072,3.86195e-05
0.578146,3.94085e-05
0.579229,4.02186e-05
0.580321,4.10508e-05
0.581421,4.19056e-05
0.58253,4.27837e-05
0.583647,4.36859e-05
0.584772,4.46128e-05
0.585906,4.55653e-05
0.587049,4.65441e-05
0.5882,4.75501e-05
0.58936,4.85841e-05
0.590528,4.96468e-05
0.591705,5.07394e-05
0.59289,5.18625e-05
0.594084,5.30173e-05
0.595286,5.42045e-05
0.596497,5.54254e-05
0.597716,5.66808e-05
0.598944,5.79719e-05
0.60018,5.92997e-05
0.601425,6.06654e-05
0.602678,6.20701e-05
0.603939,6.3515e-05
0.605209,6.50014e-05
0.606487,6.65306e-05
0.607774,6.81037e-05
0.609069,6.97222e-05
0.610372,7.13875e-05
0.611684,7.3101e-05
0.613004,7.4864e-05
0.614332,7.66784e-05
0.615669,7.85453e-05
0.617013,8.04667e-05
0.618366,8.24439e-05
0.619727,8.44789e-05
0.621096,8.65732e-05
0.622474,8.87287e-05
0.623859,9.09473e-05
0.625252,9.32308e-05
0.626653,9.55812e-05
0.628063,9.80006e-05
0.62948,0.000100491
0.630905,0.000103054
0.632338,0.000105693
0.633778,0.000108409
0.635226,0.000111205
0.636682,0.000114083
0.638146,0.000117046
0.639617,0.000120096
0.641095,0.000123236
0.642581,0.000126468
0.644075,0.000129795
0.645575,0.00013322
0.647083,0.000136746
0.648598,0.000140375
0.65012,0.000144111
0.651649,0.000147956
0.653185,0.000151915
0.654727,0.00015599
0.656276,0.000160184
0.657832,0.000164501
0.659395,0.000168945
0.660964,0.000173518
0.662539,0.000178226
0.66412,0.00018307
0.665707,0.000188056
0.667301,0.000193187
0.6689,0.000198468
0.670505,0.000203902
0.672116,0.000209493
0.673732,0.000215246
0.675353,0.000221166
0.67698,0.000227256
0.678611,0.000233522
0.680248,0.000239967
0.681889,0.000246597
0.683535,0.000253417
0.685185,0.000260432
0.686839,0.000267646
0.688498,0.000275064
0.69016,0.000282693
0.691826,0.000290536
0.693496,0.0002986
0.695168,0.00030689
0.696844,0.000315411
0.698523,0.000324169
0.700205,0.00033317
0.701889,0.000342418
0.703575,0.000351921
0.705263,0.000361683
0.706953,0.00037171
0.708644,0.000382009
0.710337,0.000392585
0.712031,0.000403443
0.713725,0.000414591
0.71542,0.000426033
0.717115,0.000437775
0.718811,0.000449824
0.720505,0.000462185
0.7222,0.000474863
0.723893,0.000487865
0.725585,0.000501196
0.727275,0.000514861
0.728964,0.000528866
0.73065,0.000543216
0.732334,0.000557916
0.734015,0.000572971
0.735693,0.000588386
0.737367,0.000604164
0.739038,0.000620312
0.740704,0.000636832
0.742366,0.000653728
0.744023,0.000671004
0.745674,0.000688663
0.74732,0.000706708
0.74896,0.000725141
0.750594,0.000743965
0.752221,0.000763181
0.753841,0.00078279
0.755453,0.000802794
0.757057,0.000823193
0.758654,0.000843987
0.760241,0.000865174
0.76182,0.000886755
0.763389,0.000908727
0.764949,0.000931088
0.766498,0.000953836
0.768037,0.000976967
0.769565,0.00100048
0.771082,0.00102436
0.772587,0.00104861
0.77408,0.00107323
0.775561,0.0010982
0.77703,0.00112352
0.778485,0.00114919
0.779928,0.00117518
0.781356,0.0012015
0.782771,0.00122814
0.784171,0.00125508
0.785557,0.00128231
0.786929,0.00130982
0.788285,0.0013376
0.789626,0.00136564
0.790951,0.00139392
0.79226,0.00142243
0.793554,0.00145115
0.794831,0.00148007
0.796092,0.00150918
0.797336,0.00153846
0.798563,0.0015679
0.799773,0.00159747
0.800967,0.00162716
0.802143,0.00165696
0.803302,0.00168684
0.804443,0.0017168
0.805567,0.00174681
0.806673,0.00177686
0.807762,0.00180693
0.808833,0.001837
0.809887,0.00186707
0.810922,0.0018971
0.811941,0.00192709
0.812941,0.00195701
0.813925,0.00198686
0.81489,0.00201662
0.815839,0.00204627
0.81677,0.00207579
0.817684,0.00210519
0.81858,0.00213443
0.81946,0.00216351
0.820323,0.00219241
0.821169,0.00222113
0.821999,0.00224965
0.822813,0.00227795
0.82361,0.00230604
0.824391,0.0023339
0.825157,0.00236152
0.825907,0.00238889
0.826642,0.00241601
0.827362,0.00244287
0.828067,0.00246945
0.828757,0.00249577
0.829433,0.0025218
0.830095,0.00254755
0.830743,0.00257302
0.831377,0.00259819
0.831998,0.00262306
0.832606,0.00264765
0.833201,0.00267193
0.833783,0.00269591
0.834354,0.00271959
0.834912,0.00274298
0.835458,0.00276606
0.835993,0.00278884
0.836517,0.00281132
0.837029,0.00283351
0.837531,0.00285541
0.838023,0.00287701
0.838505,0.00289832
0.838976,0.00291934
0.839438,0.00294008
0.839891,0.00296053
0.840334,0.00298072
0.840768,0.00300062
0.841194,0.00302026
0.841612,0.00303964
0.842021,0.00305875
0.842422,0.00307761
0.842816,0.00309622
0.843202,0.00311458
0.843581,0.0031327
0.843952,0.00315058
0.844317,0.00316823
0.844675,0.00318566
0.845027,0.00320286
0.845373,0.00321985
0.845712,0.00323663
0.846046,0.00325321
0.846374,0.00326958
0.846696,0.00328576
0.847014,0.00330175
0.847326,0.00331755
0.847633,0.00333317
0.847935,0.00334862
0.848232,0.0033639
0.848525,0.00337901
0.848814,0.00339397
0.849098,0.00340877
0.849379,0.00342341
0.849655,0.00343792
0.849927,0.00345228
0.850196,0.0034665
0.850461,0.00348059
0.850723,0.00349455
0.850981,0.00350839
0.851237,0.0035221
0.851489,0.0035357
0.851738,0.00354919
0.851984,0.00356257
0.852227,0.00357584
0.852467,0.00358902
0.852705,0.00360209
0.85294,0.00361507
0.853173,0.00362796
0.853404,0.00364076
0.853632,0.00365348
0.853858,0.00366611
0.854081,0.00367866
0.854303,0.00369114
0.854523,0.00370355
0.85474,0.00371588
0.854956,0.00372815
0.85517,0.00374035
0.855382,0.00375249
0.855592,0.00376457
0.855801,0.00377659
0.856008,0.00378855
0.856213,0.00380046
0.856417,0.00381232
0.85662,0.00382413
0.856821,0.00383589
0.857021,0.0038476
0.857219,0.00385927
0.857416,0.00387089
0.857612,0.00388248
0.857806,0.00389402
0.858,0.00390553
0.858192,0.003917
0.858383,0.00392844
0.858573,0.00393984
0.858762,0.00395121
0.858949,0.00396255
0.859136,0.00397385
0.859322,0.00398513
0.859507,0.00399639
0.859691,0.00400761
0.859874,0.00401881
0.860056,0.00402999
0.860237,0.00404114
0.860417,0.00405227
0.860597,0.00406338
0.860776,0.00407447
0.860954,0.00408554
0.861131,0.00409658
0.861307,0.00410761
0.861483,0.00411863
0.861658,0.00412962
0.861832,0.0041406
0.862006,0.00415156
0.862179,0.00416251
0.862351,0.00417345
0.862522,0.00418436
0.862693,0.00419527
0.862863,0.00420616
0.863033,0.00421704
0.863202,0.00422791
0.863371,0.00423877
0.863539,0.00424962
0.863706,0.00426045
0.863873,0.00427128
0.864039,0.00428209
0.864204,0.0042929
0.864369,0.0043037
0.864534,0.00431448
0.864698,0.00432526
0.864861,0.00433603
0.865024,0.0043468
0.865187,0.00435755
0.865349,0.0043683
0.86551,0.00437904
0.865671,0.00438978
0.865832,0.00440051
0.865992,0.00441123
0.866152,0.00442194
0.866311,0.00443265
0.86647,0.00444335
0.866628,0.00445405
0.866786,0.00446474
0.866943,0.00447543
0.8671,0.00448611
0.867256,0.00449679
0.867412,0.00450746
0.867568,0.00451813
0.867723,0.00452879
0.867878,0.00453945
0.868033,0.0045501
0.868186,0.00456075
0.86834,0.0045714
0.868493,0.00458204
0.868646,0.00459268
0.868799,0.00460332
0.868951,0.00461395
0.869102,0.00462457
0.869253,0.0046352
0.869404,0.00464582
0.869555,0.00465644
0.869705,0.00466705
0.869855,0.00467766
0.870004,0.00468827
0.870153,0.00469887
0.870302,0.00470948
0.87045,0.00472008
0.870598,0.00473067
0.870746,0.00474127
0.870893,0.00475186
0.87104,0.00476245
0.871186,0.00477303
0.871333,0.00478361
0.871478,0.00479419
0.871624,0.00480477
0.871769,0.00481535
0.871914,0.00482592
0.872058,0.00483649
0.872203,0.00484706
0.872346,0.00485763
0.87249,0.00486819
0.872633,0.00487876
0.872776,0.00488932
0.872919,0.00489988
0.873061,0.00491043
0.873203,0.00492099
0.873344,0.00493154
0.873486,0.00494209
0.873627,0.00495264
0.873767,0.00496318
0.873908,0.00497373
0.874048,0.00498427
0.874187,0.00499481
0.874327,0.00500535
0.874466,0.00501589
0.874605,0.00502642
0.874743,0.00503695
0.874882,0.00504749
0.875019,0.00505802
0.875157,0.00506854
0.875294,0.00507907
0.875431,0.0050896
0.875568,0.00510012
0.875705,0.00511064
0.875841,0.00512116
0.875977,0.00513168
0.876112,0.0051422
0.876248,0.00515271
0.876383,0.00516323
0.876518,0.00517374
0.876652,0.00518425
0.876786,0.00519476
0.87692,0.00520527
0.877054,0.00521577
0.877187,0.00522628
0.87732,0.00523678
0.877453,0.00524728
0.877586,0.00525778
0.877718,0.00526828
0.87785,0.00527878
0.877982,0.00528928
0.878114,0.00529977
0.878245,0.00531026
0.878376,0.00532076
0.878506,0.00533125
0.878637,0.00534174
0.878767,0.00535222
0.878897,0.00536271
0.879027,0.0053732
0.879156,0.00538368
0.879285,0.00539416
0.879414,0.00540465
0.879543,0.00541513
0.879671,0.00542561
0.8798,0.00543608
0.879928,0.00544656
0.880055,0.00545704
0.880183,0.00546751
0.88031,0.00547798
0.880437,0.00548846
0.880564,0.00549893
0.88069,0.0055094
0.880816,0.00551987
0.880942,0.00553033
0.881068,0.0055408
0.881194,0.00555126
0.881319,0.00556173
0.881444,0.00557219
0.881569,0.00558265
0.881693,0.00559311
0.881818,0.00560357
0.881942,0.00561403
0.882066,0.00562449
0.882189,0.00563494
0.882313,0.0056454
0.882436,0.00565585
0.882559,0.00566631
0.882682,0.00567676
0.882804,0.00568721
0.882926,0.00569766
0.883048,0.00570811
0.88317,0.00571856
0.883292,0.005729
0.883413,0.00573945
0.883534,0.00574989
0.883655,0.00576034
0.883776,0.00577078
0.883897,0.00578122
0.884017,0.00579166
0.884137,0.0058021
0.884257,0.00581254
0.884377,0.00582298
0.884496,0.00583342
0.884615,0.00584385
0.884735,0.00585429
0.884853,0.00586472
0.884972,0.00587516
0.88509,0.00588559
0.885209,0.00589602
0.885327,0.00590645
0.885444,0.00591688
0.885562,0.00592731
0.885679,0.00593774
0.885797,0.00594817
0.885914,0.00595859
0.88603,0.00596902
0.886147,0.00597944
0.886263,0.00598986
0.88638,0.00600029
0.886496,0.00601071
0.886611,0.00602113
0.886727,0.00603155
0.886842,0.00604197
0.886957,0.00605239
0.887072,0.00606281
0.887187,0.00607322
0.887302,0.00608364
0.887416,0.00609405
0.887531,0.00610447
0.887645,0.00611488
0.887758,0.0061253
0.887872,0.00613571
0.887986,0.00614612
0.888099,0.00615653
0.888212,0.00616694
0.888325,0.00617735
0.888438,0.00618776
0.88855,0.00619816
0.888663,0.00620857
0.888775,0.00621898
0.888887,0.00622938
0.888999,0.00623978
0.88911,0.00625019
0.889222,0.00626059
0.889333,0.00627099
0.889444,0.00628139
0.889555,0.0062918
0.889666,0.0063022
0.889776,0.00631259
0.889887,0.00632299
0.889997,0.00633339
0.890107,0.00634379
0.890217,0.00635418
0.890326,0.00636458
0.890436,0.00637498
0.890545,0.00638537
0.890654,0.00639576
0.890763,0.00640616
0.890872,0.00641655
0.890981,0.00642694
0.891089,0.00643733
0.891197,0.00644772
0.891306,0.00645811
0.891414,0.0064685
0.891521,0.00647889
0.891629,0.00648928
0.891736,0.00649966
0.891844,0.00651005
0.891951,0.00652043
0.892058,0.00653082
0.892165,0.0065412
0.892271,0.00655159
0.892378,0.00656197
0.892484,0.00657235
0.89259,0.00658274
0.892696,0.00659312
0.892802,0.0066035
0.892908,0.00661388
0.893013,0.00662426
0.893118,0.00663464
0.893224,0.00664501
0.893329,0.00665539
0.893434,0.00666577
0.893538,0.00667615
0.893643,0.00668652
0.893747,0.0066969
0.893851,0.00670727
0.893956,0.00671765
0.894059,0.00672802
0.894163,0.00673839
0.894267,0.00674877
0.89437,0.00675914
0.894474,0.00676951
0.894577,0.00677988
0.89468,0.00679025
0.894783,0.00680062
0.894885,0.00681099
0.894988,0.00682136
0.89509,0.00683172
0.895193,0.00684209
0.895295,0.00685246
0.895397,0.00686283
0.895499,0.00687319
0.8956,0.00688356
0.895702,0.00689392
0.895803,0.00690429
0.895904,0.00691465
0.896005,0.00692501
0.896106,0.00693538
0.896207,0.00694574
0.896308,0.0069561
0.896408,0.00696646
0.896509,0.00697682
0.896609,0.00698718
0.896709,0.00699754
0.896809,0.0070079
0.896909,0.00701826
0.897008,0.00702862
0.897108,0.00703897
0.897207,0.00704933
0.897307,0.00705969
0.897406,0.00707004
0.897505,0.0070804
0.897604,0.00709075
0.897702,0.00710111
0.897801,0.00711146
0.897899,0.00712182
0.897997,0.00713217
0.898096,0.00714252
0.898194,0.00715288
0.898292,0.00716323
0.898389,0.00717358
0.898487,0.00718393
0.898584,0.00719428
0.898682,0.00720463
0.898779,0.00721498
0.898876,0.00722533
0.898973,0.00723568
0.89907,0.00724603
0.899166,0.00725637
0.899263,0.00726672
0.899359,0.00727707
0.899456,0.00728741
0.899552,0.00729776
0.899648,0.00730811
0.899744,0.00731845
0.89984,0.0073288
0.899935,0.00733914
0.900031,0.00734948
0.900126,0.00735983
0.900221,0.00737017
0.900317,0.00738051
0.900412,0.00739086
0.900506,0.0074012
0.900601,0.00741154
0.900696,0.00742188
0.90079,0.00743222
0.900885,0.00744256
0.900979,0.0074529
0.901073,0.00746324
0.901167,0.00747358
0.901261,0.00748392
0.901355,0.00749425
0.901448,0.00750459
0.901542,0.00751493
0.901635,0.00752527
0.901729,0.0075356
0.901822,0.00754594
0.901915,0.00755628
0.902008,0.00756661
0.902101,0.00757695
0.902193,0.00758728
0.902286,0.00759761
0.902378,0.00760795
0.902471,0.00761828
0.902563,0.00762861
0.902655,0.00763895
0.902747,0.00764928
0.902839,0.00765961
0.902931,0.00766994
0.903022,0.00768027
0.903114,0.0076906
0.903205,0.00770094
0.903296,0.00771127
0.903388,0.0077216
0.903479,0.00773192
0.90357,0.00774225
0.90366,0.00775258
0.903751,0.00776291
0.903842,0.00777324
0.903932,0.00778357
0.904023,0.00779389
0.904113,0.00780422
0.904203,0.00781455
0.904293,0.00782487
0.904383,0.0078352
0.904473,0.00784552
0.904563,0.00785585
0.904652,0.00786617
0.904742,0.0078765
0.904831,0.00788682
0.90492,0.00789715
0.905009,0.00790747
0.905098,0.00791779
0.905187,0.00792812
0.905276,0.00793844
0.905365,0.00794876
0.905454,0.00795908
0.905542,0.0079694
0.905631,0.00797972
0.905719,0.00799005
0.905807,0.00800037
0.905895,0.00801069
0.905983,0.00802101
0.906071,0.00803133
0.906159,0.00804164
0.906246,0.00805196
0.906334,0.00806228
0.906421,0.0080726
0.906509,0.00808292
0.906596,0.00809324
0.906683,0.00810355
0.90677,0.00811387
0.906857,0.00812419
0.906944,0.0081345
0.907031,0.00814482
0.907117,0.00815514
0.907204,0.00816545
0.90729,0.00817577
0.907377,0.00818608
0.907463,0.0081964
0.907549,0.00820671
0.907635,0.00821702
0.907721,0.00822734
0.907807,0.00823765
0.907892,0.00824796
0.907978,0.00825828
0.908064,0.00826859
0.908149,0.0082789
0.908234,0.00828921
0.90832,0.00829953
0.908405,0.00830984
0.90849,0.00832015
0.908575,0.00833046
0.908659,0.00834077
0.908744,0.00835108
0.908829,0.00836139
0.908913,0.0083717
0.908998,0.00838201
0.909082,0.00839232
0.909166,0.00840263
0.909251,0.00841294
0.909335,0.00842325
0.909419,0.00843355
0.909503,0.00844386
0.909586,0.00845417
0.90967,0.00846448
0.909754,0.00847478
0.909837,0.00848509
0.909921,0.0084954
0.910004,0.0085057
0.910087,0.00851601
0.91017,0.00852631
0.910253,0.00853662
0.910336,0.00854692
0.910419,0.00855723
0.910502,0.00856753
0.910584,0.00857784
0.910667,0.00858814
0.91075,0.00859845
0.910832,0.00860875
0.910914,0.00861905
0.910996,0.00862936
0.911079,0.00863966
0.911161,0.00864996
0.911243,0.00866026
0.911324,0.00867057
0.911406,0.00868087
0.911488,0.00869117
0.911569,0.00870147
0.911651,0.00871177
0.911732,0.00872207
0.911814,0.00873237
0.911895,0.00874267
0.911976,0.00875298
0.912057,0.00876328
0.912138,0.00877357
0.912219,0.00878387
0.9123,0.00879417
0.91238,0.00880447
0.912461,0.00881477
0.912542,0.00882507
0.912622,0.00883537
0.912702,0.00884567
0.912783,0.00885596
0.912863,0.00886626
0.912943,0.00887656
0.913023,0.00888686
0.913103,0.00889715
0.913183,0.00890745
0.913263,0.00891775
0.913342,0.00892804
0.913422,0.00893834
0.913501,0.00894863
0.913581,0.00895893
0.91366,0.00896923
0.913739,0.00897952
0.913819,0.00898982
0.913898,0.00900011
0.913977,0.0090104
0.914056,0.0090207
0.914134,0.00903099
0.914213,0.00904129
0.914292,0.00905158
0.91437,0.00906187
0.914449,0.00907217
0.914527,0.00908246
0.914606,0.00909275
0.914684,0.00910304
0.914762,0.00911334
0.91484,0.00912363
0.914918,0.00913392
0.914996,0.00914421
0.915074,0.0091545
0.915152,0.0091648
0.91523,0.00917509
0.915307,0.00918538
0.915385,0.00919567
0.915462,0.00920596
0.91554,0.00921625
0.915617,0.00922654
0.915694,0.00923683
0.915772,0.00924712
0.915849,0.00925741
0.915926,0.0092677
0.916003,0.00927799
0.916079,0.00928827
0.916156,0.00929856
0.916233,0.00930885
0.91631,0.00931914
0.916386,0.00932943
0.916463,0.00933972
0.916539,0.00935
0.916615,0.00936029
0.916692,0.00937058
0.916768,0.00938087
0.916844,0.00939115
0.91692,0.00940144
0.916996,0.00941173
0.917072,0.00942201
0.917147,0.0094323
0.917223,0.00944258
0.917299,0.00945287
0.917374,0.00946316
0.91745,0.00947344
0.917525,0.00948373
0.917601,0.00949401
0.917676,0.0095043
0.917751,0.00951458
0.917826,0.00952487
0.917901,0.00953515
0.917976,0.00954543
0.918051,0.00955572
0.918126,0.009566
0.918201,0.00957628
0.918275,0.00958657
0.91835,0.00959685
0.918424,0.00960713
0.918499,0.00961742
0.918573,0.0096277
0.918648,0.00963798
0.918722,0.00964826
0.918796,0.00965855
0.91887,0.00966883
0.918944,0.00967911
0.919018,0.00968939
0.919092,0.00969967
0.919166,0.00970995
0.91924,0.00972024
0.919313,0.00973052
0.919387,0.0097408
0.91946,0.00975108
0.919534,0.00976136
0.919607,0.00977164
0.919681,0.00978192
0.919754,0.0097922
0.919827,0.00980248
0.9199,0.00981276
0.919973,0.00982304
0.920046,0.00983332
0.920119,0.0098436
0.920192,0.00985387
0.920265,0.00986415
0.920337,0.00987443
0.92041,0.00988471
0.920483,0.00989499
0.920555,0.00990527
0.920628,0.00991555
0.9207,0.00992582
0.920772,0.0099361
0.920845,0.00994638
0.920917,0.00995666
0.920989,0.00996693
0.921061,0.00997721
0.921133,0.00998749
0.921205,0.00999776
0.921277,0.010008
0.921348,0.0100183
0.92142,0.0100286
0.921492,0.0100389
0.921563,0.0100491
0.921635,0.0100594
0.921706,0.0100697
0.921778,0.01008
0.921849,0.0100902
0.92192,0.0101005
0.921991,0.0101108
0.922062,0.0101211
0.922134,0.0101313
0.922204,0.0101416
0.922275,0.0101519
0.922346,0.0101622
0.922417,0.0101724
0.922488,0.0101827
0.922558,0.010193
0.922629,0.0102033
0.9227,0.0102135
0.92277,0.0102238
0.92284,0.0102341
0.922911,0.0102444
0.922981,0.0102546
0.923051,0.0102649
0.923122,0.0102752
0.923192,0.0102854
0.923262,0.0102957
0.923332,0.010306
0.923402,0.0103163
0.923471,0.0103265
0.923541,0.0103368
0.923611,0.0103471
0.923681,0.0103574
0.92375,0.0103676
0.92382,0.0103779
0.923889,0.0103882
0.923959,0.0103984
0.924028,0.0104087
0.924097,0.010419
0.924166,0.0104292
0.924236,0.0104395
0.924305,0.0104498
0.924374,0.0104601
0.924443,0.0104703
0.924512,0.0104806
0.924581,0.0104909
0.924649,0.0105011
0.924718,0.0105114
0.924787,0.0105217
0.924855,0.0105319
0.924924,0.0105422
0.924993,0.0105525
0.925061,0.0105628
0.925129,0.010573
0.925198,0.0105833
0.925266,0.0105936
0.925334,0.0106038
0.925402,0.0106141
0.925471,0.0106244
0.925539,0.0106346
0.925607,0.0106449
0.925674,0.0106552
0.925742,0.0106654
0.92581,0.0106757
0.925878,0.010686
0.925946,0.0106962
0.926013,0.0107065
0.926081,0.0107168
0.926148,0.010727
0.926216,0.0107373
0.926283,0.0107476
0.926351,0.0107578
0.926418,0.0107681
0.926485,0.0107784
0.926552,0.0107886
0.926619,0.0107989
0.926686,0.0108092
0.926753,0.0108194
0.92682,0.0108297
0.926887,0.01084
0.926954,0.0108502
0.927021,0.0108605
0.927088,0.0108708
0.927154,0.010881
0.927221,0.0108913
0.927287,0.0109016
0.927354,0.0109118
0.92742,0.0109221
0.927487,0.0109323
0.927553,0.0109426
0.927619,0.0109529
0.927686,0.0109631
0.927752,0.0109734
0.927818,0.0109837
0.927884,0.0109939
0.92795,0.0110042
0.928016,0.0110145
0.928082,0.0110247
0.928148,0.011035
0.928214,0.0110452
0.928279,0.0110555
0.928345,0.0110658
0.928411,0.011076
0.928476,0.0110863
0.928542,0.0110966
0.928607,0.0111068
0.928673,0.0111171
0.928738,0.0111273
0.928803,0.0111376
0.928869,0.0111479
0.928934,0.0111581
0.928999,0.0111684
0.929064,0.0111787
0.929129,0.0111889
0.929194,0.0111992
0.929259,0.0112094
0.929324,0.0112197
0.929389,0.01123
0.929454,0.0112402
0.929518,0.0112505
0.929583,0.0112607
0.929648,0.011271
0.929712,0.0112813
0.929777,0.0112915
0.929841,0.0113018
0.929906,0.011312
0.92997,0.0113223
0.930034,0.0113326
0.930099,0.0113428
0.930163,0.0113531
0.930227,0.0113633
0.930291,0.0113736
0.930355,0.0113839
0.930419,0.0113941
0.930483,0.0114044
0.930547,0.0114146
0.930611,0.0114249
0.930675,0.0114352
0.930739,0.0114454
0.930802,0.0114557
0.930866,0.0114659
0.930929,0.0114762
0.930993,0.0114865
0.931057,0.0114967
0.93112,0.011507
0.931183,0.0115172
0.931247,0.0115275
0.93131,0.0115377
0.931373,0.011548
0.931437,0.0115583
0.9315,0.0115685
0.931563,0.0115788
0.931626,0.011589
0.931689,0.0115993
0.931752,0.0116095
0.931815,0.0116198
0.931878,0.0116301
0.931941,0.0116403
0.932003,0.0116506
0.932066,0.0116608
0.932129,0.0116711
0.932191,0.0116813
0.932254,0.0116916
0.932317,0.0117019
0.932379,0.0117121
0.932441,0.0117224
0.932504,0.0117326
0.932566,0.0117429
0.932629,0.0117531
0.932691,0.0117634
0.932753,0.0117736
0.932815,0.0117839
0.932877,0.0117942
0.932939,0.0118044
0.933001,0.0118147
0.933063,0.0118249
0.933125,0.0118352
0.933187,0.0118454
0.933249,0.0118557
0.933311,0.0118659
0.933372,0.0118762
0.933434,0.0118865
0.933496,0.0118967
0.933557,0.011907
0.933619,0.0119172
0.93368,0.0119275
0.933742,0.0119377
0.933803,0.011948
0.933865,0.0119582
0.933926,0.0119685
0.933987,0.0119787
0.934049,0.011989
0.93411,0.0119993
0.934171,0.0120095
0.934232,0.0120198
0.934293,0.01203
0.934354,0.0120403
0.934415,0.0120505
0.934476,0.0120608
0.934537,0.012071
0.934598,0.0120813
0.934658,0.0120915
0.934719,0.0121018
0.93478,0.012112
0.93484,0.0121223
0.934901,0.0121325
0.934962,0.0121428
0.935022,0.012153
0.935083,0.0121633
0.935143,0.0121736
0.935203,0.0121838
0.935264,0.0121941
0.935324,0.0122043
0.935384,0.0122146
0.935444,0.0122248
0.935505,0.0122351
0.935565,0.0122453
0.935625,0.0122556
0.935685,0.0122658
0.935745,0.0122761
0.935805,0.0122863
0.935865,0.0122966
0.935924,0.0123068
0.935984,0.0123171
0.936044,0.0123273
0.936104,0.0123376
0.936163,0.0123478
0.936223,0.0123581
0.936283,0.0123683
0.936342,0.0123786
0.936402,0.0123888
0.936461,0.0123991
0.936521,0.0124093
0.93658,0.0124196
0.936639,0.0124298
0.936699,0.0124401
0.936758,0.0124503
0.936817,0.0124606
0.936876,0.0124708
0.936935,0.0124811
0.936994,0.0124913
0.937054,0.0125016
0.937113,0.0125118
0.937171,0.0125221
0.93723,0.0125323
0.937289,0.0125426
0.937348,0.0125528
0.937407,0.0125631
0.937466,0.0125733
0.937524,0.0125836
0.937583,0.0125938
0.937642,0.0126041
0.9377,0.0126143
0.937759,0.0126246
0.937817,0.0126348
0.937876,0.0126451
0.937934,0.0126553
0.937993,0.0126656
0.938051,0.0126758
0.938109,0.0126861
0.938168,0.0126963
0.938226,0.0127066
0.938284,0.0127168
0.938342,0.0127271
0.9384,0.0127373
0.938458,0.0127475
0.938516,0.0127578
0.938574,0.012768
0.938632,0.0127783
0.93869,0.0127885
0.938748,0.0127988
0.938806,0.012809
0.938864,0.0128193
0.938921,0.0128295
0.938979,0.0128398
0.939037,0.01285
0.939094,0.0128603
0.939152,0.0128705
0.939209,0.0128808
0.939267,0.012891
0.939324,0.0129013
0.939382,0.0129115
0.939439,0.0129218
0.939497,0.012932
0.939554,0.0129422
0.939611,0.0129525
0.939668,0.0129627
0.939726,0.012973
0.939783,0.0129832
0.93984,0.0129935
0.939897,0.0130037
0.939954,0.013014
0.940011,0.0130242
0.940068,0.0130345
0.940125,0.0130447
0.940182,0.013055
0.940239,0.0130652
0.940295,0.0130754
0.940352,0.0130857
0.940409,0.0130959
0.940466,0.0131062
0.940522,0.0131164
0.940579,0.0131267
0.940635,0.0131369
0.940692,0.0131472
0.940748,0.0131574
0.940805,0.0131677
0.940861,0.0131779
0.940918,0.0131881
0.940974,0.0131984
0.94103,0.0132086
0.941087,0.0132189
0.941143,0.0132291
0.941199,0.0132394
0.941255,0.0132496
0.941311,0.0132599
0.941368,0.0132701
0.941424,0.0132803
0.94148,0.0132906
0.941536,0.0133008
0.941592,0.0133111
0.941647,0.0133213
0.941703,0.0133316
0.941759,0.0133418
0.941815,0.0133521
0.941871,0.0133623
0.941926,0.0133725
0.941982,0.0133828
0.942038,0.013393
0.942093,0.0134033
0.942149,0.0134135
0.942205,0.0134238
0.94226,0.013434
0.942316,0.0134442
0.942371,0.0134545
0.942426,0.0134647
0.942482,0.013475
0.942537,0.0134852
0.942592,0.0134955
0.942648,0.0135057
0.942703,0.0135159
0.942758,0.0135262
0.942813,0.0135364
0.942868,0.0135467
0.942923,0.0135569
0.942978,0.0135672
0.943033,0.0135774
0.943088,0.0135876
0.943143,0.0135979
0.943198,0.0136081
0.943253,0.0136184
0.943308,0.0136286
0.943363,0.0136389
0.943417,0.0136491
0.943472,0.0136593
0.943527,0.0136696
0.943582,0.0136798
0.943636,0.0136901
0.943691,0.0137003
0.943745,0.0137106
0.9438,0.0137208
0.943854,0.013731
0.943909,0.0137413
0.943963,0.0137515
0.944018,0.0137618
0.944072,0.013772
0.944126,0.0137822
0.944181,0.0137925
0.944235,0.0138027
0.944289,0.013813
0.944343,0.0138232
0.944397,0.0138334
0.944451,0.0138437
0.944505,0.0138539
0.94456,0.0138642
0.944614,0.0138744
0.944668,0.0138847
0.944721,0.0138949
0.944775,0.0139051
0.944829,0.0139154
0.944883,0.0139256
0.944937,0.0139359
0.944991,0.0139461
0.945044,0.0139563
0.945098,0.0139666
0.945152,0.0139768
0.945205,0.0139871
0.945259,0.0139973
0.945313,0.0140075
0.945366,0.0140178
0.94542,0.014028
0.945473,0.0140383
0.945527,0.0140485
0.94558,0.0140587
0.945633,0.014069
0.945687,0.0140792
0.94574,0.0140895
0.945793,0.0140997
0.945846,0.0141099
0.9459,0.0141202
0.945953,0.0141304
0.946006,0.0141407
0.946059,0.0141509
0.946112,0.0141611
0.946165,0.0141714
0.946218,0.0141816
0.946271,0.0141919
0.946324,0.0142021
0.946377,0.0142123
0.94643,0.0142226
0.946483,0.0142328
0.946536,0.014243
0.946588,0.0142533
0.946641,0.0142635
0.946694,0.0142738
0.946747,0.014284
0.946799,0.0142942
0.946852,0.0143045
0.946905,0.0143147
0.946957,0.014325
0.94701,0.0143352
0.947062,0.0143454
0.947115,0.0143557
0.947167,0.0143659
0.947219,0.0143761
0.947272,0.0143864
0.947324,0.0143966
0.947376,0.0144069
0.947429,0.0144171
0.947481,0.0144273
0.947533,0.0144376
0.947585,0.0144478
0.947638,0.0144581
0.94769,0.0144683
0.947742,0.0144785
0.947794,0.0144888
0.947846,0.014499
0.947898,0.0145092
0.94795,0.0145195
0.948002,0.0145297
0.948054,0.01454
0.948106,0.0145502
0.948157,0.0145604
0.948209,0.0145707
0.948261,0.0145809
0.948313,0.0145911
0.948365,0.0146014
0.948416,0.0146116
0.948468,0.0146219
0.94852,0.0146321
0.948571,0.0146423
0.948623,0.0146526
0.948674,0.0146628
0.948726,0.014673
0.948777,0.0146833
0.948829,0.0146935
0.94888,0.0147037
0.948932,0.014714
0.948983,0.0147242
0.949034,0.0147345
0.949086,0.0147447
0.949137,0.0147549
0.949188,0.0147652
0.949239,0.0147754
0.949291,0.0147856
0.949342,0.0147959
0.949393,0.0148061
0.949444,0.0148163
0.949495,0.0148266
0.949546,0.0148368
0.949597,0.0148471
0.949648,0.0148573
0.949699,0.0148675
0.94975,0.0148778
0.949801,0.014888
0.949852,0.0148982
0.949902,0.0149085
0.949953,0.0149187
0.950004,0.0149289
0.950055,0.0149392
0.950105,0.0149494
0.950156,0.0149597
0.950207,0.0149699
0.950257,0.0149801
0.950308,0.0149904
0.950359,0.0150006
0.950409,0.0150108
0.95046,0.0150211
0.95051,0.0150313
0.950561,0.0150415
0.950611,0.0150518
0.950661,0.015062
0.950712,0.0150722
0.950762,0.0150825
0.950813,0.0150927
0.950863,0.0151029
0.950913,0.0151132
0.950963,0.0151234
0.951013,0.0151337
0.951064,0.0151439
0.951114,0.0151541
0.951164,0.0151644
0.951214,0.0151746
0.951264,0.0151848
0.951314,0.0151951
0.951364,0.0152053
0.951414,0.0152155
0.951464,0.0152258
0.951514,0.015236
0.951564,0.0152462
0.951614,0.0152565
0.951664,0.0152667
0.951713,0.0152769
0.951763,0.0152872
0.951813,0.0152974
0.951863,0.0153076
0.951912,0.0153179
0.951962,0.0153281
0.952012,0.0153383
0.952061,0.0153486
0.952111,0.0153588
0.95216,0.015369
0.95221,0.0153793
0.952259,0.0153895
0.952309,0.0153997
0.952358,0.01541
0.952408,0.0154202
0.952457,0.0154304
0.952507,0.0154407
0.952556,0.0154509
0.952605,0.0154611
0.952654,0.0154714
0.952704,0.0154816
0.952753,0.0154918
0.952802,0.0155021
0.952851,0.0155123
0.9529,0.0155225
0.95295,0.0155328
0.952999,0.015543
0.953048,0.0155532
0.953097,0.0155635
0.953146,0.0155737
0.953195,0.0155839
0.953244,0.0155942
0.953293,0.0156044
0.953342,0.0156146
0.953391,0.0156249
0.953439,0.0156351
0.953488,0.0156453
0.953537,0.0156556
0.953586,0.0156658
0.953635,0.015676
0.953683,0.0156863
0.953732,0.0156965
0.953781,0.0157067
0.953829,0.015717
0.953878,0.0157272
0.953926,0.0157374
0.953975,0.0157477
0.954024,0.0157579
0.954072,0.0157681
0.954121,0.0157784
0.954169,0.0157886
0.954218,0.0157988
0.954266,0.0158091
0.954314,0.0158193
0.954363,0.0158295
0.954411,0.0158398
0.954459,0.01585
0.954508,0.0158602
0.954556,0.0158705
0.954604,0.0158807
0.954652,0.0158909
0.9547,0.0159012
0.954749,0.0159114
0.954797,0.0159216
0.954845,0.0159318
0.954893,0.0159421
0.954941,0.0159523
0.954989,0.0159625
0.955037,0.0159728
0.955085,0.015983
0.955133,0.0159932
0.955181,0.0160035
0.955229,0.0160137
0.955277,0.0160239
0.955324,0.0160342
0.955372,0.0160444
0.95542,0.0160546
0.955468,0.0160649
0.955516,0.0160751
0.955563,0.0160853
0.955611,0.0160956
0.955659,0.0161058
0.955706,0.016116
0.955754,0.0161262
0.955802,0.0161365
0.955849,0.0161467
0.955897,0.0161569
0.955944,0.0161672
0.955992,0.0161774
0.956039,0.0161876
0.956087,0.0161979
0.956134,0.0162081
0.956182,0.0162183
0.956229,0.0162286
0.956276,0.0162388
0.956324,0.016249
0.956371,0.0162592
0.956418,0.0162695
0.956465,0.0162797
0.956513,0.0162899
0.95656,0.0163002
0.956607,0.0163104
0.956654,0.0163206
0.956701,0.0163309
0.956748,0.0163411
0.956795,0.0163513
0.956843,0.0163616
0.95689,0.0163718
0.956937,0.016382
0.956984,0.0163922
0.957031,0.0164025
0.957077,0.0164127
0.957124,0.0164229
0.957171,0.0164332
0.957218,0.0164434
0.957265,0.0164536
0.957312,0.0164639
0.957359,0.0164741
0.957405,0.0164843
0.957452,0.0164945
0.957499,0.0165048
0.957546,0.016515
0.957592,0.0165252
0.957639,0.0165355
0.957686,0.0165457
0.957732,0.0165559
0.957779,0.0165662
0.957825,0.0165764
0.957872,0.0165866
0.957918,0.0165968
0.957965,0.0166071
0.958011,0.0166173
0.958058,0.0166275
0.958104,0.0166378
0.958151,0.016648
0.958197,0.0166582
0.958243,0.0166684
0.95829,0.0166787
0.958336,0.0166889
0.958382,0.0166991
0.958428,0.0167094
0.958475,0.0167196
0.958521,0.0167298
0.958567,0.0167401
0.958613,0.0167503
0.958659,0.0167605
0.958705,0.0167707
0.958752,0.016781
0.958798,0.0167912
0.958844,0.0168014
0.95889,0.0168117
0.958936,0.0168219
0.958982,0.0168321
0.959028,0.0168423
0.959074,0.0168526
0.959119,0.0168628
0.959165,0.016873
0.959211,0.0168833
0.959257,0.0168935
0.959303,0.0169037
0.959349,0.0169139
0.959394,0.0169242
0.95944,0.0169344
0.959486,0.0169446
0.959532,0.0169549
0.959577,0.0169651
0.959623,0.0169753
0.959669,0.0169855
0.959714,0.0169958
0.95976,0.017006
0.959805,0.0170162
0.959851,0.0170265
0.959896,0.0170367
0.959942,0.0170469
0.959987,0.0170571
0.960033,0.0170674
0.960078,0.0170776
0.960124,0.0170878
0.960169,0.0170981
0.960215,0.0171083
0.96026,0.0171185
0.960305,0.0171287
0.960351,0.017139
0.960396,0.0171492
0.960441,0.0171594
0.960486,0.0171697
0.960532,0.0171799
0.960577,0.0171901
0.960622,0.0172003
0.960667,0.0172106
0.960712,0.0172208
0.960757,0.017231
0.960802,0.0172412
0.960847,0.0172515
0.960892,0.0172617
0.960937,0.0172719
0.960982,0.0172822
0.961027,0.0172924
0.961072,0.0173026
0.961117,0.0173128
0.961162,0.0173231
0.961207,0.0173333
0.961252,0.0173435
0.961297,0.0173537
0.961342,0.017364
0.961387,0.0173742
0.961431,0.0173844
0.961476,0.0173947
0.961521,0.0174049
0.961566,0.0174151
0.96161,0.0174253
0.961655,0.0174356
0.9617,0.0174458
0.961744,0.017456
0.961789,0.0174662
0.961833,0.0174765
0.961878,0.0174867
0.961923,0.0174969
0.961967,0.0175072
0.962012,0.0175174
0.962056,0.0175276
0.962101,0.0175378
0.962145,0.0175481
0.962189,0.0175583
0.962234,0.0175685
0.962278,0.0175787
0.962323,0.017589
0.962367,0.0175992
0.962411,0.0176094
0.962455,0.0176197
0.9625,0.0176299
0.962544,0.0176401
0.962588,0.0176503
0.962632,0.0176606
0.962677,0.0176708
0.962721,0.017681
0.962765,0.0176912
0.962809,0.0177015
0.962853,0.0177117
0.962897,0.0177219
0.962941,0.0177321
0.962985,0.0177424
0.963029,0.0177526
0.963073,0.0177628
0.963117,0.017773
0.963161,0.0177833
0.963205,0.0177935
0.963249,0.0178037
0.963293,0.017814
0.963337,0.0178242
0.963381,0.0178344
0.963425,0.0178446
0.963469,0.0178549
0.963512,0.0178651
0.963556,0.0178753
0.9636,0.0178855
0.963644,0.0178958
0.963687,0.017906
0.963731,0.0179162
0.963775,0.0179264
0.963819,0.0179367
0.963862,0.0179469
0.963906,0.0179571
0.963949,0.0179673
0.963993,0.0179776
0.964037,0.0179878
0.96408,0.017998
0.964124,0.0180082
0.964167,0.0180185
0.964211,0.0180287
0.964254,0.0180389
0.964298,0.0180491
0.964341,0.0180594
0.964384,0.0180696
0.964428,0.0180798
0.964471,0.0180901
0.964514,0.0181003
0.964558,0.0181105
0.964601,0.0181207
0.964644,0.018131
0.964688,0.0181412
0.964731,0.0181514
0.964774,0.0181616
0.964817,0.0181719
0.964861,0.0181821
0.964904,0.0181923
0.964947,0.0182025
0.96499,0.0182128
0.965033,0.018223
0.965076,0.0182332
0.965119,0.0182434
0.965162,0.0182537
0.965205,0.0182639
0.965248,0.0182741
0.965291,0.0182843
0.965334,0.0182946
0.965377,0.0183048
0.96542,0.018315
0.965463,0.0183252
0.965506,0.0183355
0.965549,0.0183457
0.965592,0.0183559
0.965635,0.0183661
0.965677,0.0183764
0.96572,0.0183866
0.965763,0.0183968
0.965806,0.018407
0.965849,0.0184173
0.965891,0.0184275
0.965934,0.0184377
0.965977,0.0184479
0.966019,0.0184582
0.966062,0.0184684
0.966105,0.0184786
0.966147,0.0184888
0.96619,0.0184991
0.966232,0.0185093
0.966275,0.0185195
0.966317,0.0185297
0.96636,0.0185399
0.966402,0.0185502
0.966445,0.0185604
0.966487,0.0185706
0.96653,0.0185808
0.966572,0.0185911
0.966615,0.0186013
0.966657,0.0186115
0.966699,0.0186217
0.966742,0.018632
0.966784,0.0186422
0.966826,0.0186524
0.966869,0.0186626
0.966911,0.0186729
0.966953,0.0186831
0.966995,0.0186933
0.967038,0.0187035
0.96708,0.0187138
0.967122,0.018724
0.967164,0.0187342
0.967206,0.0187444
0.967249,0.0187547
0.967291,0.0187649
0.967333,0.0187751
0.967375,0.0187853
0.967417,0.0187956
0.967459,0.0188058
0.967501,0.018816
0.967543,0.0188262
0.967585,0.0188364
0.967627,0.0188467
0.967669,0.0188569
0.967711,0.0188671
0.967753,0.0188773
0.967795,0.0188876
0.967836,0.0188978
0.967878,0.018908
0.96792,0.0189182
0.967962,0.0189285
0.968004,0.0189387
0.968045,0.0189489
0.968087,0.0189591
0.968129,0.0189694
0.968171,0.0189796
0.968212,0.0189898
0.968254,0.019
0.968296,0.0190103
0.968337,0.0190205
0.968379,0.0190307
0.968421,0.0190409
0.968462,0.0190511
0.968504,0.0190614
0.968545,0.0190716
0.968587,0.0190818
0.968629,0.019092
0.96867,0.0191023
0.968712,0.0191125
0.968753,0.0191227
0.968794,0.0191329
0.968836,0.0191432
0.968877,0.0191534
0.968919,0.0191636
0.96896,0.0191738
0.969002,0.019184
0.969043,0.0191943
0.969084,0.0192045
0.969126,0.0192147
0.969167,0.0192249
0.969208,0.0192352
0.969249,0.0192454
0.969291,0.0192556
0.969332,0.0192658
0.969373,0.0192761
0.969414,0.0192863
0.969455,0.0192965
0.969497,0.0193067
0.969538,0.0193169
0.969579,0.0193272
0.96962,0.0193374
0.969661,0.0193476
0.969702,0.0193578
0.969743,0.0193681
0.969784,0.0193783
0.969825,0.0193885
0.969866,0.0193987
0.969907,0.019409
0.969948,0.0194192
0.969989,0.0194294
0.97003,0.0194396
0.970071,0.0194498
0.970112,0.0194601
0.970153,0.0194703
0.970194,0.0194805
0.970235,0.0194907
0.970275,0.019501
0.970316,0.0195112
0.970357,0.0195214
0.970398,0.0195316
0.970439,0.0195418
0.970479,0.0195521
0.97052,0.0195623
0.970561,0.0195725
0.970602,0.0195827
0.970642,0.019593
0.970683,0.0196032
0.970724,0.0196134
0.970764,0.0196236
0.970805,0.0196338
0.970845,0.0196441
0.970886,0.0196543
0.970927,0.0196645
0.970967,0.0196747
0.971008,0.019685
0.971048,0.0196952
0.971089,0.0197054
0.971129,0.0197156
0.97117,0.0197258
0.97121,0.0197361
0.971251,0.0197463
0.971291,0.0197565
0.971331,0.0197667
0.971372,0.019777
0.971412,0.0197872
0.971452,0.0197974
0.971493,0.0198076
0.971533,0.0198178
0.971573,0.0198281
0.971614,0.0198383
0.971654,0.0198485
0.971694,0.0198587
0.971734,0.019869
0.971775,0.0198792
0.971815,0.0198894
0.971855,0.0198996
0.971895,0.0199098
0.971935,0.0199201
0.971976,0.0199303
0.972016,0.0199405
0.972056,0.0199507
0.972096,0.0199609
0.972136,0.0199712
0.972176,0.0199814
0.972216,0.0199916
0.972256,0.0200018
0.972296,0.0200121
0.972336,0.0200223
0.972376,0.0200325
0.972416,0.0200427
0.972456,0.0200529
0.972496,0.0200632
0.972536,0.0200734
0.972576,0.0200836
0.972616,0.0200938
0.972655,0.020104
0.972695,0.0201143
0.972735,0.0201245
0.972775,0.0201347
0.972815,0.0201449
0.972854,0.0201552
0.972894,0.0201654
0.972934,0.0201756
0.972974,0.0201858
0.973013,0.020196
0.973053,0.0202063
0.973093,0.0202165
0.973133,0.0202267
0.973172,0.0202369
0.973212,0.0202471
0.973251,0.0202574
0.973291,0.0202676
0.973331,0.0202778
0.97337,0.020288
0.97341,0.0202983
0.973449,0.0203085
0.973489,0.0203187
0.973528,0.0203289
0.973568,0.0203391
0.973607,0.0203494
0.973647,0.0203596
0.973686,0.0203698
0.973726,0.02038
0.973765,0.0203902
0.973805,0.0204005
0.973844,0.0204107
0.973883,0.0204209
0.973923,0.0204311
0.973962,0.0204413
0.974001,0.0204516
0.974041,0.0204618
0.97408,0.020472
0.974119,0.0204822
0.974159,0.0204924
0.974198,0.0205027
0.974237,0.0205129
0.974276,0.0205231
0.974316,0.0205333
0.974355,0.0205436
0.974394,0.0205538
0.974433,0.020564
0.974472,0.0205742
0.974511,0.0205844
0.97455,0.0205947
0.97459,0.0206049
0.974629,0.0206151
0.974668,0.0206253
0.974707,0.0206355
0.974746,0.0206458
0.974785,0.020656
0.974824,0.0206662
0.974863,0.0206764
0.974902,0.0206866
0.974941,0.0206969
0.97498,0.0207071
0.975019,0.0207173
0.975058,0.0207275
0.975096,0.0207377
0.975135,0.020748
0.975174,0.0207582
0.975213,0.0207684
0.975252,0.0207786
0.975291,0.0207888
0.97533,0.0207991
0.975368,0.0208093
0.975407,0.0208195
0.975446,0.0208297
0.975485,0.0208399
0.975523,0.0208502
0.975562,0.0208604
0.975601,0.0208706
0.97564,0.0208808
0.975678,0.020891
0.975717,0.0209013
0.975756,0.0209115
0.975794,0.0209217
0.975833,0.0209319
0.975871,0.0209421
0.97591,0.0209524
0.975949,0.0209626
0.975987,0.0209728
0.976026,0.020983
0.976064,0.0209932
0.976103,0.0210035
0.976141,0.0210137
0.97618,0.0210239
0.976218,0.0210341
0.976257,0.0210443
0.976295,0.0210546
0.976334,0.0210648
0.976372,0.021075
0.97641,0.0210852
0.976449,0.0210954
0.976487,0.0211057
0.976525,0.0211159
0.976564,0.0211261
0.976602,0.0211363
0.97664,0.0211465
0.976679,0.0211568
0.976717,0.021167
0.976755,0.0211772
0.976794,0.0211874
0.976832,0.0211976
0.97687,0.0212079
0.976908,0.0212181
0.976946,0.0212283
0.976985,0.0212385
0.977023,0.0212487
0.977061,0.021259
0.977099,0.0212692
0.977137,0.0212794
0.977175,0.0212896
0.977213,0.0212998
0.977252,0.0213101
0.97729,0.0213203
0.977328,0.0213305
0.977366,0.0213407
0.977404,0.0213509
0.977442,0.0213612
0.97748,0.0213714
0.977518,0.0213816
0.977556,0.0213918
0.977594,0.021402
0.977632,0.0214123
0.97767,0.0214225
0.977707,0.0214327
0.977745,0.0214429
0.977783,0.0214531
0.977821,0.0214633
0.977859,0.0214736
0.977897,0.0214838
0.977935,0.021494
0.977972,0.0215042
0.97801,0.0215144
0.978048,0.0215247
0.978086,0.0215349
0.978124,0.0215451
0.978161,0.0215553
0.978199,0.0215655
0.978237,0.0215758
0.978274,0.021586
0.978312,0.0215962
0.97835,0.0216064
0.978388,0.0216166
0.978425,0.0216269
0.978463,0.0216371
0.9785,0.0216473
0.978538,0.0216575
0.978576,0.0216677
0.978613,0.0216779
0.978651,0.0216882
0.978688,0.0216984
0.978726,0.0217086
0.978763,0.0217188
0.978801,0.021729
0.978838,0.0217393
0.978876,0.0217495
0.978913,0.0217597
0.978951,0.0217699
0.978988,0.0217801
0.979026,0.0217904
0.979063,0.0218006
0.979101,0.0218108
0.979138,0.021821
0.979175,0.0218312
0.979213,0.0218414
0.97925,0.0218517
0.979287,0.0218619
0.979325,0.0218721
0.979362,0.0218823
0.979399,0.0218925
0.979437,0.0219028
0.979474,0.021913
0.979511,0.0219232
0.979548,0.0219334
0.979586,0.0219436
0.979623,0.0219539
0.97966,0.0219641
0.979697,0.0219743
0.979734,0.0219845
0.979771,0.0219947
0.979809,0.0220049
0.979846,0.0220152
0.979883,0.0220254
0.97992,0.0220356
0.979957,0.0220458
0.979994,0.022056
0.980031,0.0220663
0.980068,0.0220765
0.980105,0.0220867
0.980142,0.0220969
0.980179,0.0221071
0.980216,0.0221174
0.980253,0.0221276
0.98029,0.0221378
0.980327,0.022148
0.980364,0.0221582
0.980401,0.0221684
0.980438,0.0221787
0.980475,0.0221889
0.980512,0.0221991
0.980549,0.0222093
0.980586,0.0222195
0.980622,0.0222298
0.980659,0.02224
0.980696,0.0222502
0.980733,0.0222604
0.98077,0.0222706
0.980807,0.0222808
0.980843,0.0222911
0.98088,0.0223013
0.980917,0.0223115
0.980954,0.0223217
0.98099,0.0223319
0.981027,0.0223422
0.981064,0.0223524
0.9811,0.0223626
0.981137,0.0223728
0.981174,0.022383
0.98121,0.0223932
0.981247,0.0224035
0.981284,0.0224137
0.98132,0.0224239
0.981357,0.0224341
0.981393,0.0224443
0.98143,0.0224545
0.981467,0.0224648
0.981503,0.022475
0.98154,0.0224852
0.981576,0.0224954
0.981613,0.0225056
0.981649,0.0225159
0.981686,0.0225261
0.981722,0.0225363
0.981759,0.0225465
0.981795,0.0225567
0.981831,0.0225669
0.981868,0.0225772
0.981904,0.0225874
0.981941,0.0225976
0.981977,0.0226078
0.982013,0.022618
0.98205,0.0226283
0.982086,0.0226385
0.982122,0.0226487
0.982159,0.0226589
0.982195,0.0226691
0.982231,0.0226793
0.982268,0.0226896
0.982304,0.0226998
0.98234,0.02271
0.982376,0.0227202
0.982413,0.0227304
0.982449,0.0227406
0.982485,0.0227509
0.982521,0.0227611
0.982557,0.0227713
0.982594,0.0227815
0.98263,0.0227917
0.982666,0.022802
0.982702,0.0228122
0.982738,0.0228224
0.982774,0.0228326
0.98281,0.0228428
0.982846,0.022853
0.982883,0.0228633
0.982919,0.0228735
0.982955,0.0228837
0.982991,0.0228939
0.983027,0.0229041
0.983063,0.0229143
0.983099,0.0229246
0.983135,0.0229348
0.983171,0.022945
0.983207,0.0229552
0.983243,0.0229654
0.983278,0.0229756
0.983314,0.0229859
0.98335,0.0229961
0.983386,0.0230063
0.983422,0.0230165
0.983458,0.0230267
0.983494,0.023037
0.98353,0.0230472
0.983565,0.0230574
0.983601,0.0230676
0.983637,0.0230778
0.983673,0.023088
0.983709,0.0230983
0.983744,0.0231085
0.98378,0.0231187
0.983816,0.0231289
0.983852,0.0231391
0.983887,0.0231493
0.983923,0.0231596
0.983959,0.0231698
0.983995,0.02318
0.98403,0.0231902
0.984066,0.0232004
0.984102,0.0232106
0.984137,0.0232209
0.984173,0.0232311
0.984208,0.0232413
0.984244,0.0232515
0.98428,0.0232617
0.984315,0.0232719
0.984351,0.0232822
0.984386,0.0232924
0.984422,0.0233026
0.984457,0.0233128
0.984493,0.023323
0.984528,0.0233332
0.984564,0.0233435
0.984599,0.0233537
0.984635,0.0233639
0.98467,0.0233741
0.984706,0.0233843
0.984741,0.0233945
0.984777,0.0234048
0.984812,0.023415
0.984847,0.0234252
0.984883,0.0234354
0.984918,0.0234456
0.984954,0.0234559
0.984989,0.0234661
0.985024,0.0234763
0.98506,0.0234865
0.985095,0.0234967
0.98513,0.0235069
0.985166,0.0235172
0.985201,0.0235274
0.985236,0.0235376
0.985271,0.0235478
0.985307,0.023558
0.985342,0.0235682
0.985377,0.0235785
0.985412,0.0235887
0.985448,0.0235989
0.985483,0.0236091
0.985518,0.0236193
0.985553,0.0236295
0.985588,0.0236398
0.985623,0.02365
0.985659,0.0236602
0.985694,0.0236704
0.985729,0.0236806
0.985764,0.0236908
0.985799,0.0237011
0.985834,0.0237113
0.985869,0.0237215
0.985904,0.0237317
0.985939,0.0237419
0.985974,0.0237521
0.986009,0.0237623
0.986044,0.0237726
0.986079,0.0237828
0.986114,0.023793
0.986149,0.0238032
0.986184,0.0238134
0.986219,0.0238236
0.986254,0.0238339
0.986289,0.0238441
0.986324,0.0238543
0.986359,0.0238645
0.986394,0.0238747
0.986429,0.0238849
0.986463,0.0238952
0.986498,0.0239054
0.986533,0.0239156
0.986568,0.0239258
0.986603,0.023936
0.986638,0.0239462
0.986672,0.0239565
0.986707,0.0239667
0.986742,0.0239769
0.986777,0.0239871
0.986812,0.0239973
0.986846,0.0240075
0.986881,0.0240178
0.986916,0.024028
0.98695,0.0240382
0.986985,0.0240484
0.98702,0.0240586
0.987055,0.0240688
0.987089,0.0240791
0.987124,0.0240893
0.987158,0.0240995
0.987193,0.0241097
0.987228,0.0241199
0.987262,0.0241301
0.987297,0.0241404
0.987332,0.0241506
0.987366,0.0241608
0.987401,0.024171
0.987435,0.0241812
0.98747,0.0241914
0.987504,0.0242016
0.987539,0.0242119
0.987573,0.0242221
0.987608,0.0242323
0.987642,0.0242425
0.987677,0.0242527
0.987711,0.0242629
0.987746,0.0242732
0.98778,0.0242834
0.987815,0.0242936
0.987849,0.0243038
0.987883,0.024314
0.987918,0.0243242
0.987952,0.0243345
0.987987,0.0243447
0.988021,0.0243549
0.988055,0.0243651
0.98809,0.0243753
0.988124,0.0243855
0.988158,0.0243958
0.988193,0.024406
0.988227,0.0244162
0.988261,0.0244264
0.988296,0.0244366
0.98833,0.0244468
0.988364,0.024457
0.988398,0.0244673
0.988433,0.0244775
0.988467,0.0244877
0.988501,0.0244979
0.988535,0.0245081
0.988569,0.0245183
0.988604,0.0245286
0.988638,0.0245388
0.988672,0.024549
0.988706,0.0245592
0.98874,0.0245694
0.988774,0.0245796
0.988809,0.0245898
0.988843,0.0246001
0.988877,0.0246103
0.988911,0.0246205
0.988945,0.0246307
0.988979,0.0246409
0.989013,0.0246511
0.989047,0.0246614
0.989081,0.0246716
0.989115,0.0246818
0.989149,0.024692
0.989183,0.0247022
0.989217,0.0247124
0.989251,0.0247227
0.989285,0.0247329
0.989319,0.0247431
0.989353,0.0247533
0.989387,0.0247635
0.989421,0.0247737
0.989455,0.0247839
0.989489,0.0247942
0.989523,0.0248044
0.989557,0.0248146
0.98959,0.0248248
0.989624,0.024835
0.989658,0.0248452
0.989692,0.0248555
0.989726,0.0248657
0.98976,0.0248759
0.989793,0.0248861
0.989827,0.0248963
0.989861,0.0249065
0.989895,0.0249167
0.989929,0.024927
0.989962,0.0249372
0.989996,0.0249474
0.99003,0.0249576
0.990064,0.0249678
0.990097,0.024978
0.990131,0.0249883
0.990165,0.0249985
0.990198,0.0250087
0.990232,0.0250189
0.990266,0.0250291
0.990299,0.0250393
0.990333,0.0250495
0.990367,0.0250598
0.9904,0.02507
0.990434,0.0250802
0.990468,0.0250904
0.990501,0.0251006
0.990535,0.0251108
0.990568,0.0251211
0.990602,0.0251313
0.990635,0.0251415
0.990669,0.0251517
0.990703,0.0251619
0.990736,0.0251721
0.99077,0.0251823
0.990803,0.0251926
0.990837,0.0252028
0.99087,0.025213
0.990904,0.0252232
0.990937,0.0252334
0.99097,0.0252436
0.991004,0.0252538
0.991037,0.0252641
0.991071,0.0252743
0.991104,0.0252845
0.991138,0.0252947
0.991171,0.0253049
0.991204,0.0253151
0.991238,0.0253254
0.991271,0.0253356
0.991304,0.0253458
0.991338,0.025356
0.991371,0.0253662
0.991404,0.0253764
0.991438,0.0253866
0.991471,0.0253969
0.991504,0.0254071
0.991538,0.0254173
0.991571,0.0254275
0.991604,0.0254377
0.991637,0.0254479
0.991671,0.0254581
0.991704,0.0254684
0.991737,0.0254786
0.99177,0.0254888
0.991803,0.025499
0.991837,0.0255092
0.99187,0.0255194
0.991903,0.0255296
0.991936,0.0255399
0.991969,0.0255501
0.992002,0.0255603
0.992036,0.0255705
0.992069,0.0255807
0.992102,0.0255909
0.992135,0.0256012
0.992168,0.0256114
0.992201,0.0256216
0.992234,0.0256318
0.992267,0.025642
0.9923,0.0256522
0.992333,0.0256624
0.992366,0.0256727
0.992399,0.0256829
0.992432,0.0256931
0.992465,0.0257033
0.992498,0.0257135
0.992531,0.0257237
0.992564,0.0257339
0.992597,0.0257442
0.99263,0.0257544
0.992663,0.0257646
0.992696,0.0257748
0.992729,0.025785
0.992762,0.0257952
0.992795,0.0258054
0.992828,0.0258157
0.992861,0.0258259
0.992894,0.0258361
0.992926,0.0258463
0.992959,0.0258565
0.992992,0.0258667
0.993025,0.0258769
0.993058,0.0258872
0.993091,0.0258974
0.993123,0.0259076
0.993156,0.0259178
0.993189,0.025928
0.993222,0.0259382
0.993255,0.0259484
0.993287,0.0259587
0.99332,0.0259689
0.993353,0.0259791
0.993386,0.0259893
0.993418,0.0259995
0.993451,0.0260097
0.993484,0.02602
0.993516,0.0260302
0.993549,0.0260404
0.993582,0.0260506
0.993614,0.0260608
0.993647,0.026071
0.99368,0.0260812
0.993712,0.0260915
0.993745,0.0261017
0.993778,0.0261119
0.99381,0.0261221
0.993843,0.0261323
0.993875,0.0261425
0.993908,0.0261527
0.993941,0.026163
0.993973,0.0261732
0.994006,0.0261834
0.994038,0.0261936
0.994071,0.0262038
0.994103,0.026214
0.994136,0.0262242
0.994168,0.0262345
0.994201,0.0262447
0.994233,0.0262549
0.994266,0.0262651
0.994298,0.0262753
0.994331,0.0262855
0.994363,0.0262957
0.994396,0.026306
0.994428,0.0263162
0.99446,0.0263264
0.994493,0.0263366
0.994525,0.0263468
0.994558,0.026357
0.99459,0.0263672
0.994622,0.0263775
0.994655,0.0263877
0.994687,0.0263979
0.994719,0.0264081
0.994752,0.0264183
0.994784,0.0264285
0.994816,0.0264387
0.994849,0.0264489
0.994881,0.0264592
0.994913,0.0264694
0.994946,0.0264796
0.994978,0.0264898
0.99501,0.0265
0.995042,0.0265102
0.995075,0.0265204
0.995107,0.0265307
0.995139,0.0265409
0.995171,0.0265511
0.995203,0.0265613
0.995236,0.0265715
0.995268,0.0265817
0.9953,0.0265919
0.995332,0.0266022
0.995364,0.0266124
0.995396,0.0266226
0.995429,0.0266328
0.995461,0.026643
0.995493,0.0266532
0.995525,0.0266634
0.995557,0.0266737
0.995589,0.0266839
0.995621,0.0266941
0.995653,0.0267043
0.995685,0.0267145
0.995717,0.0267247
0.99575,0.0267349
0.995782,0.0267452
0.995814,0.0267554
0.995846,0.0267656
0.995878,0.0267758
0.99591,0.026786
0.995942,0.0267962
0.995974,0.0268064
0.996006,0.0268167
0.996038,0.0268269
0.99607,0.0268371
0.996101,0.0268473
0.996133,0.0268575
0.996165,0.0268677
0.996197,0.0268779
0.996229,0.0268881
0.996261,0.0268984
0.996293,0.0269086
0.996325,0.0269188
0.996357,0.026929
0.996389,0.0269392
0.996421,0.0269494
0.996452,0.0269596
0.996484,0.0269699
0.996516,0.0269801
0.996548,0.0269903
0.99658,0.0270005
0.996611,0.0270107
0.996643,0.0270209
0.996675,0.0270311
0.996707,0.0270414
0.996739,0.0270516
0.99677,0.0270618
0.996802,0.027072
0.996834,0.0270822
0.996866,0.0270924
0.996897,0.0271026
0.996929,0.0271128
0.996961,0.0271231
0.996992,0.0271333
0.997024,0.0271435
0.997056,0.0271537
0.997088,0.0271639
0.997119,0.0271741
0.997151,0.0271843
0.997182,0.0271946
0.997214,0.0272048
0.997246,0.027215
0.997277,0.0272252
0.997309,0.0272354
0.997341,0.0272456
0.997372,0.0272558
0.997404,0.0272661
0.997435,0.0272763
0.997467,0.0272865
0.997498,0.0272967
0.99753,0.0273069
0.997562,0.0273171
0.997593,0.0273273
0.997625,0.0273375
0.997656,0.0273478
0.997688,0.027358
0.997719,0.0273682
0.997751,0.0273784
0.997782,0.0273886
0.997814,0.0273988
0.997845,0.027409
0.997877,0.0274193
0.997908,0.0274295
0.997939,0.0274397
0.997971,0.0274499
0.998002,0.0274601
0.998034,0.0274703
0.998065,0.0274805
0.998096,0.0274907
0.998128,0.027501
0.998159,0.0275112
0.998191,0.0275214
0.998222,0.0275316
0.998253,0.0275418
0.998285,0.027552
0.998316,0.0275622
0.998347,0.0275725
0.998379,0.0275827
0.99841,0.0275929
0.998441,0.0276031
0.998473,0.0276133
0.998504,0.0276235
0.998535,0.0276337
0.998566,0.0276439
0.998598,0.0276542
0.998629,0.0276644
0.99866,0.0276746
0.998691,0.0276848
0.998723,0.027695
0.998754,0.0277052
0.998785,0.0277154
0.998816,0.0277257
0.998847,0.0277359
0.998879,0.0277461
0.99891,0.0277563
0.998941,0.0277665
0.998972,0.0277767
0.999003,0.0277869
0.999034,0.0277971
0.999066,0.0278074
0.999097,0.0278176
0.999128,0.0278278
0.999159,0.027838
0.99919,0.0278482
0.999221,0.0278584
0.999252,0.0278686
0.999283,0.0278788
0.999314,0.0278891
0.999345,0.0278993
0.999376,0.0279095
0.999407,0.0279197
0.999438,0.0279299
0.999469,0.0279401
0.9995,0.0279503
0.999531,0.0279606
0.999562,0.0279708
0.999593,0.027981
0.999624,0.0279912
0.999655,0.0280014
0.999686,0.0280116
0.999717,0.0280218
0.999748,0.028032
0.999779,0.0280423
0.99981,0.0280525
0.999841,0.0280627
0.999872,0.0280729
0.999903,0.0280831
0.999934,0.0280933
0.999965,0.0281035
0.999996,0.0281137
1.00003,0.028124
1.00006,0.0281342
1.00009,0.0281444
1.00012,0.0281546
1.00015,0.0281648
1.00018,0.028175
1.00021,0.0281852
1.00024,0.0281955
1.00027,0.0282057
1.0003,0.0282159
1.00033,0.0282261
1.00037,0.0282363
1.0004,0.0282465
1.00043,0.0282567
1.00046,0.0282669
1.00049,0.0282772
1.00052,0.0282874
1.00055,0.0282976
1.00058,0.0283078
1.00061,0.028318
1.00064,0.0283282
1.00067,0.0283384
1.0007,0.0283486
1.00073,0.0283589
1.00076,0.0283691
1.0008,0.0283793
1.00083,0.0283895
1.00086,0.0283997
1.00089,0.0284099
1.00092,0.0284201
1.00095,0.0284303
1.00098,0.0284406
1.00101,0.0284508
1.00104,0.028461
1.00107,0.0284712
1.0011,0.0284814
1.00113,0.0284916
1.00116,0.0285018
1.00119,0.028512
1.00122,0.0285223
1.00125,0.0285325
1.00129,0.0285427
1.00132,0.0285529
1.00135,0.0285631
1.00138,0.0285733
1.00141,0.0285835
1.00144,0.0285938
1.00147,0.028604
1.0015,0.0286142
1.00153,0.0286244
1.00156,0.0286346
1.00159,0.0286448
1.00162,0.028655
1.00165,0.0286652
1.00168,0.0286755
1.00171,0.0286857
1.00174,0.0286959
1.00177,0.0287061
1.0018,0.0287163
1.00183,0.0287265
1.00186,0.0287367
1.00189,0.0287469
1.00192,0.0287572
1.00196,0.0287674
1.00199,0.0287776
1.00202,0.0287878
1.00205,0.028798
1.00208,0.0288082
1.00211,0.0288184
1.00214,0.0288286
1.00217,0.0288389
1.0022,0.0288491
1.00223,0.0288593
1.00226,0.0288695
1.00229,0.0288797
1.00232,0.0288899
1.00235,0.0289001
1.00238,0.0289103
1.00241,0.0289206
1.00244,0.0289308
1.00247,0.028941
1.0025,0.0289512
1.00253,0.0289614
1.00256,0.0289716
1.00259,0.0289818
1.00262,0.028992
1.00265,0.0290023
1.00268,0.0290125
1.00271,0.0290227
1.00274,0.0290329
1.00277,0.0290431
1.0028,0.0290533
1.00283,0.0290635
1.00286,0.0290737
1.00289,0.029084
1.00292,0.0290942
1.00295,0.0291044
1.00298,0.0291146
1.00301,0.0291248
1.00304,0.029135
1.00307,0.0291452
1.0031,0.0291554
1.00313,0.0291656
1.00316,0.0291759
1.00319,0.0291861
1.00322,0.0291963
1.00325,0.0292065
1.00328,0.0292167
1.00331,0.0292269
1.00334,0.0292371
1.00337,0.0292473
1.0034,0.0292576
1.00343,0.0292678
1.00346,0.029278
1.00349,0.0292882
1.00352,0.0292984
1.00355,0.0293086
1.00358,0.0293188
1.00361,0.029329
1.00364,0.0293393
1.00367,0.0293495
1.0037,0.0293597
1.00373,0.0293699
1.00376,0.0293801
1.00379,0.0293903
1.00382,0.0294005
1.00385,0.0294107
1.00388,0.029421
1.00391,0.0294312
1.00394,0.0294414
1.00397,0.0294516
1.004,0.0294618
1.00403,0.029472
1.00406,0.0294822
1.00409,0.0294924
1.00412,0.0295027
1.00415,0.0295129
1.00418,0.0295231
1.00421,0.0295333
1.00424,0.0295435
1.00427,0.0295537
1.0043,0.0295639
1.00433,0.0295741
1.00436,0.0295844
1.00439,0.0295946
1.00442,0.0296048
1.00445,0.029615
1.00448,0.0296252
1.00451,0.0296354
1.00454,0.0296456
1.00457,0.0296558
1.0046,0.029666
1.00463,0.0296763
1.00466,0.0296865
1.00469,0.0296967
1.00472,0.0297069
1.00475,0.0297171
1.00478,0.0297273
1.0048,0.0297375
1.00483,0.0297477
1.00486,0.029758
1.00489,0.0297682
1.00492,0.0297784
1.00495,0.0297886
1.00498,0.0297988
1.00501,0.029809
1.00504,0.0298192
1.00507,0.0298294
1.0051,0.0298397
1.00513,0.0298499
1.00516,0.0298601
1.00519,0.0298703
1.00522,0.0298805
1.00525,0.0298907
1.00528,0.0299009
1.00531,0.0299111
1.00534,0.0299213
1.00537,0.0299316
1.0054,0.0299418
1.00543,0.029952
1.00546,0.0299622
1.00548,0.0299724
1.00551,0.0299826
1.00554,0.0299928
1.00557,0.030003
1.0056,0.0300133
1.00563,0.0300235
1.00566,0.0300337
1.00569,0.0300439
1.00572,0.0300541
1.00575,0.0300643
1.00578,0.0300745
1.00581,0.0300847
1.00584,0.0300949
1.00587,0.0301052
1.0059,0.0301154
1.00593,0.0301256
1.00596,0.0301358
1.00598,0.030146
1.00601,0.0301562
1.00604,0.0301664
1.00607,0.0301766
1.0061,0.0301869
1.00613,0.0301971
1.00616,0.0302073
1.00619,0.0302175
1.00622,0.0302277
1.00625,0.0302379
1.00628,0.0302481
1.00631,0.0302583
1.00634,0.0302685
1.00637,0.0302788
1.00639,0.030289
1.00642,0.0302992
1.00645,0.0303094
1.00648,0.0303196
1.00651,0.0303298
1.00654,0.03034
1.00657,0.0303502
1.0066,0.0303605
1.00663,0.0303707
1.00666,0.0303809
1.00669,0.0303911
1.00672,0.0304013
1.00675,0.0304115
1.00677,0.0304217
1.0068,0.0304319
1.00683,0.0304421
1.00686,0.0304524
1.00689,0.0304626
1.00692,0.0304728
1.00695,0.030483
1.00698,0.0304932
1.00701,0.0305034
1.00704,0.0305136
1.00707,0.0305238
1.00709,0.0305341
1.00712,0.0305443
1.00715,0.0305545
1.00718,0.0305647
1.00721,0.0305749
1.00724,0.0305851
1.00727,0.0305953
1.0073,0.0306055
1.00733,0.0306157
1.00736,0.030626
1.00739,0.0306362
1.00741,0.0306464
1.00744,0.0306566
1.00747,0.0306668
1.0075,0.030677
1.00753,0.0306872
1.00756,0.0306974
1.00759,0.0307076
1.00762,0.0307179
1.00765,0.0307281
1.00768,0.0307383
1.0077,0.0307485
1.00773,0.0307587
1.00776,0.0307689
1.00779,0.0307791
1.00782,0.0307893
1.00785,0.0307996
1.00788,0.0308098
1.00791,0.03082
1.00794,0.0308302
1.00796,0.0308404
1.00799,0.0308506
1.00802,0.0308608
1.00805,0.030871
1.00808,0.0308812
1.00811,0.0308915
1.00814,0.0309017
1.00817,0.0309119
1.00819,0.0309221
1.00822,0.0309323
1.00825,0.0309425
1.00828,0.0309527
1.00831,0.0309629
1.00834,0.0309731
1.00837,0.0309834
1.0084,0.0309936
1.00843,0.0310038
1.00845,0.031014
1.00848,0.0310242
1.00851,0.0310344
1.00854,0.0310446
1.00857,0.0310548
1.0086,0.031065
1.00863,0.0310753
1.00866,0.0310855
1.00868,0.0310957
1.00871,0.0311059
1.00874,0.0311161
1.00877,0.0311263
1.0088,0.0311365
1.00883,0.0311467
1.00886,0.031157
1.00888,0.0311672
1.00891,0.0311774
1.00894,0.0311876
1.00897,0.0311978
1.009,0.031208
1.00903,0.0312182
1.00906,0.0312284
1.00908,0.0312386
1.00911,0.0312489
1.00914,0.0312591
1.00917,0.0312693
1.0092,0.0312795
1.00923,0.0312897
1.00926,0.0312999
1.00929,0.0313101
1.00931,0.0313203
1.00934,0.0313305
1.00937,0.0313408
1.0094,0.031351
1.00943,0.0313612
1.00946,0.0313714
1.00948,0.0313816
1.00951,0.0313918
1.00954,0.031402
1.00957,0.0314122
1.0096,0.0314224
1.00963,0.0314327
1.00966,0.0314429
1.00968,0.0314531
1.00971,0.0314633
1.00974,0.0314735
1.00977,0.0314837
1.0098,0.0314939
1.00983,0.0315041
1.00985,0.0315143
1.00988,0.0315246
1.00991,0.0315348
1.00994,0.031545
1.00997,0.0315552
1.01,0.0315654
1.01003,0.0315756
1.01005,0.0315858
1.01008,0.031596
1.01011,0.0316062
1.01014,0.0316165
1.01017,0.0316267
1.0102,0.0316369
1.01022,0.0316471
1.01025,0.0316573
1.01028,0.0316675
1.01031,0.0316777
1.01034,0.0316879
1.01037,0.0316981
1.01039,0.0317084
1.01042,0.0317186
1.01045,0.0317288
1.01048,0.031739
1.01051,0.0317492
1.01054,0.0317594
1.01056,0.0317696
1.01059,0.0317798
1.01062,0.03179
1.01065,0.0318003
1.01068,0.0318105
1.0107,0.0318207
1.01073,0.0318309
1.01076,0.0318411
1.01079,0.0318513
1.01082,0.0318615
1.01085,0.0318717
1.01087,0.0318819
1.0109,0.0318922
1.01093,0.0319024
1.01096,0.0319126
1.01099,0.0319228
1.01101,0.031933
1.01104,0.0319432
1.01107,0.0319534
1.0111,0.0319636
1.01113,0.0319738
1.01116,0.0319841
1.01118,0.0319943
1.01121,0.0320045
1.01124,0.0320147
1.01127,0.0320249
1.0113,0.0320351
1.01132,0.0320453
1.01135,0.0320555
1.01138,0.0320657
1.01141,0.032076
1.01144,0.0320862
1.01146,0.0320964
1.01149,0.0321066
1.01152,0.0321168
1.01155,0.032127
1.01158,0.0321372
1.0116,0.0321474
1.01163,0.0321576
1.01166,0.0321678
1.01169,0.0321781
1.01172,0.0321883
1.01175,0.0321985
1.01177,0.0322087
1.0118,0.0322189
1.01183,0.0322291
1.01186,0.0322393
1.01188,0.0322495
1.01191,0.0322597
1.01194,0.03227
1.01197,0.0322802
1.012,0.0322904
1.01202,0.0323006
1.01205,0.0323108
1.01208,0.032321
1.01211,0.0323312
1.01214,0.0323414
1.01216,0.0323516
1.01219,0.0323619
1.01222,0.0323721
1.01225,0.0323823
1.01228,0.0323925
1.0123,0.0324027
1.01233,0.0324129
1.01236,0.0324231
1.01239,0.0324333
1.01242,0.0324435
1.01244,0.0324538
1.01247,0.032464
1.0125,0.0324742
1.01253,0.0324844
1.01255,0.0324946
1.01258,0.0325048
1.01261,0.032515
1.01264,0.0325252
1.01267,0.0325354
1.01269,0.0325456
1.01272,0.0325559
1.01275,0.0325661
1.01278,0.0325763
1.0128,0.0325865
1.01283,0.0325967
1.01286,0.0326069
1.01289,0.0326171
1.01292,0.0326273
1.01294,0.0326375
1.01297,0.0326478
1.013,0.032658
1.01303,0.0326682
1.01305,0.0326784
1.01308,0.0326886
1.01311,0.0326988
1.01314,0.032709
1.01316,0.0327192
1.01319,0.0327294
1.01322,0.0327397
1.01325,0.0327499
1.01328,0.0327601
1.0133,0.0327703
1.01333,0.0327805
1.01336,0.0327907
1.01339,0.0328009
1.01341,0.0328111
1.01344,0.0328213
1.01347,0.0328315
1.0135,0.0328418
1.01352,0.032852
1.01355,0.0328622
1.01358,0.0328724
1.01361,0.0328826
1.01363,0.0328928
1.01366,0.032903
1.01369,0.0329132
1.01372,0.0329234
1.01374,0.0329337
1.01377,0.0329439
1.0138,0.0329541
1.01383,0.0329643
1.01385,0.0329745
1.01388,0.0329847
1.01391,0.0329949
1.01394,0.0330051
1.01396,0.0330153
1.01399,0.0330255
1.01402,0.0330358
1.01405,0.033046
1.01407,0.0330562
1.0141,0.0330664
1.01413,0.0330766
1.01416,0.0330868
1.01418,0.033097
1.01421,0.0331072
1.01424,0.0331174
1.01427,0.0331277
1.01429,0.0331379
1.01432,0.0331481
1.01435,0.0331583
1.01438,0.0331685
1.0144,0.0331787
1.01443,0.0331889
1.01446,0.0331991
1.01449,0.0332093
1.01451,0.0332195
1.01454,0.0332298
1.01457,0.03324
1.0146,0.0332502
1.01462,0.0332604
1.01465,0.0332706
1.01468,0.0332808
1.01471,0.033291
1.01473,0.0333012
1.01476,0.0333114
1.01479,0.0333217
1.01481,0.0333319
1.01484,0.0333421
1.01487,0.0333523
1.0149,0.0333625
1.01492,0.0333727
1.01495,0.0333829
1.01498,0.0333931
1.01501,0.0334033
1.01503,0.0334135
1.01506,0.0334238
1.01509,0.033434
1.01511,0.0334442
1.01514,0.0334544
1.01517,0.0334646
1.0152,0.0334748
1.01522,0.033485
1.01525,0.0334952
1.01528,0.0335054
1.01531,0.0335156
1.01533,0.0335259
1.01536,0.0335361
1.01539,0.0335463
1.01541,0.0335565
1.01544,0.0335667
1.01547,0.0335769
1.0155,0.0335871
1.01552,0.0335973
1.01555,0.0336075
1.01558,0.0336178
1.0156,0.033628
1.01563,0.0336382
1.01566,0.0336484
1.01569,0.0336586
1.01571,0.0336688
1.01574,0.033679
1.01577,0.0336892
1.01579,0.0336994
1.01582,0.0337096
1.01585,0.0337199
1.01588,0.0337301
1.0159,0.0337403
1.01593,0.0337505
1.01596,0.0337607
1.01598,0.0337709
1.01601,0.0337811
1.01604,0.0337913
1.01606,0.0338015
1.01609,0.0338117
1.01612,0.033822
1.01615,0.0338322
1.01617,0.0338424
1.0162,0.0338526
1.01623,0.0338628
1.01625,0.033873
1.01628,0.0338832
1.01631,0.0338934
1.01634,0.0339036
1.01636,0.0339138
1.01639,0.0339241
1.01642,0.0339343
1.01644,0.0339445
1.01647,0.0339547
1.0165,0.0339649
1.01652,0.0339751
1.01655,0.0339853
1.01658,0.0339955
1.0166,0.0340057
1.01663,0.034016
1.01666,0.0340262
1.01669,0.0340364
1.01671,0.0340466
1.01674,0.0340568
1.01677,0.034067
1.01679,0.0340772
1.01682,0.0340874
1.01685,0.0340976
1.01687,0.0341078
1.0169,0.0341181
1.01693,0.0341283
1.01695,0.0341385
1.01698,0.0341487
1.01701,0.0341589
1.01704,0.0341691
1.01706,0.0341793
1.01709,0.0341895
1.01712,0.0341997
1.01714,0.0342099
1.01717,0.0342202
1.0172,0.0342304
1.01722,0.0342406
1.01725,0.0342508
1.01728,0.034261
1.0173,0.0342712
1.01733,0.0342814
1.01736,0.0342916
1.01738,0.0343018
1.01741,0.034312
1.01744,0.0343223
1.01746,0.0343325
1.01749,0.0343427
1.01752,0.0343529
1.01754,0.0343631
1.01757,0.0343733
1.0176,0.0343835
1.01762,0.0343937
1.01765,0.0344039
1.01768,0.0344141
1.0177,0.0344244
1.01773,0.0344346
1.01776,0.0344448
1.01778,0.034455
1.01781,0.0344652
1.01784,0.0344754
1.01786,0.0344856
1.01789,0.0344958
1.01792,0.034506
1.01794,0.0345162
1.01797,0.0345265
1.018,0.0345367
1.01802,0.0345469
1.01805,0.0345571
1.01808,0.0345673
1.0181,0.0345775
1.01813,0.0345877
1.01816,0.0345979
1.01818,0.0346081
1.01821,0.0346183
1.01824,0.0346286
1.01826,0.0346388
1.01829,0.034649
1.01832,0.0346592
1.01834,0.0346694
1.01837,0.0346796
1.0184,0.0346898
1.01842,0.0347
1.01845,0.0347102
1.01848,0.0347204
1.0185,0.0347307
1.01853,0.0347409
1.01856,0.0347511
1.01858,0.0347613
1.01861,0.0347715
1.01864,0.0347817
1.01866,0.0347919
1.01869,0.0348021
1.01872,0.0348123
1.01874,0.0348225
1.01877,0.0348328
1.01879,0.034843
1.01882,0.0348532
1.01885,0.0348634
1.01887,0.0348736
1.0189,0.0348838
1.01893,0.034894
1.01895,0.0349042
1.01898,0.0349144
1.01901,0.0349246
1.01903,0.0349349
1.01906,0.0349451
1.01909,0.0349553
1.01911,0.0349655
1.01914,0.0349757
1.01917,0.0349859
1.01919,0.0349961
1.01922,0.0350063
1.01924,0.0350165
1.01927,0.0350267
1.0193,0.035037
1.01932,0.0350472
1.01935,0.0350574
1.01938,0.0350676
1.0194,0.0350778
1.01943,0.035088
1.01946,0.0350982
1.01948,0.0351084
1.01951,0.0351186
1.01953,0.0351288
1.01956,0.035139
1.01959,0.0351493
1.01961,0.0351595
1.01964,0.0351697
1.01967,0.0351799
1.01969,0.0351901
1.01972,0.0352003
1.01974,0.0352105
1.01977,0.0352207
1.0198,0.0352309
1.01982,0.0352411
1.01985,0.0352514
1.01988,0.0352616
1.0199,0.0352718
1.01993,0.035282
1.01995,0.0352922
1.01998,0.0353024
1.02001,0.0353126
1.02003,0.0353228
1.02006,0.035333
1.02009,0.0353432
1.02011,0.0353535
1.02014,0.0353637
1.02016,0.0353739
1.02019,0.0353841
1.02022,0.0353943
1.02024,0.0354045
1.02027,0.0354147
1.0203,0.0354249
1.02032,0.0354351
1.02035,0.0354453
1.02037,0.0354556
1.0204,0.0354658
1.02043,0.035476
1.02045,0.0354862
1.02048,0.0354964
1.0205,0.0355066
1.02053,0.0355168
1.02056,0.035527
1.02058,0.0355372
1.02061,0.0355474
1.02064,0.0355576
1.02066,0.0355679
1.02069,0.0355781
1.02071,0.0355883
1.02074,0.0355985
1.02077,0.0356087
1.02079,0.0356189
1.02082,0.0356291
1.02084,0.0356393
1.02087,0.0356495
1.0209,0.0356597
1.02092,0.03567
1.02095,0.0356802
1.02097,0.0356904
1.021,0.0357006
1.02103,0.0357108
1.02105,0.035721
1.02108,0.0357312
1.0211,0.0357414
1.02113,0.0357516
1.02116,0.0357618
1.02118,0.035772
1.02121,0.0357823
1.02123,0.0357925
1.02126,0.0358027
1.02129,0.0358129
1.02131,0.0358231
1.02134,0.0358333
1.02136,0.0358435
1.02139,0.0358537
1.02142,0.0358639
1.02144,0.0358741
1.02147,0.0358844
1.02149,0.0358946
1.02152,0.0359048
1.02155,0.035915
1.02157,0.0359252
1.0216,0.0359354
1.02162,0.0359456
1.02165,0.0359558
1.02168,0.035966
1.0217,0.0359762
1.02173,0.0359865
1.02175,0.0359967
1.02178,0.0360069
1.02181,0.0360171
1.02183,0.0360273
1.02186,0.0360375
1.02188,0.0360477
1.02191,0.0360579
1.02193,0.0360681
1.02196,0.0360783
1.02199,0.0360885
1.02201,0.0360988
1.02204,0.036109
1.02206,0.0361192
1.02209,0.0361294
1.02212,0.0361396
1.02214,0.0361498
1.02217,0.03616
1.02219,0.0361702
1.02222,0.0361804
1.02224,0.0361906
1.02227,0.0362008
1.0223,0.0362111
1.02232,0.0362213
1.02235,0.0362315
1.02237,0.0362417
1.0224,0.0362519
1.02242,0.0362621
1.02245,0.0362723
1.02248,0.0362825
1.0225,0.0362927
1.02253,0.0363029
1.02255,0.0363132
1.02258,0.0363234
1.0226,0.0363336
1.02263,0.0363438
1.02266,0.036354
1.02268,0.0363642
1.02271,0.0363744
1.02273,0.0363846
1.02276,0.0363948
1.02278,0.036405
1.02281,0.0364152
1.02284,0.0364255
1.02286,0.0364357
1.02289,0.0364459
1.02291,0.0364561
1.02294,0.0364663
1.02296,0.0364765
1.02299,0.0364867
1.02302,0.0364969
1.02304,0.0365071
1.02307,0.0365173
1.02309,0.0365276
1.02312,0.0365378
1.02314,0.036548
1.02317,0.0365582
1.0232,0.0365684
1.02322,0.0365786
1.02325,0.0365888
1.02327,0.036599
1.0233,0.0366092
1.02332,0.0366194
1.02335,0.0366296
1.02337,0.0366399
1.0234,0.0366501
1.02343,0.0366603
1.02345,0.0366705
1.02348,0.0366807
1.0235,0.0366909
1.02353,0.0367011
1.02355,0.0367113
1.02358,0.0367215
1.0236,0.0367317
1.02363,0.0367419
1.02366,0.0367522
1.02368,0.0367624
1.02371,0.0367726
1.02373,0.0367828
1.02376,0.036793
1.02378,0.0368032
1.02381,0.0368134
1.02383,0.0368236
1.02386,0.0368338
1.02388,0.036844
1.02391,0.0368542
1.02394,0.0368645
1.02396,0.0368747
1.02399,0.0368849
1.02401,0.0368951
1.02404,0.0369053
1.02406,0.0369155
1.02409,0.0369257
1.02411,0.0369359
1.02414,0.0369461
1.02416,0.0369563
1.02419,0.0369666
1.02422,0.0369768
1.02424,0.036987
1.02427,0.0369972
1.02429,0.0370074
1.02432,0.0370176
1.02434,0.0370278
1.02437,0.037038
1.02439,0.0370482
1.02442,0.0370584
1.02444,0.0370686
1.02447,0.0370789
1.02449,0.0370891
1.02452,0.0370993
1.02455,0.0371095
1.02457,0.0371197
1.0246,0.0371299
1.02462,0.0371401
1.02465,0.0371503
1.02467,0.0371605
1.0247,0.0371707
1.02472,0.0371809
1.02475,0.0371912
1.02477,0.0372014
1.0248,0.0372116
1.02482,0.0372218
1.02485,0.037232
1.02487,0.0372422
1.0249,0.0372524
1.02493,0.0372626
1.02495,0.0372728
1.02498,0.037283
1.025,0.0372932
1.02503,0.0373035
1.02505,0.0373137
1.02508,0.0373239
1.0251,0.0373341
1.02513,0.0373443
1.02515,0.0373545
1.02518,0.0373647
1.0252,0.0373749
1.02523,0.0373851
1.02525,0.0373953
1.02528,0.0374055
1.0253,0.0374158
1.02533,0.037426
1.02535,0.0374362
1.02538,0.0374464
1.0254,0.0374566
1.02543,0.0374668
1.02546,0.037477
1.02548,0.0374872
1.02551,0.0374974
1.02553,0.0375076
1.02556,0.0375178
1.02558,0.0375281
1.02561,0.0375383
1.02563,0.0375485
1.02566,0.0375587
1.02568,0.0375689
1.02571,0.0375791
1.02573,0.0375893
1.02576,0.0375995
1.02578,0.0376097
1.02581,0.0376199
1.02583,0.0376301
1.02586,0.0376404
1.02588,0.0376506
1.02591,0.0376608
1.02593,0.037671
1.02596,0.0376812
1.02598,0.0376914
1.02601,0.0377016
1.02603,0.0377118
1.02606,0.037722
1.02608,0.0377322
1.02611,0.0377424
1.02613,0.0377527
1.02616,0.0377629
1.02618,0.0377731
1.02621,0.0377833
1.02623,0.0377935
1.02626,0.0378037
1.02628,0.0378139
1.02631,0.0378241
1.02633,0.0378343
1.02636,0.0378445
1.02638,0.0378547
1.02641,0.037865
1.02643,0.0378752
1.02646,0.0378854
1.02648,0.0378956
1.02651,0.0379058
1.02653,0.037916
1.02656,0.0379262
1.02658,0.0379364
1.02661,0.0379466
1.02663,0.0379568
1.02666,0.037967
1.02668,0.0379773
1.02671,0.0379875
1.02673,0.0379977
1.02676,0.0380079
1.02678,0.0380181
1.02681,0.0380283
1.02683,0.0380385
1.02686,0.0380487
1.02688,0.0380589
1.02691,0.0380691
1.02693,0.0380793
1.02696,0.0380896
1.02698,0.0380998
1.02701,0.03811
1.02703,0.0381202
1.02706,0.0381304
1.02708,0.0381406
1.02711,0.0381508
1.02713,0.038161
1.02716,0.0381712
1.02718,0.0381814
1.02721,0.0381916
1.02723,0.0382019
1.02726,0.0382121
1.02728,0.0382223
1.02731,0.0382325
1.02733,0.0382427
1.02736,0.0382529
1.02738,0.0382631
1.0274,0.0382733
1.02743,0.0382835
1.02745,0.0382937
1.02748,0.0383039
1.0275,0.0383141
1.02753,0.0383244
1.02755,0.0383346
1.02758,0.0383448
1.0276,0.038355
1.02763,0.0383652
1.02765,0.0383754
1.02768,0.0383856
1.0277,0.0383958
1.02773,0.038406
1.02775,0.0384162
1.02778,0.0384264
1.0278,0.0384367
1.02783,0.0384469
1.02785,0.0384571
1.02788,0.0384673
1.0279,0.0384775
1.02793,0.0384877
1.02795,0.0384979
1.02797,0.0385081
1.028,0.0385183
1.02802,0.0385285
1.02805,0.0385387
1.02807,0.038549
1.0281,0.0385592
1.02812,0.0385694
1.02815,0.0385796
1.02817,0.0385898
1.0282,0.0386
1.02822,0.0386102
1.02825,0.0386204
1.02827,0.0386306
1.0283,0.0386408
1.02832,0.038651
1.02834,0.0386613
1.02837,0.0386715
1.02839,0.0386817
1.02842,0.0386919
1.02844,0.0387021
1.02847,0.0387123
1.02849,0.0387225
1.02852,0.0387327
1.02854,0.0387429
1.02857,0.0387531
1.02859,0.0387633
1.02862,0.0387735
1.02864,0.0387838
1.02866,0.038794
1.02869,0.0388042
1.02871,0.0388144
1.02874,0.0388246
1.02876,0.0388348
1.02879,0.038845
1.02881,0.0388552
1.02884,0.0388654
1.02886,0.0388756
1.02889,0.0388858
1.02891,0.0388961
1.02894,0.0389063
1.02896,0.0389165
1.02898,0.0389267
1.02901,0.0389369
1.02903,0.0389471
1.02906,0.0389573
1.02908,0.0389675
1.02911,0.0389777
1.02913,0.0389879
1.02916,0.0389981
1.02918,0.0390083
1.0292,0.0390186
1.02923,0.0390288
1.02925,0.039039
1.02928,0.0390492
1.0293,0.0390594
1.02933,0.0390696
1.02935,0.0390798
1.02938,0.03909
1.0294,0.0391002
1.02943,0.0391104
1.02945,0.0391206
1.02947,0.0391309
1.0295,0.0391411
1.02952,0.0391513
1.02955,0.0391615
1.02957,0.0391717
1.0296,0.0391819
1.02962,0.0391921
1.02965,0.0392023
1.02967,0.0392125
1.02969,0.0392227
1.02972,0.0392329
1.02974,0.0392431
1.02977,0.0392534
1.02979,0.0392636
1.02982,0.0392738
1.02984,0.039284
1.02986,0.0392942
1.02989,0.0393044
1.02991,0.0393146
1.02994,0.0393248
1.02996,0.039335
1.02999,0.0393452
1.03001,0.0393554
1.03004,0.0393657
1.03006,0.0393759
1.03008,0.0393861
1.03011,0.0393963
1.03013,0.0394065
1.03016,0.0394167
1.03018,0.0394269
1.03021,0.0394371
1.03023,0.0394473
1.03025,0.0394575
1.03028,0.0394677
1.0303,0.0394779
1.03033,0.0394882
1.03035,0.0394984
1.03038,0.0395086
1.0304,0.0395188
1.03042,0.039529
1.03045,0.0395392
1.03047,0.0395494
1.0305,0.0395596
1.03052,0.0395698
1.03055,0.03958
1.03057,0.0395902
1.03059,0.0396005
1.03062,0.0396107
1.03064,0.0396209
1.03067,0.0396311
1.03069,0.0396413
1.03072,0.0396515
1.03074,0.0396617
1.03076,0.0396719
1.03079,0.0396821
1.03081,0.0396923
1.03084,0.0397025
1.03086,0.0397127
1.03088,0.039723
1.03091,0.0397332
1.03093,0.0397434
1.03096,0.0397536
1.03098,0.0397638
1.03101,0.039774
1.03103,0.0397842
1.03105,0.0397944
1.03108,0.0398046
1.0311,0.0398148
1.03113,0.039825
1.03115,0.0398352
1.03117,0.0398455
1.0312,0.0398557
1.03122,0.0398659
1.03125,0.0398761
1.03127,0.0398863
1.0313,0.0398965
1.03132,0.0399067
1.03134,0.0399169
1.03137,0.0399271
1.03139,0.0399373
1.03142,0.0399475
1.03144,0.0399578
1.03146,0.039968
1.03149,0.0399782
1.03151,0.0399884
1.03154,0.0399986
1.03156,0.0400088
1.03158,0.040019
1.03161,0.0400292
1.03163,0.0400394
1.03166,0.0400496
1.03168,0.0400598
1.03171,0.04007
1.03173,0.0400803
1.03175,0.0400905
1.03178,0.0401007
1.0318,0.0401109
1.03183,0.0401211
1.03185,0.0401313
1.03187,0.0401415
1.0319,0.0401517
1.03192,0.0401619
1.03195,0.0401721
1.03197,0.0401823
1.03199,0.0401925
1.03202,0.0402028
1.03204,0.040213
1.03207,0.0402232
1.03209,0.0402334
1.03211,0.0402436
1.03214,0.0402538
1.03216,0.040264
1.03219,0.0402742
1.03221,0.0402844
1.03223,0.0402946
1.03226,0.0403048
1.03228,0.040315
1.03231,0.0403253
1.03233,0.0403355
1.03235,0.0403457
1.03238,0.0403559
1.0324,0.0403661
1.03243,0.0403763
1.03245,0.0403865
1.03247,0.0403967
1.0325,0.0404069
1.03252,0.0404171
1.03254,0.0404273
1.03257,0.0404375
1.03259,0.0404478
1.03262,0.040458
1.03264,0.0404682
1.03266,0.0404784
1.03269,0.0404886
1.03271,0.0404988
1.03274,0.040509
1.03276,0.0405192
1.03278,0.0405294
1.03281,0.0405396
1.03283,0.0405498
1.03286,0.0405601
1.03288,0.0405703
1.0329,0.0405805
1.03293,0.0405907
1.03295,0.0406009
1.03297,0.0406111
1.033,0.0406213
1.03302,0.0406315
1.03305,0.0406417
1.03307,0.0406519
1.03309,0.0406621
1.03312,0.0406723
1.03314,0.0406826
1.03317,0.0406928
1.03319,0.040703
1.03321,0.0407132
1.03324,0.0407234
1.03326,0.0407336
1.03328,0.0407438
1.03331,0.040754
1.03333,0.0407642
1.03336,0.0407744
1.03338,0.0407846
1.0334,0.0407948
1.03343,0.0408051
1.03345,0.0408153
1.03347,0.0408255
1.0335,0.0408357
1.03352,0.0408459
1.03355,0.0408561
1.03357,0.0408663
1.03359,0.0408765
1.03362,0.0408867
1.03364,0.0408969
1.03366,0.0409071
1.03369,0.0409173
1.03371,0.0409276
1.03374,0.0409378
1.03376,0.040948
1.03378,0.0409582
1.03381,0.0409684
1.03383,0.0409786
1.03385,0.0409888
1.03388,0.040999
1.0339,0.0410092
1.03392,0.0410194
1.03395,0.0410296
1.03397,0.0410398
1.034,0.0410501
1.03402,0.0410603
1.03404,0.0410705
1.03407,0.0410807
1.03409,0.0410909
1.03411,0.0411011
1.03414,0.0411113
1.03416,0.0411215
1.03419,0.0411317
1.03421,0.0411419
1.03423,0.0411521
1.03426,0.0411623
1.03428,0.0411726
1.0343,0.0411828
1.03433,0.041193
1.03435,0.0412032
1.03437,0.0412134
1.0344,0.0412236
1.03442,0.0412338
1.03444,0.041244
1.03447,0.0412542
1.03449,0.0412644
1.03452,0.0412746
1.03454,0.0412848
1.03456,0.041295
1.03459,0.0413053
1.03461,0.0413155
1.03463,0.0413257
1.03466,0.0413359
1.03468,0.0413461
1.0347,0.0413563
1.03473,0.0413665
1.03475,0.0413767
1.03477,0.0413869
1.0348,0.0413971
1.03482,0.0414073
1.03485,0.0414175
1.03487,0.0414278
1.03489,0.041438
1.03492,0.0414482
1.03494,0.0414584
1.03496,0.0414686
1.03499,0.0414788
1.03501,0.041489
1.03503,0.0414992
1.03506,0.0415094
1.03508,0.0415196
1.0351,0.0415298
1.03513,0.04154
1.03515,0.0415503
1.03517,0.0415605
1.0352,0.0415707
1.03522,0.0415809
1.03524,0.0415911
1.03527,0.0416013
1.03529,0.0416115
1.03532,0.0416217
1.03534,0.0416319
1.03536,0.0416421
1.03539,0.0416523
1.03541,0.0416625
1.03543,0.0416728
1.03546,0.041683
1.03548,0.0416932
1.0355,0.0417034
1.03553,0.0417136
1.03555,0.0417238
1.03557,0.041734
1.0356,0.0417442
1.03562,0.0417544
1.03564,0.0417646
1.03567,0.0417748
1.03569,0.041785
1.03571,0.0417953
1.03574,0.0418055
1.03576,0.0418157
1.03578,0.0418259
1.03581,0.0418361
1.03583,0.0418463
1.03585,0.0418565
1.03588,0.0418667
1.0359,0.0418769
1.03592,0.0418871
1.03595,0.0418973
1.03597,0.0419075
1.03599,0.0419177
1.03602,0.041928
1.03604,0.0419382
1.03606,0.0419484
1.03609,0.0419586
1.03611,0.0419688
1.03613,0.041979
1.03616,0.0419892
1.03618,0.0419994
1.0362,0.0420096
1.03623,0.0420198
1.03625,0.04203
1.03627,0.0420402
1.0363,0.0420505
1.03632,0.0420607
1.03634,0.0420709
1.03637,0.0420811
1.03639,0.0420913
1.03641,0.0421015
1.03644,0.0421117
1.03646,0.0421219
1.03648,0.0421321
1.03651,0.0421423
1.03653,0.0421525
1.03655,0.0421627
1.03658,0.042173
1.0366,0.0421832
1.03662,0.0421934
1.03665,0.0422036
1.03667,0.0422138
1.03669,0.042224
1.03672,0.0422342
1.03674,0.0422444
1.03676,0.0422546
1.03679,0.0422648
1.03681,0.042275
1.03683,0.0422852
1.03685,0.0422954
1.03688,0.0423057
1.0369,0.0423159
1.03692,0.0423261
1.03695,0.0423363
1.03697,0.0423465
1.03699,0.0423567
1.03702,0.0423669
1.03704,0.0423771
1.03706,0.0423873
1.03709,0.0423975
1.03711,0.0424077
1.03713,0.0424179
1.03716,0.0424282
1.03718,0.0424384
1.0372,0.0424486
1.03723,0.0424588
1.03725,0.042469
1.03727,0.0424792
1.03729,0.0424894
1.03732,0.0424996
1.03734,0.0425098
1.03736,0.04252
1.03739,0.0425302
1.03741,0.0425404
1.03743,0.0425506
1.03746,0.0425609
1.03748,0.0425711
1.0375,0.0425813
1.03753,0.0425915
1.03755,0.0426017
1.03757,0.0426119
1.0376,0.0426221
1.03762,0.0426323
1.03764,0.0426425
1.03766,0.0426527
1.03769,0.0426629
1.03771,0.0426731
1.03773,0.0426834
1.03776,0.0426936
1.03778,0.0427038
1.0378,0.042714
1.03783,0.0427242
1.03785,0.0427344
1.03787,0.0427446
1.0379,0.0427548
1.03792,0.042765
1.03794,0.0427752
1.03796,0.0427854
1.03799,0.0427956
1.03801,0.0428058
1.03803,0.0428161
1.03806,0.0428263
1.03808,0.0428365
1.0381,0.0428467
1.03813,0.0428569
1.03815,0.0428671
1.03817,0.0428773
1.03819,0.0428875
1.03822,0.0428977
1.03824,0.0429079
1.03826,0.0429181
1.03829,0.0429283
1.03831,0.0429386
1.03833,0.0429488
1.03836,0.042959
1.03838,0.0429692
1.0384,0.0429794
1.03842,0.0429896
1.03845,0.0429998
1.03847,0.04301
1.03849,0.0430202
1.03852,0.0430304
1.03854,0.0430406
1.03856,0.0430508
1.03858,0.043061
1.03861,0.0430713
1.03863,0.0430815
1.03865,0.0430917
1.03868,0.0431019
1.0387,0.0431121
1.03872,0.0431223
1.03874,0.0431325
1.03877,0.0431427
1.03879,0.0431529
1.03881,0.0431631
1.03884,0.0431733
1.03886,0.0431835
1.03888,0.0431937
1.03891,0.043204
1.03893,0.0432142
1.03895,0.0432244
1.03897,0.0432346
1.039,0.0432448
1.03902,0.043255
1.03904,0.0432652
1.03907,0.0432754
1.03909,0.0432856
1.03911,0.0432958
1.03913,0.043306
1.03916,0.0433162
1.03918,0.0433265
1.0392,0.0433367
1.03922,0.0433469
1.03925,0.0433571
1.03927,0.0433673
1.03929,0.0433775
1.03932,0.0433877
1.03934,0.0433979
1.03936,0.0434081
1.03938,0.0434183
1.03941,0.0434285
1.03943,0.0434387
1.03945,0.0434489
1.03948,0.0434592
1.0395,0.0434694
1.03952,0.0434796
1.03954,0.0434898
1.03957,0.0435
1.03959,0.0435102
1.03961,0.0435204
1.03964,0.0435306
1.03966,0.0435408
1.03968,0.043551
1.0397,0.0435612
1.03973,0.0435714
1.03975,0.0435816
1.03977,0.0435919
1.03979,0.0436021
1.03982,0.0436123
1.03984,0.0436225
1.03986,0.0436327
1.03989,0.0436429
1.03991,0.0436531
1.03993,0.0436633
1.03995,0.0436735
1.03998,0.0436837
1.04,0.0436939
1.04002,0.0437041
1.04004,0.0437144
1.04007,0.0437246
1.04009,0.0437348
1.04011,0.043745
1.04014,0.0437552
1.04016,0.0437654
1.04018,0.0437756
1.0402,0.0437858
1.04023,0.043796
1.04025,0.0438062
1.04027,0.0438164
1.04029,0.0438266
1.04032,0.0438368
1.04034,0.0438471
1.04036,0.0438573
1.04038,0.0438675
1.04041,0.0438777
1.04043,0.0438879
1.04045,0.0438981
1.04048,0.0439083
1.0405,0.0439185
1.04052,0.0439287
1.04054,0.0439389
1.04057,0.0439491
1.04059,0.0439593
1.04061,0.0439695
1.04063,0.0439798
1.04066,0.04399
1.04068,0.0440002
1.0407,0.0440104
1.04072,0.0440206
1.04075,0.0440308
1.04077,0.044041
1.04079,0.0440512
1.04081,0.0440614
1.04084,0.0440716
1.04086,0.0440818
1.04088,0.044092
1.0409,0.0441022
1.04093,0.0441125
1.04095,0.0441227
1.04097,0.0441329
1.04099,0.0441431
1.04102,0.0441533
1.04104,0.0441635
1.04106,0.0441737
1.04108,0.0441839
1.04111,0.0441941
1.04113,0.0442043
1.04115,0.0442145
1.04117,0.0442247
1.0412,0.0442349
1.04122,0.0442452
1.04124,0.0442554
1.04127,0.0442656
1.04129,0.0442758
1.04131,0.044286
1.04133,0.0442962
1.04136,0.0443064
1.04138,0.0443166
1.0414,0.0443268
1.04142,0.044337
1.04145,0.0443472
1.04147,0.0443574
1.04149,0.0443676
1.04151,0.0443779
1.04153,0.0443881
1.04156,0.0443983
1.04158,0.0444085
1.0416,0.0444187
1.04162,0.0444289
1.04165,0.0444391
1.04167,0.0444493
1.04169,0.0444595
1.04171,0.0444697
1.04174,0.0444799
1.04176,0.0444901
1.04178,0.0445003
1.0418,0.0445106
1.04183,0.0445208
1.04185,0.044531
1.04187,0.0445412
1.04189,0.0445514
1.04192,0.0445616
1.04194,0.0445718
1.04196,0.044582
1.04198,0.0445922
1.04201,0.0446024
1.04203,0.0446126
1.04205,0.0446228
1.04207,0.044633
1.0421,0.0446433
1.04212,0.0446535
1.04214,0.0446637
1.04216,0.0446739
1.04219,0.0446841
1.04221,0.0446943
1.04223,0.0447045
1.04225,0.0447147
1.04227,0.0447249
1.0423,0.0447351
1.04232,0.0447453
1.04234,0.0447555
1.04236,0.0447657
1.04239,0.044776
1.04241,0.0447862
1.04243,0.0447964
1.04245,0.0448066
1.04248,0.0448168
1.0425,0.044827
1.04252,0.0448372
1.04254,0.0448474
1.04257,0.0448576
1.04259,0.0448678
1.04261,0.044878
1.04263,0.0448882
1.04265,0.0448984
1.04268,0.0449087
1.0427,0.0449189
1.04272,0.0449291
1.04274,0.0449393
1.04277,0.0449495
1.04279,0.0449597
1.04281,0.0449699
1.04283,0.0449801
1.04285,0.0449903
1.04288,0.0450005
1.0429,0.0450107
1.04292,0.0450209
1.04294,0.0450311
1.04297,0.0450414
1.04299,0.0450516
1.04301,0.0450618
1.04303,0.045072
1.04306,0.0450822
1.04308,0.0450924
1.0431,0.0451026
1.04312,0.0451128
1.04314,0.045123
1.04317,0.0451332
1.04319,0.0451434
1.04321,0.0451536
1.04323,0.0451638
1.04326,0.0451741
1.04328,0.0451843
1.0433,0.0451945
1.04332,0.0452047
1.04334,0.0452149
1.04337,0.0452251
1.04339,0.0452353
1.04341,0.0452455
1.04343,0.0452557
1.04346,0.0452659
1.04348,0.0452761
1.0435,0.0452863
1.04352,0.0452965
1.04354,0.0453067
1.04357,0.045317
1.04359,0.0453272
1.04361,0.0453374
1.04363,0.0453476
1.04365,0.0453578
1.04368,0.045368
1.0437,0.0453782
1.04372,0.0453884
1.04374,0.0453986
1.04377,0.0454088
1.04379,0.045419
1.04381,0.0454292
1.04383,0.0454394
1.04385,0.0454497
1.04388,0.0454599
1.0439,0.0454701
1.04392,0.0454803
1.04394,0.0454905
1.04396,0.0455007
1.04399,0.0455109
1.04401,0.0455211
1.04403,0.0455313
1.04405,0.0455415
1.04407,0.0455517
1.0441,0.0455619
1.04412,0.0455721
1.04414,0.0455824
1.04416,0.0455926
1.04419,0.0456028
1.04421,0.045613
1.04423,0.0456232
1.04425,0.0456334
1.04427,0.0456436
1.0443,0.0456538
1.04432,0.045664
1.04434,0.0456742
1.04436,0.0456844
1.04438,0.0456946
1.04441,0.0457048
1.04443,0.045715
1.04445,0.0457253
1.04447,0.0457355
1.04449,0.0457457
1.04452,0.0457559
1.04454,0.0457661
1.04456,0.0457763
1.04458,0.0457865
1.0446,0.0457967
1.04463,0.0458069
1.04465,0.0458171
1.04467,0.0458273
1.04469,0.0458375
1.04471,0.0458477
1.04474,0.045858
1.04476,0.0458682
1.04478,0.0458784
1.0448,0.0458886
1.04482,0.0458988
1.04485,0.045909
1.04487,0.0459192
1.04489,0.0459294
1.04491,0.0459396
1.04493,0.0459498
1.04496,0.04596
1.04498,0.0459702
1.045,0.0459804
1.04502,0.0459907
1.04504,0.0460009
1.04507,0.0460111
1.04509,0.0460213
1.04511,0.0460315
1.04513,0.0460417
1.04515,0.0460519
1.04518,0.0460621
1.0452,0.0460723
1.04522,0.0460825
1.04524,0.0460927
1.04526,0.0461029
1.04529,0.0461131
1.04531,0.0461233
1.04533,0.0461336
1.04535,0.0461438
1.04537,0.046154
1.04539,0.0461642
1.04542,0.0461744
1.04544,0.0461846
1.04546,0.0461948
1.04548,0.046205
1.0455,0.0462152
1.04553,0.0462254
1.04555,0.0462356
1.04557,0.0462458
1.04559,0.046256
1.04561,0.0462663
1.04564,0.0462765
1.04566,0.0462867
1.04568,0.0462969
1.0457,0.0463071
1.04572,0.0463173
1.04574,0.0463275
1.04577,0.0463377
1.04579,0.0463479
1.04581,0.0463581
1.04583,0.0463683
1.04585,0.0463785
1.04588,0.0463887
1.0459,0.0463989
1.04592,0.0464092
1.04594,0.0464194
1.04596,0.0464296
1.04598,0.0464398
1.04601,0.04645
1.04603,0.0464602
1.04605,0.0464704
1.04607,0.0464806
1.04609,0.0464908
1.04612,0.046501
1.04614,0.0465112
1.04616,0.0465214
1.04618,0.0465316
1.0462,0.0465419
1.04622,0.0465521
1.04625,0.0465623
1.04627,0.0465725
1.04629,0.0465827
1.04631,0.0465929
1.04633,0.0466031
1.04636,0.0466133
1.04638,0.0466235
1.0464,0.0466337
1.04642,0.0466439
1.04644,0.0466541
1.04646,0.0466643
1.04649,0.0466745
1.04651,0.0466848
1.04653,0.046695
1.04655,0.0467052
1.04657,0.0467154
1.04659,0.0467256
1.04662,0.0467358
1.04664,0.046746
1.04666,0.0467562
1.04668,0.0467664
1.0467,0.0467766
1.04672,0.0467868
1.04675,0.046797
1.04677,0.0468072
1.04679,0.0468175
1.04681,0.0468277
1.04683,0.0468379
1.04685,0.0468481
1.04688,0.0468583
1.0469,0.0468685
1.04692,0.0468787
1.04694,0.0468889
1.04696,0.0468991
1.04698,0.0469093
1.04701,0.0469195
1.04703,0.0469297
1.04705,0.0469399
1.04707,0.0469501
1.04709,0.0469604
1.04711,0.0469706
1.04714,0.0469808
1.04716,0.046991
1.04718,0.0470012
1.0472,0.0470114
1.04722,0.0470216
1.04724,0.0470318
1.04727,0.047042
1.04729,0.0470522
1.04731,0.0470624
1.04733,0.0470726
1.04735,0.0470828
1.04737,0.047093
1.0474,0.0471033
1.04742,0.0471135
1.04744,0.0471237
1.04746,0.0471339
1.04748,0.0471441
1.0475,0.0471543
1.04753,0.0471645
1.04755,0.0471747
1.04757,0.0471849
1.04759,0.0471951
1.04761,0.0472053
1.04763,0.0472155
1.04766,0.0472257
1.04768,0.047236
1.0477,0.0472462
1.04772,0.0472564
1.04774,0.0472666
1.04776,0.0472768
1.04778,0.047287
1.04781,0.0472972
1.04783,0.0473074
1.04785,0.0473176
1.04787,0.0473278
1.04789,0.047338
1.04791,0.0473482
1.04794,0.0473584
1.04796,0.0473686
1.04798,0.0473789
1.048,0.0473891
1.04802,0.0473993
1.04804,0.0474095
1.04806,0.0474197
1.04809,0.0474299
1.04811,0.0474401
1.04813,0.0474503
1.04815,0.0474605
1.04817,0.0474707
1.04819,0.0474809
1.04822,0.0474911
1.04824,0.0475013
1.04826,0.0475115
1.04828,0.0475218
1.0483,0.047532
1.04832,0.0475422
1.04834,0.0475524
1.04837,0.0475626
1.04839,0.0475728
1.04841,0.047583
1.04843,0.0475932
1.04845,0.0476034
1.04847,0.0476136
1.04849,0.0476238
1.04852,0.047634
1.04854,0.0476442
1.04856,0.0476544
1.04858,0.0476647
1.0486,0.0476749
1.04862,0.0476851
1.04864,0.0476953
1.04867,0.0477055
1.04869,0.0477157
1.04871,0.0477259
1.04873,0.0477361
1.04875,0.0477463
1.04877,0.0477565
1.04879,0.0477667
1.04882,0.0477769
1.04884,0.0477871
1.04886,0.0477973
1.04888,0.0478076
1.0489,0.0478178
1.04892,0.047828
1.04894,0.0478382
1.04897,0.0478484
1.04899,0.0478586
1.04901,0.0478688
1.04903,0.047879
1.04905,0.0478892
1.04907,0.0478994
1.04909,0.0479096
1.04912,0.0479198
1.04914,0.04793
1.04916,0.0479403
1.04918,0.0479505
1.0492,0.0479607
1.04922,0.0479709
1.04924,0.0479811
1.04927,0.0479913
1.04929,0.0480015
1.04931,0.0480117
1.04933,0.0480219
1.04935,0.0480321
1.04937,0.0480423
1.04939,0.0480525
1.04941,0.0480627
1.04944,0.0480729
1.04946,0.0480832
1.04948,0.0480934
1.0495,0.0481036
1.04952,0.0481138
1.04954,0.048124
1.04956,0.0481342
1.04959,0.0481444
1.04961,0.0481546
1.04963,0.0481648
1.04965,0.048175
1.04967,0.0481852
1.04969,0.0481954
1.04971,0.0482056
1.04973,0.0482158
1.04976,0.0482261
1.04978,0.0482363
1.0498,0.0482465
1.04982,0.0482567
1.04984,0.0482669
1.04986,0.0482771
1.04988,0.0482873
1.0499,0.0482975
1.04993,0.0483077
1.04995,0.0483179
1.04997,0.0483281
1.04999,0.0483383
1.05001,0.0483485
1.05003,0.0483587
1.05005,0.048369
1.05007,0.0483792
1.0501,0.0483894
1.05012,0.0483996
1.05014,0.0484098
1.05016,0.04842
1.05018,0.0484302
1.0502,0.0484404
1.05022,0.0484506
1.05024,0.0484608
1.05027,0.048471
1.05029,0.0484812
1.05031,0.0484914
1.05033,0.0485016
1.05035,0.0485119
1.05037,0.0485221
1.05039,0.0485323
1.05041,0.0485425
1.05044,0.0485527
1.05046,0.0485629
1.05048,0.0485731
1.0505,0.0485833
1.05052,0.0485935
1.05054,0.0486037
1.05056,0.0486139
1.05058,0.0486241
1.0506,0.0486343
1.05063,0.0486445
1.05065,0.0486548
1.05067,0.048665
1.05069,0.0486752
1.05071,0.0486854
1.05073,0.0486956
1.05075,0.0487058
1.05077,0.048716
1.0508,0.0487262
1.05082,0.0487364
1.05084,0.0487466
1.05086,0.0487568
1.05088,0.048767
1.0509,0.0487772
1.05092,0.0487874
1.05094,0.0487977
1.05096,0.0488079
1.05099,0.0488181
1.05101,0.0488283
1.05103,0.0488385
1.05105,0.0488487
1.05107,0.0488589
1.05109,0.0488691
1.05111,0.0488793
1.05113,0.0488895
1.05115,0.0488997
1.05118,0.0489099
1.0512,0.0489201
1.05122,0.0489303
1.05124,0.0489406
1.05126,0.0489508
1.05128,0.048961
1.0513,0.0489712
1.05132,0.0489814
1.05134,0.0489916
1.05137,0.0490018
1.05139,0.049012
1.05141,0.0490222
1.05143,0.0490324
1.05145,0.0490426
1.05147,0.0490528
1.05149,0.049063
1.05151,0.0490732
1.05153,0.0490834
1.05155,0.0490937
1.05158,0.0491039
1.0516,0.0491141
1.05162,0.0491243
1.05164,0.0491345
1.05166,0.0491447
1.05168,0.0491549
1.0517,0.0491651
1.05172,0.0491753
1.05174,0.0491855
1.05177,0.0491957
1.05179,0.0492059
1.05181,0.0492161
1.05183,0.0492263
1.05185,0.0492366
1.05187,0.0492468
1.05189,0.049257
1.05191,0.0492672
1.05193,0.0492774
1.05195,0.0492876
1.05198,0.0492978
1.052,0.049308
1.05202,0.0493182
1.05204,0.0493284
1.05206,0.0493386
1.05208,0.0493488
1.0521,0.049359
1.05212,0.0493692
1.05214,0.0493795
1.05216,0.0493897
1.05218,0.0493999
1.05221,0.0494101
1.05223,0.0494203
1.05225,0.0494305
1.05227,0.0494407
1.05229,0.0494509
1.05231,0.0494611
1.05233,0.0494713
1.05235,0.0494815
1.05237,0.0494917
1.05239,0.0495019
1.05242,0.0495121
1.05244,0.0495224
1.05246,0.0495326
1.05248,0.0495428
1.0525,0.049553
1.05252,0.0495632
1.05254,0.0495734
1.05256,0.0495836
1.05258,0.0495938
1.0526,0.049604
1.05262,0.0496142
1.05265,0.0496244
1.05267,0.0496346
1.05269,0.0496448
1.05271,0.049655
1.05273,0.0496652
1.05275,0.0496755
1.05277,0.0496857
1.05279,0.0496959
1.05281,0.0497061
1.05283,0.0497163
1.05285,0.0497265
1.05288,0.0497367
1.0529,0.0497469
1.05292,0.0497571
1.05294,0.0497673
1.05296,0.0497775
1.05298,0.0497877
1.053,0.0497979
1.05302,0.0498081
1.05304,0.0498184
1.05306,0.0498286
1.05308,0.0498388
1.0531,0.049849
1.05313,0.0498592
1.05315,0.0498694
1.05317,0.0498796
1.05319,0.0498898
1.05321,0.0499
1.05323,0.0499102
1.05325,0.0499204
1.05327,0.0499306
1.05329,0.0499408
1.05331,0.049951
1.05333,0.0499613
1.05335,0.0499715
1.05338,0.0499817
1.0534,0.0499919
1.05342,0.0500021
1.05344,0.0500123
1.05346,0.0500225
1.05348,0.0500327
1.0535,0.0500429
1.05352,0.0500531
1.05354,0.0500633
1.05356,0.0500735
1.05358,0.0500837
1.0536,0.0500939
1.05362,0.0501041
1.05365,0.0501144
1.05367,0.0501246
1.05369,0.0501348
1.05371,0.050145
1.05373,0.0501552
1.05375,0.0501654
1.05377,0.0501756
1.05379,0.0501858
1.05381,0.050196
1.05383,0.0502062
1.05385,0.0502164
1.05387,0.0502266
1.05389,0.0502368
1.05392,0.050247
1.05394,0.0502573
1.05396,0.0502675
1.05398,0.0502777
1.054,0.0502879
1.05402,0.0502981
1.05404,0.0503083
1.05406,0.0503185
1.05408,0.0503287
1.0541,0.0503389
1.05412,0.0503491
1.05414,0.0503593
1.05416,0.0503695
1.05418,0.0503797
1.05421,0.0503899
1.05423,0.0504001
1.05425,0.0504104
1.05427,0.0504206
1.05429,0.0504308
1.05431,0.050441
1.05433,0.0504512
1.05435,0.0504614
1.05437,0.0504716
1.05439,0.0504818
1.05441,0.050492
1.05443,0.0505022
1.05445,0.0505124
1.05447,0.0505226
1.05449,0.0505328
1.05452,0.050543
1.05454,0.0505533
1.05456,0.0505635
1.05458,0.0505737
1.0546,0.0505839
1.05462,0.0505941
1.05464,0.0506043
1.05466,0.0506145
1.05468,0.0506247
1.0547,0.0506349
1.05472,0.0506451
1.05474,0.0506553
1.05476,0.0506655
1.05478,0.0506757
1.0548,0.0506859
1.05482,0.0506961
1.05485,0.0507064
1.05487,0.0507166
1.05489,0.0507268
1.05491,0.050737
1.05493,0.0507472
1.05495,0.0507574
1.05497,0.0507676
1.05499,0.0507778
1.05501,0.050788
1.05503,0.0507982
1.05505,0.0508084
1.05507,0.0508186
1.05509,0.0508288
1.05511,0.050839
1.05513,0.0508493
1.05515,0.0508595
1.05517,0.0508697
1.0552,0.0508799
1.05522,0.0508901
1.05524,0.0509003
1.05526,0.0509105
1.05528,0.0509207
1.0553,0.0509309
1.05532,0.0509411
1.05534,0.0509513
1.05536,0.0509615
1.05538,0.0509717
1.0554,0.0509819
1.05542,0.0509921
1.05544,0.0510024
1.05546,0.0510126
1.05548,0.0510228
1.0555,0.051033
1.05552,0.0510432
1.05554,0.0510534
1.05557,0.0510636
1.05559,0.0510738
1.05561,0.051084
1.05563,0.0510942
1.05565,0.0511044
1.05567,0.0511146
1.05569,0.0511248
1.05571,0.051135
1.05573,0.0511453
1.05575,0.0511555
1.05577,0.0511657
1.05579,0.0511759
1.05581,0.0511861
1.05583,0.0511963
1.05585,0.0512065
1.05587,0.0512167
1.05589,0.0512269
1.05591,0.0512371
1.05593,0.0512473
1.05595,0.0512575
1.05598,0.0512677
1.056,0.0512779
1.05602,0.0512881
1.05604,0.0512984
1.05606,0.0513086
1.05608,0.0513188
1.0561,0.051329
1.05612,0.0513392
1.05614,0.0513494
1.05616,0.0513596
1.05618,0.0513698
1.0562,0.05138
1.05622,0.0513902
1.05624,0.0514004
1.05626,0.0514106
1.05628,0.0514208
1.0563,0.051431
1.05632,0.0514412
1.05634,0.0514515
1.05636,0.0514617
1.05638,0.0514719
1.0564,0.0514821
1.05642,0.0514923
1.05645,0.0515025
1.05647,0.0515127
1.05649,0.0515229
1.05651,0.0515331
1.05653,0.0515433
1.05655,0.0515535
1.05657,0.0515637
1.05659,0.0515739
1.05661,0.0515841
1.05663,0.0515944
1.05665,0.0516046
1.05667,0.0516148
1.05669,0.051625
1.05671,0.0516352
1.05673,0.0516454
1.05675,0.0516556
1.05677,0.0516658
1.05679,0.051676
1.05681,0.0516862
1.05683,0.0516964
1.05685,0.0517066
1.05687,0.0517168
1.05689,0.051727
1.05691,0.0517372
1.05693,0.0517475
1.05695,0.0517577
1.05698,0.0517679
1.057,0.0517781
1.05702,0.0517883
1.05704,0.0517985
1.05706,0.0518087
1.05708,0.0518189
1.0571,0.0518291
1.05712,0.0518393
1.05714,0.0518495
1.05716,0.0518597
1.05718,0.0518699
1.0572,0.0518801
1.05722,0.0518903
1.05724,0.0519006
1.05726,0.0519108
1.05728,0.051921
1.0573,0.0519312
1.05732,0.0519414
1.05734,0.0519516
1.05736,0.0519618
1.05738,0.051972
1.0574,0.0519822
1.05742,0.0519924
1.05744,0.0520026
1.05746,0.0520128
1.05748,0.052023
1.0575,0.0520332
1.05752,0.0520434
1.05754,0.0520537
1.05756,0.0520639
1.05758,0.0520741
1.0576,0.0520843
1.05762,0.0520945
1.05765,0.0521047
1.05767,0.0521149
1.05769,0.0521251
1.05771,0.0521353
1.05773,0.0521455
1.05775,0.0521557
1.05777,0.0521659
1.05779,0.0521761
1.05781,0.0521863
1.05783,0.0521965
1.05785,0.0522068
1.05787,0.052217
1.05789,0.0522272
1.05791,0.0522374
1.05793,0.0522476
1.05795,0.0522578
1.05797,0.052268
1.05799,0.0522782
1.05801,0.0522884
1.05803,0.0522986
1.05805,0.0523088
1.05807,0.052319
1.05809,0.0523292
1.05811,0.0523394
1.05813,0.0523497
1.05815,0.0523599
1.05817,0.0523701
1.05819,0.0523803
1.05821,0.0523905
1.05823,0.0524007
1.05825,0.0524109
1.05827,0.0524211
1.05829,0.0524313
1.05831,0.0524415
1.05833,0.0524517
1.05835,0.0524619
1.05837,0.0524721
1.05839,0.0524823
1.05841,0.0524925
1.05843,0.0525028
1.05845,0.052513
1.05847,0.0525232
1.05849,0.0525334
1.05851,0.0525436
1.05853,0.0525538
1.05855,0.052564
1.05857,0.0525742
1.05859,0.0525844
1.05861,0.0525946
1.05863,0.0526048
1.05865,0.052615
1.05868,0.0526252
1.0587,0.0526354
1.05872,0.0526456
1.05874,0.0526559
1.05876,0.0526661
1.05878,0.0526763
1.0588,0.0526865
1.05882,0.0526967
1.05884,0.0527069
1.05886,0.0527171
1.05888,0.0527273
1.0589,0.0527375
1.05892,0.0527477
1.05894,0.0527579
1.05896,0.0527681
1.05898,0.0527783
1.059,0.0527885
1.05902,0.0527987
1.05904,0.052809
1.05906,0.0528192
1.05908,0.0528294
1.0591,0.0528396
1.05912,0.0528498
1.05914,0.05286
1.05916,0.0528702
1.05918,0.0528804
1.0592,0.0528906
1.05922,0.0529008
1.05924,0.052911
1.05926,0.0529212
1.05928,0.0529314
1.0593,0.0529416
1.05932,0.0529518
1.05934,0.0529621
1.05936,0.0529723
1.05938,0.0529825
1.0594,0.0529927
1.05942,0.0530029
1.05944,0.0530131
1.05946,0.0530233
1.05948,0.0530335
1.0595,0.0530437
1.05952,0.0530539
1.05954,0.0530641
1.05956,0.0530743
1.05958,0.0530845
1.0596,0.0530947
1.05962,0.0531049
1.05964,0.0531152
1.05966,0.0531254
1.05968,0.0531356
1.0597,0.0531458
1.05972,0.053156
1.05974,0.0531662
1.05976,0.0531764
1.05978,0.0531866
1.0598,0.0531968
1.05982,0.053207
1.05984,0.0532172
1.05986,0.0532274
1.05988,0.0532376
1.0599,0.0532478
1.05992,0.053258
1.05994,0.0532683
1.05996,0.0532785
1.05998,0.0532887
1.06,0.0532989
1.06002,0.0533091
1.06004,0.0533193
1.06006,0.0533295
1.06008,0.0533397
1.0601,0.0533499
1.06012,0.0533601
1.06014,0.0533703
1.06016,0.0533805
1.06018,0.0533907
1.0602,0.0534009
1.06022,0.0534111
1.06024,0.0534213
1.06026,0.0534316
1.06028,0.0534418
1.0603,0.053452
1.06032,0.0534622
1.06034,0.0534724
1.06036,0.0534826
1.06038,0.0534928
1.0604,0.053503
1.06042,0.0535132
1.06044,0.0535234
1.06046,0.0535336
1.06048,0.0535438
1.0605,0.053554
1.06052,0.0535642
1.06054,0.0535744
1.06056,0.0535847
1.06058,0.0535949
1.0606,0.0536051
1.06062,0.0536153
1.06064,0.0536255
1.06066,0.0536357
1.06068,0.0536459
1.0607,0.0536561
1.06072,0.0536663
1.06074,0.0536765
1.06076,0.0536867
1.06078,0.0536969
1.0608,0.0537071
1.06082,0.0537173
1.06084,0.0537275
1.06086,0.0537378
1.06088,0.053748
1.06089,0.0537582
1.06091,0.0537684
1.06093,0.0537786
1.06095,0.0537888
1.06097,0.053799
1.06099,0.0538092
1.06101,0.0538194
1.06103,0.0538296
1.06105,0.0538398
1.06107,0.05385
1.06109,0.0538602
1.06111,0.0538704
1.06113,0.0538806
1.06115,0.0538909
1.06117,0.0539011
1.06119,0.0539113
1.06121,0.0539215
1.06123,0.0539317
1.06125,0.0539419
1.06127,0.0539521
1.06129,0.0539623
1.06131,0.0539725
1.06133,0.0539827
1.06135,0.0539929
1.06137,0.0540031
1.06139,0.0540133
1.06141,0.0540235
1.06143,0.0540337
1.06145,0.054044
1.06147,0.0540542
1.06149,0.0540644
1.06151,0.0540746
1.06153,0.0540848
1.06155,0.054095
1.06157,0.0541052
1.06159,0.0541154
1.06161,0.0541256
1.06163,0.0541358
1.06165,0.054146
1.06167,0.0541562
1.06169,0.0541664
1.06171,0.0541766
1.06173,0.0541868
1.06175,0.054197
1.06177,0.0542073
1.06179,0.0542175
1.06181,0.0542277
1.06183,0.0542379
1.06185,0.0542481
1.06187,0.0542583
1.06189,0.0542685
1.0619,0.0542787
1.06192,0.0542889
1.06194,0.0542991
1.06196,0.0543093
1.06198,0.0543195
1.062,0.0543297
1.06202,0.0543399
1.06204,0.0543501
1.06206,0.0543604
1.06208,0.0543706
1.0621,0.0543808
1.06212,0.054391
1.06214,0.0544012
1.06216,0.0544114
1.06218,0.0544216
1.0622,0.0544318
1.06222,0.054442
1.06224,0.0544522
1.06226,0.0544624
1.06228,0.0544726
1.0623,0.0544828
1.06232,0.054493
1.06234,0.0545032
1.06236,0.0545135
1.06238,0.0545237
1.0624,0.0545339
1.06242,0.0545441
1.06244,0.0545543
1.06246,0.0545645
1.06248,0.0545747
1.0625,0.0545849
1.06252,0.0545951
1.06254,0.0546053
1.06256,0.0546155
1.06257,0.0546257
1.06259,0.0546359
1.06261,0.0546461
1.06263,0.0546563
1.06265,0.0546665
1.06267,0.0546768
1.06269,0.054687
1.06271,0.0546972
1.06273,0.0547074
1.06275,0.0547176
1.06277,0.0547278
1.06279,0.054738
1.06281,0.0547482
1.06283,0.0547584
1.06285,0.0547686
1.06287,0.0547788
1.06289,0.054789
1.06291,0.0547992
1.06293,0.0548094
1.06295,0.0548196
1.06297,0.0548299
1.06299,0.0548401
1.06301,0.0548503
1.06303,0.0548605
1.06305,0.0548707
1.06307,0.0548809
1.06309,0.0548911
1.06311,0.0549013
1.06312,0.0549115
1.06314,0.0549217
1.06316,0.0549319
1.06318,0.0549421
1.0632,0.0549523
1.06322,0.0549625
1.06324,0.0549727
1.06326,0.054983
1.06328,0.0549932
1.0633,0.0550034
1.06332,0.0550136
1.06334,0.0550238
1.06336,0.055034
1.06338,0.0550442
1.0634,0.0550544
1.06342,0.0550646
1.06344,0.0550748
1.06346,0.055085
1.06348,0.0550952
1.0635,0.0551054
1.06352,0.0551156
1.06354,0.0551258
1.06356,0.055136
1.06357,0.0551463
1.06359,0.0551565
1.06361,0.0551667
1.06363,0.0551769
1.06365,0.0551871
1.06367,0.0551973
1.06369,0.0552075
1.06371,0.0552177
1.06373,0.0552279
1.06375,0.0552381
1.06377,0.0552483
1.06379,0.0552585
1.06381,0.0552687
1.06383,0.0552789
1.06385,0.0552891
1.06387,0.0552994
1.06389,0.0553096
1.06391,0.0553198
1.06393,0.05533
1.06395,0.0553402
1.06397,0.0553504
1.06398,0.0553606
1.064,0.0553708
1.06402,0.055381
1.06404,0.0553912
1.06406,0.0554014
1.06408,0.0554116
1.0641,0.0554218
1.06412,0.055432
1.06414,0.0554422
1.06416,0.0554524
1.06418,0.0554627
1.0642,0.0554729
1.06422,0.0554831
1.06424,0.0554933
1.06426,0.0555035
1.06428,0.0555137
1.0643,0.0555239
1.06432,0.0555341
1.06434,0.0555443
1.06436,0.0555545
1.06437,0.0555647
1.06439,0.0555749
1.06441,0.0555851
1.06443,0.0555953
1.06445,0.0556055
1.06447,0.0556157
1.06449,0.055626
1.06451,0.0556362
1.06453,0.0556464
1.06455,0.0556566
1.06457,0.0556668
1.06459,0.055677
1.06461,0.0556872
1.06463,0.0556974
1.06465,0.0557076
1.06467,0.0557178
1.06469,0.055728
1.06471,0.0557382
1.06472,0.0557484
1.06474,0.0557586
1.06476,0.0557688
1.06478,0.0557791
1.0648,0.0557893
1.06482,0.0557995
1.06484,0.0558097
1.06486,0.0558199
1.06488,0.0558301
1.0649,0.0558403
1.06492,0.0558505
1.06494,0.0558607
1.06496,0.0558709
1.06498,0.0558811
1.065,0.0558913
1.06502,0.0559015
1.06503,0.0559117
1.06505,0.0559219
1.06507,0.0559321
1.06509,0.0559424
1.06511,0.0559526
1.06513,0.0559628
1.06515,0.055973
1.06517,0.0559832
1.06519,0.0559934
1.06521,0.0560036
1.06523,0.0560138
1.06525,0.056024
1.06527,0.0560342
1.06529,0.0560444
1.06531,0.0560546
1.06533,0.0560648
1.06534,0.056075
1.06536,0.0560852
1.06538,0.0560955
1.0654,0.0561057
1.06542,0.0561159
1.06544,0.0561261
1.06546,0.0561363
1.06548,0.0561465
1.0655,0.0561567
1.06552,0.0561669
1.06554,0.0561771
1.06556,0.0561873
1.06558,0.0561975
1.0656,0.0562077
1.06562,0.0562179
1.06563,0.0562281
1.06565,0.0562383
1.06567,0.0562485
1.06569,0.0562588
1.06571,0.056269
1.06573,0.0562792
1.06575,0.0562894
1.06577,0.0562996
1.06579,0.0563098
1.06581,0.05632
1.06583,0.0563302
1.06585,0.0563404
1.06587,0.0563506
1.06589,0.0563608
1.0659,0.056371
1.06592,0.0563812
1.06594,0.0563914
1.06596,0.0564016
1.06598,0.0564118
1.066,0.0564221
1.06602,0.0564323
1.06604,0.0564425
1.06606,0.0564527
1.06608,0.0564629
1.0661,0.0564731
1.06612,0.0564833
1.06614,0.0564935
1.06616,0.0565037
1.06617,0.0565139
1.06619,0.0565241
1.06621,0.0565343
1.06623,0.0565445
1.06625,0.0565547
1.06627,0.0565649
1.06629,0.0565751
1.06631,0.0565854
1.06633,0.0565956
1.06635,0.0566058
1.06637,0.056616
1.06639,0.0566262
1.06641,0.0566364
1.06642,0.0566466
1.06644,0.0566568
1.06646,0.056667
1.06648,0.0566772
1.0665,0.0566874
1.06652,0.0566976
1.06654,0.0567078
1.06656,0.056718
1.06658,0.0567282
1.0666,0.0567385
1.06662,0.0567487
1.06664,0.0567589
1.06666,0.0567691
1.06667,0.0567793
1.06669,0.0567895
1.06671,0.0567997
1.06673,0.0568099
1.06675,0.0568201
1.06677,0.0568303
1.06679,0.0568405
1.06681,0.0568507
1.06683,0.0568609
1.06685,0.0568711
1.06687,0.0568813
1.06689,0.0568915
1.0669,0.0569018
1.06692,0.056912
1.06694,0.0569222
1.06696,0.0569324
1.06698,0.0569426
1.067,0.0569528
1.06702,0.056963
1.06704,0.0569732
1.06706,0.0569834
1.06708,0.0569936
1.0671,0.0570038
1.06712,0.057014
1.06713,0.0570242
1.06715,0.0570344
1.06717,0.0570446
1.06719,0.0570548
1.06721,0.0570651
1.06723,0.0570753
1.06725,0.0570855
1.06727,0.0570957
1.06729,0.0571059
1.06731,0.0571161
1.06733,0.0571263
1.06735,0.0571365
1.06736,0.0571467
1.06738,0.0571569
1.0674,0.0571671
1.06742,0.0571773
1.06744,0.0571875
1.06746,0.0571977
1.06748,0.0572079
1.0675,0.0572181
1.06752,0.0572284
1.06754,0.0572386
1.06756,0.0572488
1.06757,0.057259
1.06759,0.0572692
1.06761,0.0572794
1.06763,0.0572896
1.06765,0.0572998
1.06767,0.05731
1.06769,0.0573202
1.06771,0.0573304
1.06773,0.0573406
1.06775,0.0573508
1.06777,0.057361
1.06778,0.0573712
1.0678,0.0573814
1.06782,0.0573917
1.06784,0.0574019
1.06786,0.0574121
1.06788,0.0574223
1.0679,0.0574325
1.06792,0.0574427
1.06794,0.0574529
1.06796,0.0574631
1.06798,0.0574733
1.06799,0.0574835
1.06801,0.0574937
1.06803,0.0575039
1.06805,0.0575141
1.06807,0.0575243
1.06809,0.0575345
1.06811,0.0575447
1.06813,0.057555
1.06815,0.0575652
1.06817,0.0575754
1.06818,0.0575856
1.0682,0.0575958
1.06822,0.057606
1.06824,0.0576162
1.06826,0.0576264
1.06828,0.0576366
1.0683,0.0576468
1.06832,0.057657
1.06834,0.0576672
1.06836,0.0576774
1.06837,0.0576876
1.06839,0.0576978
1.06841,0.057708
1.06843,0.0577183
1.06845,0.0577285
1.06847,0.0577387
1.06849,0.0577489
1.06851,0.0577591
1.06853,0.0577693
1.06855,0.0577795
1.06856,0.0577897
1.06858,0.0577999
1.0686,0.0578101
1.06862,0.0578203
1.06864,0.0578305
1.06866,0.0578407
1.06868,0.0578509
1.0687,0.0578611
1.06872,0.0578713
1.06874,0.0578816
1.06875,0.0578918
1.06877,0.057902
1.06879,0.0579122
1.06881,0.0579224
1.06883,0.0579326
1.06885,0.0579428
1.06887,0.057953
1.06889,0.0579632
1.06891,0.0579734
1.06893,0.0579836
1.06894,0.0579938
1.06896,0.058004
1.06898,0.0580142
1.069,0.0580244
1.06902,0.0580346
1.06904,0.0580449
1.06906,0.0580551
1.06908,0.0580653
1.0691,0.0580755
1.06911,0.0580857
1.06913,0.0580959
1.06915,0.0581061
1.06917,0.0581163
1.06919,0.0581265
1.06921,0.0581367
1.06923,0.0581469
1.06925,0.0581571
1.06927,0.0581673
1.06928,0.0581775
1.0693,0.0581877
1.06932,0.0581979
1.06934,0.0582082
1.06936,0.0582184
1.06938,0.0582286
1.0694,0.0582388
1.06942,0.058249
1.06944,0.0582592
1.06946,0.0582694
1.06947,0.0582796
1.06949,0.0582898
1.06951,0.0583
1.06953,0.0583102
1.06955,0.0583204
1.06957,0.0583306
1.06959,0.0583408
1.06961,0.058351
1.06962,0.0583612
1.06964,0.0583715
1.06966,0.0583817
1.06968,0.0583919
1.0697,0.0584021
1.06972,0.0584123
1.06974,0.0584225
1.06976,0.0584327
1.06978,0.0584429
1.06979,0.0584531
1.06981,0.0584633
1.06983,0.0584735
1.06985,0.0584837
1.06987,0.0584939
1.06989,0.0585041
1.06991,0.0585143
1.06993,0.0585245
1.06995,0.0585348
1.06996,0.058545
1.06998,0.0585552
1.07,0.0585654
1.07002,0.0585756
1.07004,0.0585858
1.07006,0.058596
1.07008,0.0586062
1.0701,0.0586164
1.07012,0.0586266
1.07013,0.0586368
1.07015,0.058647
1.07017,0.0586572
1.07019,0.0586674
1.07021,0.0586776
1.07023,0.0586878
1.07025,0.0586981
1.07027,0.0587083
1.07028,0.0587185
1.0703,0.0587287
1.07032,0.0587389
1.07034,0.0587491
1.07036,0.0587593
1.07038,0.0587695
1.0704,0.0587797
1.07042,0.0587899
1.07043,0.0588001
1.07045,0.0588103
1.07047,0.0588205
1.07049,0.0588307
1.07051,0.0588409
1.07053,0.0588511
1.07055,0.0588614
1.07057,0.0588716
1.07058,0.0588818
1.0706,0.058892
1.07062,0.0589022
1.07064,0.0589124
1.07066,0.0589226
1.07068,0.0589328
1.0707,0.058943
1.07072,0.0589532
1.07074,0.0589634
1.07075,0.0589736
1.07077,0.0589838
1.07079,0.058994
1.07081,0.0590042
1.07083,0.0590144
1.07085,0.0590247
1.07087,0.0590349
1.07089,0.0590451
1.0709,0.0590553
1.07092,0.0590655
1.07094,0.0590757
1.07096,0.0590859
1.07098,0.0590961
1.071,0.0591063
1.07102,0.0591165
1.07103,0.0591267
1.07105,0.0591369
1.07107,0.0591471
1.07109,0.0591573
1.07111,0.0591675
1.07113,0.0591777
1.07115,0.0591879
1.07117,0.0591982
1.07118,0.0592084
1.0712,0.0592186
1.07122,0.0592288
1.07124,0.059239
1.07126,0.0592492
1.07128,0.0592594
1.0713,0.0592696
1.07132,0.0592798
1.07133,0.05929
1.07135,0.0593002
1.07137,0.0593104
1.07139,0.0593206
1.07141,0.0593308
1.07143,0.059341
1.07145,0.0593512
1.07147,0.0593615
1.07148,0.0593717
1.0715,0.0593819
1.07152,0.0593921
1.07154,0.0594023
1.07156,0.0594125
1.07158,0.0594227
1.0716,0.0594329
1.07161,0.0594431
1.07163,0.0594533
1.07165,0.0594635
1.07167,0.0594737
1.07169,0.0594839
1.07171,0.0594941
1.07173,0.0595043
1.07175,0.0595145
1.07176,0.0595248
1.07178,0.059535
1.0718,0.0595452
1.07182,0.0595554
1.07184,0.0595656
1.07186,0.0595758
1.07188,0.059586
1.07189,0.0595962
1.07191,0.0596064
1.07193,0.0596166
1.07195,0.0596268
1.07197,0.059637
1.07199,0.0596472
1.07201,0.0596574
1.07202,0.0596676
1.07204,0.0596778
1.07206,0.0596881
1.07208,0.0596983
1.0721,0.0597085
1.07212,0.0597187
1.07214,0.0597289
1.07215,0.0597391
1.07217,0.0597493
1.07219,0.0597595
1.07221,0.0597697
1.07223,0.0597799
1.07225,0.0597901
1.07227,0.0598003
1.07229,0.0598105
1.0723,0.0598207
1.07232,0.0598309
1.07234,0.0598411
1.07236,0.0598513
1.07238,0.0598616
1.0724,0.0598718
1.07242,0.059882
1.07243,0.0598922
1.07245,0.0599024
1.07247,0.0599126
1.07249,0.0599228
1.07251,0.059933
1.07253,0.0599432
1.07255,0.0599534
1.07256,0.0599636
1.07258,0.0599738
1.0726,0.059984
1.07262,0.0599942
1.07264,0.0600044
1.07266,0.0600146
1.07268,0.0600249
1.07269,0.0600351
1.07271,0.0600453
1.07273,0.0600555
1.07275,0.0600657
1.07277,0.0600759
1.07279,0.0600861
1.0728,0.0600963
1.07282,0.0601065
1.07284,0.0601167
1.07286,0.0601269
1.07288,0.0601371
1.0729,0.0601473
1.07292,0.0601575
1.07293,0.0601677
1.07295,0.0601779
1.07297,0.0601881
1.07299,0.0601984
1.07301,0.0602086
1.07303,0.0602188
1.07305,0.060229
1.07306,0.0602392
1.07308,0.0602494
1.0731,0.0602596
1.07312,0.0602698
1.07314,0.06028
1.07316,0.0602902
1.07318,0.0603004
1.07319,0.0603106
1.07321,0.0603208
1.07323,0.060331
1.07325,0.0603412
1.07327,0.0603514
1.07329,0.0603617
1.0733,0.0603719
1.07332,0.0603821
1.07334,0.0603923
1.07336,0.0604025
1.07338,0.0604127
1.0734,0.0604229
1.07342,0.0604331
1.07343,0.0604433
1.07345,0.0604535
1.07347,0.0604637
1.07349,0.0604739
1.07351,0.0604841
1.07353,0.0604943
1.07354,0.0605045
1.07356,0.0605147
1.07358,0.0605249
1.0736,0.0605352
1.07362,0.0605454
1.07364,0.0605556
1.07366,0.0605658
1.07367,0.060576
1.07369,0.0605862
1.07371,0.0605964
1.07373,0.0606066
1.07375,0.0606168
1.07377,0.060627
1.07378,0.0606372
1.0738,0.0606474
1.07382,0.0606576
1.07384,0.0606678
1.07386,0.060678
1.07388,0.0606882
1.0739,0.0606985
1.07391,0.0607087
1.07393,0.0607189
1.07395,0.0607291
1.07397,0.0607393
1.07399,0.0607495
1.07401,0.0607597
1.07402,0.0607699
1.07404,0.0607801
1.07406,0.0607903
1.07408,0.0608005
1.0741,0.0608107
1.07412,0.0608209
1.07413,0.0608311
1.07415,0.0608413
1.07417,0.0608515
1.07419,0.0608617
1.07421,0.060872
1.07423,0.0608822
1.07425,0.0608924
1.07426,0.0609026
1.07428,0.0609128
1.0743,0.060923
1.07432,0.0609332
1.07434,0.0609434
1.07436,0.0609536
1.07437,0.0609638
1.07439,0.060974
1.07441,0.0609842
1.07443,0.0609944
1.07445,0.0610046
1.07447,0.0610148
1.07448,0.061025
1.0745,0.0610353
1.07452,0.0610455
1.07454,0.0610557
1.07456,0.0610659
1.07458,0.0610761
1.07459,0.0610863
1.07461,0.0610965
1.07463,0.0611067
1.07465,0.0611169
1.07467,0.0611271
1.07469,0.0611373
1.0747,0.0611475
1.07472,0.0611577
1.07474,0.0611679
1.07476,0.0611781
1.07478,0.0611883
1.0748,0.0611985
1.07481,0.0612088
1.07483,0.061219
1.07485,0.0612292
1.07487,0.0612394
1.07489,0.0612496
1.07491,0.0612598
1.07492,0.06127
1.07494,0.0612802
1.07496,0.0612904
1.07498,0.0613006
1.075,0.0613108
1.07502,0.061321
1.07503,0.0613312
1.07505,0.0613414
1.07507,0.0613516
1.07509,0.0613618
1.07511,0.0613721
1.07513,0.0613823
1.07514,0.0613925
1.07516,0.0614027
1.07518,0.0614129
1.0752,0.0614231
1.07522,0.0614333
1.07524,0.0614435
1.07525,0.0614537
1.07527,0.0614639
1.07529,0.0614741
1.07531,0.0614843
1.07533,0.0614945
1.07535,0.0615047
1.07536,0.0615149
1.07538,0.0615251
1.0754,0.0615353
1.07542,0.0615456
1.07544,0.0615558
1.07545,0.061566
1.07547,0.0615762
1.07549,0.0615864
1.07551,0.0615966
1.07553,0.0616068
1.07555,0.061617
1.07556,0.0616272
1.07558,0.0616374
1.0756,0.0616476
1.07562,0.0616578
1.07564,0.061668
1.07566,0.0616782
1.07567,0.0616884
1.07569,0.0616986
1.07571,0.0617088
1.07573,0.0617191
1.07575,0.0617293
1.07577,0.0617395
1.07578,0.0617497
1.0758,0.0617599
1.07582,0.0617701
1.07584,0.0617803
1.07586,0.0617905
1.07587,0.0618007
1.07589,0.0618109
1.07591,0.0618211
1.07593,0.0618313
1.07595,0.0618415
1.07597,0.0618517
1.07598,0.0618619
1.076,0.0618721
1.07602,0.0618824
1.07604,0.0618926
1.07606,0.0619028
1.07607,0.061913
1.07609,0.0619232
1.07611,0.0619334
1.07613,0.0619436
1.07615,0.0619538
1.07617,0.061964
1.07618,0.0619742
1.0762,0.0619844
1.07622,0.0619946
1.07624,0.0620048
1.07626,0.062015
1.07627,0.0620252
1.07629,0.0620354
1.07631,0.0620456
1.07633,0.0620559
1.07635,0.0620661
1.07637,0.0620763
1.07638,0.0620865
1.0764,0.0620967
1.07642,0.0621069
1.07644,0.0621171
1.07646,0.0621273
1.07647,0.0621375
1.07649,0.0621477
1.07651,0.0621579
1.07653,0.0621681
1.07655,0.0621783
1.07657,0.0621885
1.07658,0.0621987
1.0766,0.0622089
1.07662,0.0622191
1.07664,0.0622294
1.07666,0.0622396
1.07667,0.0622498
1.07669,0.06226
1.07671,0.0622702
1.07673,0.0622804
1.07675,0.0622906
1.07677,0.0623008
1.07678,0.062311
1.0768,0.0623212
1.07682,0.0623314
1.07684,0.0623416
1.07686,0.0623518
1.07687,0.062362
1.07689,0.0623722
1.07691,0.0623824
1.07693,0.0623926
1.07695,0.0624029
1.07696,0.0624131
1.07698,0.0624233
1.077,0.0624335
1.07702,0.0624437
1.07704,0.0624539
1.07706,0.0624641
1.07707,0.0624743
1.07709,0.0624845
1.07711,0.0624947
1.07713,0.0625049
1.07715,0.0625151
1.07716,0.0625253
1.07718,0.0625355
1.0772,0.0625457
1.07722,0.0625559
1.07724,0.0625662
1.07725,0.0625764
1.07727,0.0625866
1.07729,0.0625968
1.07731,0.062607
1.07733,0.0626172
1.07734,0.0626274
1.07736,0.0626376
1.07738,0.0626478
1.0774,0.062658
1.07742,0.0626682
1.07744,0.0626784
1.07745,0.0626886
1.07747,0.0626988
1.07749,0.062709
1.07751,0.0627192
1.07753,0.0627294
1.07754,0.0627397
1.07756,0.0627499
1.07758,0.0627601
1.0776,0.0627703
1.07762,0.0627805
1.07763,0.0627907
1.07765,0.0628009
1.07767,0.0628111
1.07769,0.0628213
1.07771,0.0628315
1.07772,0.0628417
1.07774,0.0628519
1.07776,0.0628621
1.07778,0.0628723
1.0778,0.0628825
1.07781,0.0628927
1.07783,0.0629029
1.07785,0.0629132
1.07787,0.0629234
1.07789,0.0629336
1.0779,0.0629438
1.07792,0.062954
1.07794,0.0629642
1.07796,0.0629744
1.07798,0.0629846
1.07799,0.0629948
1.07801,0.063005
1.07803,0.0630152
1.07805,0.0630254
1.07807,0.0630356
1.07808,0.0630458
1.0781,0.063056
1.07812,0.0630662
1.07814,0.0630764
1.07816,0.0630867
1.07817,0.0630969
1.07819,0.0631071
1.07821,0.0631173
1.07823,0.0631275
1.07825,0.0631377
1.07826,0.0631479
1.07828,0.0631581
1.0783,0.0631683
1.07832,0.0631785
1.07834,0.0631887
1.07835,0.0631989
1.07837,0.0632091
1.07839,0.0632193
1.07841,0.0632295
1.07843,0.0632397
1.07844,0.0632499
1.07846,0.0632602
1.07848,0.0632704
1.0785,0.0632806
1.07852,0.0632908
1.07853,0.063301
1.07855,0.0633112
1.07857,0.0633214
1.07859,0.0633316
1.07861,0.0633418
1.07862,0.063352
1.07864,0.0633622
1.07866,0.0633724
1.07868,0.0633826
1.0787,0.0633928
1.07871,0.063403
1.07873,0.0634132
1.07875,0.0634234
1.07877,0.0634337
1.07879,0.0634439
1.0788,0.0634541
1.07882,0.0634643
1.07884,0.0634745
1.07886,0.0634847
1.07888,0.0634949
1.07889,0.0635051
1.07891,0.0635153
1.07893,0.0635255
1.07895,0.0635357
1.07896,0.0635459
1.07898,0.0635561
1.079,0.0635663
1.07902,0.0635765
1.07904,0.0635867
1.07905,0.0635969
1.07907,0.0636072
1.07909,0.0636174
1.07911,0.0636276
1.07913,0.0636378
1.07914,0.063648
1.07916,0.0636582
1.07918,0.0636684
1.0792,0.0636786
1.07922,0.0636888
1.07923,0.063699
1.07925,0.0637092
1.07927,0.0637194
1.07929,0.0637296
1.0793,0.0637398
1.07932,0.06375
1.07934,0.0637602
1.07936,0.0637704
1.07938,0.0637807
1.07939,0.0637909
1.07941,0.0638011
1.07943,0.0638113
1.07945,0.0638215
1.07947,0.0638317
1.07948,0.0638419
1.0795,0.0638521
1.07952,0.0638623
1.07954,0.0638725
1.07956,0.0638827
1.07957,0.0638929
1.07959,0.0639031
1.07961,0.0639133
1.07963,0.0639235
1.07964,0.0639337
1.07966,0.0639439
1.07968,0.0639542
1.0797,0.0639644
1.07972,0.0639746
1.07973,0.0639848
1.07975,0.063995
1.07977,0.0640052
1.07979,0.0640154
1.07981,0.0640256
1.07982,0.0640358
1.07984,0.064046
1.07986,0.0640562
1.07988,0.0640664
1.07989,0.0640766
1.07991,0.0640868
1.07993,0.064097
1.07995,0.0641072
1.07997,0.0641174
1.07998,0.0641277
1.08,0.0641379
1.08002,0.0641481
1.08004,0.0641583
1.08005,0.0641685
1.08007,0.0641787
1.08009,0.0641889
1.08011,0.0641991
1.08013,0.0642093
1.08014,0.0642195
1.08016,0.0642297
1.08018,0.0642399
1.0802,0.0642501
1.08021,0.0642603
1.08023,0.0642705
1.08025,0.0642807
1.08027,0.0642909
1.08029,0.0643012
1.0803,0.0643114
1.08032,0.0643216
1.08034,0.0643318
1.08036,0.064342
1.08038,0.0643522
1.08039,0.0643624
1.08041,0.0643726
1.08043,0.0643828
1.08045,0.064393
1.08046,0.0644032
1.08048,0.0644134
1.0805,0.0644236
1.08052,0.0644338
1.08054,0.064444
1.08055,0.0644542
1.08057,0.0644644
1.08059,0.0644747
1.08061,0.0644849
1.08062,0.0644951
1.08064,0.0645053
1.08066,0.0645155
1.08068,0.0645257
1.08069,0.0645359
1.08071,0.0645461
1.08073,0.0645563
1.08075,0.0645665
1.08077,0.0645767
1.08078,0.0645869
1.0808,0.0645971
1.08082,0.0646073
1.08084,0.0646175
1.08085,0.0646277
1.08087,0.0646379
1.08089,0.0646482
1.08091,0.0646584
1.08093,0.0646686
1.08094,0.0646788
1.08096,0.064689
1.08098,0.0646992
1.081,0.0647094
1.08101,0.0647196
1.08103,0.0647298
1.08105,0.06474
1.08107,0.0647502
1.08109,0.0647604
1.0811,0.0647706
1.08112,0.0647808
1.08114,0.064791
1.08116,0.0648012
1.08117,0.0648114
1.08119,0.0648217
1.08121,0.0648319
1.08123,0.0648421
1.08124,0.0648523
1.08126,0.0648625
1.08128,0.0648727
1.0813,0.0648829
1.08132,0.0648931
1.08133,0.0649033
1.08135,0.0649135
1.08137,0.0649237
1.08139,0.0649339
1.0814,0.0649441
1.08142,0.0649543
1.08144,0.0649645
1.08146,0.0649747
1.08147,0.0649849
1.08149,0.0649952
1.08151,0.0650054
1.08153,0.0650156
1.08155,0.0650258
1.08156,0.065036
1.08158,0.0650462
1.0816,0.0650564
1.08162,0.0650666
1.08163,0.0650768
1.08165,0.065087
1.08167,0.0650972
1.08169,0.0651074
1.0817,0.0651176
1.08172,0.0651278
1.08174,0.065138
1.08176,0.0651482
1.08177,0.0651584
1.08179,0.0651686
1.08181,0.0651789
1.08183,0.0651891
1.08185,0.0651993
1.08186,0.0652095
1.08188,0.0652197
1.0819,0.0652299
1.08192,0.0652401
1.08193,0.0652503
1.08195,0.0652605
1.08197,0.0652707
1.08199,0.0652809
1.082,0.0652911
1.08202,0.0653013
1.08204,0.0653115
1.08206,0.0653217
1.08207,0.0653319
1.08209,0.0653421
1.08211,0.0653524
1.08213,0.0653626
1.08215,0.0653728
1.08216,0.065383
1.08218,0.0653932
1.0822,0.0654034
1.08222,0.0654136
1.08223,0.0654238
1.08225,0.065434
1.08227,0.0654442
1.08229,0.0654544
1.0823,0.0654646
1.08232,0.0654748
1.08234,0.065485
1.08236,0.0654952
1.08237,0.0655054
1.08239,0.0655156
1.08241,0.0655259
1.08243,0.0655361
1.08244,0.0655463
1.08246,0.0655565
1.08248,0.0655667
1.0825,0.0655769
1.08251,0.0655871
1.08253,0.0655973
1.08255,0.0656075
1.08257,0.0656177
1.08259,0.0656279
1.0826,0.0656381
1.08262,0.0656483
1.08264,0.0656585
1.08266,0.0656687
1.08267,0.0656789
1.08269,0.0656891
1.08271,0.0656994
1.08273,0.0657096
1.08274,0.0657198
1.08276,0.06573
1.08278,0.0657402
1.0828,0.0657504
1.08281,0.0657606
1.08283,0.0657708
1.08285,0.065781
1.08287,0.0657912
1.08288,0.0658014
1.0829,0.0658116
1.08292,0.0658218
1.08294,0.065832
1.08295,0.0658422
1.08297,0.0658524
1.08299,0.0658626
1.08301,0.0658728
1.08302,0.0658831
1.08304,0.0658933
1.08306,0.0659035
1.08308,0.0659137
1.08309,0.0659239
1.08311,0.0659341
1.08313,0.0659443
1.08315,0.0659545
1.08316,0.0659647
1.08318,0.0659749
1.0832,0.0659851
1.08322,0.0659953
1.08323,0.0660055
1.08325,0.0660157
1.08327,0.0660259
1.08329,0.0660361
1.0833,0.0660463
1.08332,0.0660566
1.08334,0.0660668
1.08336,0.066077
1.08337,0.0660872
1.08339,0.0660974
1.08341,0.0661076
1.08343,0.0661178
1.08344,0.066128
1.08346,0.0661382
1.08348,0.0661484
1.0835,0.0661586
1.08351,0.0661688
1.08353,0.066179
1.08355,0.0661892
1.08357,0.0661994
1.08358,0.0662096
1.0836,0.0662198
1.08362,0.0662301
1.08364,0.0662403
1.08365,0.0662505
1.08367,0.0662607
1.08369,0.0662709
1.08371,0.0662811
1.08372,0.0662913
1.08374,0.0663015
1.08376,0.0663117
1.08378,0.0663219
1.08379,0.0663321
1.08381,0.0663423
1.08383,0.0663525
1.08385,0.0663627
1.08386,0.0663729
1.08388,0.0663831
1.0839,0.0663933
1.08392,0.0664035
1.08393,0.0664138
1.08395,0.066424
1.08397,0.0664342
1.08399,0.0664444
1.084,0.0664546
1.08402,0.0664648
1.08404,0.066475
1.08406,0.0664852
1.08407,0.0664954
1.08409,0.0665056
1.08411,0.0665158
1.08413,0.066526
1.08414,0.0665362
1.08416,0.0665464
1.08418,0.0665566
1.0842,0.0665668
1.08421,0.066577
1.08423,0.0665873
1.08425,0.0665975
1.08427,0.0666077
1.08428,0.0666179
1.0843,0.0666281
1.08432,0.0666383
1.08433,0.0666485
1.08435,0.0666587
1.08437,0.0666689
1.08439,0.0666791
1.0844,0.0666893
1.08442,0.0666995
1.08444,0.0667097
1.08446,0.0667199
1.08447,0.0667301
1.08449,0.0667403
1.08451,0.0667505
1.08453,0.0667607
1.08454,0.066771
1.08456,0.0667812
1.08458,0.0667914
1.0846,0.0668016
1.08461,0.0668118
1.08463,0.066822
1.08465,0.0668322
1.08467,0.0668424
1.08468,0.0668526
1.0847,0.0668628
1.08472,0.066873
1.08473,0.0668832
1.08475,0.0668934
1.08477,0.0669036
1.08479,0.0669138
1.0848,0.066924
1.08482,0.0669342
1.08484,0.0669445
1.08486,0.0669547
1.08487,0.0669649
1.08489,0.0669751
1.08491,0.0669853
1.08493,0.0669955
1.08494,0.0670057
1.08496,0.0670159
1.08498,0.0670261
1.085,0.0670363
1.08501,0.0670465
1.08503,0.0670567
1.08505,0.0670669
1.08506,0.0670771
1.08508,0.0670873
1.0851,0.0670975
1.08512,0.0671077
1.08513,0.0671179
1.08515,0.0671282
1.08517,0.0671384
1.08519,0.0671486
1.0852,0.0671588
1.08522,0.067169
1.08524,0.0671792
1.08526,0.0671894
1.08527,0.0671996
1.08529,0.0672098
1.08531,0.06722
1.08532,0.0672302
1.08534,0.0672404
1.08536,0.0672506
1.08538,0.0672608
1.08539,0.067271
1.08541,0.0672812
1.08543,0.0672914
1.08545,0.0673017
1.08546,0.0673119
1.08548,0.0673221
1.0855,0.0673323
1.08552,0.0673425
1.08553,0.0673527
1.08555,0.0673629
1.08557,0.0673731
1.08558,0.0673833
1.0856,0.0673935
1.08562,0.0674037
1.08564,0.0674139
1.08565,0.0674241
1.08567,0.0674343
1.08569,0.0674445
1.08571,0.0674547
1.08572,0.0674649
1.08574,0.0674751
1.08576,0.0674854
1.08577,0.0674956
1.08579,0.0675058
1.08581,0.067516
1.08583,0.0675262
1.08584,0.0675364
1.08586,0.0675466
1.08588,0.0675568
1.0859,0.067567
1.08591,0.0675772
1.08593,0.0675874
1.08595,0.0675976
1.08596,0.0676078
1.08598,0.067618
1.086,0.0676282
1.08602,0.0676384
1.08603,0.0676486
1.08605,0.0676589
1.08607,0.0676691
1.08609,0.0676793
1.0861,0.0676895
1.08612,0.0676997
1.08614,0.0677099
1.08615,0.0677201
1.08617,0.0677303
1.08619,0.0677405
1.08621,0.0677507
1.08622,0.0677609
1.08624,0.0677711
1.08626,0.0677813
1.08628,0.0677915
1.08629,0.0678017
1.08631,0.0678119
1.08633,0.0678221
1.08634,0.0678323
1.08636,0.0678426
1.08638,0.0678528
1.0864,0.067863
1.08641,0.0678732
1.08643,0.0678834
1.08645,0.0678936
1.08647,0.0679038
1.08648,0.067914
1.0865,0.0679242
1.08652,0.0679344
1.08653,0.0679446
1.08655,0.0679548
1.08657,0.067965
1.08659,0.0679752
1.0866,0.0679854
1.08662,0.0679956
1.08664,0.0680058
1.08665,0.068016
1.08667,0.0680263
1.08669,0.0680365
1.08671,0.0680467
1.08672,0.0680569
1.08674,0.0680671
1.08676,0.0680773
1.08677,0.0680875
1.08679,0.0680977
1.08681,0.0681079
1.08683,0.0681181
1.08684,0.0681283
1.08686,0.0681385
1.08688,0.0681487
1.0869,0.0681589
1.08691,0.0681691
1.08693,0.0681793
1.08695,0.0681895
1.08696,0.0681998
1.08698,0.06821
1.087,0.0682202
1.08702,0.0682304
1.08703,0.0682406
1.08705,0.0682508
1.08707,0.068261
1.08708,0.0682712
1.0871,0.0682814
1.08712,0.0682916
1.08714,0.0683018
1.08715,0.068312
1.08717,0.0683222
1.08719,0.0683324
1.0872,0.0683426
1.08722,0.0683528
1.08724,0.068363
1.08726,0.0683732
1.08727,0.0683835
1.08729,0.0683937
1.08731,0.0684039
1.08732,0.0684141
1.08734,0.0684243
1.08736,0.0684345
1.08738,0.0684447
1.08739,0.0684549
1.08741,0.0684651
1.08743,0.0684753
1.08744,0.0684855
1.08746,0.0684957
1.08748,0.0685059
1.0875,0.0685161
1.08751,0.0685263
1.08753,0.0685365
1.08755,0.0685467
1.08756,0.0685569
1.08758,0.0685672
1.0876,0.0685774
1.08762,0.0685876
1.08763,0.0685978
1.08765,0.068608
1.08767,0.0686182
1.08768,0.0686284
1.0877,0.0686386
1.08772,0.0686488
1.08774,0.068659
1.08775,0.0686692
1.08777,0.0686794
1.08779,0.0686896
1.0878,0.0686998
1.08782,0.06871
1.08784,0.0687202
1.08786,0.0687304
1.08787,0.0687407
1.08789,0.0687509
1.08791,0.0687611
1.08792,0.0687713
1.08794,0.0687815
1.08796,0.0687917
1.08797,0.0688019
1.08799,0.0688121
1.08801,0.0688223
1.08803,0.0688325
1.08804,0.0688427
1.08806,0.0688529
1.08808,0.0688631
1.08809,0.0688733
1.08811,0.0688835
1.08813,0.0688937
1.08815,0.0689039
1.08816,0.0689141
1.08818,0.0689244
1.0882,0.0689346
1.08821,0.0689448
1.08823,0.068955
1.08825,0.0689652
1.08827,0.0689754
1.08828,0.0689856
1.0883,0.0689958
1.08832,0.069006
1.08833,0.0690162
1.08835,0.0690264
1.08837,0.0690366
1.08838,0.0690468
1.0884,0.069057
1.08842,0.0690672
1.08844,0.0690774
1.08845,0.0690876
1.08847,0.0690978
1.08849,0.0691081
1.0885,0.0691183
1.08852,0.0691285
1.08854,0.0691387
1.08855,0.0691489
1.08857,0.0691591
1.08859,0.0691693
1.08861,0.0691795
1.08862,0.0691897
1.08864,0.0691999
1.08866,0.0692101
1.08867,0.0692203
1.08869,0.0692305
1.08871,0.0692407
1.08873,0.0692509
1.08874,0.0692611
1.08876,0.0692713
1.08878,0.0692815
1.08879,0.0692918
1.08881,0.069302
1.08883,0.0693122
1.08884,0.0693224
1.08886,0.0693326
1.08888,0.0693428
1.0889,0.069353
1.08891,0.0693632
1.08893,0.0693734
1.08895,0.0693836
1.08896,0.0693938
1.08898,0.069404
1.089,0.0694142
1.08901,0.0694244
1.08903,0.0694346
1.08905,0.0694448
1.08907,0.069455
1.08908,0.0694652
1.0891,0.0694755
1.08912,0.0694857
1.08913,0.0694959
1.08915,0.0695061
1.08917,0.0695163
1.08918,0.0695265
1.0892,0.0695367
1.08922,0.0695469
1.08924,0.0695571
1.08925,0.0695673
1.08927,0.0695775
1.08929,0.0695877
1.0893,0.0695979
1.08932,0.0696081
1.08934,0.0696183
1.08935,0.0696285
1.08937,0.0696387
1.08939,0.069649
1.08941,0.0696592
1.08942,0.0696694
1.08944,0.0696796
1.08946,0.0696898
1.08947,0.0697
1.08949,0.0697102
1.08951,0.0697204
1.08952,0.0697306
1.08954,0.0697408
1.08956,0.069751
1.08957,0.0697612
1.08959,0.0697714
1.08961,0.0697816
1.08963,0.0697918
1.08964,0.069802
1.08966,0.0698122
1.08968,0.0698224
1.08969,0.0698327
1.08971,0.0698429
1.08973,0.0698531
1.08974,0.0698633
1.08976,0.0698735
1.08978,0.0698837
1.08979,0.0698939
1.08981,0.0699041
1.08983,0.0699143
1.08985,0.0699245
1.08986,0.0699347
1.08988,0.0699449
1.0899,0.0699551
1.08991,0.0699653
1.08993,0.0699755
1.08995,0.0699857
1.08996,0.0699959
1.08998,0.0700061
1.09,0.0700164
1.09001,0.0700266
1.09003,0.0700368
1.09005,0.070047
1.09007,0.0700572
1.09008,0.0700674
1.0901,0.0700776
1.09012,0.0700878
1.09013,0.070098
1.09015,0.0701082
1.09017,0.0701184
1.09018,0.0701286
1.0902,0.0701388
1.09022,0.070149
1.09023,0.0701592
1.09025,0.0701694
1.09027,0.0701796
1.09029,0.0701898
1.0903,0.0702001
1.09032,0.0702103
1.09034,0.0702205
1.09035,0.0702307
1.09037,0.0702409
1.09039,0.0702511
1.0904,0.0702613
1.09042,0.0702715
1.09044,0.0702817
1.09045,0.0702919
1.09047,0.0703021
1.09049,0.0703123
1.0905,0.0703225
1.09052,0.0703327
1.09054,0.0703429
1.09056,0.0703531
1.09057,0.0703633
1.09059,0.0703735
1.09061,0.0703838
1.09062,0.070394
1.09064,0.0704042
1.09066,0.0704144
1.09067,0.0704246
1.09069,0.0704348
1.09071,0.070445
1.09072,0.0704552
1.09074,0.0704654
1.09076,0.0704756
1.09077,0.0704858
1.09079,0.070496
1.09081,0.0705062
1.09083,0.0705164
1.09084,0.0705266
1.09086,0.0705368
1.09088,0.070547
1.09089,0.0705572
1.09091,0.0705675
1.09093,0.0705777
1.09094,0.0705879
1.09096,0.0705981
1.09098,0.0706083
1.09099,0.0706185
1.09101,0.0706287
1.09103,0.0706389
1.09104,0.0706491
1.09106,0.0706593
1.09108,0.0706695
1.09109,0.0706797
1.09111,0.0706899
1.09113,0.0707001
1.09114,0.0707103
1.09116,0.0707205
1.09118,0.0707307
1.0912,0.0707409
1.09121,0.0707512
1.09123,0.0707614
1.09125,0.0707716
1.09126,0.0707818
1.09128,0.070792
1.0913,0.0708022
1.09131,0.0708124
1.09133,0.0708226
1.09135,0.0708328
1.09136,0.070843
1.09138,0.0708532
1.0914,0.0708634
1.09141,0.0708736
1.09143,0.0708838
1.09145,0.070894
1.09146,0.0709042
1.09148,0.0709144
1.0915,0.0709246
1.09151,0.0709349
1.09153,0.0709451
1.09155,0.0709553
1.09156,0.0709655
1.09158,0.0709757
1.0916,0.0709859
1.09162,0.0709961
1.09163,0.0710063
1.09165,0.0710165
1.09167,0.0710267
1.09168,0.0710369
1.0917,0.0710471
1.09172,0.0710573
1.09173,0.0710675
1.09175,0.0710777
1.09177,0.0710879
1.09178,0.0710981
1.0918,0.0711083
1.09182,0.0711186
1.09183,0.0711288
1.09185,0.071139
1.09187,0.0711492
1.09188,0.0711594
1.0919,0.0711696
1.09192,0.0711798
1.09193,0.07119
1.09195,0.0712002
1.09197,0.0712104
1.09198,0.0712206
1.092,0.0712308
1.09202,0.071241
1.09203,0.0712512
1.09205,0.0712614
1.09207,0.0712716
1.09208,0.0712818
1.0921,0.071292
1.09212,0.0713023
1.09213,0.0713125
1.09215,0.0713227
1.09217,0.0713329
1.09218,0.0713431
1.0922,0.0713533
1.09222,0.0713635
1.09223,0.0713737
1.09225,0.0713839
1.09227,0.0713941
1.09229,0.0714043
1.0923,0.0714145
1.09232,0.0714247
1.09234,0.0714349
1.09235,0.0714451
1.09237,0.0714553
1.09239,0.0714655
1.0924,0.0714757
1.09242,0.071486
1.09244,0.0714962
1.09245,0.0715064
1.09247,0.0715166
1.09249,0.0715268
1.0925,0.071537
1.09252,0.0715472
1.09254,0.0715574
1.09255,0.0715676
1.09257,0.0715778
1.09259,0.071588
1.0926,0.0715982
1.09262,0.0716084
1.09264,0.0716186
1.09265,0.0716288
1.09267,0.071639
1.09269,0.0716492
1.0927,0.0716594
1.09272,0.0716697
1.09274,0.0716799
1.09275,0.0716901
1.09277,0.0717003
1.09279,0.0717105
1.0928,0.0717207
1.09282,0.0717309
1.09284,0.0717411
1.09285,0.0717513
1.09287,0.0717615
1.09289,0.0717717
1.0929,0.0717819
1.09292,0.0717921
1.09294,0.0718023
1.09295,0.0718125
1.09297,0.0718227
1.09299,0.0718329
1.093,0.0718431
1.09302,0.0718534
1.09304,0.0718636
1.09305,0.0718738
1.09307,0.071884
1.09309,0.0718942
1.0931,0.0719044
1.09312,0.0719146
1.09314,0.0719248
1.09315,0.071935
1.09317,0.0719452
1.09319,0.0719554
1.0932,0.0719656
1.09322,0.0719758
1.09324,0.071986
1.09325,0.0719962
1.09327,0.0720064
1.09329,0.0720166
1.0933,0.0720268
1.09332,0.072037
1.09334,0.0720473
1.09335,0.0720575
1.09337,0.0720677
1.09339,0.0720779
1.0934,0.0720881
1.09342,0.0720983
1.09344,0.0721085
1.09345,0.0721187
1.09347,0.0721289
1.09349,0.0721391
1.0935,0.0721493
1.09352,0.0721595
1.09354,0.0721697
1.09355,0.0721799
1.09357,0.0721901
1.09359,0.0722003
1.0936,0.0722105
1.09362,0.0722207
1.09363,0.072231
1.09365,0.0722412
1.09367,0.0722514
1.09368,0.0722616
1.0937,0.0722718
1.09372,0.072282
1.09373,0.0722922
1.09375,0.0723024
1.09377,0.0723126
1.09378,0.0723228
1.0938,0.072333
1.09382,0.0723432
1.09383,0.0723534
1.09385,0.0723636
1.09387,0.0723738
1.09388,0.072384
1.0939,0.0723942
1.09392,0.0724044
1.09393,0.0724147
1.09395,0.0724249
1.09397,0.0724351
1.09398,0.0724453
1.094,0.0724555
1.09402,0.0724657
1.09403,0.0724759
1.09405,0.0724861
1.09407,0.0724963
1.09408,0.0725065
1.0941,0.0725167
1.09412,0.0725269
1.09413,0.0725371
1.09415,0.0725473
1.09417,0.0725575
1.09418,0.0725677
1.0942,0.0725779
1.09422,0.0725881
1.09423,0.0725984
1.09425,0.0726086
1.09426,0.0726188
1.09428,0.072629
1.0943,0.0726392
1.09431,0.0726494
1.09433,0.0726596
1.09435,0.0726698
1.09436,0.07268
1.09438,0.0726902
1.0944,0.0727004
1.09441,0.0727106
1.09443,0.0727208
1.09445,0.072731
1.09446,0.0727412
1.09448,0.0727514
1.0945,0.0727616
1.09451,0.0727718
1.09453,0.0727821
1.09455,0.0727923
1.09456,0.0728025
1.09458,0.0728127
1.0946,0.0728229
1.09461,0.0728331
1.09463,0.0728433
1.09465,0.0728535
1.09466,0.0728637
1.09468,0.0728739
1.0947,0.0728841
1.09471,0.0728943
1.09473,0.0729045
1.09474,0.0729147
1.09476,0.0729249
1.09478,0.0729351
1.09479,0.0729453
1.09481,0.0729555
1.09483,0.0729657
1.09484,0.072976
1.09486,0.0729862
1.09488,0.0729964
1.09489,0.0730066
1.09491,0.0730168
1.09493,0.073027
1.09494,0.0730372
1.09496,0.0730474
1.09498,0.0730576
1.09499,0.0730678
1.09501,0.073078
1.09503,0.0730882
1.09504,0.0730984
1.09506,0.0731086
1.09507,0.0731188
1.09509,0.073129
1.09511,0.0731392
1.09512,0.0731494
1.09514,0.0731597
1.09516,0.0731699
1.09517,0.0731801
1.09519,0.0731903
1.09521,0.0732005
1.09522,0.0732107
1.09524,0.0732209
1.09526,0.0732311
1.09527,0.0732413
1.09529,0.0732515
1.09531,0.0732617
1.09532,0.0732719
1.09534,0.0732821
1.09535,0.0732923
1.09537,0.0733025
1.09539,0.0733127
1.0954,0.0733229
1.09542,0.0733331
1.09544,0.0733434
1.09545,0.0733536
1.09547,0.0733638
1.09549,0.073374
1.0955,0.0733842
1.09552,0.0733944
1.09554,0.0734046
1.09555,0.0734148
1.09557,0.073425
1.09559,0.0734352
1.0956,0.0734454
1.09562,0.0734556
1.09563,0.0734658
1.09565,0.073476
1.09567,0.0734862
1.09568,0.0734964
1.0957,0.0735066
1.09572,0.0735168
1.09573,0.073527
1.09575,0.0735373
1.09577,0.0735475
1.09578,0.0735577
1.0958,0.0735679
1.09582,0.0735781
1.09583,0.0735883
1.09585,0.0735985
1.09586,0.0736087
1.09588,0.0736189
1.0959,0.0736291
1.09591,0.0736393
1.09593,0.0736495
1.09595,0.0736597
1.09596,0.0736699
1.09598,0.0736801
1.096,0.0736903
1.09601,0.0737005
1.09603,0.0737107
1.09605,0.073721
1.09606,0.0737312
1.09608,0.0737414
1.09609,0.0737516
1.09611,0.0737618
1.09613,0.073772
1.09614,0.0737822
1.09616,0.0737924
1.09618,0.0738026
1.09619,0.0738128
1.09621,0.073823
1.09623,0.0738332
1.09624,0.0738434
1.09626,0.0738536
1.09627,0.0738638
1.09629,0.073874
1.09631,0.0738842
1.09632,0.0738944
1.09634,0.0739047
1.09636,0.0739149
1.09637,0.0739251
1.09639,0.0739353
1.09641,0.0739455
1.09642,0.0739557
1.09644,0.0739659
1.09646,0.0739761
1.09647,0.0739863
1.09649,0.0739965
1.0965,0.0740067
1.09652,0.0740169
1.09654,0.0740271
1.09655,0.0740373
1.09657,0.0740475
1.09659,0.0740577
1.0966,0.0740679
1.09662,0.0740781
1.09664,0.0740883
1.09665,0.0740986
1.09667,0.0741088
1.09668,0.074119
1.0967,0.0741292
1.09672,0.0741394
1.09673,0.0741496
1.09675,0.0741598
1.09677,0.07417
1.09678,0.0741802
1.0968,0.0741904
1.09682,0.0742006
1.09683,0.0742108
1.09685,0.074221
1.09686,0.0742312
1.09688,0.0742414
1.0969,0.0742516
1.09691,0.0742618
1.09693,0.074272
1.09695,0.0742823
1.09696,0.0742925
1.09698,0.0743027
1.09699,0.0743129
1.09701,0.0743231
1.09703,0.0743333
1.09704,0.0743435
1.09706,0.0743537
1.09708,0.0743639
1.09709,0.0743741
1.09711,0.0743843
1.09713,0.0743945
1.09714,0.0744047
1.09716,0.0744149
1.09717,0.0744251
1.09719,0.0744353
1.09721,0.0744455
1.09722,0.0744557
1.09724,0.0744659
1.09726,0.0744762
1.09727,0.0744864
1.09729,0.0744966
1.09731,0.0745068
1.09732,0.074517
1.09734,0.0745272
1.09735,0.0745374
1.09737,0.0745476
1.09739,0.0745578
1.0974,0.074568
1.09742,0.0745782
1.09744,0.0745884
1.09745,0.0745986
1.09747,0.0746088
1.09748,0.074619
1.0975,0.0746292
1.09752,0.0746394
1.09753,0.0746496
1.09755,0.0746599
1.09757,0.0746701
1.09758,0.0746803
1.0976,0.0746905
1.09761,0.0747007
1.09763,0.0747109
1.09765,0.0747211
1.09766,0.0747313
1.09768,0.0747415
1.0977,0.0747517
1.09771,0.0747619
1.09773,0.0747721
1.09774,0.0747823
1.09776,0.0747925
1.09778,0.0748027
1.09779,0.0748129
1.09781,0.0748231
1.09783,0.0748333
1.09784,0.0748435
1.09786,0.0748538
1.09788,0.074864
1.09789,0.0748742
1.09791,0.0748844
1.09792,0.0748946
1.09794,0.0749048
1.09796,0.074915
1.09797,0.0749252
1.09799,0.0749354
1.09801,0.0749456
1.09802,0.0749558
1.09804,0.074966
1.09805,0.0749762
1.09807,0.0749864
1.09809,0.0749966
1.0981,0.0750068
1.09812,0.075017
1.09814,0.0750272
1.09815,0.0750375
1.09817,0.0750477
1.09818,0.0750579
1.0982,0.0750681
1.09822,0.0750783
1.09823,0.0750885
1.09825,0.0750987
1.09827,0.0751089
1.09828,0.0751191
1.0983,0.0751293
1.09831,0.0751395
1.09833,0.0751497
1.09835,0.0751599
1.09836,0.0751701
1.09838,0.0751803
1.09839,0.0751905
1.09841,0.0752007
1.09843,0.0752109
1.09844,0.0752211
1.09846,0.0752314
1.09848,0.0752416
1.09849,0.0752518
1.09851,0.075262
1.09852,0.0752722
1.09854,0.0752824
1.09856,0.0752926
1.09857,0.0753028
1.09859,0.075313
1.09861,0.0753232
1.09862,0.0753334
1.09864,0.0753436
1.09865,0.0753538
1.09867,0.075364
1.09869,0.0753742
1.0987,0.0753844
1.09872,0.0753946
1.09874,0.0754048
1.09875,0.0754151
1.09877,0.0754253
1.09878,0.0754355
1.0988,0.0754457
1.09882,0.0754559
1.09883,0.0754661
1.09885,0.0754763
1.09886,0.0754865
1.09888,0.0754967
1.0989,0.0755069
1.09891,0.0755171
1.09893,0.0755273
1.09895,0.0755375
1.09896,0.0755477
1.09898,0.0755579
1.09899,0.0755681
1.09901,0.0755783
1.09903,0.0755885
1.09904,0.0755987
1.09906,0.075609
1.09908,0.0756192
1.09909,0.0756294
1.09911,0.0756396
1.09912,0.0756498
1.09914,0.07566
1.09916,0.0756702
1.09917,0.0756804
1.09919,0.0756906
1.0992,0.0757008
1.09922,0.075711
1.09924,0.0757212
1.09925,0.0757314
1.09927,0.0757416
1.09929,0.0757518
1.0993,0.075762
1.09932,0.0757722
1.09933,0.0757824
1.09935,0.0757926
1.09937,0.0758029
1.09938,0.0758131
1.0994,0.0758233
1.09941,0.0758335
1.09943,0.0758437
1.09945,0.0758539
1.09946,0.0758641
1.09948,0.0758743
1.0995,0.0758845
1.09951,0.0758947
1.09953,0.0759049
1.09954,0.0759151
1.09956,0.0759253
1.09958,0.0759355
1.09959,0.0759457
1.09961,0.0759559
1.09962,0.0759661
1.09964,0.0759763
1.09966,0.0759866
1.09967,0.0759968
1.09969,0.076007
1.09971,0.0760172
1.09972,0.0760274
1.09974,0.0760376
1.09975,0.0760478
1.09977,0.076058
1.09979,0.0760682
1.0998,0.0760784
1.09982,0.0760886
1.09983,0.0760988
1.09985,0.076109
1.09987,0.0761192
1.09988,0.0761294
1.0999,0.0761396
1.09991,0.0761498
1.09993,0.07616
1.09995,0.0761702
1.09996,0.0761805
1.09998,0.0761907
1.1,0.0762009
1.10001,0.0762111
1.10003,0.0762213
1.10004,0.0762315
1.10006,0.0762417
1.10008,0.0762519
1.10009,0.0762621
1.10011,0.0762723
1.10012,0.0762825
1.10014,0.0762927
1.10016,0.0763029
1.10017,0.0763131
1.10019,0.0763233
1.1002,0.0763335
1.10022,0.0763437
1.10024,0.0763539
1.10025,0.0763642
1.10027,0.0763744
1.10028,0.0763846
1.1003,0.0763948
1.10032,0.076405
1.10033,0.0764152
1.10035,0.0764254
1.10036,0.0764356
1.10038,0.0764458
1.1004,0.076456
1.10041,0.0764662
1.10043,0.0764764
1.10045,0.0764866
1.10046,0.0764968
1.10048,0.076507
1.10049,0.0765172
1.10051,0.0765274
1.10053,0.0765376
1.10054,0.0765478
1.10056,0.0765581
1.10057,0.0765683
1.10059,0.0765785
1.10061,0.0765887
1.10062,0.0765989
1.10064,0.0766091
1.10065,0.0766193
1.10067,0.0766295
1.10069,0.0766397
1.1007,0.0766499
1.10072,0.0766601
1.10073,0.0766703
1.10075,0.0766805
1.10077,0.0766907
1.10078,0.0767009
1.1008,0.0767111
1.10081,0.0767213
1.10083,0.0767315
1.10085,0.0767417
1.10086,0.076752
1.10088,0.0767622
1.10089,0.0767724
1.10091,0.0767826
1.10093,0.0767928
1.10094,0.076803
1.10096,0.0768132
1.10097,0.0768234
1.10099,0.0768336
1.10101,0.0768438
1.10102,0.076854
1.10104,0.0768642
1.10105,0.0768744
1.10107,0.0768846
1.10109,0.0768948
1.1011,0.076905
1.10112,0.0769152
1.10114,0.0769254
1.10115,0.0769356
1.10117,0.0769459
1.10118,0.0769561
1.1012,0.0769663
1.10122,0.0769765
1.10123,0.0769867
1.10125,0.0769969
1.10126,0.0770071
1.10128,0.0770173
1.1013,0.0770275
1.10131,0.0770377
1.10133,0.0770479
1.10134,0.0770581
1.10136,0.0770683
1.10138,0.0770785
1.10139,0.0770887
1.10141,0.0770989
1.10142,0.0771091
1.10144,0.0771193
1.10146,0.0771296
1.10147,0.0771398
1.10149,0.07715
1.1015,0.0771602
1.10152,0.0771704
1.10153,0.0771806
1.10155,0.0771908
1.10157,0.077201
1.10158,0.0772112
1.1016,0.0772214
1.10161,0.0772316
1.10163,0.0772418
1.10165,0.077252
1.10166,0.0772622
1.10168,0.0772724
1.10169,0.0772826
1.10171,0.0772928
1.10173,0.077303
1.10174,0.0773132
1.10176,0.0773235
1.10177,0.0773337
1.10179,0.0773439
1.10181,0.0773541
1.10182,0.0773643
1.10184,0.0773745
1.10185,0.0773847
1.10187,0.0773949
1.10189,0.0774051
1.1019,0.0774153
1.10192,0.0774255
1.10193,0.0774357
1.10195,0.0774459
1.10197,0.0774561
1.10198,0.0774663
1.102,0.0774765
1.10201,0.0774867
1.10203,0.0774969
1.10205,0.0775071
1.10206,0.0775174
1.10208,0.0775276
1.10209,0.0775378
1.10211,0.077548
1.10213,0.0775582
1.10214,0.0775684
1.10216,0.0775786
1.10217,0.0775888
1.10219,0.077599
1.10221,0.0776092
1.10222,0.0776194
1.10224,0.0776296
1.10225,0.0776398
1.10227,0.07765
1.10228,0.0776602
1.1023,0.0776704
1.10232,0.0776806
1.10233,0.0776908
1.10235,0.077701
1.10236,0.0777113
1.10238,0.0777215
1.1024,0.0777317
1.10241,0.0777419
1.10243,0.0777521
1.10244,0.0777623
1.10246,0.0777725
1.10248,0.0777827
1.10249,0.0777929
1.10251,0.0778031
1.10252,0.0778133
1.10254,0.0778235
1.10256,0.0778337
1.10257,0.0778439
1.10259,0.0778541
1.1026,0.0778643
1.10262,0.0778745
1.10263,0.0778847
1.10265,0.0778949
1.10267,0.0779052
1.10268,0.0779154
1.1027,0.0779256
1.10271,0.0779358
1.10273,0.077946
1.10275,0.0779562
1.10276,0.0779664
1.10278,0.0779766
1.10279,0.0779868
1.10281,0.077997
1.10283,0.0780072
1.10284,0.0780174
1.10286,0.0780276
1.10287,0.0780378
1.10289,0.078048
1.1029,0.0780582
1.10292,0.0780684
1.10294,0.0780786
1.10295,0.0780889
1.10297,0.0780991
1.10298,0.0781093
1.103,0.0781195
1.10302,0.0781297
1.10303,0.0781399
1.10305,0.0781501
1.10306,0.0781603
1.10308,0.0781705
1.1031,0.0781807
1.10311,0.0781909
1.10313,0.0782011
1.10314,0.0782113
1.10316,0.0782215
1.10317,0.0782317
1.10319,0.0782419
1.10321,0.0782521
1.10322,0.0782623
1.10324,0.0782725
1.10325,0.0782828
1.10327,0.078293
1.10329,0.0783032
1.1033,0.0783134
1.10332,0.0783236
1.10333,0.0783338
1.10335,0.078344
1.10336,0.0783542
1.10338,0.0783644
1.1034,0.0783746
1.10341,0.0783848
1.10343,0.078395
1.10344,0.0784052
1.10346,0.0784154
1.10348,0.0784256
1.10349,0.0784358
1.10351,0.078446
1.10352,0.0784562
1.10354,0.0784664
1.10355,0.0784767
1.10357,0.0784869
1.10359,0.0784971
1.1036,0.0785073
1.10362,0.0785175
1.10363,0.0785277
1.10365,0.0785379
1.10367,0.0785481
1.10368,0.0785583
1.1037,0.0785685
1.10371,0.0785787
1.10373,0.0785889
1.10374,0.0785991
1.10376,0.0786093
1.10378,0.0786195
1.10379,0.0786297
1.10381,0.0786399
1.10382,0.0786501
1.10384,0.0786603
1.10386,0.0786706
1.10387,0.0786808
1.10389,0.078691
1.1039,0.0787012
1.10392,0.0787114
1.10393,0.0787216
1.10395,0.0787318
1.10397,0.078742
1.10398,0.0787522
1.104,0.0787624
1.10401,0.0787726
1.10403,0.0787828
1.10405,0.078793
1.10406,0.0788032
1.10408,0.0788134
1.10409,0.0788236
1.10411,0.0788338
1.10412,0.078844
1.10414,0.0788542
1.10416,0.0788645
1.10417,0.0788747
1.10419,0.0788849
1.1042,0.0788951
1.10422,0.0789053
1.10423,0.0789155
1.10425,0.0789257
1.10427,0.0789359
1.10428,0.0789461
1.1043,0.0789563
1.10431,0.0789665
1.10433,0.0789767
1.10434,0.0789869
1.10436,0.0789971
1.10438,0.0790073
1.10439,0.0790175
1.10441,0.0790277
1.10442,0.0790379
1.10444,0.0790481
1.10446,0.0790584
1.10447,0.0790686
1.10449,0.0790788
1.1045,0.079089
1.10452,0.0790992
1.10453,0.0791094
1.10455,0.0791196
1.10457,0.0791298
1.10458,0.07914
1.1046,0.0791502
1.10461,0.0791604
1.10463,0.0791706
1.10464,0.0791808
1.10466,0.079191
1.10468,0.0792012
1.10469,0.0792114
1.10471,0.0792216
1.10472,0.0792318
1.10474,0.079242
1.10475,0.0792523
1.10477,0.0792625
1.10479,0.0792727
1.1048,0.0792829
1.10482,0.0792931
1.10483,0.0793033
1.10485,0.0793135
1.10486,0.0793237
1.10488,0.0793339
1.1049,0.0793441
1.10491,0.0793543
1.10493,0.0793645
1.10494,0.0793747
1.10496,0.0793849
1.10497,0.0793951
1.10499,0.0794053
1.10501,0.0794155
1.10502,0.0794257
1.10504,0.0794359
1.10505,0.0794462
1.10507,0.0794564
1.10508,0.0794666
1.1051,0.0794768
1.10512,0.079487
1.10513,0.0794972
1.10515,0.0795074
1.10516,0.0795176
1.10518,0.0795278
1.10519,0.079538
1.10521,0.0795482
1.10523,0.0795584
1.10524,0.0795686
1.10526,0.0795788
1.10527,0.079589
1.10529,0.0795992
1.1053,0.0796094
1.10532,0.0796196
1.10534,0.0796298
1.10535,0.0796401
1.10537,0.0796503
1.10538,0.0796605
1.1054,0.0796707
1.10541,0.0796809
1.10543,0.0796911
1.10545,0.0797013
1.10546,0.0797115
1.10548,0.0797217
1.10549,0.0797319
1.10551,0.0797421
1.10552,0.0797523
1.10554,0.0797625
1.10556,0.0797727
1.10557,0.0797829
1.10559,0.0797931
1.1056,0.0798033
1.10562,0.0798135
1.10563,0.0798237
1.10565,0.079834
1.10567,0.0798442
1.10568,0.0798544
1.1057,0.0798646
1.10571,0.0798748
1.10573,0.079885
1.10574,0.0798952
1.10576,0.0799054
1.10578,0.0799156
1.10579,0.0799258
1.10581,0.079936
1.10582,0.0799462
1.10584,0.0799564
1.10585,0.0799666
1.10587,0.0799768
1.10589,0.079987
1.1059,0.0799972
1.10592,0.0800074
1.10593,0.0800176
1.10595,0.0800279
1.10596,0.0800381
1.10598,0.0800483
1.10599,0.0800585
1.10601,0.0800687
1.10603,0.0800789
1.10604,0.0800891
1.10606,0.0800993
1.10607,0.0801095
1.10609,0.0801197
1.1061,0.0801299
1.10612,0.0801401
1.10614,0.0801503
1.10615,0.0801605
1.10617,0.0801707
1.10618,0.0801809
1.1062,0.0801911
1.10621,0.0802013
1.10623,0.0802115
1.10624,0.0802218
1.10626,0.080232
1.10628,0.0802422
1.10629,0.0802524
1.10631,0.0802626
1.10632,0.0802728
1.10634,0.080283
1.10635,0.0802932
1.10637,0.0803034
1.10639,0.0803136
1.1064,0.0803238
1.10642,0.080334
1.10643,0.0803442
1.10645,0.0803544
1.10646,0.0803646
1.10648,0.0803748
1.10649,0.080385
1.10651,0.0803952
1.10653,0.0804054
1.10654,0.0804157
1.10656,0.0804259
1.10657,0.0804361
1.10659,0.0804463
1.1066,0.0804565
1.10662,0.0804667
1.10664,0.0804769
1.10665,0.0804871
1.10667,0.0804973
1.10668,0.0805075
1.1067,0.0805177
1.10671,0.0805279
1.10673,0.0805381
1.10674,0.0805483
1.10676,0.0805585
1.10678,0.0805687
1.10679,0.0805789
1.10681,0.0805891
1.10682,0.0805993
1.10684,0.0806095
1.10685,0.0806198
1.10687,0.08063
1.10688,0.0806402
1.1069,0.0806504
1.10692,0.0806606
1.10693,0.0806708
1.10695,0.080681
1.10696,0.0806912
1.10698,0.0807014
1.10699,0.0807116
1.10701,0.0807218
1.10703,0.080732
1.10704,0.0807422
1.10706,0.0807524
1.10707,0.0807626
1.10709,0.0807728
1.1071,0.080783
1.10712,0.0807932
1.10713,0.0808034
1.10715,0.0808137
1.10717,0.0808239
1.10718,0.0808341
1.1072,0.0808443
1.10721,0.0808545
1.10723,0.0808647
1.10724,0.0808749
1.10726,0.0808851
1.10727,0.0808953
1.10729,0.0809055
1.10731,0.0809157
1.10732,0.0809259
1.10734,0.0809361
1.10735,0.0809463
1.10737,0.0809565
1.10738,0.0809667
1.1074,0.0809769
1.10741,0.0809871
1.10743,0.0809973
1.10745,0.0810076
1.10746,0.0810178
1.10748,0.081028
1.10749,0.0810382
1.10751,0.0810484
1.10752,0.0810586
1.10754,0.0810688
1.10755,0.081079
1.10757,0.0810892
1.10759,0.0810994
1.1076,0.0811096
1.10762,0.0811198
1.10763,0.08113
1.10765,0.0811402
1.10766,0.0811504
1.10768,0.0811606
1.10769,0.0811708
1.10771,0.081181
1.10772,0.0811912
1.10774,0.0812015
1.10776,0.0812117
1.10777,0.0812219
1.10779,0.0812321
1.1078,0.0812423
1.10782,0.0812525
1.10783,0.0812627
1.10785,0.0812729
1.10786,0.0812831
1.10788,0.0812933
1.1079,0.0813035
1.10791,0.0813137
1.10793,0.0813239
1.10794,0.0813341
1.10796,0.0813443
1.10797,0.0813545
1.10799,0.0813647
1.108,0.0813749
1.10802,0.0813851
1.10804,0.0813954
1.10805,0.0814056
1.10807,0.0814158
1.10808,0.081426
1.1081,0.0814362
1.10811,0.0814464
1.10813,0.0814566
1.10814,0.0814668
1.10816,0.081477
1.10817,0.0814872
1.10819,0.0814974
1.10821,0.0815076
1.10822,0.0815178
1.10824,0.081528
1.10825,0.0815382
1.10827,0.0815484
1.10828,0.0815586
1.1083,0.0815688
1.10831,0.081579
1.10833,0.0815893
1.10835,0.0815995
1.10836,0.0816097
1.10838,0.0816199
1.10839,0.0816301
1.10841,0.0816403
1.10842,0.0816505
1.10844,0.0816607
1.10845,0.0816709
1.10847,0.0816811
1.10848,0.0816913
1.1085,0.0817015
1.10852,0.0817117
1.10853,0.0817219
1.10855,0.0817321
1.10856,0.0817423
1.10858,0.0817525
1.10859,0.0817627
1.10861,0.0817729
1.10862,0.0817831
1.10864,0.0817934
1.10865,0.0818036
1.10867,0.0818138
1.10869,0.081824
1.1087,0.0818342
1.10872,0.0818444
1.10873,0.0818546
1.10875,0.0818648
1.10876,0.081875
1.10878,0.0818852
1.10879,0.0818954
1.10881,0.0819056
1.10882,0.0819158
1.10884,0.081926
1.10886,0.0819362
1.10887,0.0819464
1.10889,0.0819566
1.1089,0.0819668
1.10892,0.081977
1.10893,0.0819873
1.10895,0.0819975
1.10896,0.0820077
1.10898,0.0820179
1.10899,0.0820281
1.10901,0.0820383
1.10903,0.0820485
1.10904,0.0820587
1.10906,0.0820689
1.10907,0.0820791
1.10909,0.0820893
1.1091,0.0820995
1.10912,0.0821097
1.10913,0.0821199
1.10915,0.0821301
1.10916,0.0821403
1.10918,0.0821505
1.10919,0.0821607
1.10921,0.0821709
1.10923,0.0821812
1.10924,0.0821914
1.10926,0.0822016
1.10927,0.0822118
1.10929,0.082222
1.1093,0.0822322
1.10932,0.0822424
1.10933,0.0822526
1.10935,0.0822628
1.10936,0.082273
1.10938,0.0822832
1.1094,0.0822934
1.10941,0.0823036
1.10943,0.0823138
1.10944,0.082324
1.10946,0.0823342
1.10947,0.0823444
1.10949,0.0823546
1.1095,0.0823648
1.10952,0.0823751
1.10953,0.0823853
1.10955,0.0823955
1.10956,0.0824057
1.10958,0.0824159
1.1096,0.0824261
1.10961,0.0824363
1.10963,0.0824465
1.10964,0.0824567
1.10966,0.0824669
1.10967,0.0824771
1.10969,0.0824873
1.1097,0.0824975
1.10972,0.0825077
1.10973,0.0825179
1.10975,0.0825281
1.10976,0.0825383
1.10978,0.0825485
1.1098,0.0825587
1.10981,0.0825689
1.10983,0.0825792
1.10984,0.0825894
1.10986,0.0825996
1.10987,0.0826098
1.10989,0.08262
1.1099,0.0826302
1.10992,0.0826404
1.10993,0.0826506
1.10995,0.0826608
1.10996,0.082671
1.10998,0.0826812
1.11,0.0826914
1.11001,0.0827016
1.11003,0.0827118
1.11004,0.082722
1.11006,0.0827322
1.11007,0.0827424
1.11009,0.0827526
1.1101,0.0827628
1.11012,0.0827731
1.11013,0.0827833
1.11015,0.0827935
1.11016,0.0828037
1.11018,0.0828139
1.11019,0.0828241
1.11021,0.0828343
1.11023,0.0828445
1.11024,0.0828547
1.11026,0.0828649
1.11027,0.0828751
1.11029,0.0828853
1.1103,0.0828955
1.11032,0.0829057
1.11033,0.0829159
1.11035,0.0829261
1.11036,0.0829363
1.11038,0.0829465
1.11039,0.0829567
1.11041,0.082967
1.11043,0.0829772
1.11044,0.0829874
1.11046,0.0829976
1.11047,0.0830078
1.11049,0.083018
1.1105,0.0830282
1.11052,0.0830384
1.11053,0.0830486
1.11055,0.0830588
1.11056,0.083069
1.11058,0.0830792
1.11059,0.0830894
1.11061,0.0830996
1.11062,0.0831098
1.11064,0.08312
1.11066,0.0831302
1.11067,0.0831404
1.11069,0.0831506
1.1107,0.0831608
1.11072,0.0831711
1.11073,0.0831813
1.11075,0.0831915
1.11076,0.0832017
1.11078,0.0832119
1.11079,0.0832221
1.11081,0.0832323
1.11082,0.0832425
1.11084,0.0832527
1.11085,0.0832629
1.11087,0.0832731
1.11088,0.0832833
1.1109,0.0832935
1.11092,0.0833037
1.11093,0.0833139
1.11095,0.0833241
1.11096,0.0833343
1.11098,0.0833445
1.11099,0.0833547
1.11101,0.083365
1.11102,0.0833752
1.11104,0.0833854
1.11105,0.0833956
1.11107,0.0834058
1.11108,0.083416
1.1111,0.0834262
1.11111,0.0834364
1.11113,0.0834466
1.11114,0.0834568
1.11116,0.083467
1.11118,0.0834772
1.11119,0.0834874
1.11121,0.0834976
1.11122,0.0835078
1.11124,0.083518
1.11125,0.0835282
1.11127,0.0835384
1.11128,0.0835486
1.1113,0.0835588
1.11131,0.0835691
1.11133,0.0835793
1.11134,0.0835895
1.11136,0.0835997
1.11137,0.0836099
1.11139,0.0836201
1.1114,0.0836303
1.11142,0.0836405
1.11143,0.0836507
1.11145,0.0836609
1.11147,0.0836711
1.11148,0.0836813
1.1115,0.0836915
1.11151,0.0837017
1.11153,0.0837119
1.11154,0.0837221
1.11156,0.0837323
1.11157,0.0837425
1.11159,0.0837527
1.1116,0.083763
1.11162,0.0837732
1.11163,0.0837834
1.11165,0.0837936
1.11166,0.0838038
1.11168,0.083814
1.11169,0.0838242
1.11171,0.0838344
1.11172,0.0838446
1.11174,0.0838548
1.11176,0.083865
1.11177,0.0838752
1.11179,0.0838854
1.1118,0.0838956
1.11182,0.0839058
1.11183,0.083916
1.11185,0.0839262
1.11186,0.0839364
1.11188,0.0839466
1.11189,0.0839569
1.11191,0.0839671
1.11192,0.0839773
1.11194,0.0839875
1.11195,0.0839977
1.11197,0.0840079
1.11198,0.0840181
1.112,0.0840283
1.11201,0.0840385
1.11203,0.0840487
1.11204,0.0840589
1.11206,0.0840691
1.11208,0.0840793
1.11209,0.0840895
1.11211,0.0840997
1.11212,0.0841099
1.11214,0.0841201
1.11215,0.0841303
1.11217,0.0841405
1.11218,0.0841507
1.1122,0.084161
1.11221,0.0841712
1.11223,0.0841814
1.11224,0.0841916
1.11226,0.0842018
1.11227,0.084212
1.11229,0.0842222
1.1123,0.0842324
1.11232,0.0842426
1.11233,0.0842528
1.11235,0.084263
1.11236,0.0842732
1.11238,0.0842834
1.11239,0.0842936
1.11241,0.0843038
1.11243,0.084314
1.11244,0.0843242
1.11246,0.0843344
1.11247,0.0843446
1.11249,0.0843549
1.1125,0.0843651
1.11252,0.0843753
1.11253,0.0843855
1.11255,0.0843957
1.11256,0.0844059
1.11258,0.0844161
1.11259,0.0844263
1.11261,0.0844365
1.11262,0.0844467
1.11264,0.0844569
1.11265,0.0844671
1.11267,0.0844773
1.11268,0.0844875
1.1127,0.0844977
1.11271,0.0845079
1.11273,0.0845181
1.11274,0.0845283
1.11276,0.0845385
1.11277,0.0845487
1.11279,0.084559
1.1128,0.0845692
1.11282,0.0845794
1.11284,0.0845896
1.11285,0.0845998
1.11287,0.08461
1.11288,0.0846202
1.1129,0.0846304
1.11291,0.0846406
1.11293,0.0846508
1.11294,0.084661
1.11296,0.0846712
1.11297,0.0846814
1.11299,0.0846916
1.113,0.0847018
1.11302,0.084712
1.11303,0.0847222
1.11305,0.0847324
1.11306,0.0847426
1.11308,0.0847529
1.11309,0.0847631
1.11311,0.0847733
1.11312,0.0847835
1.11314,0.0847937
1.11315,0.0848039
1.11317,0.0848141
1.11318,0.0848243
1.1132,0.0848345
1.11321,0.0848447
1.11323,0.0848549
1.11324,0.0848651
1.11326,0.0848753
1.11327,0.0848855
1.11329,0.0848957
1.1133,0.0849059
1.11332,0.0849161
1.11334,0.0849263
1.11335,0.0849365
1.11337,0.0849467
1.11338,0.084957
1.1134,0.0849672
1.11341,0.0849774
1.11343,0.0849876
1.11344,0.0849978
1.11346,0.085008
1.11347,0.0850182
1.11349,0.0850284
1.1135,0.0850386
1.11352,0.0850488
1.11353,0.085059
1.11355,0.0850692
1.11356,0.0850794
1.11358,0.0850896
1.11359,0.0850998
1.11361,0.08511
1.11362,0.0851202
1.11364,0.0851304
1.11365,0.0851406
1.11367,0.0851508
1.11368,0.0851611
1.1137,0.0851713
1.11371,0.0851815
1.11373,0.0851917
1.11374,0.0852019
1.11376,0.0852121
1.11377,0.0852223
1.11379,0.0852325
1.1138,0.0852427
1.11382,0.0852529
1.11383,0.0852631
1.11385,0.0852733
1.11386,0.0852835
1.11388,0.0852937
1.11389,0.0853039
1.11391,0.0853141
1.11392,0.0853243
1.11394,0.0853345
1.11395,0.0853447
1.11397,0.085355
1.11398,0.0853652
1.114,0.0853754
1.11402,0.0853856
1.11403,0.0853958
1.11405,0.085406
1.11406,0.0854162
1.11408,0.0854264
1.11409,0.0854366
1.11411,0.0854468
1.11412,0.085457
1.11414,0.0854672
1.11415,0.0854774
1.11417,0.0854876
1.11418,0.0854978
1.1142,0.085508
1.11421,0.0855182
1.11423,0.0855284
1.11424,0.0855386
1.11426,0.0855488
1.11427,0.0855591
1.11429,0.0855693
1.1143,0.0855795
1.11432,0.0855897
1.11433,0.0855999
1.11435,0.0856101
1.11436,0.0856203
1.11438,0.0856305
1.11439,0.0856407
1.11441,0.0856509
1.11442,0.0856611
1.11444,0.0856713
1.11445,0.0856815
1.11447,0.0856917
1.11448,0.0857019
1.1145,0.0857121
1.11451,0.0857223
1.11453,0.0857325
1.11454,0.0857427
1.11456,0.085753
1.11457,0.0857632
1.11459,0.0857734
1.1146,0.0857836
1.11462,0.0857938
1.11463,0.085804
1.11465,0.0858142
1.11466,0.0858244
1.11468,0.0858346
1.11469,0.0858448
1.11471,0.085855
1.11472,0.0858652
1.11474,0.0858754
1.11475,0.0858856
1.11477,0.0858958
1.11478,0.085906
1.1148,0.0859162
1.11481,0.0859264
1.11483,0.0859366
1.11484,0.0859468
1.11486,0.0859571
1.11487,0.0859673
1.11489,0.0859775
1.1149,0.0859877
1.11492,0.0859979
1.11493,0.0860081
1.11495,0.0860183
1.11496,0.0860285
1.11498,0.0860387
1.11499,0.0860489
1.11501,0.0860591
1.11502,0.0860693
1.11504,0.0860795
1.11505,0.0860897
1.11507,0.0860999
1.11508,0.0861101
1.1151,0.0861203
1.11511,0.0861305
1.11513,0.0861407
1.11514,0.0861509
1.11516,0.0861612
1.11517,0.0861714
1.11519,0.0861816
1.1152,0.0861918
1.11522,0.086202
1.11523,0.0862122
1.11525,0.0862224
1.11526,0.0862326
1.11528,0.0862428
1.11529,0.086253
1.11531,0.0862632
1.11532,0.0862734
1.11534,0.0862836
1.11535,0.0862938
1.11537,0.086304
1.11538,0.0863142
1.1154,0.0863244
1.11541,0.0863346
1.11543,0.0863448
1.11544,0.0863551
1.11546,0.0863653
1.11547,0.0863755
1.11549,0.0863857
1.1155,0.0863959
1.11552,0.0864061
1.11553,0.0864163
1.11555,0.0864265
1.11556,0.0864367
1.11558,0.0864469
1.11559,0.0864571
1.11561,0.0864673
1.11562,0.0864775
1.11564,0.0864877
1.11565,0.0864979
1.11567,0.0865081
1.11568,0.0865183
1.1157,0.0865285
1.11571,0.0865387
1.11573,0.0865489
1.11574,0.0865592
1.11576,0.0865694
1.11577,0.0865796
1.11579,0.0865898
1.1158,0.0866
1.11582,0.0866102
1.11583,0.0866204
1.11585,0.0866306
1.11586,0.0866408
1.11588,0.086651
1.11589,0.0866612
1.11591,0.0866714
1.11592,0.0866816
1.11594,0.0866918
1.11595,0.086702
1.11597,0.0867122
1.11598,0.0867224
1.116,0.0867326
1.11601,0.0867428
1.11603,0.086753
1.11604,0.0867633
1.11606,0.0867735
1.11607,0.0867837
1.11609,0.0867939
1.1161,0.0868041
1.11612,0.0868143
1.11613,0.0868245
1.11615,0.0868347
1.11616,0.0868449
1.11618,0.0868551
1.11619,0.0868653
1.11621,0.0868755
1.11622,0.0868857
1.11624,0.0868959
1.11625,0.0869061
1.11627,0.0869163
1.11628,0.0869265
1.1163,0.0869367
1.11631,0.0869469
1.11633,0.0869572
1.11634,0.0869674
1.11636,0.0869776
1.11637,0.0869878
1.11639,0.086998
1.1164,0.0870082
1.11642,0.0870184
1.11643,0.0870286
1.11645,0.0870388
1.11646,0.087049
1.11648,0.0870592
1.11649,0.0870694
1.11651,0.0870796
1.11652,0.0870898
1.11654,0.0871
1.11655,0.0871102
1.11657,0.0871204
1.11658,0.0871306
1.1166,0.0871408
1.11661,0.087151
1.11663,0.0871613
1.11664,0.0871715
1.11666,0.0871817
1.11667,0.0871919
1.11669,0.0872021
1.1167,0.0872123
1.11672,0.0872225
1.11673,0.0872327
1.11675,0.0872429
1.11676,0.0872531
1.11677,0.0872633
1.11679,0.0872735
1.1168,0.0872837
1.11682,0.0872939
1.11683,0.0873041
1.11685,0.0873143
1.11686,0.0873245
1.11688,0.0873347
1.11689,0.0873449
1.11691,0.0873551
1.11692,0.0873654
1.11694,0.0873756
1.11695,0.0873858
1.11697,0.087396
1.11698,0.0874062
1.117,0.0874164
1.11701,0.0874266
1.11703,0.0874368
1.11704,0.087447
1.11706,0.0874572
1.11707,0.0874674
1.11709,0.0874776
1.1171,0.0874878
1.11712,0.087498
1.11713,0.0875082
1.11715,0.0875184
1.11716,0.0875286
1.11718,0.0875388
1.11719,0.087549
1.11721,0.0875593
1.11722,0.0875695
1.11724,0.0875797
1.11725,0.0875899
1.11727,0.0876001
1.11728,0.0876103
1.1173,0.0876205
1.11731,0.0876307
1.11733,0.0876409
1.11734,0.0876511
1.11736,0.0876613
1.11737,0.0876715
1.11739,0.0876817
1.1174,0.0876919
1.11742,0.0877021
1.11743,0.0877123
1.11744,0.0877225
1.11746,0.0877327
1.11747,0.0877429
1.11749,0.0877531
1.1175,0.0877634
1.11752,0.0877736
1.11753,0.0877838
1.11755,0.087794
1.11756,0.0878042
1.11758,0.0878144
1.11759,0.0878246
1.11761,0.0878348
1.11762,0.087845
1.11764,0.0878552
1.11765,0.0878654
1.11767,0.0878756
1.11768,0.0878858
1.1177,0.087896
1.11771,0.0879062
1.11773,0.0879164
1.11774,0.0879266
1.11776,0.0879368
1.11777,0.087947
1.11779,0.0879572
1.1178,0.0879675
1.11782,0.0879777
1.11783,0.0879879
1.11785,0.0879981
1.11786,0.0880083
1.11788,0.0880185
1.11789,0.0880287
1.11791,0.0880389
1.11792,0.0880491
1.11793,0.0880593
1.11795,0.0880695
1.11796,0.0880797
1.11798,0.0880899
1.11799,0.0881001
1.11801,0.0881103
1.11802,0.0881205
1.11804,0.0881307
1.11805,0.0881409
1.11807,0.0881511
1.11808,0.0881613
1.1181,0.0881716
1.11811,0.0881818
1.11813,0.088192
1.11814,0.0882022
1.11816,0.0882124
1.11817,0.0882226
1.11819,0.0882328
1.1182,0.088243
1.11822,0.0882532
1.11823,0.0882634
1.11825,0.0882736
1.11826,0.0882838
1.11828,0.088294
1.11829,0.0883042
1.11831,0.0883144
1.11832,0.0883246
1.11833,0.0883348
1.11835,0.088345
1.11836,0.0883552
1.11838,0.0883654
1.11839,0.0883757
1.11841,0.0883859
1.11842,0.0883961
1.11844,0.0884063
1.11845,0.0884165
1.11847,0.0884267
1.11848,0.0884369
1.1185,0.0884471
1.11851,0.0884573
1.11853,0.0884675
1.11854,0.0884777
1.11856,0.0884879
1.11857,0.0884981
1.11859,0.0885083
1.1186,0.0885185
1.11862,0.0885287
1.11863,0.0885389
1.11865,0.0885491
1.11866,0.0885593
1.11868,0.0885695
1.11869,0.0885798
1.1187,0.08859
1.11872,0.0886002
1.11873,0.0886104
1.11875,0.0886206
1.11876,0.0886308
1.11878,0.088641
1.11879,0.0886512
1.11881,0.0886614
1.11882,0.0886716
1.11884,0.0886818
1.11885,0.088692
1.11887,0.0887022
1.11888,0.0887124
1.1189,0.0887226
1.11891,0.0887328
1.11893,0.088743
1.11894,0.0887532
1.11896,0.0887634
1.11897,0.0887737
1.11899,0.0887839
1.119,0.0887941
1.11901,0.0888043
1.11903,0.0888145
1.11904,0.0888247
1.11906,0.0888349
1.11907,0.0888451
1.11909,0.0888553
1.1191,0.0888655
1.11912,0.0888757
1.11913,0.0888859
1.11915,0.0888961
1.11916,0.0889063
1.11918,0.0889165
1.11919,0.0889267
1.11921,0.0889369
1.11922,0.0889471
1.11924,0.0889573
1.11925,0.0889675
1.11927,0.0889778
1.11928,0.088988
1.1193,0.0889982
1.11931,0.0890084
1.11932,0.0890186
1.11934,0.0890288
1.11935,0.089039
1.11937,0.0890492
1.11938,0.0890594
1.1194,0.0890696
1.11941,0.0890798
1.11943,0.08909
1.11944,0.0891002
1.11946,0.0891104
1.11947,0.0891206
1.11949,0.0891308
1.1195,0.089141
1.11952,0.0891512
1.11953,0.0891614
1.11955,0.0891716
1.11956,0.0891819
1.11958,0.0891921
1.11959,0.0892023
1.1196,0.0892125
1.11962,0.0892227
1.11963,0.0892329
1.11965,0.0892431
1.11966,0.0892533
1.11968,0.0892635
1.11969,0.0892737
1.11971,0.0892839
1.11972,0.0892941
1.11974,0.0893043
1.11975,0.0893145
1.11977,0.0893247
1.11978,0.0893349
1.1198,0.0893451
1.11981,0.0893553
1.11983,0.0893655
1.11984,0.0893757
1.11985,0.089386
1.11987,0.0893962
1.11988,0.0894064
1.1199,0.0894166
1.11991,0.0894268
1.11993,0.089437
1.11994,0.0894472
1.11996,0.0894574
1.11997,0.0894676
1.11999,0.0894778
1.12,0.089488
1.12002,0.0894982
1.12003,0.0895084
1.12005,0.0895186
1.12006,0.0895288
1.12008,0.089539
1.12009,0.0895492
1.1201,0.0895594
1.12012,0.0895696
1.12013,0.0895798
1.12015,0.0895901
1.12016,0.0896003
1.12018,0.0896105
1.12019,0.0896207
1.12021,0.0896309
1.12022,0.0896411
1.12024,0.0896513
1.12025,0.0896615
1.12027,0.0896717
1.12028,0.0896819
1.1203,0.0896921
1.12031,0.0897023
1.12033,0.0897125
1.12034,0.0897227
1.12035,0.0897329
1.12037,0.0897431
1.12038,0.0897533
1.1204,0.0897635
1.12041,0.0897737
1.12043,0.0897839
1.12044,0.0897942
1.12046,0.0898044
1.12047,0.0898146
1.12049,0.0898248
1.1205,0.089835
1.12052,0.0898452
1.12053,0.0898554
1.12055,0.0898656
1.12056,0.0898758
1.12057,0.089886
1.12059,0.0898962
1.1206,0.0899064
1.12062,0.0899166
1.12063,0.0899268
1.12065,0.089937
1.12066,0.0899472
1.12068,0.0899574
1.12069,0.0899676
1.12071,0.0899778
1.12072,0.089988
1.12074,0.0899983
1.12075,0.0900085
1.12077,0.0900187
1.12078,0.0900289
1.12079,0.0900391
1.12081,0.0900493
1.12082,0.0900595
1.12084,0.0900697
1.12085,0.0900799
1.12087,0.0900901
1.12088,0.0901003
1.1209,0.0901105
1.12091,0.0901207
1.12093,0.0901309
1.12094,0.0901411
1.12096,0.0901513
1.12097,0.0901615
1.12098,0.0901717
1.121,0.0901819
1.12101,0.0901921
1.12103,0.0902024
1.12104,0.0902126
1.12106,0.0902228
1.12107,0.090233
1.12109,0.0902432
1.1211,0.0902534
1.12112,0.0902636
1.12113,0.0902738
1.12115,0.090284
1.12116,0.0902942
1.12118,0.0903044
1.12119,0.0903146
1.1212,0.0903248
1.12122,0.090335
1.12123,0.0903452
1.12125,0.0903554
1.12126,0.0903656
1.12128,0.0903758
1.12129,0.090386
1.12131,0.0903962
1.12132,0.0904065
1.12134,0.0904167
1.12135,0.0904269
1.12137,0.0904371
1.12138,0.0904473
1.12139,0.0904575
1.12141,0.0904677
1.12142,0.0904779
1.12144,0.0904881
1.12145,0.0904983
1.12147,0.0905085
1.12148,0.0905187
1.1215,0.0905289
1.12151,0.0905391
1.12153,0.0905493
1.12154,0.0905595
1.12156,0.0905697
1.12157,0.0905799
1.12158,0.0905901
1.1216,0.0906003
1.12161,0.0906106
1.12163,0.0906208
1.12164,0.090631
1.12166,0.0906412
1.12167,0.0906514
1.12169,0.0906616
1.1217,0.0906718
1.12172,0.090682
1.12173,0.0906922
1.12174,0.0907024
1.12176,0.0907126
1.12177,0.0907228
1.12179,0.090733
1.1218,0.0907432
1.12182,0.0907534
1.12183,0.0907636
1.12185,0.0907738
1.12186,0.090784
1.12188,0.0907942
1.12189,0.0908044
1.12191,0.0908147
1.12192,0.0908249
1.12193,0.0908351
1.12195,0.0908453
1.12196,0.0908555
1.12198,0.0908657
1.12199,0.0908759
1.12201,0.0908861
1.12202,0.0908963
1.12204,0.0909065
1.12205,0.0909167
1.12207,0.0909269
1.12208,0.0909371
1.12209,0.0909473
1.12211,0.0909575
1.12212,0.0909677
1.12214,0.0909779
1.12215,0.0909881
1.12217,0.0909983
1.12218,0.0910085
1.1222,0.0910188
1.12221,0.091029
1.12223,0.0910392
1.12224,0.0910494
1.12225,0.0910596
1.12227,0.0910698
1.12228,0.09108
1.1223,0.0910902
1.12231,0.0911004
1.12233,0.0911106
1.12234,0.0911208
1.12236,0.091131
1.12237,0.0911412
1.12239,0.0911514
1.1224,0.0911616
1.12242,0.0911718
1.12243,0.091182
1.12244,0.0911922
1.12246,0.0912024
1.12247,0.0912126
1.12249,0.0912229
1.1225,0.0912331
1.12252,0.0912433
1.12253,0.0912535
1.12255,0.0912637
1.12256,0.0912739
1.12258,0.0912841
1.12259,0.0912943
1.1226,0.0913045
1.12262,0.0913147
1.12263,0.0913249
1.12265,0.0913351
1.12266,0.0913453
1.12268,0.0913555
1.12269,0.0913657
1.12271,0.0913759
1.12272,0.0913861
1.12273,0.0913963
1.12275,0.0914065
1.12276,0.0914167
1.12278,0.091427
1.12279,0.0914372
1.12281,0.0914474
1.12282,0.0914576
1.12284,0.0914678
1.12285,0.091478
1.12287,0.0914882
1.12288,0.0914984
1.12289,0.0915086
1.12291,0.0915188
1.12292,0.091529
1.12294,0.0915392
1.12295,0.0915494
1.12297,0.0915596
1.12298,0.0915698
1.123,0.09158
1.12301,0.0915902
1.12303,0.0916004
1.12304,0.0916106
1.12305,0.0916208
1.12307,0.0916311
1.12308,0.0916413
1.1231,0.0916515
1.12311,0.0916617
1.12313,0.0916719
1.12314,0.0916821
1.12316,0.0916923
1.12317,0.0917025
1.12318,0.0917127
1.1232,0.0917229
1.12321,0.0917331
1.12323,0.0917433
1.12324,0.0917535
1.12326,0.0917637
1.12327,0.0917739
1.12329,0.0917841
1.1233,0.0917943
1.12332,0.0918045
1.12333,0.0918147
1.12334,0.0918249
1.12336,0.0918352
1.12337,0.0918454
1.12339,0.0918556
1.1234,0.0918658
1.12342,0.091876
1.12343,0.0918862
1.12345,0.0918964
1.12346,0.0919066
1.12347,0.0919168
1.12349,0.091927
1.1235,0.0919372
1.12352,0.0919474
1.12353,0.0919576
1.12355,0.0919678
1.12356,0.091978
1.12358,0.0919882
1.12359,0.0919984
1.12361,0.0920086
1.12362,0.0920188
1.12363,0.092029
1.12365,0.0920393
1.12366,0.0920495
1.12368,0.0920597
1.12369,0.0920699
1.12371,0.0920801
1.12372,0.0920903
1.12374,0.0921005
1.12375,0.0921107
1.12376,0.0921209
1.12378,0.0921311
1.12379,0.0921413
1.12381,0.0921515
1.12382,0.0921617
1.12384,0.0921719
1.12385,0.0921821
1.12387,0.0921923
1.12388,0.0922025
1.12389,0.0922127
1.12391,0.0922229
1.12392,0.0922331
1.12394,0.0922433
1.12395,0.0922536
1.12397,0.0922638
1.12398,0.092274
1.124,0.0922842
1.12401,0.0922944
1.12402,0.0923046
1.12404,0.0923148
1.12405,0.092325
1.12407,0.0923352
1.12408,0.0923454
1.1241,0.0923556
1.12411,0.0923658
1.12413,0.092376
1.12414,0.0923862
1.12415,0.0923964
1.12417,0.0924066
1.12418,0.0924168
1.1242,0.092427
1.12421,0.0924372
1.12423,0.0924474
1.12424,0.0924577
1.12426,0.0924679
1.12427,0.0924781
1.12428,0.0924883
1.1243,0.0924985
1.12431,0.0925087
1.12433,0.0925189
1.12434,0.0925291
1.12436,0.0925393
1.12437,0.0925495
1.12439,0.0925597
1.1244,0.0925699
1.12441,0.0925801
1.12443,0.0925903
1.12444,0.0926005
1.12446,0.0926107
1.12447,0.0926209
1.12449,0.0926311
1.1245,0.0926413
1.12452,0.0926515
1.12453,0.0926618
1.12454,0.092672
1.12456,0.0926822
1.12457,0.0926924
1.12459,0.0927026
1.1246,0.0927128
1.12462,0.092723
1.12463,0.0927332
1.12465,0.0927434
1.12466,0.0927536
1.12467,0.0927638
1.12469,0.092774
1.1247,0.0927842
1.12472,0.0927944
1.12473,0.0928046
1.12475,0.0928148
1.12476,0.092825
1.12477,0.0928352
1.12479,0.0928454
1.1248,0.0928556
1.12482,0.0928659
1.12483,0.0928761
1.12485,0.0928863
1.12486,0.0928965
1.12488,0.0929067
1.12489,0.0929169
1.1249,0.0929271
1.12492,0.0929373
1.12493,0.0929475
1.12495,0.0929577
1.12496,0.0929679
1.12498,0.0929781
1.12499,0.0929883
1.12501,0.0929985
1.12502,0.0930087
1.12503,0.0930189
1.12505,0.0930291
1.12506,0.0930393
1.12508,0.0930495
1.12509,0.0930597
1.12511,0.09307
1.12512,0.0930802
1.12513,0.0930904
1.12515,0.0931006
1.12516,0.0931108
1.12518,0.093121
1.12519,0.0931312
1.12521,0.0931414
1.12522,0.0931516
1.12524,0.0931618
1.12525,0.093172
1.12526,0.0931822
1.12528,0.0931924
1.12529,0.0932026
1.12531,0.0932128
1.12532,0.093223
1.12534,0.0932332
1.12535,0.0932434
1.12536,0.0932536
1.12538,0.0932638
1.12539,0.0932741
1.12541,0.0932843
1.12542,0.0932945
1.12544,0.0933047
1.12545,0.0933149
1.12547,0.0933251
1.12548,0.0933353
1.12549,0.0933455
1.12551,0.0933557
1.12552,0.0933659
1.12554,0.0933761
1.12555,0.0933863
1.12557,0.0933965
1.12558,0.0934067
1.12559,0.0934169
1.12561,0.0934271
1.12562,0.0934373
1.12564,0.0934475
1.12565,0.0934577
1.12567,0.0934679
1.12568,0.0934781
1.12569,0.0934884
1.12571,0.0934986
1.12572,0.0935088
1.12574,0.093519
1.12575,0.0935292
1.12577,0.0935394
1.12578,0.0935496
1.1258,0.0935598
1.12581,0.09357
1.12582,0.0935802
1.12584,0.0935904
1.12585,0.0936006
1.12587,0.0936108
1.12588,0.093621
1.1259,0.0936312
1.12591,0.0936414
1.12592,0.0936516
1.12594,0.0936618
1.12595,0.093672
1.12597,0.0936822
1.12598,0.0936925
1.126,0.0937027
1.12601,0.0937129
1.12602,0.0937231
1.12604,0.0937333
1.12605,0.0937435
1.12607,0.0937537
1.12608,0.0937639
1.1261,0.0937741
1.12611,0.0937843
1.12612,0.0937945
1.12614,0.0938047
1.12615,0.0938149
1.12617,0.0938251
1.12618,0.0938353
1.1262,0.0938455
1.12621,0.0938557
1.12623,0.0938659
1.12624,0.0938761
1.12625,0.0938863
1.12627,0.0938966
1.12628,0.0939068
1.1263,0.093917
1.12631,0.0939272
1.12633,0.0939374
1.12634,0.0939476
1.12635,0.0939578
1.12637,0.093968
1.12638,0.0939782
1.1264,0.0939884
1.12641,0.0939986
1.12643,0.0940088
1.12644,0.094019
1.12645,0.0940292
1.12647,0.0940394
1.12648,0.0940496
1.1265,0.0940598
1.12651,0.09407
1.12653,0.0940802
1.12654,0.0940904
1.12655,0.0941007
1.12657,0.0941109
1.12658,0.0941211
1.1266,0.0941313
1.12661,0.0941415
1.12663,0.0941517
1.12664,0.0941619
1.12665,0.0941721
1.12667,0.0941823
1.12668,0.0941925
1.1267,0.0942027
1.12671,0.0942129
1.12673,0.0942231
1.12674,0.0942333
1.12675,0.0942435
1.12677,0.0942537
1.12678,0.0942639
1.1268,0.0942741
1.12681,0.0942843
1.12683,0.0942945
1.12684,0.0943047
1.12685,0.094315
1.12687,0.0943252
1.12688,0.0943354
1.1269,0.0943456
1.12691,0.0943558
1.12693,0.094366
1.12694,0.0943762
1.12695,0.0943864
1.12697,0.0943966
1.12698,0.0944068
1.127,0.094417
1.12701,0.0944272
1.12703,0.0944374
1.12704,0.0944476
1.12705,0.0944578
1.12707,0.094468
1.12708,0.0944782
1.1271,0.0944884
1.12711,0.0944986
1.12713,0.0945088
1.12714,0.0945191
1.12715,0.0945293
1.12717,0.0945395
1.12718,0.0945497
1.1272,0.0945599
1.12721,0.0945701
1.12723,0.0945803
1.12724,0.0945905
1.12725,0.0946007
1.12727,0.0946109
1.12728,0.0946211
1.1273,0.0946313
1.12731,0.0946415
1.12733,0.0946517
1.12734,0.0946619
1.12735,0.0946721
1.12737,0.0946823
1.12738,0.0946925
1.1274,0.0947027
1.12741,0.0947129
1.12742,0.0947232
1.12744,0.0947334
1.12745,0.0947436
1.12747,0.0947538
1.12748,0.094764
1.1275,0.0947742
1.12751,0.0947844
1.12752,0.0947946
1.12754,0.0948048
1.12755,0.094815
1.12757,0.0948252
1.12758,0.0948354
1.1276,0.0948456
1.12761,0.0948558
1.12762,0.094866
1.12764,0.0948762
1.12765,0.0948864
1.12767,0.0948966
1.12768,0.0949068
1.1277,0.094917
1.12771,0.0949272
1.12772,0.0949375
1.12774,0.0949477
1.12775,0.0949579
1.12777,0.0949681
1.12778,0.0949783
1.1278,0.0949885
1.12781,0.0949987
1.12782,0.0950089
1.12784,0.0950191
1.12785,0.0950293
1.12787,0.0950395
1.12788,0.0950497
1.12789,0.0950599
1.12791,0.0950701
1.12792,0.0950803
1.12794,0.0950905
1.12795,0.0951007
1.12797,0.0951109
1.12798,0.0951211
1.12799,0.0951313
1.12801,0.0951416
1.12802,0.0951518
1.12804,0.095162
1.12805,0.0951722
1.12807,0.0951824
1.12808,0.0951926
1.12809,0.0952028
1.12811,0.095213
1.12812,0.0952232
1.12814,0.0952334
1.12815,0.0952436
1.12816,0.0952538
1.12818,0.095264
1.12819,0.0952742
1.12821,0.0952844
1.12822,0.0952946
1.12824,0.0953048
1.12825,0.095315
1.12826,0.0953252
1.12828,0.0953354
1.12829,0.0953457
1.12831,0.0953559
1.12832,0.0953661
1.12833,0.0953763
1.12835,0.0953865
1.12836,0.0953967
1.12838,0.0954069
1.12839,0.0954171
1.12841,0.0954273
1.12842,0.0954375
1.12843,0.0954477
1.12845,0.0954579
1.12846,0.0954681
1.12848,0.0954783
1.12849,0.0954885
1.12851,0.0954987
1.12852,0.0955089
1.12853,0.0955191
1.12855,0.0955293
1.12856,0.0955395
1.12858,0.0955497
1.12859,0.09556
1.1286,0.0955702
1.12862,0.0955804
1.12863,0.0955906
1.12865,0.0956008
1.12866,0.095611
1.12868,0.0956212
1.12869,0.0956314
1.1287,0.0956416
1.12872,0.0956518
1.12873,0.095662
1.12875,0.0956722
1.12876,0.0956824
1.12877,0.0956926
1.12879,0.0957028
1.1288,0.095713
1.12882,0.0957232
1.12883,0.0957334
1.12885,0.0957436
1.12886,0.0957538
1.12887,0.0957641
1.12889,0.0957743
1.1289,0.0957845
1.12892,0.0957947
1.12893,0.0958049
1.12894,0.0958151
1.12896,0.0958253
1.12897,0.0958355
1.12899,0.0958457
1.129,0.0958559
1.12902,0.0958661
1.12903,0.0958763
1.12904,0.0958865
1.12906,0.0958967
1.12907,0.0959069
1.12909,0.0959171
1.1291,0.0959273
1.12911,0.0959375
1.12913,0.0959477
1.12914,0.0959579
1.12916,0.0959682
1.12917,0.0959784
1.12919,0.0959886
1.1292,0.0959988
1.12921,0.096009
1.12923,0.0960192
1.12924,0.0960294
1.12926,0.0960396
1.12927,0.0960498
1.12928,0.09606
1.1293,0.0960702
1.12931,0.0960804
1.12933,0.0960906
1.12934,0.0961008
1.12935,0.096111
1.12937,0.0961212
1.12938,0.0961314
1.1294,0.0961416
1.12941,0.0961518
1.12943,0.096162
1.12944,0.0961722
1.12945,0.0961825
1.12947,0.0961927
1.12948,0.0962029
1.1295,0.0962131
1.12951,0.0962233
1.12952,0.0962335
1.12954,0.0962437
1.12955,0.0962539
1.12957,0.0962641
1.12958,0.0962743
1.12959,0.0962845
1.12961,0.0962947
1.12962,0.0963049
1.12964,0.0963151
1.12965,0.0963253
1.12967,0.0963355
1.12968,0.0963457
1.12969,0.0963559
1.12971,0.0963661
1.12972,0.0963763
1.12974,0.0963866
1.12975,0.0963968
1.12976,0.096407
1.12978,0.0964172
1.12979,0.0964274
1.12981,0.0964376
1.12982,0.0964478
1.12983,0.096458
1.12985,0.0964682
1.12986,0.0964784
1.12988,0.0964886
1.12989,0.0964988
1.12991,0.096509
1.12992,0.0965192
1.12993,0.0965294
1.12995,0.0965396
1.12996,0.0965498
1.12998,0.09656
1.12999,0.0965702
1.13,0.0965804
1.13002,0.0965906
1.13003,0.0966009
1.13005,0.0966111
1.13006,0.0966213
1.13007,0.0966315
1.13009,0.0966417
1.1301,0.0966519
1.13012,0.0966621
1.13013,0.0966723
1.13014,0.0966825
1.13016,0.0966927
1.13017,0.0967029
1.13019,0.0967131
1.1302,0.0967233
1.13022,0.0967335
1.13023,0.0967437
1.13024,0.0967539
1.13026,0.0967641
1.13027,0.0967743
1.13029,0.0967845
1.1303,0.0967947
1.13031,0.096805
1.13033,0.0968152
1.13034,0.0968254
1.13036,0.0968356
1.13037,0.0968458
1.13038,0.096856
1.1304,0.0968662
1.13041,0.0968764
1.13043,0.0968866
1.13044,0.0968968
1.13045,0.096907
1.13047,0.0969172
1.13048,0.0969274
1.1305,0.0969376
1.13051,0.0969478
1.13053,0.096958
1.13054,0.0969682
1.13055,0.0969784
1.13057,0.0969886
1.13058,0.0969988
1.1306,0.097009
1.13061,0.0970193
1.13062,0.0970295
1.13064,0.0970397
1.13065,0.0970499
1.13067,0.0970601
1.13068,0.0970703
1.13069,0.0970805
1.13071,0.0970907
1.13072,0.0971009
1.13074,0.0971111
1.13075,0.0971213
1.13076,0.0971315
1.13078,0.0971417
1.13079,0.0971519
1.13081,0.0971621
1.13082,0.0971723
1.13083,0.0971825
1.13085,0.0971927
1.13086,0.0972029
1.13088,0.0972131
1.13089,0.0972234
1.1309,0.0972336
1.13092,0.0972438
1.13093,0.097254
1.13095,0.0972642
1.13096,0.0972744
1.13097,0.0972846
1.13099,0.0972948
1.131,0.097305
1.13102,0.0973152
1.13103,0.0973254
1.13104,0.0973356
1.13106,0.0973458
1.13107,0.097356
1.13109,0.0973662
1.1311,0.0973764
1.13112,0.0973866
1.13113,0.0973968
1.13114,0.097407
1.13116,0.0974172
1.13117,0.0974274
1.13119,0.0974377
1.1312,0.0974479
1.13121,0.0974581
1.13123,0.0974683
1.13124,0.0974785
1.13126,0.0974887
1.13127,0.0974989
1.13128,0.0975091
1.1313,0.0975193
1.13131,0.0975295
1.13133,0.0975397
1.13134,0.0975499
1.13135,0.0975601
1.13137,0.0975703
1.13138,0.0975805
1.1314,0.0975907
1.13141,0.0976009
1.13142,0.0976111
1.13144,0.0976213
1.13145,0.0976315
1.13147,0.0976418
1.13148,0.097652
1.13149,0.0976622
1.13151,0.0976724
1.13152,0.0976826
1.13154,0.0976928
1.13155,0.097703
1.13156,0.0977132
1.13158,0.0977234
1.13159,0.0977336
1.13161,0.0977438
1.13162,0.097754
1.13163,0.0977642
1.13165,0.0977744
1.13166,0.0977846
1.13168,0.0977948
1.13169,0.097805
1.1317,0.0978152
1.13172,0.0978254
1.13173,0.0978356
1.13175,0.0978458
1.13176,0.0978561
1.13177,0.0978663
1.13179,0.0978765
1.1318,0.0978867
1.13182,0.0978969
1.13183,0.0979071
1.13184,0.0979173
1.13186,0.0979275
1.13187,0.0979377
1.13189,0.0979479
1.1319,0.0979581
1.13191,0.0979683
1.13193,0.0979785
1.13194,0.0979887
1.13196,0.0979989
1.13197,0.0980091
1.13198,0.0980193
1.132,0.0980295
1.13201,0.0980397
1.13203,0.0980499
1.13204,0.0980602
1.13205,0.0980704
1.13207,0.0980806
1.13208,0.0980908
1.1321,0.098101
1.13211,0.0981112
1.13212,0.0981214
1.13214,0.0981316
1.13215,0.0981418
1.13217,0.098152
1.13218,0.0981622
1.13219,0.0981724
1.13221,0.0981826
1.13222,0.0981928
1.13224,0.098203
1.13225,0.0982132
1.13226,0.0982234
1.13228,0.0982336
1.13229,0.0982438
1.1323,0.098254
1.13232,0.0982642
1.13233,0.0982745
1.13235,0.0982847
1.13236,0.0982949
1.13237,0.0983051
1.13239,0.0983153
1.1324,0.0983255
1.13242,0.0983357
1.13243,0.0983459
1.13244,0.0983561
1.13246,0.0983663
1.13247,0.0983765
1.13249,0.0983867
1.1325,0.0983969
1.13251,0.0984071
1.13253,0.0984173
1.13254,0.0984275
1.13256,0.0984377
1.13257,0.0984479
1.13258,0.0984581
1.1326,0.0984683
1.13261,0.0984786
1.13263,0.0984888
1.13264,0.098499
1.13265,0.0985092
1.13267,0.0985194
1.13268,0.0985296
1.1327,0.0985398
1.13271,0.09855
1.13272,0.0985602
1.13274,0.0985704
1.13275,0.0985806
1.13277,0.0985908
1.13278,0.098601
1.13279,0.0986112
1.13281,0.0986214
1.13282,0.0986316
1.13284,0.0986418
1.13285,0.098652
1.13286,0.0986622
1.13288,0.0986724
1.13289,0.0986826
1.1329,0.0986929
1.13292,0.0987031
1.13293,0.0987133
1.13295,0.0987235
1.13296,0.0987337
1.13297,0.0987439
1.13299,0.0987541
1.133,0.0987643
1.13302,0.0987745
1.13303,0.0987847
1.13304,0.0987949
1.13306,0.0988051
1.13307,0.0988153
1.13309,0.0988255
1.1331,0.0988357
1.13311,0.0988459
1.13313,0.0988561
1.13314,0.0988663
1.13316,0.0988765
1.13317,0.0988867
1.13318,0.0988969
1.1332,0.0989072
1.13321,0.0989174
1.13322,0.0989276
1.13324,0.0989378
1.13325,0.098948
1.13327,0.0989582
1.13328,0.0989684
1.13329,0.0989786
1.13331,0.0989888
1.13332,0.098999
1.13334,0.0990092
1.13335,0.0990194
1.13336,0.0990296
1.13338,0.0990398
1.13339,0.09905
1.13341,0.0990602
1.13342,0.0990704
1.13343,0.0990806
1.13345,0.0990908
1.13346,0.099101
1.13348,0.0991113
1.13349,0.0991215
1.1335,0.0991317
1.13352,0.0991419
1.13353,0.0991521
1.13354,0.0991623
1.13356,0.0991725
1.13357,0.0991827
1.13359,0.0991929
1.1336,0.0992031
1.13361,0.0992133
1.13363,0.0992235
1.13364,0.0992337
1.13366,0.0992439
1.13367,0.0992541
1.13368,0.0992643
1.1337,0.0992745
1.13371,0.0992847
1.13373,0.0992949
1.13374,0.0993051
1.13375,0.0993153
1.13377,0.0993256
1.13378,0.0993358
1.13379,0.099346
1.13381,0.0993562
1.13382,0.0993664
1.13384,0.0993766
1.13385,0.0993868
1.13386,0.099397
1.13388,0.0994072
1.13389,0.0994174
1.13391,0.0994276
1.13392,0.0994378
1.13393,0.099448
1.13395,0.0994582
1.13396,0.0994684
1.13398,0.0994786
1.13399,0.0994888
1.134,0.099499
1.13402,0.0995092
1.13403,0.0995194
1.13404,0.0995297
1.13406,0.0995399
1.13407,0.0995501
1.13409,0.0995603
1.1341,0.0995705
1.13411,0.0995807
1.13413,0.0995909
1.13414,0.0996011
1.13416,0.0996113
1.13417,0.0996215
1.13418,0.0996317
1.1342,0.0996419
1.13421,0.0996521
1.13422,0.0996623
1.13424,0.0996725
1.13425,0.0996827
1.13427,0.0996929
1.13428,0.0997031
1.13429,0.0997133
1.13431,0.0997235
1.13432,0.0997337
1.13434,0.099744
1.13435,0.0997542
1.13436,0.0997644
1.13438,0.0997746
1.13439,0.0997848
1.1344,0.099795
1.13442,0.0998052
1.13443,0.0998154
1.13445,0.0998256
1.13446,0.0998358
1.13447,0.099846
1.13449,0.0998562
1.1345,0.0998664
1.13452,0.0998766
1.13453,0.0998868
1.13454,0.099897
1.13456,0.0999072
1.13457,0.0999174
1.13458,0.0999276
1.1346,0.0999378
1.13461,0.099948
1.13463,0.0999583
1.13464,0.0999685
1.13465,0.0999787
1.13467,0.0999889
1.13468,0.0999991
1.1347,0.100009
1.13471,0.100019
1.13472,0.10003
1.13474,0.10004
1.13475,0.10005
1.13476,0.10006
1.13478,0.100071
1.13479,0.100081
1.13481,0.100091
1.13482,0.100101
1.13483,0.100111
1.13485,0.100122
1.13486,0.100132
1.13488,0.100142
1.13489,0.100152
1.1349,0.100162
1.13492,0.100173
1.13493,0.100183
1.13494,0.100193
1.13496,0.100203
1.13497,0.100213
1.13499,0.100224
1.135,0.100234
1.13501,0.100244
1.13503,0.100254
1.13504,0.100264
1.13505,0.100275
1.13507,0.100285
1.13508,0.100295
1.1351,0.100305
1.13511,0.100315
1.13512,0.100326
1.13514,0.100336
1.13515,0.100346
1.13517,0.100356
1.13518,0.100366
1.13519,0.100377
1.13521,0.100387
1.13522,0.100397
1.13523,0.100407
1.13525,0.100417
1.13526,0.100428
1.13528,0.100438
1.13529,0.100448
1.1353,0.100458
1.13532,0.100468
1.13533,0.100479
1.13534,0.100489
1.13536,0.100499
1.13537,0.100509
1.13539,0.10052
1.1354,0.10053
1.13541,0.10054
1.13543,0.10055
1.13544,0.10056
1.13546,0.100571
1.13547,0.100581
1.13548,0.100591
1.1355,0.100601
1.13551,0.100611
1.13552,0.100622
1.13554,0.100632
1.13555,0.100642
1.13557,0.100652
1.13558,0.100662
1.13559,0.100673
1.13561,0.100683
1.13562,0.100693
1.13563,0.100703
1.13565,0.100713
1.13566,0.100724
1.13568,0.100734
1.13569,0.100744
1.1357,0.100754
1.13572,0.100764
1.13573,0.100775
1.13574,0.100785
1.13576,0.100795
1.13577,0.100805
1.13579,0.100815
1.1358,0.100826
1.13581,0.100836
1.13583,0.100846
1.13584,0.100856
1.13585,0.100866
1.13587,0.100877
1.13588,0.100887
1.1359,0.100897
1.13591,0.100907
1.13592,0.100918
1.13594,0.100928
1.13595,0.100938
1.13596,0.100948
1.13598,0.100958
1.13599,0.100969
1.13601,0.100979
1.13602,0.100989
1.13603,0.100999
1.13605,0.101009
1.13606,0.10102
1.13607,0.10103
1.13609,0.10104
1.1361,0.10105
1.13612,0.10106
1.13613,0.101071
1.13614,0.101081
1.13616,0.101091
1.13617,0.101101
1.13618,0.101111
1.1362,0.101122
1.13621,0.101132
1.13623,0.101142
1.13624,0.101152
1.13625,0.101162
1.13627,0.101173
1.13628,0.101183
1.13629,0.101193
1.13631,0.101203
1.13632,0.101213
1.13634,0.101224
1.13635,0.101234
1.13636,0.101244
1.13638,0.101254
1.13639,0.101264
1.1364,0.101275
1.13642,0.101285
1.13643,0.101295
1.13645,0.101305
1.13646,0.101315
1.13647,0.101326
1.13649,0.101336
1.1365,0.101346
1.13651,0.101356
1.13653,0.101367
1.13654,0.101377
1.13656,0.101387
1.13657,0.101397
1.13658,0.101407
1.1366,0.101418
1.13661,0.101428
1.13662,0.101438
1.13664,0.101448
1.13665,0.101458
1.13667,0.101469
1.13668,0.101479
1.13669,0.101489
1.13671,0.101499
1.13672,0.101509
1.13673,0.10152
1.13675,0.10153
1.13676,0.10154
1.13678,0.10155
1.13679,0.10156
1.1368,0.101571
1.13682,0.101581
1.13683,0.101591
1.13684,0.101601
1.13686,0.101611
1.13687,0.101622
1.13689,0.101632
1.1369,0.101642
1.13691,0.101652
1.13693,0.101662
1.13694,0.101673
1.13695,0.101683
1.13697,0.101693
1.13698,0.101703
1.13699,0.101713
1.13701,0.101724
1.13702,0.101734
1.13704,0.101744
1.13705,0.101754
1.13706,0.101765
1.13708,0.101775
1.13709,0.101785
1.1371,0.101795
1.13712,0.101805
1.13713,0.101816
1.13715,0.101826
1.13716,0.101836
1.13717,0.101846
1.13719,0.101856
1.1372,0.101867
1.13721,0.101877
1.13723,0.101887
1.13724,0.101897
1.13726,0.101907
1.13727,0.101918
1.13728,0.101928
1.1373,0.101938
1.13731,0.101948
1.13732,0.101958
1.13734,0.101969
1.13735,0.101979
1.13736,0.101989
1.13738,0.101999
1.13739,0.102009
1.13741,0.10202
1.13742,0.10203
1.13743,0.10204
1.13745,0.10205
1.13746,0.10206
1.13747,0.102071
1.13749,0.102081
1.1375,0.102091
1.13752,0.102101
1.13753,0.102111
1.13754,0.102122
1.13756,0.102132
1.13757,0.102142
1.13758,0.102152
1.1376,0.102162
1.13761,0.102173
1.13762,0.102183
1.13764,0.102193
1.13765,0.102203
1.13767,0.102214
1.13768,0.102224
1.13769,0.102234
1.13771,0.102244
1.13772,0.102254
1.13773,0.102265
1.13775,0.102275
1.13776,0.102285
1.13777,0.102295
1.13779,0.102305
1.1378,0.102316
1.13782,0.102326
1.13783,0.102336
1.13784,0.102346
1.13786,0.102356
1.13787,0.102367
1.13788,0.102377
1.1379,0.102387
1.13791,0.102397
1.13793,0.102407
1.13794,0.102418
1.13795,0.102428
1.13797,0.102438
1.13798,0.102448
1.13799,0.102458
1.13801,0.102469
1.13802,0.102479
1.13803,0.102489
1.13805,0.102499
1.13806,0.102509
1.13808,0.10252
1.13809,0.10253
1.1381,0.10254
1.13812,0.10255
1.13813,0.10256
1.13814,0.102571
1.13816,0.102581
1.13817,0.102591
1.13818,0.102601
1.1382,0.102612
1.13821,0.102622
1.13823,0.102632
1.13824,0.102642
1.13825,0.102652
1.13827,0.102663
1.13828,0.102673
1.13829,0.102683
1.13831,0.102693
1.13832,0.102703
1.13833,0.102714
1.13835,0.102724
1.13836,0.102734
1.13838,0.102744
1.13839,0.102754
1.1384,0.102765
1.13842,0.102775
1.13843,0.102785
1.13844,0.102795
1.13846,0.102805
1.13847,0.102816
1.13848,0.102826
1.1385,0.102836
1.13851,0.102846
1.13853,0.102856
1.13854,0.102867
1.13855,0.102877
1.13857,0.102887
1.13858,0.102897
1.13859,0.102907
1.13861,0.102918
1.13862,0.102928
1.13863,0.102938
1.13865,0.102948
1.13866,0.102958
1.13868,0.102969
1.13869,0.102979
1.1387,0.102989
1.13872,0.102999
1.13873,0.103009
1.13874,0.10302
1.13876,0.10303
1.13877,0.10304
1.13878,0.10305
1.1388,0.103061
1.13881,0.103071
1.13882,0.103081
1.13884,0.103091
1.13885,0.103101
1.13887,0.103112
1.13888,0.103122
1.13889,0.103132
1.13891,0.103142
1.13892,0.103152
1.13893,0.103163
1.13895,0.103173
1.13896,0.103183
1.13897,0.103193
1.13899,0.103203
1.139,0.103214
1.13902,0.103224
1.13903,0.103234
1.13904,0.103244
1.13906,0.103254
1.13907,0.103265
1.13908,0.103275
1.1391,0.103285
1.13911,0.103295
1.13912,0.103305
1.13914,0.103316
1.13915,0.103326
1.13916,0.103336
1.13918,0.103346
1.13919,0.103356
1.13921,0.103367
1.13922,0.103377
1.13923,0.103387
1.13925,0.103397
1.13926,0.103407
1.13927,0.103418
1.13929,0.103428
1.1393,0.103438
1.13931,0.103448
1.13933,0.103459
1.13934,0.103469
1.13935,0.103479
1.13937,0.103489
1.13938,0.103499
1.1394,0.10351
1.13941,0.10352
1.13942,0.10353
1.13944,0.10354
1.13945,0.10355
1.13946,0.103561
1.13948,0.103571
1.13949,0.103581
1.1395,0.103591
1.13952,0.103601
1.13953,0.103612
1.13955,0.103622
1.13956,0.103632
1.13957,0.103642
1.13959,0.103652
1.1396,0.103663
1.13961,0.103673
1.13963,0.103683
1.13964,0.103693
1.13965,0.103703
1.13967,0.103714
1.13968,0.103724
1.13969,0.103734
1.13971,0.103744
1.13972,0.103754
1.13973,0.103765
1.13975,0.103775
1.13976,0.103785
1.13978,0.103795
1.13979,0.103805
1.1398,0.103816
1.13982,0.103826
1.13983,0.103836
1.13984,0.103846
1.13986,0.103856
1.13987,0.103867
1.13988,0.103877
1.1399,0.103887
1.13991,0.103897
1.13992,0.103908
1.13994,0.103918
1.13995,0.103928
1.13997,0.103938
1.13998,0.103948
1.13999,0.103959
1.14001,0.103969
1.14002,0.103979
1.14003,0.103989
1.14005,0.103999
1.14006,0.10401
1.14007,0.10402
1.14009,0.10403
1.1401,0.10404
1.14011,0.10405
1.14013,0.104061
1.14014,0.104071
1.14015,0.104081
1.14017,0.104091
1.14018,0.104101
1.1402,0.104112
1.14021,0.104122
1.14022,0.104132
1.14024,0.104142
1.14025,0.104152
1.14026,0.104163
1.14028,0.104173
1.14029,0.104183
1.1403,0.104193
1.14032,0.104203
1.14033,0.104214
1.14034,0.104224
1.14036,0.104234
1.14037,0.104244
1.14038,0.104254
1.1404,0.104265
1.14041,0.104275
1.14043,0.104285
1.14044,0.104295
1.14045,0.104306
1.14047,0.104316
1.14048,0.104326
1.14049,0.104336
1.14051,0.104346
1.14052,0.104357
1.14053,0.104367
1.14055,0.104377
1.14056,0.104387
1.14057,0.104397
1.14059,0.104408
1.1406,0.104418
1.14061,0.104428
1.14063,0.104438
1.14064,0.104448
1.14066,0.104459
1.14067,0.104469
1.14068,0.104479
1.1407,0.104489
1.14071,0.104499
1.14072,0.10451
1.14074,0.10452
1.14075,0.10453
1.14076,0.10454
1.14078,0.10455
1.14079,0.104561
1.1408,0.104571
1.14082,0.104581
1.14083,0.104591
1.14084,0.104601
1.14086,0.104612
1.14087,0.104622
1.14088,0.104632
1.1409,0.104642
1.14091,0.104652
1.14093,0.104663
1.14094,0.104673
1.14095,0.104683
1.14097,0.104693
1.14098,0.104703
1.14099,0.104714
1.14101,0.104724
1.14102,0.104734
1.14103,0.104744
1.14105,0.104755
1.14106,0.104765
1.14107,0.104775
1.14109,0.104785
1.1411,0.104795
1.14111,0.104806
1.14113,0.104816
1.14114,0.104826
1.14115,0.104836
1.14117,0.104846
1.14118,0.104857
1.1412,0.104867
1.14121,0.104877
1.14122,0.104887
1.14124,0.104897
1.14125,0.104908
1.14126,0.104918
1.14128,0.104928
1.14129,0.104938
1.1413,0.104948
1.14132,0.104959
1.14133,0.104969
1.14134,0.104979
1.14136,0.104989
1.14137,0.104999
1.14138,0.10501
1.1414,0.10502
1.14141,0.10503
1.14142,0.10504
1.14144,0.10505
1.14145,0.105061
1.14146,0.105071
1.14148,0.105081
1.14149,0.105091
1.14151,0.105101
1.14152,0.105112
1.14153,0.105122
1.14155,0.105132
1.14156,0.105142
1.14157,0.105152
1.14159,0.105163
1.1416,0.105173
1.14161,0.105183
1.14163,0.105193
1.14164,0.105204
1.14165,0.105214
1.14167,0.105224
1.14168,0.105234
1.14169,0.105244
1.14171,0.105255
1.14172,0.105265
1.14173,0.105275
1.14175,0.105285
1.14176,0.105295
1.14177,0.105306
1.14179,0.105316
1.1418,0.105326
1.14181,0.105336
1.14183,0.105346
1.14184,0.105357
1.14186,0.105367
1.14187,0.105377
1.14188,0.105387
1.1419,0.105397
1.14191,0.105408
1.14192,0.105418
1.14194,0.105428
1.14195,0.105438
1.14196,0.105448
1.14198,0.105459
1.14199,0.105469
1.142,0.105479
1.14202,0.105489
1.14203,0.105499
1.14204,0.10551
1.14206,0.10552
1.14207,0.10553
1.14208,0.10554
1.1421,0.10555
1.14211,0.105561
1.14212,0.105571
1.14214,0.105581
1.14215,0.105591
1.14216,0.105602
1.14218,0.105612
1.14219,0.105622
1.1422,0.105632
1.14222,0.105642
1.14223,0.105653
1.14224,0.105663
1.14226,0.105673
1.14227,0.105683
1.14229,0.105693
1.1423,0.105704
1.14231,0.105714
1.14233,0.105724
1.14234,0.105734
1.14235,0.105744
1.14237,0.105755
1.14238,0.105765
1.14239,0.105775
1.14241,0.105785
1.14242,0.105795
1.14243,0.105806
1.14245,0.105816
1.14246,0.105826
1.14247,0.105836
1.14249,0.105846
1.1425,0.105857
1.14251,0.105867
1.14253,0.105877
1.14254,0.105887
1.14255,0.105897
1.14257,0.105908
1.14258,0.105918
1.14259,0.105928
1.14261,0.105938
1.14262,0.105948
1.14263,0.105959
1.14265,0.105969
1.14266,0.105979
1.14267,0.105989
1.14269,0.105999
1.1427,0.10601
1.14271,0.10602
1.14273,0.10603
1.14274,0.10604
1.14275,0.106051
1.14277,0.106061
1.14278,0.106071
1.14279,0.106081
1.14281,0.106091
1.14282,0.106102
1.14284,0.106112
1.14285,0.106122
1.14286,0.106132
1.14288,0.106142
1.14289,0.106153
1.1429,0.106163
1.14292,0.106173
1.14293,0.106183
1.14294,0.106193
1.14296,0.106204
1.14297,0.106214
1.14298,0.106224
1.143,0.106234
1.14301,0.106244
1.14302,0.106255
1.14304,0.106265
1.14305,0.106275
1.14306,0.106285
1.14308,0.106295
1.14309,0.106306
1.1431,0.106316
1.14312,0.106326
1.14313,0.106336
1.14314,0.106346
1.14316,0.106357
1.14317,0.106367
1.14318,0.106377
1.1432,0.106387
1.14321,0.106397
1.14322,0.106408
1.14324,0.106418
1.14325,0.106428
1.14326,0.106438
1.14328,0.106449
1.14329,0.106459
1.1433,0.106469
1.14332,0.106479
1.14333,0.106489
1.14334,0.1065
1.14336,0.10651
1.14337,0.10652
1.14338,0.10653
1.1434,0.10654
1.14341,0.106551
1.14342,0.106561
1.14344,0.106571
1.14345,0.106581
1.14346,0.106591
1.14348,0.106602
1.14349,0.106612
1.1435,0.106622
1.14352,0.106632
1.14353,0.106642
1.14354,0.106653
1.14356,0.106663
1.14357,0.106673
1.14358,0.106683
1.1436,0.106693
1.14361,0.106704
1.14362,0.106714
1.14364,0.106724
1.14365,0.106734
1.14366,0.106744
1.14368,0.106755
1.14369,0.106765
1.1437,0.106775
1.14372,0.106785
1.14373,0.106795
1.14374,0.106806
1.14376,0.106816
1.14377,0.106826
1.14378,0.106836
1.1438,0.106846
1.14381,0.106857
1.14382,0.106867
1.14384,0.106877
1.14385,0.106887
1.14386,0.106898
1.14388,0.106908
1.14389,0.106918
1.1439,0.106928
1.14392,0.106938
1.14393,0.106949
1.14394,0.106959
1.14396,0.106969
1.14397,0.106979
1.14398,0.106989
1.144,0.107
1.14401,0.10701
1.14402,0.10702
1.14404,0.10703
1.14405,0.10704
1.14406,0.107051
1.14408,0.107061
1.14409,0.107071
1.1441,0.107081
1.14412,0.107091
1.14413,0.107102
1.14414,0.107112
1.14416,0.107122
1.14417,0.107132
1.14418,0.107142
1.1442,0.107153
1.14421,0.107163
1.14422,0.107173
1.14424,0.107183
1.14425,0.107193
1.14426,0.107204
1.14428,0.107214
1.14429,0.107224
1.1443,0.107234
1.14432,0.107244
1.14433,0.107255
1.14434,0.107265
1.14436,0.107275
1.14437,0.107285
1.14438,0.107295
1.1444,0.107306
1.14441,0.107316
1.14442,0.107326
1.14444,0.107336
1.14445,0.107347
1.14446,0.107357
1.14448,0.107367
1.14449,0.107377
1.1445,0.107387
1.14452,0.107398
1.14453,0.107408
1.14454,0.107418
1.14456,0.107428
1.14457,0.107438
1.14458,0.107449
1.1446,0.107459
1.14461,0.107469
1.14462,0.107479
1.14464,0.107489
1.14465,0.1075
1.14466,0.10751
1.14468,0.10752
1.14469,0.10753
1.1447,0.10754
1.14472,0.107551
1.14473,0.107561
1.14474,0.107571
1.14476,0.107581
1.14477,0.107591
1.14478,0.107602
1.1448,0.107612
1.14481,0.107622
1.14482,0.107632
1.14484,0.107642
1.14485,0.107653
1.14486,0.107663
1.14488,0.107673
1.14489,0.107683
1.1449,0.107693
1.14492,0.107704
1.14493,0.107714
1.14494,0.107724
1.14496,0.107734
1.14497,0.107745
1.14498,0.107755
1.145,0.107765
1.14501,0.107775
1.14502,0.107785
1.14504,0.107796
1.14505,0.107806
1.14506,0.107816
1.14508,0.107826
1.14509,0.107836
1.1451,0.107847
1.14512,0.107857
1.14513,0.107867
1.14514,0.107877
1.14516,0.107887
1.14517,0.107898
1.14518,0.107908
1.1452,0.107918
1.14521,0.107928
1.14522,0.107938
1.14524,0.107949
1.14525,0.107959
1.14526,0.107969
1.14528,0.107979
1.14529,0.107989
1.1453,0.108
1.14532,0.10801
1.14533,0.10802
1.14534,0.10803
1.14536,0.10804
1.14537,0.108051
1.14538,0.108061
1.1454,0.108071
1.14541,0.108081
1.14542,0.108091
1.14543,0.108102
1.14545,0.108112
1.14546,0.108122
1.14547,0.108132
1.14549,0.108142
1.1455,0.108153
1.14551,0.108163
1.14553,0.108173
1.14554,0.108183
1.14555,0.108194
1.14557,0.108204
1.14558,0.108214
1.14559,0.108224
1.14561,0.108234
1.14562,0.108245
1.14563,0.108255
1.14565,0.108265
1.14566,0.108275
1.14567,0.108285
1.14569,0.108296
1.1457,0.108306
1.14571,0.108316
1.14573,0.108326
1.14574,0.108336
1.14575,0.108347
1.14577,0.108357
1.14578,0.108367
1.14579,0.108377
1.14581,0.108387
1.14582,0.108398
1.14583,0.108408
1.14585,0.108418
1.14586,0.108428
1.14587,0.108438
1.14589,0.108449
1.1459,0.108459
1.14591,0.108469
1.14593,0.108479
1.14594,0.108489
1.14595,0.1085
1.14596,0.10851
1.14598,0.10852
1.14599,0.10853
1.146,0.10854
1.14602,0.108551
1.14603,0.108561
1.14604,0.108571
1.14606,0.108581
1.14607,0.108591
1.14608,0.108602
1.1461,0.108612
1.14611,0.108622
1.14612,0.108632
1.14614,0.108643
1.14615,0.108653
1.14616,0.108663
1.14618,0.108673
1.14619,0.108683
1.1462,0.108694
1.14622,0.108704
1.14623,0.108714
1.14624,0.108724
1.14626,0.108734
1.14627,0.108745
1.14628,0.108755
1.1463,0.108765
1.14631,0.108775
1.14632,0.108785
1.14634,0.108796
1.14635,0.108806
1.14636,0.108816
1.14638,0.108826
1.14639,0.108836
1.1464,0.108847
1.14641,0.108857
1.14643,0.108867
1.14644,0.108877
1.14645,0.108887
1.14647,0.108898
1.14648,0.108908
1.14649,0.108918
1.14651,0.108928
1.14652,0.108938
1.14653,0.108949
1.14655,0.108959
1.14656,0.108969
1.14657,0.108979
1.14659,0.108989
1.1466,0.109
1.14661,0.10901
1.14663,0.10902
1.14664,0.10903
1.14665,0.109041
1.14667,0.109051
1.14668,0.109061
1.14669,0.109071
1.14671,0.109081
1.14672,0.109092
1.14673,0.109102
1.14674,0.109112
1.14676,0.109122
1.14677,0.109132
1.14678,0.109143
1.1468,0.109153
1.14681,0.109163
1.14682,0.109173
1.14684,0.109183
1.14685,0.109194
1.14686,0.109204
1.14688,0.109214
1.14689,0.109224
1.1469,0.109234
1.14692,0.109245
1.14693,0.109255
1.14694,0.109265
1.14696,0.109275
1.14697,0.109285
1.14698,0.109296
1.147,0.109306
1.14701,0.109316
1.14702,0.109326
1.14704,0.109336
1.14705,0.109347
1.14706,0.109357
1.14707,0.109367
1.14709,0.109377
1.1471,0.109387
1.14711,0.109398
1.14713,0.109408
1.14714,0.109418
1.14715,0.109428
1.14717,0.109438
1.14718,0.109449
1.14719,0.109459
1.14721,0.109469
1.14722,0.109479
1.14723,0.10949
1.14725,0.1095
1.14726,0.10951
1.14727,0.10952
1.14729,0.10953
1.1473,0.109541
1.14731,0.109551
1.14733,0.109561
1.14734,0.109571
1.14735,0.109581
1.14736,0.109592
1.14738,0.109602
1.14739,0.109612
1.1474,0.109622
1.14742,0.109632
1.14743,0.109643
1.14744,0.109653
1.14746,0.109663
1.14747,0.109673
1.14748,0.109683
1.1475,0.109694
1.14751,0.109704
1.14752,0.109714
1.14754,0.109724
1.14755,0.109734
1.14756,0.109745
1.14758,0.109755
1.14759,0.109765
1.1476,0.109775
1.14761,0.109785
1.14763,0.109796
1.14764,0.109806
1.14765,0.109816
1.14767,0.109826
1.14768,0.109836
1.14769,0.109847
1.14771,0.109857
1.14772,0.109867
1.14773,0.109877
1.14775,0.109887
1.14776,0.109898
1.14777,0.109908
1.14779,0.109918
1.1478,0.109928
1.14781,0.109939
1.14783,0.109949
1.14784,0.109959
1.14785,0.109969
1.14786,0.109979
1.14788,0.10999
1.14789,0.11
1.1479,0.11001
1.14792,0.11002
1.14793,0.11003
1.14794,0.110041
1.14796,0.110051
1.14797,0.110061
1.14798,0.110071
1.148,0.110081
1.14801,0.110092
1.14802,0.110102
1.14804,0.110112
1.14805,0.110122
1.14806,0.110132
1.14808,0.110143
1.14809,0.110153
1.1481,0.110163
1.14811,0.110173
1.14813,0.110183
1.14814,0.110194
1.14815,0.110204
1.14817,0.110214
1.14818,0.110224
1.14819,0.110234
1.14821,0.110245
1.14822,0.110255
1.14823,0.110265
1.14825,0.110275
1.14826,0.110285
1.14827,0.110296
1.14829,0.110306
1.1483,0.110316
1.14831,0.110326
1.14832,0.110337
1.14834,0.110347
1.14835,0.110357
1.14836,0.110367
1.14838,0.110377
1.14839,0.110388
1.1484,0.110398
1.14842,0.110408
1.14843,0.110418
1.14844,0.110428
1.14846,0.110439
1.14847,0.110449
1.14848,0.110459
1.1485,0.110469
1.14851,0.110479
1.14852,0.11049
1.14853,0.1105
1.14855,0.11051
1.14856,0.11052
1.14857,0.11053
1.14859,0.110541
1.1486,0.110551
1.14861,0.110561
1.14863,0.110571
1.14864,0.110581
1.14865,0.110592
1.14867,0.110602
1.14868,0.110612
1.14869,0.110622
1.1487,0.110632
1.14872,0.110643
1.14873,0.110653
1.14874,0.110663
1.14876,0.110673
1.14877,0.110683
1.14878,0.110694
1.1488,0.110704
1.14881,0.110714
1.14882,0.110724
1.14884,0.110734
1.14885,0.110745
1.14886,0.110755
1.14888,0.110765
1.14889,0.110775
1.1489,0.110786
1.14891,0.110796
1.14893,0.110806
1.14894,0.110816
1.14895,0.110826
1.14897,0.110837
1.14898,0.110847
1.14899,0.110857
1.14901,0.110867
1.14902,0.110877
1.14903,0.110888
1.14905,0.110898
1.14906,0.110908
1.14907,0.110918
1.14908,0.110928
1.1491,0.110939
1.14911,0.110949
1.14912,0.110959
1.14914,0.110969
1.14915,0.110979
1.14916,0.11099
1.14918,0.111
1.14919,0.11101
1.1492,0.11102
1.14922,0.11103
1.14923,0.111041
1.14924,0.111051
1.14925,0.111061
1.14927,0.111071
1.14928,0.111081
1.14929,0.111092
1.14931,0.111102
1.14932,0.111112
1.14933,0.111122
1.14935,0.111132
1.14936,0.111143
1.14937,0.111153
1.14939,0.111163
1.1494,0.111173
1.14941,0.111183
1.14942,0.111194
1.14944,0.111204
1.14945,0.111214
1.14946,0.111224
1.14948,0.111235
1.14949,0.111245
1.1495,0.111255
1.14952,0.111265
1.14953,0.111275
1.14954,0.111286
1.14956,0.111296
1.14957,0.111306
1.14958,0.111316
1.14959,0.111326
1.14961,0.111337
1.14962,0.111347
1.14963,0.111357
1.14965,0.111367
1.14966,0.111377
1.14967,0.111388
1.14969,0.111398
1.1497,0.111408
1.14971,0.111418
1.14973,0.111428
1.14974,0.111439
1.14975,0.111449
1.14976,0.111459
1.14978,0.111469
1.14979,0.111479
1.1498,0.11149
1.14982,0.1115
1.14983,0.11151
1.14984,0.11152
1.14986,0.11153
1.14987,0.111541
1.14988,0.111551
1.14989,0.111561
1.14991,0.111571
1.14992,0.111581
1.14993,0.111592
1.14995,0.111602
1.14996,0.111612
1.14997,0.111622
1.14999,0.111632
1.15,0.111643
1.15001,0.111653
1.15003,0.111663
1.15004,0.111673
1.15005,0.111684
1.15006,0.111694
1.15008,0.111704
1.15009,0.111714
1.1501,0.111724
1.15012,0.111735
1.15013,0.111745
1.15014,0.111755
1.15016,0.111765
1.15017,0.111775
1.15018,0.111786
1.15019,0.111796
1.15021,0.111806
1.15022,0.111816
1.15023,0.111826
1.15025,0.111837
1.15026,0.111847
1.15027,0.111857
1.15029,0.111867
1.1503,0.111877
1.15031,0.111888
1.15032,0.111898
1.15034,0.111908
1.15035,0.111918
1.15036,0.111928
1.15038,0.111939
1.15039,0.111949
1.1504,0.111959
1.15042,0.111969
1.15043,0.111979
1.15044,0.11199
1.15046,0.112
1.15047,0.11201
1.15048,0.11202
1.15049,0.11203
1.15051,0.112041
1.15052,0.112051
1.15053,0.112061
1.15055,0.112071
1.15056,0.112082
1.15057,0.112092
1.15059,0.112102
1.1506,0.112112
1.15061,0.112122
1.15062,0.112133
1.15064,0.112143
1.15065,0.112153
1.15066,0.112163
1.15068,0.112173
1.15069,0.112184
1.1507,0.112194
1.15072,0.112204
1.15073,0.112214
1.15074,0.112224
1.15075,0.112235
1.15077,0.112245
1.15078,0.112255
1.15079,0.112265
1.15081,0.112275
1.15082,0.112286
1.15083,0.112296
1.15085,0.112306
1.15086,0.112316
1.15087,0.112326
1.15088,0.112337
1.1509,0.112347
1.15091,0.112357
1.15092,0.112367
1.15094,0.112377
1.15095,0.112388
1.15096,0.112398
1.15098,0.112408
1.15099,0.112418
1.151,0.112428
1.15101,0.112439
1.15103,0.112449
1.15104,0.112459
1.15105,0.112469
1.15107,0.112479
1.15108,0.11249
1.15109,0.1125
1.15111,0.11251
1.15112,0.11252
1.15113,0.112531
1.15114,0.112541
1.15116,0.112551
1.15117,0.112561
1.15118,0.112571
1.1512,0.112582
1.15121,0.112592
1.15122,0.112602
1.15124,0.112612
1.15125,0.112622
1.15126,0.112633
1.15127,0.112643
1.15129,0.112653
1.1513,0.112663
1.15131,0.112673
1.15133,0.112684
1.15134,0.112694
1.15135,0.112704
1.15137,0.112714
1.15138,0.112724
1.15139,0.112735
1.1514,0.112745
1.15142,0.112755
1.15143,0.112765
1.15144,0.112775
1.15146,0.112786
1.15147,0.112796
1.15148,0.112806
1.15149,0.112816
1.15151,0.112826
1.15152,0.112837
1.15153,0.112847
1.15155,0.112857
1.15156,0.112867
1.15157,0.112877
1.15159,0.112888
1.1516,0.112898
1.15161,0.112908
1.15162,0.112918
1.15164,0.112928
1.15165,0.112939
1.15166,0.112949
1.15168,0.112959
1.15169,0.112969
1.1517,0.11298
1.15172,0.11299
1.15173,0.113
1.15174,0.11301
1.15175,0.11302
1.15177,0.113031
1.15178,0.113041
1.15179,0.113051
1.15181,0.113061
1.15182,0.113071
1.15183,0.113082
1.15184,0.113092
1.15186,0.113102
1.15187,0.113112
1.15188,0.113122
1.1519,0.113133
1.15191,0.113143
1.15192,0.113153
1.15194,0.113163
1.15195,0.113173
1.15196,0.113184
1.15197,0.113194
1.15199,0.113204
1.152,0.113214
1.15201,0.113224
1.15203,0.113235
1.15204,0.113245
1.15205,0.113255
1.15206,0.113265
1.15208,0.113275
1.15209,0.113286
1.1521,0.113296
1.15212,0.113306
1.15213,0.113316
1.15214,0.113326
1.15216,0.113337
1.15217,0.113347
1.15218,0.113357
1.15219,0.113367
1.15221,0.113378
1.15222,0.113388
1.15223,0.113398
1.15225,0.113408
1.15226,0.113418
1.15227,0.113429
1.15228,0.113439
1.1523,0.113449
1.15231,0.113459
1.15232,0.113469
1.15234,0.11348
1.15235,0.11349
1.15236,0.1135
1.15238,0.11351
1.15239,0.11352
1.1524,0.113531
1.15241,0.113541
1.15243,0.113551
1.15244,0.113561
1.15245,0.113571
1.15247,0.113582
1.15248,0.113592
1.15249,0.113602
1.1525,0.113612
1.15252,0.113622
1.15253,0.113633
1.15254,0.113643
1.15256,0.113653
1.15257,0.113663
1.15258,0.113673
1.1526,0.113684
1.15261,0.113694
1.15262,0.113704
1.15263,0.113714
1.15265,0.113724
1.15266,0.113735
1.15267,0.113745
1.15269,0.113755
1.1527,0.113765
1.15271,0.113775
1.15272,0.113786
1.15274,0.113796
1.15275,0.113806
1.15276,0.113816
1.15278,0.113827
1.15279,0.113837
1.1528,0.113847
1.15281,0.113857
1.15283,0.113867
1.15284,0.113878
1.15285,0.113888
1.15287,0.113898
1.15288,0.113908
1.15289,0.113918
1.1529,0.113929
1.15292,0.113939
1.15293,0.113949
1.15294,0.113959
1.15296,0.113969
1.15297,0.11398
1.15298,0.11399
1.153,0.114
1.15301,0.11401
1.15302,0.11402
1.15303,0.114031
1.15305,0.114041
1.15306,0.114051
1.15307,0.114061
1.15309,0.114071
1.1531,0.114082
1.15311,0.114092
1.15312,0.114102
1.15314,0.114112
1.15315,0.114122
1.15316,0.114133
1.15318,0.114143
1.15319,0.114153
1.1532,0.114163
1.15321,0.114173
1.15323,0.114184
1.15324,0.114194
1.15325,0.114204
1.15327,0.114214
1.15328,0.114224
1.15329,0.114235
1.1533,0.114245
1.15332,0.114255
1.15333,0.114265
1.15334,0.114276
1.15336,0.114286
1.15337,0.114296
1.15338,0.114306
1.15339,0.114316
1.15341,0.114327
1.15342,0.114337
1.15343,0.114347
1.15345,0.114357
1.15346,0.114367
1.15347,0.114378
1.15349,0.114388
1.1535,0.114398
1.15351,0.114408
1.15352,0.114418
1.15354,0.114429
1.15355,0.114439
1.15356,0.114449
1.15358,0.114459
1.15359,0.114469
1.1536,0.11448
1.15361,0.11449
1.15363,0.1145
1.15364,0.11451
1.15365,0.11452
1.15367,0.114531
1.15368,0.114541
1.15369,0.114551
1.1537,0.114561
1.15372,0.114571
1.15373,0.114582
1.15374,0.114592
1.15376,0.114602
1.15377,0.114612
1.15378,0.114622
1.15379,0.114633
1.15381,0.114643
1.15382,0.114653
1.15383,0.114663
1.15385,0.114673
1.15386,0.114684
1.15387,0.114694
1.15388,0.114704
1.1539,0.114714
1.15391,0.114725
1.15392,0.114735
1.15394,0.114745
1.15395,0.114755
1.15396,0.114765
1.15397,0.114776
1.15399,0.114786
1.154,0.114796
1.15401,0.114806
1.15403,0.114816
1.15404,0.114827
1.15405,0.114837
1.15406,0.114847
1.15408,0.114857
1.15409,0.114867
1.1541,0.114878
1.15412,0.114888
1.15413,0.114898
1.15414,0.114908
1.15415,0.114918
1.15417,0.114929
1.15418,0.114939
1.15419,0.114949
1.15421,0.114959
1.15422,0.114969
1.15423,0.11498
1.15424,0.11499
1.15426,0.115
1.15427,0.11501
1.15428,0.11502
1.1543,0.115031
1.15431,0.115041
1.15432,0.115051
1.15433,0.115061
1.15435,0.115071
1.15436,0.115082
1.15437,0.115092
1.15438,0.115102
1.1544,0.115112
1.15441,0.115122
1.15442,0.115133
1.15444,0.115143
1.15445,0.115153
1.15446,0.115163
1.15447,0.115174
1.15449,0.115184
1.1545,0.115194
1.15451,0.115204
1.15453,0.115214
1.15454,0.115225
1.15455,0.115235
1.15456,0.115245
1.15458,0.115255
1.15459,0.115265
1.1546,0.115276
1.15462,0.115286
1.15463,0.115296
1.15464,0.115306
1.15465,0.115316
1.15467,0.115327
1.15468,0.115337
1.15469,0.115347
1.15471,0.115357
1.15472,0.115367
1.15473,0.115378
1.15474,0.115388
1.15476,0.115398
1.15477,0.115408
1.15478,0.115418
1.1548,0.115429
1.15481,0.115439
1.15482,0.115449
1.15483,0.115459
1.15485,0.115469
1.15486,0.11548
1.15487,0.11549
1.15489,0.1155
1.1549,0.11551
1.15491,0.11552
1.15492,0.115531
1.15494,0.115541
1.15495,0.115551
1.15496,0.115561
1.15497,0.115572
1.15499,0.115582
1.155,0.115592
1.15501,0.115602
1.15503,0.115612
1.15504,0.115623
1.15505,0.115633
1.15506,0.115643
1.15508,0.115653
1.15509,0.115663
1.1551,0.115674
1.15512,0.115684
1.15513,0.115694
1.15514,0.115704
1.15515,0.115714
1.15517,0.115725
1.15518,0.115735
1.15519,0.115745
1.15521,0.115755
1.15522,0.115765
1.15523,0.115776
1.15524,0.115786
1.15526,0.115796
1.15527,0.115806
1.15528,0.115816
1.15529,0.115827
1.15531,0.115837
1.15532,0.115847
1.15533,0.115857
1.15535,0.115867
1.15536,0.115878
1.15537,0.115888
1.15538,0.115898
1.1554,0.115908
1.15541,0.115918
1.15542,0.115929
1.15544,0.115939
1.15545,0.115949
1.15546,0.115959
1.15547,0.115969
1.15549,0.11598
1.1555,0.11599
1.15551,0.116
1.15552,0.11601
1.15554,0.116021
1.15555,0.116031
1.15556,0.116041
1.15558,0.116051
1.15559,0.116061
1.1556,0.116072
1.15561,0.116082
1.15563,0.116092
1.15564,0.116102
1.15565,0.116112
1.15567,0.116123
1.15568,0.116133
1.15569,0.116143
1.1557,0.116153
1.15572,0.116163
1.15573,0.116174
1.15574,0.116184
1.15575,0.116194
1.15577,0.116204
1.15578,0.116214
1.15579,0.116225
1.15581,0.116235
1.15582,0.116245
1.15583,0.116255
1.15584,0.116265
1.15586,0.116276
1.15587,0.116286
1.15588,0.116296
1.1559,0.116306
1.15591,0.116316
1.15592,0.116327
1.15593,0.116337
1.15595,0.116347
1.15596,0.116357
1.15597,0.116367
1.15598,0.116378
1.156,0.116388
1.15601,0.116398
1.15602,0.116408
1.15604,0.116418
1.15605,0.116429
1.15606,0.116439
1.15607,0.116449
1.15609,0.116459
1.1561,0.11647
1.15611,0.11648
1.15613,0.11649
1.15614,0.1165
1.15615,0.11651
1.15616,0.116521
1.15618,0.116531
1.15619,0.116541
1.1562,0.116551
1.15621,0.116561
1.15623,0.116572
1.15624,0.116582
1.15625,0.116592
1.15627,0.116602
1.15628,0.116612
1.15629,0.116623
1.1563,0.116633
1.15632,0.116643
1.15633,0.116653
1.15634,0.116663
1.15635,0.116674
1.15637,0.116684
1.15638,0.116694
1.15639,0.116704
1.15641,0.116714
1.15642,0.116725
1.15643,0.116735
1.15644,0.116745
1.15646,0.116755
1.15647,0.116765
1.15648,0.116776
1.15649,0.116786
1.15651,0.116796
1.15652,0.116806
1.15653,0.116816
1.15655,0.116827
1.15656,0.116837
1.15657,0.116847
1.15658,0.116857
1.1566,0.116867
1.15661,0.116878
1.15662,0.116888
1.15663,0.116898
1.15665,0.116908
1.15666,0.116919
1.15667,0.116929
1.15669,0.116939
1.1567,0.116949
1.15671,0.116959
1.15672,0.11697
1.15674,0.11698
1.15675,0.11699
1.15676,0.117
1.15677,0.11701
1.15679,0.117021
1.1568,0.117031
1.15681,0.117041
1.15683,0.117051
1.15684,0.117061
1.15685,0.117072
1.15686,0.117082
1.15688,0.117092
1.15689,0.117102
1.1569,0.117112
1.15691,0.117123
1.15693,0.117133
1.15694,0.117143
1.15695,0.117153
1.15697,0.117163
1.15698,0.117174
1.15699,0.117184
1.157,0.117194
1.15702,0.117204
1.15703,0.117214
1.15704,0.117225
1.15705,0.117235
1.15707,0.117245
1.15708,0.117255
1.15709,0.117265
1.15711,0.117276
1.15712,0.117286
1.15713,0.117296
1.15714,0.117306
1.15716,0.117316
1.15717,0.117327
1.15718,0.117337
1.15719,0.117347
1.15721,0.117357
1.15722,0.117368
1.15723,0.117378
1.15725,0.117388
1.15726,0.117398
1.15727,0.117408
1.15728,0.117419
1.1573,0.117429
1.15731,0.117439
1.15732,0.117449
1.15733,0.117459
1.15735,0.11747
1.15736,0.11748
1.15737,0.11749
1.15738,0.1175
1.1574,0.11751
1.15741,0.117521
1.15742,0.117531
1.15744,0.117541
1.15745,0.117551
1.15746,0.117561
1.15747,0.117572
1.15749,0.117582
1.1575,0.117592
1.15751,0.117602
1.15752,0.117612
1.15754,0.117623
1.15755,0.117633
1.15756,0.117643
1.15758,0.117653
1.15759,0.117663
1.1576,0.117674
1.15761,0.117684
1.15763,0.117694
1.15764,0.117704
1.15765,0.117714
1.15766,0.117725
1.15768,0.117735
1.15769,0.117745
1.1577,0.117755
1.15771,0.117766
1.15773,0.117776
1.15774,0.117786
1.15775,0.117796
1.15777,0.117806
1.15778,0.117817
1.15779,0.117827
1.1578,0.117837
1.15782,0.117847
1.15783,0.117857
1.15784,0.117868
1.15785,0.117878
1.15787,0.117888
1.15788,0.117898
1.15789,0.117908
1.15791,0.117919
1.15792,0.117929
1.15793,0.117939
1.15794,0.117949
1.15796,0.117959
1.15797,0.11797
1.15798,0.11798
1.15799,0.11799
1.15801,0.118
1.15802,0.11801
1.15803,0.118021
1.15804,0.118031
1.15806,0.118041
1.15807,0.118051
1.15808,0.118061
1.1581,0.118072
1.15811,0.118082
1.15812,0.118092
1.15813,0.118102
1.15815,0.118112
1.15816,0.118123
1.15817,0.118133
1.15818,0.118143
1.1582,0.118153
1.15821,0.118163
1.15822,0.118174
1.15823,0.118184
1.15825,0.118194
1.15826,0.118204
1.15827,0.118215
1.15828,0.118225
1.1583,0.118235
1.15831,0.118245
1.15832,0.118255
1.15834,0.118266
1.15835,0.118276
1.15836,0.118286
1.15837,0.118296
1.15839,0.118306
1.1584,0.118317
1.15841,0.118327
1.15842,0.118337
1.15844,0.118347
1.15845,0.118357
1.15846,0.118368
1.15847,0.118378
1.15849,0.118388
1.1585,0.118398
1.15851,0.118408
1.15853,0.118419
1.15854,0.118429
1.15855,0.118439
1.15856,0.118449
1.15858,0.118459
1.15859,0.11847
1.1586,0.11848
1.15861,0.11849
1.15863,0.1185
1.15864,0.11851
1.15865,0.118521
1.15866,0.118531
1.15868,0.118541
1.15869,0.118551
1.1587,0.118561
1.15871,0.118572
1.15873,0.118582
1.15874,0.118592
1.15875,0.118602
1.15877,0.118612
1.15878,0.118623
1.15879,0.118633
1.1588,0.118643
1.15882,0.118653
1.15883,0.118664
1.15884,0.118674
1.15885,0.118684
1.15887,0.118694
1.15888,0.118704
1.15889,0.118715
1.1589,0.118725
1.15892,0.118735
1.15893,0.118745
1.15894,0.118755
1.15895,0.118766
1.15897,0.118776
1.15898,0.118786
1.15899,0.118796
1.15901,0.118806
1.15902,0.118817
1.15903,0.118827
1.15904,0.118837
1.15906,0.118847
1.15907,0.118857
1.15908,0.118868
1.15909,0.118878
1.15911,0.118888
1.15912,0.118898
1.15913,0.118908
1.15914,0.118919
1.15916,0.118929
1.15917,0.118939
1.15918,0.118949
1.15919,0.118959
1.15921,0.11897
1.15922,0.11898
1.15923,0.11899
1.15925,0.119
1.15926,0.11901
1.15927,0.119021
1.15928,0.119031
1.1593,0.119041
1.15931,0.119051
1.15932,0.119061
1.15933,0.119072
1.15935,0.119082
1.15936,0.119092
1.15937,0.119102
1.15938,0.119113
1.1594,0.119123
1.15941,0.119133
1.15942,0.119143
1.15943,0.119153
1.15945,0.119164
1.15946,0.119174
1.15947,0.119184
1.15948,0.119194
1.1595,0.119204
1.15951,0.119215
1.15952,0.119225
1.15954,0.119235
1.15955,0.119245
1.15956,0.119255
1.15957,0.119266
1.15959,0.119276
1.1596,0.119286
1.15961,0.119296
1.15962,0.119306
1.15964,0.119317
1.15965,0.119327
1.15966,0.119337
1.15967,0.119347
1.15969,0.119357
1.1597,0.119368
1.15971,0.119378
1.15972,0.119388
1.15974,0.119398
1.15975,0.119408
1.15976,0.119419
1.15977,0.119429
1.15979,0.119439
1.1598,0.119449
1.15981,0.119459
1.15982,0.11947
1.15984,0.11948
1.15985,0.11949
1.15986,0.1195
1.15988,0.11951
1.15989,0.119521
1.1599,0.119531
1.15991,0.119541
1.15993,0.119551
1.15994,0.119562
1.15995,0.119572
1.15996,0.119582
1.15998,0.119592
1.15999,0.119602
1.16,0.119613
1.16001,0.119623
1.16003,0.119633
1.16004,0.119643
1.16005,0.119653
1.16006,0.119664
1.16008,0.119674
1.16009,0.119684
1.1601,0.119694
1.16011,0.119704
1.16013,0.119715
1.16014,0.119725
1.16015,0.119735
1.16016,0.119745
1.16018,0.119755
1.16019,0.119766
1.1602,0.119776
1.16021,0.119786
1.16023,0.119796
1.16024,0.119806
1.16025,0.119817
1.16027,0.119827
1.16028,0.119837
1.16029,0.119847
1.1603,0.119857
1.16032,0.119868
1.16033,0.119878
1.16034,0.119888
1.16035,0.119898
1.16037,0.119908
1.16038,0.119919
1.16039,0.119929
1.1604,0.119939
1.16042,0.119949
1.16043,0.119959
1.16044,0.11997
1.16045,0.11998
1.16047,0.11999
1.16048,0.12
1.16049,0.120011
1.1605,0.120021
1.16052,0.120031
1.16053,0.120041
1.16054,0.120051
1.16055,0.120062
1.16057,0.120072
1.16058,0.120082
1.16059,0.120092
1.1606,0.120102
1.16062,0.120113
1.16063,0.120123
1.16064,0.120133
1.16065,0.120143
1.16067,0.120153
1.16068,0.120164
1.16069,0.120174
1.1607,0.120184
1.16072,0.120194
1.16073,0.120204
1.16074,0.120215
1.16075,0.120225
1.16077,0.120235
1.16078,0.120245
1.16079,0.120255
1.16081,0.120266
1.16082,0.120276
1.16083,0.120286
1.16084,0.120296
1.16086,0.120306
1.16087,0.120317
1.16088,0.120327
1.16089,0.120337
1.16091,0.120347
1.16092,0.120357
1.16093,0.120368
1.16094,0.120378
1.16096,0.120388
1.16097,0.120398
1.16098,0.120408
1.16099,0.120419
1.16101,0.120429
1.16102,0.120439
1.16103,0.120449
1.16104,0.12046
1.16106,0.12047
1.16107,0.12048
1.16108,0.12049
1.16109,0.1205
1.16111,0.120511
1.16112,0.120521
1.16113,0.120531
1.16114,0.120541
1.16116,0.120551
1.16117,0.120562
1.16118,0.120572
1.16119,0.120582
1.16121,0.120592
1.16122,0.120602
1.16123,0.120613
1.16124,0.120623
1.16126,0.120633
1.16127,0.120643
1.16128,0.120653
1.16129,0.120664
1.16131,0.120674
1.16132,0.120684
1.16133,0.120694
1.16134,0.120704
1.16136,0.120715
1.16137,0.120725
1.16138,0.120735
1.16139,0.120745
1.16141,0.120755
1.16142,0.120766
1.16143,0.120776
1.16144,0.120786
1.16146,0.120796
1.16147,0.120806
1.16148,0.120817
1.16149,0.120827
1.16151,0.120837
1.16152,0.120847
1.16153,0.120857
1.16154,0.120868
1.16156,0.120878
1.16157,0.120888
1.16158,0.120898
1.16159,0.120909
1.16161,0.120919
1.16162,0.120929
1.16163,0.120939
1.16164,0.120949
1.16166,0.12096
1.16167,0.12097
1.16168,0.12098
1.16169,0.12099
1.16171,0.121
1.16172,0.121011
1.16173,0.121021
1.16174,0.121031
1.16176,0.121041
1.16177,0.121051
1.16178,0.121062
1.16179,0.121072
1.16181,0.121082
1.16182,0.121092
1.16183,0.121102
1.16184,0.121113
1.16186,0.121123
1.16187,0.121133
1.16188,0.121143
1.16189,0.121153
1.16191,0.121164
1.16192,0.121174
1.16193,0.121184
1.16194,0.121194
1.16196,0.121204
1.16197,0.121215
1.16198,0.121225
1.16199,0.121235
1.16201,0.121245
1.16202,0.121255
1.16203,0.121266
1.16204,0.121276
1.16206,0.121286
1.16207,0.121296
1.16208,0.121307
1.16209,0.121317
1.16211,0.121327
1.16212,0.121337
1.16213,0.121347
1.16214,0.121358
1.16216,0.121368
1.16217,0.121378
1.16218,0.121388
1.16219,0.121398
1.16221,0.121409
1.16222,0.121419
1.16223,0.121429
1.16224,0.121439
1.16226,0.121449
1.16227,0.12146
1.16228,0.12147
1.16229,0.12148
1.16231,0.12149
1.16232,0.1215
1.16233,0.121511
1.16234,0.121521
1.16236,0.121531
1.16237,0.121541
1.16238,0.121551
1.16239,0.121562
1.16241,0.121572
1.16242,0.121582
1.16243,0.121592
1.16244,0.121602
1.16246,0.121613
1.16247,0.121623
1.16248,0.121633
1.16249,0.121643
1.16251,0.121653
1.16252,0.121664
1.16253,0.121674
1.16254,0.121684
1.16256,0.121694
1.16257,0.121704
1.16258,0.121715
1.16259,0.121725
1.16261,0.121735
1.16262,0.121745
1.16263,0.121756
1.16264,0.121766
1.16266,0.121776
1.16267,0.121786
1.16268,0.121796
1.16269,0.121807
1.16271,0.121817
1.16272,0.121827
1.16273,0.121837
1.16274,0.121847
1.16276,0.121858
1.16277,0.121868
1.16278,0.121878
1.16279,0.121888
1.16281,0.121898
1.16282,0.121909
1.16283,0.121919
1.16284,0.121929
1.16286,0.121939
1.16287,0.121949
1.16288,0.12196
1.16289,0.12197
1.1629,0.12198
1.16292,0.12199
1.16293,0.122
1.16294,0.122011
1.16295,0.122021
1.16297,0.122031
1.16298,0.122041
1.16299,0.122051
1.163,0.122062
1.16302,0.122072
1.16303,0.122082
1.16304,0.122092
1.16305,0.122102
1.16307,0.122113
1.16308,0.122123
1.16309,0.122133
1.1631,0.122143
1.16312,0.122153
1.16313,0.122164
1.16314,0.122174
1.16315,0.122184
1.16317,0.122194
1.16318,0.122205
1.16319,0.122215
1.1632,0.122225
1.16322,0.122235
1.16323,0.122245
1.16324,0.122256
1.16325,0.122266
1.16327,0.122276
1.16328,0.122286
1.16329,0.122296
1.1633,0.122307
1.16332,0.122317
1.16333,0.122327
1.16334,0.122337
1.16335,0.122347
1.16337,0.122358
1.16338,0.122368
1.16339,0.122378
1.1634,0.122388
1.16341,0.122398
1.16343,0.122409
1.16344,0.122419
1.16345,0.122429
1.16346,0.122439
1.16348,0.122449
1.16349,0.12246
1.1635,0.12247
1.16351,0.12248
1.16353,0.12249
1.16354,0.1225
1.16355,0.122511
1.16356,0.122521
1.16358,0.122531
1.16359,0.122541
1.1636,0.122551
1.16361,0.122562
1.16363,0.122572
1.16364,0.122582
1.16365,0.122592
1.16366,0.122602
1.16368,0.122613
1.16369,0.122623
1.1637,0.122633
1.16371,0.122643
1.16373,0.122654
1.16374,0.122664
1.16375,0.122674
1.16376,0.122684
1.16378,0.122694
1.16379,0.122705
1.1638,0.122715
1.16381,0.122725
1.16382,0.122735
1.16384,0.122745
1.16385,0.122756
1.16386,0.122766
1.16387,0.122776
1.16389,0.122786
1.1639,0.122796
1.16391,0.122807
1.16392,0.122817
1.16394,0.122827
1.16395,0.122837
1.16396,0.122847
1.16397,0.122858
1.16399,0.122868
1.164,0.122878
1.16401,0.122888
1.16402,0.122898
1.16404,0.122909
1.16405,0.122919
1.16406,0.122929
1.16407,0.122939
1.16409,0.122949
1.1641,0.12296
1.16411,0.12297
1.16412,0.12298
1.16414,0.12299
1.16415,0.123
1.16416,0.123011
1.16417,0.123021
1.16418,0.123031
1.1642,0.123041
1.16421,0.123051
1.16422,0.123062
1.16423,0.123072
1.16425,0.123082
1.16426,0.123092
1.16427,0.123103
1.16428,0.123113
1.1643,0.123123
1.16431,0.123133
1.16432,0.123143
1.16433,0.123154
1.16435,0.123164
1.16436,0.123174
1.16437,0.123184
1.16438,0.123194
1.1644,0.123205
1.16441,0.123215
1.16442,0.123225
1.16443,0.123235
1.16444,0.123245
1.16446,0.123256
1.16447,0.123266
1.16448,0.123276
1.16449,0.123286
1.16451,0.123296
1.16452,0.123307
1.16453,0.123317
1.16454,0.123327
1.16456,0.123337
1.16457,0.123347
1.16458,0.123358
1.16459,0.123368
1.16461,0.123378
1.16462,0.123388
1.16463,0.123398
1.16464,0.123409
1.16466,0.123419
1.16467,0.123429
1.16468,0.123439
1.16469,0.123449
1.1647,0.12346
1.16472,0.12347
1.16473,0.12348
1.16474,0.12349
1.16475,0.1235
1.16477,0.123511
1.16478,0.123521
1.16479,0.123531
1.1648,0.123541
1.16482,0.123552
1.16483,0.123562
1.16484,0.123572
1.16485,0.123582
1.16487,0.123592
1.16488,0.123603
1.16489,0.123613
1.1649,0.123623
1.16492,0.123633
1.16493,0.123643
1.16494,0.123654
1.16495,0.123664
1.16496,0.123674
1.16498,0.123684
1.16499,0.123694
1.165,0.123705
1.16501,0.123715
1.16503,0.123725
1.16504,0.123735
1.16505,0.123745
1.16506,0.123756
1.16508,0.123766
1.16509,0.123776
1.1651,0.123786
1.16511,0.123796
1.16513,0.123807
1.16514,0.123817
1.16515,0.123827
1.16516,0.123837
1.16517,0.123847
1.16519,0.123858
1.1652,0.123868
1.16521,0.123878
1.16522,0.123888
1.16524,0.123898
1.16525,0.123909
1.16526,0.123919
1.16527,0.123929
1.16529,0.123939
1.1653,0.123949
1.16531,0.12396
1.16532,0.12397
1.16534,0.12398
1.16535,0.12399
1.16536,0.124001
1.16537,0.124011
1.16538,0.124021
1.1654,0.124031
1.16541,0.124041
1.16542,0.124052
1.16543,0.124062
1.16545,0.124072
1.16546,0.124082
1.16547,0.124092
1.16548,0.124103
1.1655,0.124113
1.16551,0.124123
1.16552,0.124133
1.16553,0.124143
1.16555,0.124154
1.16556,0.124164
1.16557,0.124174
1.16558,0.124184
1.16559,0.124194
1.16561,0.124205
1.16562,0.124215
1.16563,0.124225
1.16564,0.124235
1.16566,0.124245
1.16567,0.124256
1.16568,0.124266
1.16569,0.124276
1.16571,0.124286
1.16572,0.124296
1.16573,0.124307
1.16574,0.124317
1.16575,0.124327
1.16577,0.124337
1.16578,0.124347
1.16579,0.124358
1.1658,0.124368
1.16582,0.124378
1.16583,0.124388
1.16584,0.124398
1.16585,0.124409
1.16587,0.124419
1.16588,0.124429
1.16589,0.124439
1.1659,0.12445
1.16592,0.12446
1.16593,0.12447
1.16594,0.12448
1.16595,0.12449
1.16596,0.124501
1.16598,0.124511
1.16599,0.124521
1.166,0.124531
1.16601,0.124541
1.16603,0.124552
1.16604,0.124562
1.16605,0.124572
1.16606,0.124582
1.16608,0.124592
1.16609,0.124603
1.1661,0.124613
1.16611,0.124623
1.16612,0.124633
1.16614,0.124643
1.16615,0.124654
1.16616,0.124664
1.16617,0.124674
1.16619,0.124684
1.1662,0.124694
1.16621,0.124705
1.16622,0.124715
1.16624,0.124725
1.16625,0.124735
1.16626,0.124745
1.16627,0.124756
1.16628,0.124766
1.1663,0.124776
1.16631,0.124786
1.16632,0.124796
1.16633,0.124807
1.16635,0.124817
1.16636,0.124827
1.16637,0.124837
1.16638,0.124847
1.1664,0.124858
1.16641,0.124868
1.16642,0.124878
1.16643,0.124888
1.16644,0.124899
1.16646,0.124909
1.16647,0.124919
1.16648,0.124929
1.16649,0.124939
1.16651,0.12495
1.16652,0.12496
1.16653,0.12497
1.16654,0.12498
1.16656,0.12499
1.16657,0.125001
1.16658,0.125011
1.16659,0.125021
1.1666,0.125031
1.16662,0.125041
1.16663,0.125052
1.16664,0.125062
1.16665,0.125072
1.16667,0.125082
1.16668,0.125092
1.16669,0.125103
1.1667,0.125113
1.16672,0.125123
1.16673,0.125133
1.16674,0.125143
1.16675,0.125154
1.16676,0.125164
1.16678,0.125174
1.16679,0.125184
1.1668,0.125194
1.16681,0.125205
1.16683,0.125215
1.16684,0.125225
1.16685,0.125235
1.16686,0.125245
1.16687,0.125256
1.16689,0.125266
1.1669,0.125276
1.16691,0.125286
1.16692,0.125296
1.16694,0.125307
1.16695,0.125317
1.16696,0.125327
1.16697,0.125337
1.16699,0.125348
1.167,0.125358
1.16701,0.125368
1.16702,0.125378
1.16703,0.125388
1.16705,0.125399
1.16706,0.125409
1.16707,0.125419
1.16708,0.125429
1.1671,0.125439
1.16711,0.12545
1.16712,0.12546
1.16713,0.12547
1.16715,0.12548
1.16716,0.12549
1.16717,0.125501
1.16718,0.125511
1.16719,0.125521
1.16721,0.125531
1.16722,0.125541
1.16723,0.125552
1.16724,0.125562
1.16726,0.125572
1.16727,0.125582
1.16728,0.125592
1.16729,0.125603
1.1673,0.125613
1.16732,0.125623
1.16733,0.125633
1.16734,0.125643
1.16735,0.125654
1.16737,0.125664
1.16738,0.125674
1.16739,0.125684
1.1674,0.125694
1.16741,0.125705
1.16743,0.125715
1.16744,0.125725
1.16745,0.125735
1.16746,0.125745
1.16748,0.125756
1.16749,0.125766
1.1675,0.125776
1.16751,0.125786
1.16753,0.125797
1.16754,0.125807
1.16755,0.125817
1.16756,0.125827
1.16757,0.125837
1.16759,0.125848
1.1676,0.125858
1.16761,0.125868
1.16762,0.125878
1.16764,0.125888
1.16765,0.125899
1.16766,0.125909
1.16767,0.125919
1.16768,0.125929
1.1677,0.125939
1.16771,0.12595
1.16772,0.12596
1.16773,0.12597
1.16775,0.12598
1.16776,0.12599
1.16777,0.126001
1.16778,0.126011
1.16779,0.126021
1.16781,0.126031
1.16782,0.126041
1.16783,0.126052
1.16784,0.126062
1.16786,0.126072
1.16787,0.126082
1.16788,0.126092
1.16789,0.126103
1.16791,0.126113
1.16792,0.126123
1.16793,0.126133
1.16794,0.126143
1.16795,0.126154
1.16797,0.126164
1.16798,0.126174
1.16799,0.126184
1.168,0.126194
1.16802,0.126205
1.16803,0.126215
1.16804,0.126225
1.16805,0.126235
1.16806,0.126246
1.16808,0.126256
1.16809,0.126266
1.1681,0.126276
1.16811,0.126286
1.16813,0.126297
1.16814,0.126307
1.16815,0.126317
1.16816,0.126327
1.16817,0.126337
1.16819,0.126348
1.1682,0.126358
1.16821,0.126368
1.16822,0.126378
1.16824,0.126388
1.16825,0.126399
1.16826,0.126409
1.16827,0.126419
1.16828,0.126429
1.1683,0.126439
1.16831,0.12645
1.16832,0.12646
1.16833,0.12647
1.16835,0.12648
1.16836,0.12649
1.16837,0.126501
1.16838,0.126511
1.16839,0.126521
1.16841,0.126531
1.16842,0.126541
1.16843,0.126552
1.16844,0.126562
1.16846,0.126572
1.16847,0.126582
1.16848,0.126592
1.16849,0.126603
1.1685,0.126613
1.16852,0.126623
1.16853,0.126633
1.16854,0.126643
1.16855,0.126654
1.16857,0.126664
1.16858,0.126674
1.16859,0.126684
1.1686,0.126695
1.16861,0.126705
1.16863,0.126715
1.16864,0.126725
1.16865,0.126735
1.16866,0.126746
1.16868,0.126756
1.16869,0.126766
1.1687,0.126776
1.16871,0.126786
1.16872,0.126797
1.16874,0.126807
1.16875,0.126817
1.16876,0.126827
1.16877,0.126837
1.16879,0.126848
1.1688,0.126858
1.16881,0.126868
1.16882,0.126878
1.16883,0.126888
1.16885,0.126899
1.16886,0.126909
1.16887,0.126919
1.16888,0.126929
1.16889,0.126939
1.16891,0.12695
1.16892,0.12696
1.16893,0.12697
1.16894,0.12698
1.16896,0.12699
1.16897,0.127001
1.16898,0.127011
1.16899,0.127021
1.169,0.127031
1.16902,0.127041
1.16903,0.127052
1.16904,0.127062
1.16905,0.127072
1.16907,0.127082
1.16908,0.127092
1.16909,0.127103
1.1691,0.127113
1.16911,0.127123
1.16913,0.127133
1.16914,0.127144
1.16915,0.127154
1.16916,0.127164
1.16918,0.127174
1.16919,0.127184
1.1692,0.127195
1.16921,0.127205
1.16922,0.127215
1.16924,0.127225
1.16925,0.127235
1.16926,0.127246
1.16927,0.127256
1.16929,0.127266
1.1693,0.127276
1.16931,0.127286
1.16932,0.127297
1.16933,0.127307
1.16935,0.127317
1.16936,0.127327
1.16937,0.127337
1.16938,0.127348
1.16939,0.127358
1.16941,0.127368
1.16942,0.127378
1.16943,0.127388
1.16944,0.127399
1.16946,0.127409
1.16947,0.127419
1.16948,0.127429
1.16949,0.127439
1.1695,0.12745
1.16952,0.12746
1.16953,0.12747
1.16954,0.12748
1.16955,0.12749
1.16957,0.127501
1.16958,0.127511
1.16959,0.127521
1.1696,0.127531
1.16961,0.127541
1.16963,0.127552
1.16964,0.127562
1.16965,0.127572
1.16966,0.127582
1.16967,0.127593
1.16969,0.127603
1.1697,0.127613
1.16971,0.127623
1.16972,0.127633
1.16974,0.127644
1.16975,0.127654
1.16976,0.127664
1.16977,0.127674
1.16978,0.127684
1.1698,0.127695
1.16981,0.127705
1.16982,0.127715
1.16983,0.127725
1.16985,0.127735
1.16986,0.127746
1.16987,0.127756
1.16988,0.127766
1.16989,0.127776
1.16991,0.127786
1.16992,0.127797
1.16993,0.127807
1.16994,0.127817
1.16995,0.127827
1.16997,0.127837
1.16998,0.127848
1.16999,0.127858
1.17,0.127868
1.17002,0.127878
1.17003,0.127888
1.17004,0.127899
1.17005,0.127909
1.17006,0.127919
1.17008,0.127929
1.17009,0.127939
1.1701,0.12795
1.17011,0.12796
1.17012,0.12797
1.17014,0.12798
1.17015,0.12799
1.17016,0.128001
1.17017,0.128011
1.17019,0.128021
1.1702,0.128031
1.17021,0.128042
1.17022,0.128052
1.17023,0.128062
1.17025,0.128072
1.17026,0.128082
1.17027,0.128093
1.17028,0.128103
1.17029,0.128113
1.17031,0.128123
1.17032,0.128133
1.17033,0.128144
1.17034,0.128154
1.17036,0.128164
1.17037,0.128174
1.17038,0.128184
1.17039,0.128195
1.1704,0.128205
1.17042,0.128215
1.17043,0.128225
1.17044,0.128235
1.17045,0.128246
1.17046,0.128256
1.17048,0.128266
1.17049,0.128276
1.1705,0.128286
1.17051,0.128297
1.17053,0.128307
1.17054,0.128317
1.17055,0.128327
1.17056,0.128337
1.17057,0.128348
1.17059,0.128358
1.1706,0.128368
1.17061,0.128378
1.17062,0.128388
1.17063,0.128399
1.17065,0.128409
1.17066,0.128419
1.17067,0.128429
1.17068,0.128439
1.1707,0.12845
1.17071,0.12846
1.17072,0.12847
1.17073,0.12848
1.17074,0.128491
1.17076,0.128501
1.17077,0.128511
1.17078,0.128521
1.17079,0.128531
1.1708,0.128542
1.17082,0.128552
1.17083,0.128562
1.17084,0.128572
1.17085,0.128582
1.17086,0.128593
1.17088,0.128603
1.17089,0.128613
1.1709,0.128623
1.17091,0.128633
1.17093,0.128644
1.17094,0.128654
1.17095,0.128664
1.17096,0.128674
1.17097,0.128684
1.17099,0.128695
1.171,0.128705
1.17101,0.128715
1.17102,0.128725
1.17103,0.128735
1.17105,0.128746
1.17106,0.128756
1.17107,0.128766
1.17108,0.128776
1.1711,0.128786
1.17111,0.128797
1.17112,0.128807
1.17113,0.128817
1.17114,0.128827
1.17116,0.128837
1.17117,0.128848
1.17118,0.128858
1.17119,0.128868
1.1712,0.128878
1.17122,0.128888
1.17123,0.128899
1.17124,0.128909
1.17125,0.128919
1.17126,0.128929
1.17128,0.12894
1.17129,0.12895
1.1713,0.12896
1.17131,0.12897
1.17133,0.12898
1.17134,0.128991
1.17135,0.129001
1.17136,0.129011
1.17137,0.129021
1.17139,0.129031
1.1714,0.129042
1.17141,0.129052
1.17142,0.129062
1.17143,0.129072
1.17145,0.129082
1.17146,0.129093
1.17147,0.129103
1.17148,0.129113
1.17149,0.129123
1.17151,0.129133
1.17152,0.129144
1.17153,0.129154
1.17154,0.129164
1.17155,0.129174
1.17157,0.129184
1.17158,0.129195
1.17159,0.129205
1.1716,0.129215
1.17162,0.129225
1.17163,0.129235
1.17164,0.129246
1.17165,0.129256
1.17166,0.129266
1.17168,0.129276
1.17169,0.129286
1.1717,0.129297
1.17171,0.129307
1.17172,0.129317
1.17174,0.129327
1.17175,0.129337
1.17176,0.129348
1.17177,0.129358
1.17178,0.129368
1.1718,0.129378
1.17181,0.129389
1.17182,0.129399
1.17183,0.129409
1.17184,0.129419
1.17186,0.129429
1.17187,0.12944
1.17188,0.12945
1.17189,0.12946
1.17191,0.12947
1.17192,0.12948
1.17193,0.129491
1.17194,0.129501
1.17195,0.129511
1.17197,0.129521
1.17198,0.129531
1.17199,0.129542
1.172,0.129552
1.17201,0.129562
1.17203,0.129572
1.17204,0.129582
1.17205,0.129593
1.17206,0.129603
1.17207,0.129613
1.17209,0.129623
1.1721,0.129633
1.17211,0.129644
1.17212,0.129654
1.17213,0.129664
1.17215,0.129674
1.17216,0.129684
1.17217,0.129695
1.17218,0.129705
1.1722,0.129715
1.17221,0.129725
1.17222,0.129735
1.17223,0.129746
1.17224,0.129756
1.17226,0.129766
1.17227,0.129776
1.17228,0.129786
1.17229,0.129797
1.1723,0.129807
1.17232,0.129817
1.17233,0.129827
1.17234,0.129838
1.17235,0.129848
1.17236,0.129858
1.17238,0.129868
1.17239,0.129878
1.1724,0.129889
1.17241,0.129899
1.17242,0.129909
1.17244,0.129919
1.17245,0.129929
1.17246,0.12994
1.17247,0.12995
1.17248,0.12996
1.1725,0.12997
1.17251,0.12998
1.17252,0.129991
1.17253,0.130001
1.17254,0.130011
1.17256,0.130021
1.17257,0.130031
1.17258,0.130042
1.17259,0.130052
1.17261,0.130062
1.17262,0.130072
1.17263,0.130082
1.17264,0.130093
1.17265,0.130103
1.17267,0.130113
1.17268,0.130123
1.17269,0.130133
1.1727,0.130144
1.17271,0.130154
1.17273,0.130164
1.17274,0.130174
1.17275,0.130184
1.17276,0.130195
1.17277,0.130205
1.17279,0.130215
1.1728,0.130225
1.17281,0.130235
1.17282,0.130246
1.17283,0.130256
1.17285,0.130266
1.17286,0.130276
1.17287,0.130287
1.17288,0.130297
1.17289,0.130307
1.17291,0.130317
1.17292,0.130327
1.17293,0.130338
1.17294,0.130348
1.17295,0.130358
1.17297,0.130368
1.17298,0.130378
1.17299,0.130389
1.173,0.130399
1.17301,0.130409
1.17303,0.130419
1.17304,0.130429
1.17305,0.13044
1.17306,0.13045
1.17307,0.13046
1.17309,0.13047
1.1731,0.13048
1.17311,0.130491
1.17312,0.130501
1.17313,0.130511
1.17315,0.130521
1.17316,0.130531
1.17317,0.130542
1.17318,0.130552
1.17319,0.130562
1.17321,0.130572
1.17322,0.130582
1.17323,0.130593
1.17324,0.130603
1.17326,0.130613
1.17327,0.130623
1.17328,0.130633
1.17329,0.130644
1.1733,0.130654
1.17332,0.130664
1.17333,0.130674
1.17334,0.130684
1.17335,0.130695
1.17336,0.130705
1.17338,0.130715
1.17339,0.130725
1.1734,0.130736
1.17341,0.130746
1.17342,0.130756
1.17344,0.130766
1.17345,0.130776
1.17346,0.130787
1.17347,0.130797
1.17348,0.130807
1.1735,0.130817
1.17351,0.130827
1.17352,0.130838
1.17353,0.130848
1.17354,0.130858
1.17356,0.130868
1.17357,0.130878
1.17358,0.130889
1.17359,0.130899
1.1736,0.130909
1.17362,0.130919
1.17363,0.130929
1.17364,0.13094
1.17365,0.13095
1.17366,0.13096
1.17368,0.13097
1.17369,0.13098
1.1737,0.130991
1.17371,0.131001
1.17372,0.131011
1.17374,0.131021
1.17375,0.131031
1.17376,0.131042
1.17377,0.131052
1.17378,0.131062
1.1738,0.131072
1.17381,0.131082
1.17382,0.131093
1.17383,0.131103
1.17384,0.131113
1.17386,0.131123
1.17387,0.131133
1.17388,0.131144
1.17389,0.131154
1.1739,0.131164
1.17392,0.131174
1.17393,0.131185
1.17394,0.131195
1.17395,0.131205
1.17396,0.131215
1.17398,0.131225
1.17399,0.131236
1.174,0.131246
1.17401,0.131256
1.17402,0.131266
1.17404,0.131276
1.17405,0.131287
1.17406,0.131297
1.17407,0.131307
1.17408,0.131317
1.1741,0.131327
1.17411,0.131338
1.17412,0.131348
1.17413,0.131358
1.17414,0.131368
1.17416,0.131378
1.17417,0.131389
1.17418,0.131399
1.17419,0.131409
1.1742,0.131419
1.17422,0.131429
1.17423,0.13144
1.17424,0.13145
1.17425,0.13146
1.17426,0.13147
1.17428,0.13148
1.17429,0.131491
1.1743,0.131501
1.17431,0.131511
1.17432,0.131521
1.17434,0.131531
1.17435,0.131542
1.17436,0.131552
1.17437,0.131562
1.17438,0.131572
1.1744,0.131582
1.17441,0.131593
1.17442,0.131603
1.17443,0.131613
1.17444,0.131623
1.17446,0.131634
1.17447,0.131644
1.17448,0.131654
1.17449,0.131664
1.1745,0.131674
1.17451,0.131685
1.17453,0.131695
1.17454,0.131705
1.17455,0.131715
1.17456,0.131725
1.17457,0.131736
1.17459,0.131746
1.1746,0.131756
1.17461,0.131766
1.17462,0.131776
1.17463,0.131787
1.17465,0.131797
1.17466,0.131807
1.17467,0.131817
1.17468,0.131827
1.17469,0.131838
1.17471,0.131848
1.17472,0.131858
1.17473,0.131868
1.17474,0.131878
1.17475,0.131889
1.17477,0.131899
1.17478,0.131909
1.17479,0.131919
1.1748,0.131929
1.17481,0.13194
1.17483,0.13195
1.17484,0.13196
1.17485,0.13197
1.17486,0.13198
1.17487,0.131991
1.17489,0.132001
1.1749,0.132011
1.17491,0.132021
1.17492,0.132031
1.17493,0.132042
1.17495,0.132052
1.17496,0.132062
1.17497,0.132072
1.17498,0.132083
1.17499,0.132093
1.17501,0.132103
1.17502,0.132113
1.17503,0.132123
1.17504,0.132134
1.17505,0.132144
1.17507,0.132154
1.17508,0.132164
1.17509,0.132174
1.1751,0.132185
1.17511,0.132195
1.17512,0.132205
1.17514,0.132215
1.17515,0.132225
1.17516,0.132236
1.17517,0.132246
1.17518,0.132256
1.1752,0.132266
1.17521,0.132276
1.17522,0.132287
1.17523,0.132297
1.17524,0.132307
1.17526,0.132317
1.17527,0.132327
1.17528,0.132338
1.17529,0.132348
1.1753,0.132358
1.17532,0.132368
1.17533,0.132378
1.17534,0.132389
1.17535,0.132399
1.17536,0.132409
1.17538,0.132419
1.17539,0.132429
1.1754,0.13244
1.17541,0.13245
1.17542,0.13246
1.17544,0.13247
1.17545,0.13248
1.17546,0.132491
1.17547,0.132501
1.17548,0.132511
1.1755,0.132521
1.17551,0.132532
1.17552,0.132542
1.17553,0.132552
1.17554,0.132562
1.17555,0.132572
1.17557,0.132583
1.17558,0.132593
1.17559,0.132603
1.1756,0.132613
1.17561,0.132623
1.17563,0.132634
1.17564,0.132644
1.17565,0.132654
1.17566,0.132664
1.17567,0.132674
1.17569,0.132685
1.1757,0.132695
1.17571,0.132705
1.17572,0.132715
1.17573,0.132725
1.17575,0.132736
1.17576,0.132746
1.17577,0.132756
1.17578,0.132766
1.17579,0.132776
1.17581,0.132787
1.17582,0.132797
1.17583,0.132807
1.17584,0.132817
1.17585,0.132827
1.17586,0.132838
1.17588,0.132848
1.17589,0.132858
1.1759,0.132868
1.17591,0.132878
1.17592,0.132889
1.17594,0.132899
1.17595,0.132909
1.17596,0.132919
1.17597,0.132929
1.17598,0.13294
1.176,0.13295
1.17601,0.13296
1.17602,0.13297
1.17603,0.132981
1.17604,0.132991
1.17606,0.133001
1.17607,0.133011
1.17608,0.133021
1.17609,0.133032
1.1761,0.133042
1.17612,0.133052
1.17613,0.133062
1.17614,0.133072
1.17615,0.133083
1.17616,0.133093
1.17617,0.133103
1.17619,0.133113
1.1762,0.133123
1.17621,0.133134
1.17622,0.133144
1.17623,0.133154
1.17625,0.133164
1.17626,0.133174
1.17627,0.133185
1.17628,0.133195
1.17629,0.133205
1.17631,0.133215
1.17632,0.133225
1.17633,0.133236
1.17634,0.133246
1.17635,0.133256
1.17637,0.133266
1.17638,0.133276
1.17639,0.133287
1.1764,0.133297
1.17641,0.133307
1.17642,0.133317
1.17644,0.133327
1.17645,0.133338
1.17646,0.133348
1.17647,0.133358
1.17648,0.133368
1.1765,0.133378
1.17651,0.133389
1.17652,0.133399
1.17653,0.133409
1.17654,0.133419
1.17656,0.13343
1.17657,0.13344
1.17658,0.13345
1.17659,0.13346
1.1766,0.13347
1.17662,0.133481
1.17663,0.133491
1.17664,0.133501
1.17665,0.133511
1.17666,0.133521
1.17667,0.133532
1.17669,0.133542
1.1767,0.133552
1.17671,0.133562
1.17672,0.133572
1.17673,0.133583
1.17675,0.133593
1.17676,0.133603
1.17677,0.133613
1.17678,0.133623
1.17679,0.133634
1.17681,0.133644
1.17682,0.133654
1.17683,0.133664
1.17684,0.133674
1.17685,0.133685
1.17686,0.133695
1.17688,0.133705
1.17689,0.133715
1.1769,0.133725
1.17691,0.133736
1.17692,0.133746
1.17694,0.133756
1.17695,0.133766
1.17696,0.133776
1.17697,0.133787
1.17698,0.133797
1.177,0.133807
1.17701,0.133817
1.17702,0.133827
1.17703,0.133838
1.17704,0.133848
1.17705,0.133858
1.17707,0.133868
1.17708,0.133879
1.17709,0.133889
1.1771,0.133899
1.17711,0.133909
1.17713,0.133919
1.17714,0.13393
1.17715,0.13394
1.17716,0.13395
1.17717,0.13396
1.17719,0.13397
1.1772,0.133981
1.17721,0.133991
1.17722,0.134001
1.17723,0.134011
1.17724,0.134021
1.17726,0.134032
1.17727,0.134042
1.17728,0.134052
1.17729,0.134062
1.1773,0.134072
1.17732,0.134083
1.17733,0.134093
1.17734,0.134103
1.17735,0.134113
1.17736,0.134123
1.17738,0.134134
1.17739,0.134144
1.1774,0.134154
1.17741,0.134164
1.17742,0.134174
1.17743,0.134185
1.17745,0.134195
1.17746,0.134205
1.17747,0.134215
1.17748,0.134225
1.17749,0.134236
1.17751,0.134246
1.17752,0.134256
1.17753,0.134266
1.17754,0.134276
1.17755,0.134287
1.17756,0.134297
1.17758,0.134307
1.17759,0.134317
1.1776,0.134328
1.17761,0.134338
1.17762,0.134348
1.17764,0.134358
1.17765,0.134368
1.17766,0.134379
1.17767,0.134389
1.17768,0.134399
1.1777,0.134409
1.17771,0.134419
1.17772,0.13443
1.17773,0.13444
1.17774,0.13445
1.17775,0.13446
1.17777,0.13447
1.17778,0.134481
1.17779,0.134491
1.1778,0.134501
1.17781,0.134511
1.17783,0.134521
1.17784,0.134532
1.17785,0.134542
1.17786,0.134552
1.17787,0.134562
1.17788,0.134572
1.1779,0.134583
1.17791,0.134593
1.17792,0.134603
1.17793,0.134613
1.17794,0.134623
1.17796,0.134634
1.17797,0.134644
1.17798,0.134654
1.17799,0.134664
1.178,0.134674
1.17802,0.134685
1.17803,0.134695
1.17804,0.134705
1.17805,0.134715
1.17806,0.134725
1.17807,0.134736
1.17809,0.134746
1.1781,0.134756
1.17811,0.134766
1.17812,0.134777
1.17813,0.134787
1.17815,0.134797
1.17816,0.134807
1.17817,0.134817
1.17818,0.134828
1.17819,0.134838
1.1782,0.134848
1.17822,0.134858
1.17823,0.134868
1.17824,0.134879
1.17825,0.134889
1.17826,0.134899
1.17828,0.134909
1.17829,0.134919
1.1783,0.13493
1.17831,0.13494
1.17832,0.13495
1.17833,0.13496
1.17835,0.13497
1.17836,0.134981
1.17837,0.134991
1.17838,0.135001
1.17839,0.135011
1.17841,0.135021
1.17842,0.135032
1.17843,0.135042
1.17844,0.135052
1.17845,0.135062
1.17846,0.135072
1.17848,0.135083
1.17849,0.135093
1.1785,0.135103
1.17851,0.135113
1.17852,0.135123
1.17854,0.135134
1.17855,0.135144
1.17856,0.135154
1.17857,0.135164
1.17858,0.135174
1.17859,0.135185
1.17861,0.135195
1.17862,0.135205
1.17863,0.135215
1.17864,0.135226
1.17865,0.135236
1.17867,0.135246
1.17868,0.135256
1.17869,0.135266
1.1787,0.135277
1.17871,0.135287
1.17872,0.135297
1.17874,0.135307
1.17875,0.135317
1.17876,0.135328
1.17877,0.135338
1.17878,0.135348
1.1788,0.135358
1.17881,0.135368
1.17882,0.135379
1.17883,0.135389
1.17884,0.135399
1.17885,0.135409
1.17887,0.135419
1.17888,0.13543
1.17889,0.13544
1.1789,0.13545
1.17891,0.13546
1.17893,0.13547
1.17894,0.135481
1.17895,0.135491
1.17896,0.135501
1.17897,0.135511
1.17898,0.135521
1.179,0.135532
1.17901,0.135542
1.17902,0.135552
1.17903,0.135562
1.17904,0.135572
1.17906,0.135583
1.17907,0.135593
1.17908,0.135603
1.17909,0.135613
1.1791,0.135623
1.17911,0.135634
1.17913,0.135644
1.17914,0.135654
1.17915,0.135664
1.17916,0.135674
1.17917,0.135685
1.17918,0.135695
1.1792,0.135705
1.17921,0.135715
1.17922,0.135726
1.17923,0.135736
1.17924,0.135746
1.17926,0.135756
1.17927,0.135766
1.17928,0.135777
1.17929,0.135787
1.1793,0.135797
1.17931,0.135807
1.17933,0.135817
1.17934,0.135828
1.17935,0.135838
1.17936,0.135848
1.17937,0.135858
1.17939,0.135868
1.1794,0.135879
1.17941,0.135889
1.17942,0.135899
1.17943,0.135909
1.17944,0.135919
1.17946,0.13593
1.17947,0.13594
1.17948,0.13595
1.17949,0.13596
1.1795,0.13597
1.17951,0.135981
1.17953,0.135991
1.17954,0.136001
1.17955,0.136011
1.17956,0.136021
1.17957,0.136032
1.17959,0.136042
1.1796,0.136052
1.17961,0.136062
1.17962,0.136072
1.17963,0.136083
1.17964,0.136093
1.17966,0.136103
1.17967,0.136113
1.17968,0.136123
1.17969,0.136134
1.1797,0.136144
1.17972,0.136154
1.17973,0.136164
1.17974,0.136175
1.17975,0.136185
1.17976,0.136195
1.17977,0.136205
1.17979,0.136215
1.1798,0.136226
1.17981,0.136236
1.17982,0.136246
1.17983,0.136256
1.17984,0.136266
1.17986,0.136277
1.17987,0.136287
1.17988,0.136297
1.17989,0.136307
1.1799,0.136317
1.17992,0.136328
1.17993,0.136338
1.17994,0.136348
1.17995,0.136358
1.17996,0.136368
1.17997,0.136379
1.17999,0.136389
1.18,0.136399
1.18001,0.136409
1.18002,0.136419
1.18003,0.13643
1.18004,0.13644
1.18006,0.13645
1.18007,0.13646
1.18008,0.13647
1.18009,0.136481
1.1801,0.136491
1.18012,0.136501
1.18013,0.136511
1.18014,0.136521
1.18015,0.136532
1.18016,0.136542
1.18017,0.136552
1.18019,0.136562
1.1802,0.136572
1.18021,0.136583
1.18022,0.136593
1.18023,0.136603
1.18024,0.136613
1.18026,0.136624
1.18027,0.136634
1.18028,0.136644
1.18029,0.136654
1.1803,0.136664
1.18031,0.136675
1.18033,0.136685
1.18034,0.136695
1.18035,0.136705
1.18036,0.136715
1.18037,0.136726
1.18039,0.136736
1.1804,0.136746
1.18041,0.136756
1.18042,0.136766
1.18043,0.136777
1.18044,0.136787
1.18046,0.136797
1.18047,0.136807
1.18048,0.136817
1.18049,0.136828
1.1805,0.136838
1.18051,0.136848
1.18053,0.136858
1.18054,0.136868
1.18055,0.136879
1.18056,0.136889
1.18057,0.136899
1.18059,0.136909
1.1806,0.136919
1.18061,0.13693
1.18062,0.13694
1.18063,0.13695
1.18064,0.13696
1.18066,0.13697
1.18067,0.136981
1.18068,0.136991
1.18069,0.137001
1.1807,0.137011
1.18071,0.137021
1.18073,0.137032
1.18074,0.137042
1.18075,0.137052
1.18076,0.137062
1.18077,0.137073
1.18078,0.137083
1.1808,0.137093
1.18081,0.137103
1.18082,0.137113
1.18083,0.137124
1.18084,0.137134
1.18086,0.137144
1.18087,0.137154
1.18088,0.137164
1.18089,0.137175
1.1809,0.137185
1.18091,0.137195
1.18093,0.137205
1.18094,0.137215
1.18095,0.137226
1.18096,0.137236
1.18097,0.137246
1.18098,0.137256
1.181,0.137266
1.18101,0.137277
1.18102,0.137287
1.18103,0.137297
1.18104,0.137307
1.18105,0.137317
1.18107,0.137328
1.18108,0.137338
1.18109,0.137348
1.1811,0.137358
1.18111,0.137368
1.18112,0.137379
1.18114,0.137389
1.18115,0.137399
1.18116,0.137409
1.18117,0.137419
1.18118,0.13743
1.1812,0.13744
1.18121,0.13745
1.18122,0.13746
1.18123,0.13747
1.18124,0.137481
1.18125,0.137491
1.18127,0.137501
1.18128,0.137511
1.18129,0.137522
1.1813,0.137532
1.18131,0.137542
1.18132,0.137552
1.18134,0.137562
1.18135,0.137573
1.18136,0.137583
1.18137,0.137593
1.18138,0.137603
1.18139,0.137613
1.18141,0.137624
1.18142,0.137634
1.18143,0.137644
1.18144,0.137654
1.18145,0.137664
1.18146,0.137675
1.18148,0.137685
1.18149,0.137695
1.1815,0.137705
1.18151,0.137715
1.18152,0.137726
1.18153,0.137736
1.18155,0.137746
1.18156,0.137756
1.18157,0.137766
1.18158,0.137777
1.18159,0.137787
1.1816,0.137797
1.18162,0.137807
1.18163,0.137817
1.18164,0.137828
1.18165,0.137838
1.18166,0.137848
1.18168,0.137858
1.18169,0.137868
1.1817,0.137879
1.18171,0.137889
1.18172,0.137899
1.18173,0.137909
1.18175,0.137919
1.18176,0.13793
1.18177,0.13794
1.18178,0.13795
1.18179,0.13796
1.1818,0.137971
1.18182,0.137981
1.18183,0.137991
1.18184,0.138001
1.18185,0.138011
1.18186,0.138022
1.18187,0.138032
1.18189,0.138042
1.1819,0.138052
1.18191,0.138062
1.18192,0.138073
1.18193,0.138083
1.18194,0.138093
1.18196,0.138103
1.18197,0.138113
1.18198,0.138124
1.18199,0.138134
1.182,0.138144
1.18201,0.138154
1.18203,0.138164
1.18204,0.138175
1.18205,0.138185
1.18206,0.138195
1.18207,0.138205
1.18208,0.138215
1.1821,0.138226
1.18211,0.138236
1.18212,0.138246
1.18213,0.138256
1.18214,0.138266
1.18215,0.138277
1.18217,0.138287
1.18218,0.138297
1.18219,0.138307
1.1822,0.138317
1.18221,0.138328
1.18222,0.138338
1.18224,0.138348
1.18225,0.138358
1.18226,0.138368
1.18227,0.138379
1.18228,0.138389
1.18229,0.138399
1.18231,0.138409
1.18232,0.13842
1.18233,0.13843
1.18234,0.13844
1.18235,0.13845
1.18236,0.13846
1.18238,0.138471
1.18239,0.138481
1.1824,0.138491
1.18241,0.138501
1.18242,0.138511
1.18243,0.138522
1.18245,0.138532
1.18246,0.138542
1.18247,0.138552
1.18248,0.138562
1.18249,0.138573
1.1825,0.138583
1.18252,0.138593
1.18253,0.138603
1.18254,0.138613
1.18255,0.138624
1.18256,0.138634
1.18257,0.138644
1.18259,0.138654
1.1826,0.138664
1.18261,0.138675
1.18262,0.138685
1.18263,0.138695
1.18264,0.138705
1.18266,0.138715
1.18267,0.138726
1.18268,0.138736
1.18269,0.138746
1.1827,0.138756
1.18271,0.138766
1.18273,0.138777
1.18274,0.138787
1.18275,0.138797
1.18276,0.138807
1.18277,0.138817
1.18278,0.138828
1.1828,0.138838
1.18281,0.138848
1.18282,0.138858
1.18283,0.138869
1.18284,0.138879
1.18285,0.138889
1.18287,0.138899
1.18288,0.138909
1.18289,0.13892
1.1829,0.13893
1.18291,0.13894
1.18292,0.13895
1.18294,0.13896
1.18295,0.138971
1.18296,0.138981
1.18297,0.138991
1.18298,0.139001
1.18299,0.139011
1.18301,0.139022
1.18302,0.139032
1.18303,0.139042
1.18304,0.139052
1.18305,0.139062
1.18306,0.139073
1.18308,0.139083
1.18309,0.139093
1.1831,0.139103
1.18311,0.139113
1.18312,0.139124
1.18313,0.139134
1.18315,0.139144
1.18316,0.139154
1.18317,0.139164
1.18318,0.139175
1.18319,0.139185
1.1832,0.139195
1.18322,0.139205
1.18323,0.139215
1.18324,0.139226
1.18325,0.139236
1.18326,0.139246
1.18327,0.139256
1.18329,0.139266
1.1833,0.139277
1.18331,0.139287
1.18332,0.139297
1.18333,0.139307
1.18334,0.139317
1.18336,0.139328
1.18337,0.139338
1.18338,0.139348
1.18339,0.139358
1.1834,0.139369
1.18341,0.139379
1.18343,0.139389
1.18344,0.139399
1.18345,0.139409
1.18346,0.13942
1.18347,0.13943
1.18348,0.13944
1.1835,0.13945
1.18351,0.13946
1.18352,0.139471
1.18353,0.139481
1.18354,0.139491
1.18355,0.139501
1.18356,0.139511
1.18358,0.139522
1.18359,0.139532
1.1836,0.139542
1.18361,0.139552
1.18362,0.139562
1.18363,0.139573
1.18365,0.139583
1.18366,0.139593
1.18367,0.139603
1.18368,0.139613
1.18369,0.139624
1.1837,0.139634
1.18372,0.139644
1.18373,0.139654
1.18374,0.139664
1.18375,0.139675
1.18376,0.139685
1.18377,0.139695
1.18379,0.139705
1.1838,0.139715
1.18381,0.139726
1.18382,0.139736
1.18383,0.139746
1.18384,0.139756
1.18386,0.139766
1.18387,0.139777
1.18388,0.139787
1.18389,0.139797
1.1839,0.139807
1.18391,0.139818
1.18393,0.139828
1.18394,0.139838
1.18395,0.139848
1.18396,0.139858
1.18397,0.139869
1.18398,0.139879
1.18399,0.139889
1.18401,0.139899
1.18402,0.139909
1.18403,0.13992
1.18404,0.13993
1.18405,0.13994
1.18406,0.13995
1.18408,0.13996
1.18409,0.139971
1.1841,0.139981
1.18411,0.139991
1.18412,0.140001
1.18413,0.140011
1.18415,0.140022
1.18416,0.140032
1.18417,0.140042
1.18418,0.140052
1.18419,0.140062
1.1842,0.140073
1.18422,0.140083
1.18423,0.140093
1.18424,0.140103
1.18425,0.140113
1.18426,0.140124
1.18427,0.140134
1.18429,0.140144
1.1843,0.140154
1.18431,0.140164
1.18432,0.140175
1.18433,0.140185
1.18434,0.140195
1.18435,0.140205
1.18437,0.140215
1.18438,0.140226
1.18439,0.140236
1.1844,0.140246
1.18441,0.140256
1.18442,0.140267
1.18444,0.140277
1.18445,0.140287
1.18446,0.140297
1.18447,0.140307
1.18448,0.140318
1.18449,0.140328
1.18451,0.140338
1.18452,0.140348
1.18453,0.140358
1.18454,0.140369
1.18455,0.140379
1.18456,0.140389
1.18457,0.140399
1.18459,0.140409
1.1846,0.14042
1.18461,0.14043
1.18462,0.14044
1.18463,0.14045
1.18464,0.14046
1.18466,0.140471
1.18467,0.140481
1.18468,0.140491
1.18469,0.140501
1.1847,0.140511
1.18471,0.140522
1.18473,0.140532
1.18474,0.140542
1.18475,0.140552
1.18476,0.140562
1.18477,0.140573
1.18478,0.140583
1.1848,0.140593
1.18481,0.140603
1.18482,0.140613
1.18483,0.140624
1.18484,0.140634
1.18485,0.140644
1.18486,0.140654
1.18488,0.140664
1.18489,0.140675
1.1849,0.140685
1.18491,0.140695
1.18492,0.140705
1.18493,0.140716
1.18495,0.140726
1.18496,0.140736
1.18497,0.140746
1.18498,0.140756
1.18499,0.140767
1.185,0.140777
1.18502,0.140787
1.18503,0.140797
1.18504,0.140807
1.18505,0.140818
1.18506,0.140828
1.18507,0.140838
1.18508,0.140848
1.1851,0.140858
1.18511,0.140869
1.18512,0.140879
1.18513,0.140889
1.18514,0.140899
1.18515,0.140909
1.18517,0.14092
1.18518,0.14093
1.18519,0.14094
1.1852,0.14095
1.18521,0.14096
1.18522,0.140971
1.18524,0.140981
1.18525,0.140991
1.18526,0.141001
1.18527,0.141011
1.18528,0.141022
1.18529,0.141032
1.1853,0.141042
1.18532,0.141052
1.18533,0.141062
1.18534,0.141073
1.18535,0.141083
1.18536,0.141093
1.18537,0.141103
1.18539,0.141113
1.1854,0.141124
1.18541,0.141134
1.18542,0.141144
1.18543,0.141154
1.18544,0.141165
1.18545,0.141175
1.18547,0.141185
1.18548,0.141195
1.18549,0.141205
1.1855,0.141216
1.18551,0.141226
1.18552,0.141236
1.18554,0.141246
1.18555,0.141256
1.18556,0.141267
1.18557,0.141277
1.18558,0.141287
1.18559,0.141297
1.18561,0.141307
1.18562,0.141318
1.18563,0.141328
1.18564,0.141338
1.18565,0.141348
1.18566,0.141358
1.18567,0.141369
1.18569,0.141379
1.1857,0.141389
1.18571,0.141399
1.18572,0.141409
1.18573,0.14142
1.18574,0.14143
1.18576,0.14144
1.18577,0.14145
1.18578,0.14146
1.18579,0.141471
1.1858,0.141481
1.18581,0.141491
1.18582,0.141501
1.18584,0.141511
1.18585,0.141522
1.18586,0.141532
1.18587,0.141542
1.18588,0.141552
1.18589,0.141562
1.18591,0.141573
1.18592,0.141583
1.18593,0.141593
1.18594,0.141603
1.18595,0.141614
1.18596,0.141624
1.18597,0.141634
1.18599,0.141644
1.186,0.141654
1.18601,0.141665
1.18602,0.141675
1.18603,0.141685
1.18604,0.141695
1.18606,0.141705
1.18607,0.141716
1.18608,0.141726
1.18609,0.141736
1.1861,0.141746
1.18611,0.141756
1.18612,0.141767
1.18614,0.141777
1.18615,0.141787
1.18616,0.141797
1.18617,0.141807
1.18618,0.141818
1.18619,0.141828
1.18621,0.141838
1.18622,0.141848
1.18623,0.141858
1.18624,0.141869
1.18625,0.141879
1.18626,0.141889
1.18627,0.141899
1.18629,0.141909
1.1863,0.14192
1.18631,0.14193
1.18632,0.14194
1.18633,0.14195
1.18634,0.14196
1.18636,0.141971
1.18637,0.141981
1.18638,0.141991
1.18639,0.142001
1.1864,0.142011
1.18641,0.142022
1.18642,0.142032
1.18644,0.142042
1.18645,0.142052
1.18646,0.142063
1.18647,0.142073
1.18648,0.142083
1.18649,0.142093
1.18651,0.142103
1.18652,0.142114
1.18653,0.142124
1.18654,0.142134
1.18655,0.142144
1.18656,0.142154
1.18657,0.142165
1.18659,0.142175
1.1866,0.142185
1.18661,0.142195
1.18662,0.142205
1.18663,0.142216
1.18664,0.142226
1.18665,0.142236
1.18667,0.142246
1.18668,0.142256
1.18669,0.142267
1.1867,0.142277
1.18671,0.142287
1.18672,0.142297
1.18674,0.142307
1.18675,0.142318
1.18676,0.142328
1.18677,0.142338
1.18678,0.142348
1.18679,0.142358
1.1868,0.142369
1.18682,0.142379
1.18683,0.142389
1.18684,0.142399
1.18685,0.142409
1.18686,0.14242
1.18687,0.14243
1.18689,0.14244
1.1869,0.14245
1.18691,0.14246
1.18692,0.142471
1.18693,0.142481
1.18694,0.142491
1.18695,0.142501
1.18697,0.142511
1.18698,0.142522
1.18699,0.142532
1.187,0.142542
1.18701,0.142552
1.18702,0.142563
1.18703,0.142573
1.18705,0.142583
1.18706,0.142593
1.18707,0.142603
1.18708,0.142614
1.18709,0.142624
1.1871,0.142634
1.18712,0.142644
1.18713,0.142654
1.18714,0.142665
1.18715,0.142675
1.18716,0.142685
1.18717,0.142695
1.18718,0.142705
1.1872,0.142716
1.18721,0.142726
1.18722,0.142736
1.18723,0.142746
1.18724,0.142756
1.18725,0.142767
1.18726,0.142777
1.18728,0.142787
1.18729,0.142797
1.1873,0.142807
1.18731,0.142818
1.18732,0.142828
1.18733,0.142838
1.18735,0.142848
1.18736,0.142858
1.18737,0.142869
1.18738,0.142879
1.18739,0.142889
1.1874,0.142899
1.18741,0.142909
1.18743,0.14292
1.18744,0.14293
1.18745,0.14294
1.18746,0.14295
1.18747,0.14296
1.18748,0.142971
1.18749,0.142981
1.18751,0.142991
1.18752,0.143001
1.18753,0.143012
1.18754,0.143022
1.18755,0.143032
1.18756,0.143042
1.18758,0.143052
1.18759,0.143063
1.1876,0.143073
1.18761,0.143083
1.18762,0.143093
1.18763,0.143103
1.18764,0.143114
1.18766,0.143124
1.18767,0.143134
1.18768,0.143144
1.18769,0.143154
1.1877,0.143165
1.18771,0.143175
1.18772,0.143185
1.18774,0.143195
1.18775,0.143205
1.18776,0.143216
1.18777,0.143226
1.18778,0.143236
1.18779,0.143246
1.1878,0.143256
1.18782,0.143267
1.18783,0.143277
1.18784,0.143287
1.18785,0.143297
1.18786,0.143307
1.18787,0.143318
1.18788,0.143328
1.1879,0.143338
1.18791,0.143348
1.18792,0.143358
1.18793,0.143369
1.18794,0.143379
1.18795,0.143389
1.18797,0.143399
1.18798,0.143409
1.18799,0.14342
1.188,0.14343
1.18801,0.14344
1.18802,0.14345
1.18803,0.143461
1.18805,0.143471
1.18806,0.143481
1.18807,0.143491
1.18808,0.143501
1.18809,0.143512
1.1881,0.143522
1.18811,0.143532
1.18813,0.143542
1.18814,0.143552
1.18815,0.143563
1.18816,0.143573
1.18817,0.143583
1.18818,0.143593
1.18819,0.143603
1.18821,0.143614
1.18822,0.143624
1.18823,0.143634
1.18824,0.143644
1.18825,0.143654
1.18826,0.143665
1.18827,0.143675
1.18829,0.143685
1.1883,0.143695
1.18831,0.143705
1.18832,0.143716
1.18833,0.143726
1.18834,0.143736
1.18836,0.143746
1.18837,0.143756
1.18838,0.143767
1.18839,0.143777
1.1884,0.143787
1.18841,0.143797
1.18842,0.143807
1.18844,0.143818
1.18845,0.143828
1.18846,0.143838
1.18847,0.143848
1.18848,0.143858
1.18849,0.143869
1.1885,0.143879
1.18852,0.143889
1.18853,0.143899
1.18854,0.14391
1.18855,0.14392
1.18856,0.14393
1.18857,0.14394
1.18858,0.14395
1.1886,0.143961
1.18861,0.143971
1.18862,0.143981
1.18863,0.143991
1.18864,0.144001
1.18865,0.144012
1.18866,0.144022
1.18868,0.144032
1.18869,0.144042
1.1887,0.144052
1.18871,0.144063
1.18872,0.144073
1.18873,0.144083
1.18874,0.144093
1.18876,0.144103
1.18877,0.144114
1.18878,0.144124
1.18879,0.144134
1.1888,0.144144
1.18881,0.144154
1.18882,0.144165
1.18884,0.144175
1.18885,0.144185
1.18886,0.144195
1.18887,0.144205
1.18888,0.144216
1.18889,0.144226
1.1889,0.144236
1.18892,0.144246
1.18893,0.144256
1.18894,0.144267
1.18895,0.144277
1.18896,0.144287
1.18897,0.144297
1.18898,0.144307
1.189,0.144318
1.18901,0.144328
1.18902,0.144338
1.18903,0.144348
1.18904,0.144359
1.18905,0.144369
1.18906,0.144379
1.18908,0.144389
1.18909,0.144399
1.1891,0.14441
1.18911,0.14442
1.18912,0.14443
1.18913,0.14444
1.18914,0.14445
1.18916,0.144461
1.18917,0.144471
1.18918,0.144481
1.18919,0.144491
1.1892,0.144501
1.18921,0.144512
1.18922,0.144522
1.18924,0.144532
1.18925,0.144542
1.18926,0.144552
1.18927,0.144563
1.18928,0.144573
1.18929,0.144583
1.1893,0.144593
1.18932,0.144603
1.18933,0.144614
1.18934,0.144624
1.18935,0.144634
1.18936,0.144644
1.18937,0.144654
1.18938,0.144665
1.1894,0.144675
1.18941,0.144685
1.18942,0.144695
1.18943,0.144705
1.18944,0.144716
1.18945,0.144726
1.18946,0.144736
1.18948,0.144746
1.18949,0.144756
1.1895,0.144767
1.18951,0.144777
1.18952,0.144787
1.18953,0.144797
1.18954,0.144807
1.18956,0.144818
1.18957,0.144828
1.18958,0.144838
1.18959,0.144848
1.1896,0.144859
1.18961,0.144869
1.18962,0.144879
1.18964,0.144889
1.18965,0.144899
1.18966,0.14491
1.18967,0.14492
1.18968,0.14493
1.18969,0.14494
1.1897,0.14495
1.18972,0.144961
1.18973,0.144971
1.18974,0.144981
1.18975,0.144991
1.18976,0.145001
1.18977,0.145012
1.18978,0.145022
1.1898,0.145032
1.18981,0.145042
1.18982,0.145052
1.18983,0.145063
1.18984,0.145073
1.18985,0.145083
1.18986,0.145093
1.18988,0.145103
1.18989,0.145114
1.1899,0.145124
1.18991,0.145134
1.18992,0.145144
1.18993,0.145154
1.18994,0.145165
1.18996,0.145175
1.18997,0.145185
1.18998,0.145195
1.18999,0.145205
1.19,0.145216
1.19001,0.145226
1.19002,0.145236
1.19003,0.145246
1.19005,0.145256
1.19006,0.145267
1.19007,0.145277
1.19008,0.145287
1.19009,0.145297
1.1901,0.145308
1.19011,0.145318
1.19013,0.145328
1.19014,0.145338
1.19015,0.145348
1.19016,0.145359
1.19017,0.145369
1.19018,0.145379
1.19019,0.145389
1.19021,0.145399
1.19022,0.14541
1.19023,0.14542
1.19024,0.14543
1.19025,0.14544
1.19026,0.14545
1.19027,0.145461
1.19029,0.145471
1.1903,0.145481
1.19031,0.145491
1.19032,0.145501
1.19033,0.145512
1.19034,0.145522
1.19035,0.145532
1.19037,0.145542
1.19038,0.145552
1.19039,0.145563
1.1904,0.145573
1.19041,0.145583
1.19042,0.145593
1.19043,0.145603
1.19044,0.145614
1.19046,0.145624
1.19047,0.145634
1.19048,0.145644
1.19049,0.145654
1.1905,0.145665
1.19051,0.145675
1.19052,0.145685
1.19054,0.145695
1.19055,0.145705
1.19056,0.145716
1.19057,0.145726
1.19058,0.145736
1.19059,0.145746
1.1906,0.145757
1.19062,0.145767
1.19063,0.145777
1.19064,0.145787
1.19065,0.145797
1.19066,0.145808
1.19067,0.145818
1.19068,0.145828
1.1907,0.145838
1.19071,0.145848
1.19072,0.145859
1.19073,0.145869
1.19074,0.145879
1.19075,0.145889
1.19076,0.145899
1.19077,0.14591
1.19079,0.14592
1.1908,0.14593
1.19081,0.14594
1.19082,0.14595
1.19083,0.145961
1.19084,0.145971
1.19085,0.145981
1.19087,0.145991
1.19088,0.146001
1.19089,0.146012
1.1909,0.146022
1.19091,0.146032
1.19092,0.146042
1.19093,0.146052
1.19095,0.146063
1.19096,0.146073
1.19097,0.146083
1.19098,0.146093
1.19099,0.146103
1.191,0.146114
1.19101,0.146124
1.19103,0.146134
1.19104,0.146144
1.19105,0.146154
1.19106,0.146165
1.19107,0.146175
1.19108,0.146185
1.19109,0.146195
1.1911,0.146206
1.19112,0.146216
1.19113,0.146226
1.19114,0.146236
1.19115,0.146246
1.19116,0.146257
1.19117,0.146267
1.19118,0.146277
1.1912,0.146287
1.19121,0.146297
1.19122,0.146308
1.19123,0.146318
1.19124,0.146328
1.19125,0.146338
1.19126,0.146348
1.19127,0.146359
1.19129,0.146369
1.1913,0.146379
1.19131,0.146389
1.19132,0.146399
1.19133,0.14641
1.19134,0.14642
1.19135,0.14643
1.19137,0.14644
1.19138,0.14645
1.19139,0.146461
1.1914,0.146471
1.19141,0.146481
1.19142,0.146491
1.19143,0.146501
1.19145,0.146512
1.19146,0.146522
1.19147,0.146532
1.19148,0.146542
1.19149,0.146552
1.1915,0.146563
1.19151,0.146573
1.19152,0.146583
1.19154,0.146593
1.19155,0.146603
1.19156,0.146614
1.19157,0.146624
1.19158,0.146634
1.19159,0.146644
1.1916,0.146655
1.19162,0.146665
1.19163,0.146675
1.19164,0.146685
1.19165,0.146695
1.19166,0.146706
1.19167,0.146716
1.19168,0.146726
1.19169,0.146736
1.19171,0.146746
1.19172,0.146757
1.19173,0.146767
1.19174,0.146777
1.19175,0.146787
1.19176,0.146797
1.19177,0.146808
1.19179,0.146818
1.1918,0.146828
1.19181,0.146838
1.19182,0.146848
1.19183,0.146859
1.19184,0.146869
1.19185,0.146879
1.19186,0.146889
1.19188,0.146899
1.19189,0.14691
1.1919,0.14692
1.19191,0.14693
1.19192,0.14694
1.19193,0.14695
1.19194,0.146961
1.19196,0.146971
1.19197,0.146981
1.19198,0.146991
1.19199,0.147001
1.192,0.147012
1.19201,0.147022
1.19202,0.147032
1.19203,0.147042
1.19205,0.147052
1.19206,0.147063
1.19207,0.147073
1.19208,0.147083
1.19209,0.147093
1.1921,0.147103
1.19211,0.147114
1.19213,0.147124
1.19214,0.147134
1.19215,0.147144
1.19216,0.147155
1.19217,0.147165
1.19218,0.147175
1.19219,0.147185
1.1922,0.147195
1.19222,0.147206
1.19223,0.147216
1.19224,0.147226
1.19225,0.147236
1.19226,0.147246
1.19227,0.147257
1.19228,0.147267
1.1923,0.147277
1.19231,0.147287
1.19232,0.147297
1.19233,0.147308
1.19234,0.147318
1.19235,0.147328
1.19236,0.147338
1.19237,0.147348
1.19239,0.147359
1.1924,0.147369
1.19241,0.147379
1.19242,0.147389
1.19243,0.147399
1.19244,0.14741
1.19245,0.14742
1.19247,0.14743
1.19248,0.14744
1.19249,0.14745
1.1925,0.147461
1.19251,0.147471
1.19252,0.147481
1.19253,0.147491
1.19254,0.147501
1.19256,0.147512
1.19257,0.147522
1.19258,0.147532
1.19259,0.147542
1.1926,0.147552
1.19261,0.147563
1.19262,0.147573
1.19263,0.147583
1.19265,0.147593
1.19266,0.147604
1.19267,0.147614
1.19268,0.147624
1.19269,0.147634
1.1927,0.147644
1.19271,0.147655
1.19273,0.147665
1.19274,0.147675
1.19275,0.147685
1.19276,0.147695
1.19277,0.147706
1.19278,0.147716
1.19279,0.147726
1.1928,0.147736
1.19282,0.147746
1.19283,0.147757
1.19284,0.147767
1.19285,0.147777
1.19286,0.147787
1.19287,0.147797
1.19288,0.147808
1.19289,0.147818
1.19291,0.147828
1.19292,0.147838
1.19293,0.147848
1.19294,0.147859
1.19295,0.147869
1.19296,0.147879
1.19297,0.147889
1.19299,0.147899
1.193,0.14791
1.19301,0.14792
1.19302,0.14793
1.19303,0.14794
1.19304,0.14795
1.19305,0.147961
1.19306,0.147971
1.19308,0.147981
1.19309,0.147991
1.1931,0.148001
1.19311,0.148012
1.19312,0.148022
1.19313,0.148032
1.19314,0.148042
1.19315,0.148053
1.19317,0.148063
1.19318,0.148073
1.19319,0.148083
1.1932,0.148093
1.19321,0.148104
1.19322,0.148114
1.19323,0.148124
1.19324,0.148134
1.19326,0.148144
1.19327,0.148155
1.19328,0.148165
1.19329,0.148175
1.1933,0.148185
1.19331,0.148195
1.19332,0.148206
1.19334,0.148216
1.19335,0.148226
1.19336,0.148236
1.19337,0.148246
1.19338,0.148257
1.19339,0.148267
1.1934,0.148277
1.19341,0.148287
1.19343,0.148297
1.19344,0.148308
1.19345,0.148318
1.19346,0.148328
1.19347,0.148338
1.19348,0.148348
1.19349,0.148359
1.1935,0.148369
1.19352,0.148379
1.19353,0.148389
1.19354,0.148399
1.19355,0.14841
1.19356,0.14842
1.19357,0.14843
1.19358,0.14844
1.19359,0.14845
1.19361,0.148461
1.19362,0.148471
1.19363,0.148481
1.19364,0.148491
1.19365,0.148502
1.19366,0.148512
1.19367,0.148522
1.19368,0.148532
1.1937,0.148542
1.19371,0.148553
1.19372,0.148563
1.19373,0.148573
1.19374,0.148583
1.19375,0.148593
1.19376,0.148604
1.19377,0.148614
1.19379,0.148624
1.1938,0.148634
1.19381,0.148644
1.19382,0.148655
1.19383,0.148665
1.19384,0.148675
1.19385,0.148685
1.19387,0.148695
1.19388,0.148706
1.19389,0.148716
1.1939,0.148726
1.19391,0.148736
1.19392,0.148746
1.19393,0.148757
1.19394,0.148767
1.19396,0.148777
1.19397,0.148787
1.19398,0.148797
1.19399,0.148808
1.194,0.148818
1.19401,0.148828
1.19402,0.148838
1.19403,0.148848
1.19405,0.148859
1.19406,0.148869
1.19407,0.148879
1.19408,0.148889
1.19409,0.148899
1.1941,0.14891
1.19411,0.14892
1.19412,0.14893
1.19414,0.14894
1.19415,0.14895
1.19416,0.148961
1.19417,0.148971
1.19418,0.148981
1.19419,0.148991
1.1942,0.149002
1.19421,0.149012
1.19423,0.149022
1.19424,0.149032
1.19425,0.149042
1.19426,0.149053
1.19427,0.149063
1.19428,0.149073
1.19429,0.149083
1.1943,0.149093
1.19432,0.149104
1.19433,0.149114
1.19434,0.149124
1.19435,0.149134
1.19436,0.149144
1.19437,0.149155
1.19438,0.149165
1.19439,0.149175
1.19441,0.149185
1.19442,0.149195
1.19443,0.149206
1.19444,0.149216
1.19445,0.149226
1.19446,0.149236
1.19447,0.149246
1.19448,0.149257
1.1945,0.149267
1.19451,0.149277
1.19452,0.149287
1.19453,0.149297
1.19454,0.149308
1.19455,0.149318
1.19456,0.149328
1.19457,0.149338
1.19459,0.149348
1.1946,0.149359
1.19461,0.149369
1.19462,0.149379
1.19463,0.149389
1.19464,0.149399
1.19465,0.14941
1.19466,0.14942
1.19468,0.14943
1.19469,0.14944
1.1947,0.149451
1.19471,0.149461
1.19472,0.149471
1.19473,0.149481
1.19474,0.149491
1.19475,0.149502
1.19477,0.149512
1.19478,0.149522
1.19479,0.149532
1.1948,0.149542
1.19481,0.149553
1.19482,0.149563
1.19483,0.149573
1.19484,0.149583
1.19485,0.149593
1.19487,0.149604
1.19488,0.149614
1.19489,0.149624
1.1949,0.149634
1.19491,0.149644
1.19492,0.149655
1.19493,0.149665
1.19494,0.149675
1.19496,0.149685
1.19497,0.149695
1.19498,0.149706
1.19499,0.149716
1.195,0.149726
1.19501,0.149736
1.19502,0.149746
1.19503,0.149757
1.19505,0.149767
1.19506,0.149777
1.19507,0.149787
1.19508,0.149797
1.19509,0.149808
1.1951,0.149818
1.19511,0.149828
1.19512,0.149838
1.19514,0.149848
1.19515,0.149859
1.19516,0.149869
1.19517,0.149879
1.19518,0.149889
1.19519,0.1499
1.1952,0.14991
1.19521,0.14992
1.19523,0.14993
1.19524,0.14994
1.19525,0.149951
1.19526,0.149961
1.19527,0.149971
1.19528,0.149981
1.19529,0.149991
1.1953,0.150002
1.19532,0.150012
1.19533,0.150022
1.19534,0.150032
1.19535,0.150042
1.19536,0.150053
1.19537,0.150063
1.19538,0.150073
1.19539,0.150083
1.1954,0.150093
1.19542,0.150104
1.19543,0.150114
1.19544,0.150124
1.19545,0.150134
1.19546,0.150144
1.19547,0.150155
1.19548,0.150165
1.19549,0.150175
1.19551,0.150185
1.19552,0.150195
1.19553,0.150206
1.19554,0.150216
1.19555,0.150226
1.19556,0.150236
1.19557,0.150246
1.19558,0.150257
1.1956,0.150267
1.19561,0.150277
1.19562,0.150287
1.19563,0.150297
1.19564,0.150308
1.19565,0.150318
1.19566,0.150328
1.19567,0.150338
1.19569,0.150349
1.1957,0.150359
1.19571,0.150369
1.19572,0.150379
1.19573,0.150389
1.19574,0.1504
1.19575,0.15041
1.19576,0.15042
1.19577,0.15043
1.19579,0.15044
1.1958,0.150451
1.19581,0.150461
1.19582,0.150471
1.19583,0.150481
1.19584,0.150491
1.19585,0.150502
1.19586,0.150512
1.19588,0.150522
1.19589,0.150532
1.1959,0.150542
1.19591,0.150553
1.19592,0.150563
1.19593,0.150573
1.19594,0.150583
1.19595,0.150593
1.19597,0.150604
1.19598,0.150614
1.19599,0.150624
1.196,0.150634
1.19601,0.150644
1.19602,0.150655
1.19603,0.150665
1.19604,0.150675
1.19605,0.150685
1.19607,0.150695
1.19608,0.150706
1.19609,0.150716
1.1961,0.150726
1.19611,0.150736
1.19612,0.150746
1.19613,0.150757
1.19614,0.150767
1.19616,0.150777
1.19617,0.150787
1.19618,0.150797
1.19619,0.150808
1.1962,0.150818
1.19621,0.150828
1.19622,0.150838
1.19623,0.150849
1.19624,0.150859
1.19626,0.150869
1.19627,0.150879
1.19628,0.150889
1.19629,0.1509
1.1963,0.15091
1.19631,0.15092
1.19632,0.15093
1.19633,0.15094
1.19635,0.150951
1.19636,0.150961
1.19637,0.150971
1.19638,0.150981
1.19639,0.150991
1.1964,0.151002
1.19641,0.151012
1.19642,0.151022
1.19644,0.151032
1.19645,0.151042
1.19646,0.151053
1.19647,0.151063
1.19648,0.151073
1.19649,0.151083
1.1965,0.151093
1.19651,0.151104
1.19652,0.151114
1.19654,0.151124
1.19655,0.151134
1.19656,0.151144
1.19657,0.151155
1.19658,0.151165
1.19659,0.151175
1.1966,0.151185
1.19661,0.151195
1.19663,0.151206
1.19664,0.151216
1.19665,0.151226
1.19666,0.151236
1.19667,0.151246
1.19668,0.151257
1.19669,0.151267
1.1967,0.151277
1.19671,0.151287
1.19673,0.151298
1.19674,0.151308
1.19675,0.151318
1.19676,0.151328
1.19677,0.151338
1.19678,0.151349
1.19679,0.151359
1.1968,0.151369
1.19681,0.151379
1.19683,0.151389
1.19684,0.1514
1.19685,0.15141
1.19686,0.15142
1.19687,0.15143
1.19688,0.15144
1.19689,0.151451
1.1969,0.151461
1.19692,0.151471
1.19693,0.151481
1.19694,0.151491
1.19695,0.151502
1.19696,0.151512
1.19697,0.151522
1.19698,0.151532
1.19699,0.151542
1.197,0.151553
1.19702,0.151563
1.19703,0.151573
1.19704,0.151583
1.19705,0.151593
1.19706,0.151604
1.19707,0.151614
1.19708,0.151624
1.19709,0.151634
1.19711,0.151644
1.19712,0.151655
1.19713,0.151665
1.19714,0.151675
1.19715,0.151685
1.19716,0.151695
1.19717,0.151706
1.19718,0.151716
1.19719,0.151726
1.19721,0.151736
1.19722,0.151747
1.19723,0.151757
1.19724,0.151767
1.19725,0.151777
1.19726,0.151787
1.19727,0.151798
1.19728,0.151808
1.19729,0.151818
1.19731,0.151828
1.19732,0.151838
1.19733,0.151849
1.19734,0.151859
1.19735,0.151869
1.19736,0.151879
1.19737,0.151889
1.19738,0.1519
1.1974,0.15191
1.19741,0.15192
1.19742,0.15193
1.19743,0.15194
1.19744,0.151951
1.19745,0.151961
1.19746,0.151971
1.19747,0.151981
1.19748,0.151991
1.1975,0.152002
1.19751,0.152012
1.19752,0.152022
1.19753,0.152032
1.19754,0.152042
1.19755,0.152053
1.19756,0.152063
1.19757,0.152073
1.19758,0.152083
1.1976,0.152093
1.19761,0.152104
1.19762,0.152114
1.19763,0.152124
1.19764,0.152134
1.19765,0.152144
1.19766,0.152155
1.19767,0.152165
1.19768,0.152175
1.1977,0.152185
1.19771,0.152196
1.19772,0.152206
1.19773,0.152216
1.19774,0.152226
1.19775,0.152236
1.19776,0.152247
1.19777,0.152257
1.19779,0.152267
1.1978,0.152277
1.19781,0.152287
1.19782,0.152298
1.19783,0.152308
1.19784,0.152318
1.19785,0.152328
1.19786,0.152338
1.19787,0.152349
1.19789,0.152359
1.1979,0.152369
1.19791,0.152379
1.19792,0.152389
1.19793,0.1524
1.19794,0.15241
1.19795,0.15242
1.19796,0.15243
1.19797,0.15244
1.19799,0.152451
1.198,0.152461
1.19801,0.152471
1.19802,0.152481
1.19803,0.152491
1.19804,0.152502
1.19805,0.152512
1.19806,0.152522
1.19807,0.152532
1.19809,0.152542
1.1981,0.152553
1.19811,0.152563
1.19812,0.152573
1.19813,0.152583
1.19814,0.152593
1.19815,0.152604
1.19816,0.152614
1.19817,0.152624
1.19819,0.152634
1.1982,0.152644
1.19821,0.152655
1.19822,0.152665
1.19823,0.152675
1.19824,0.152685
1.19825,0.152696
1.19826,0.152706
1.19827,0.152716
1.19829,0.152726
1.1983,0.152736
1.19831,0.152747
1.19832,0.152757
1.19833,0.152767
1.19834,0.152777
1.19835,0.152787
1.19836,0.152798
1.19837,0.152808
1.19839,0.152818
1.1984,0.152828
1.19841,0.152838
1.19842,0.152849
1.19843,0.152859
1.19844,0.152869
1.19845,0.152879
1.19846,0.152889
1.19847,0.1529
1.19849,0.15291
1.1985,0.15292
1.19851,0.15293
1.19852,0.15294
1.19853,0.152951
1.19854,0.152961
1.19855,0.152971
1.19856,0.152981
1.19857,0.152991
1.19859,0.153002
1.1986,0.153012
1.19861,0.153022
1.19862,0.153032
1.19863,0.153042
1.19864,0.153053
1.19865,0.153063
1.19866,0.153073
1.19867,0.153083
1.19869,0.153093
1.1987,0.153104
1.19871,0.153114
1.19872,0.153124
1.19873,0.153134
1.19874,0.153145
1.19875,0.153155
1.19876,0.153165
1.19877,0.153175
1.19879,0.153185
1.1988,0.153196
1.19881,0.153206
1.19882,0.153216
1.19883,0.153226
1.19884,0.153236
1.19885,0.153247
1.19886,0.153257
1.19887,0.153267
1.19889,0.153277
1.1989,0.153287
1.19891,0.153298
1.19892,0.153308
1.19893,0.153318
1.19894,0.153328
1.19895,0.153338
1.19896,0.153349
1.19897,0.153359
1.19899,0.153369
1.199,0.153379
1.19901,0.153389
1.19902,0.1534
1.19903,0.15341
1.19904,0.15342
1.19905,0.15343
1.19906,0.15344
1.19907,0.153451
1.19909,0.153461
1.1991,0.153471
1.19911,0.153481
1.19912,0.153491
1.19913,0.153502
1.19914,0.153512
1.19915,0.153522
1.19916,0.153532
1.19917,0.153542
1.19919,0.153553
1.1992,0.153563
1.19921,0.153573
1.19922,0.153583
1.19923,0.153594
1.19924,0.153604
1.19925,0.153614
1.19926,0.153624
1.19927,0.153634
1.19928,0.153645
1.1993,0.153655
1.19931,0.153665
1.19932,0.153675
1.19933,0.153685
1.19934,0.153696
1.19935,0.153706
1.19936,0.153716
1.19937,0.153726
1.19938,0.153736
1.1994,0.153747
1.19941,0.153757
1.19942,0.153767
1.19943,0.153777
1.19944,0.153787
1.19945,0.153798
1.19946,0.153808
1.19947,0.153818
1.19948,0.153828
1.1995,0.153838
1.19951,0.153849
1.19952,0.153859
1.19953,0.153869
1.19954,0.153879
1.19955,0.153889
1.19956,0.1539
1.19957,0.15391
1.19958,0.15392
1.1996,0.15393
1.19961,0.15394
1.19962,0.153951
1.19963,0.153961
1.19964,0.153971
1.19965,0.153981
1.19966,0.153991
1.19967,0.154002
1.19968,0.154012
1.19969,0.154022
1.19971,0.154032
1.19972,0.154042
1.19973,0.154053
1.19974,0.154063
1.19975,0.154073
1.19976,0.154083
1.19977,0.154094
1.19978,0.154104
1.19979,0.154114
1.19981,0.154124
1.19982,0.154134
1.19983,0.154145
1.19984,0.154155
1.19985,0.154165
1.19986,0.154175
1.19987,0.154185
1.19988,0.154196
1.19989,0.154206
1.19991,0.154216
1.19992,0.154226
1.19993,0.154236
1.19994,0.154247
1.19995,0.154257
1.19996,0.154267
1.19997,0.154277
1.19998,0.154287
1.19999,0.154298
1.2,0.154308
1.20002,0.154318
1.20003,0.154328
1.20004,0.154338
1.20005,0.154349
1.20006,0.154359
1.20007,0.154369
1.20008,0.154379
1.20009,0.154389
1.2001,0.1544
1.20012,0.15441
1.20013,0.15442
1.20014,0.15443
1.20015,0.15444
1.20016,0.154451
1.20017,0.154461
1.20018,0.154471
1.20019,0.154481
1.2002,0.154491
1.20021,0.154502
1.20023,0.154512
1.20024,0.154522
1.20025,0.154532
1.20026,0.154543
1.20027,0.154553
1.20028,0.154563
1.20029,0.154573
1.2003,0.154583
1.20031,0.154594
1.20033,0.154604
1.20034,0.154614
1.20035,0.154624
1.20036,0.154634
1.20037,0.154645
1.20038,0.154655
1.20039,0.154665
1.2004,0.154675
1.20041,0.154685
1.20042,0.154696
1.20044,0.154706
1.20045,0.154716
1.20046,0.154726
1.20047,0.154736
1.20048,0.154747
1.20049,0.154757
1.2005,0.154767
1.20051,0.154777
1.20052,0.154787
1.20054,0.154798
1.20055,0.154808
1.20056,0.154818
1.20057,0.154828
1.20058,0.154838
1.20059,0.154849
1.2006,0.154859
1.20061,0.154869
1.20062,0.154879
1.20063,0.154889
1.20065,0.1549
1.20066,0.15491
1.20067,0.15492
1.20068,0.15493
1.20069,0.15494
1.2007,0.154951
1.20071,0.154961
1.20072,0.154971
1.20073,0.154981
1.20075,0.154992
1.20076,0.155002
1.20077,0.155012
1.20078,0.155022
1.20079,0.155032
1.2008,0.155043
1.20081,0.155053
1.20082,0.155063
1.20083,0.155073
1.20084,0.155083
1.20086,0.155094
1.20087,0.155104
1.20088,0.155114
1.20089,0.155124
1.2009,0.155134
1.20091,0.155145
1.20092,0.155155
1.20093,0.155165
1.20094,0.155175
1.20095,0.155185
1.20097,0.155196
1.20098,0.155206
1.20099,0.155216
1.201,0.155226
1.20101,0.155236
1.20102,0.155247
1.20103,0.155257
1.20104,0.155267
1.20105,0.155277
1.20107,0.155287
1.20108,0.155298
1.20109,0.155308
1.2011,0.155318
1.20111,0.155328
1.20112,0.155338
1.20113,0.155349
1.20114,0.155359
1.20115,0.155369
1.20116,0.155379
1.20118,0.155389
1.20119,0.1554
1.2012,0.15541
1.20121,0.15542
1.20122,0.15543
1.20123,0.15544
1.20124,0.155451
1.20125,0.155461
1.20126,0.155471
1.20127,0.155481
1.20129,0.155492
1.2013,0.155502
1.20131,0.155512
1.20132,0.155522
1.20133,0.155532
1.20134,0.155543
1.20135,0.155553
1.20136,0.155563
1.20137,0.155573
1.20138,0.155583
1.2014,0.155594
1.20141,0.155604
1.20142,0.155614
1.20143,0.155624
1.20144,0.155634
1.20145,0.155645
1.20146,0.155655
1.20147,0.155665
1.20148,0.155675
1.20149,0.155685
1.20151,0.155696
1.20152,0.155706
1.20153,0.155716
1.20154,0.155726
1.20155,0.155736
1.20156,0.155747
1.20157,0.155757
1.20158,0.155767
1.20159,0.155777
1.20161,0.155787
1.20162,0.155798
1.20163,0.155808
1.20164,0.155818
1.20165,0.155828
1.20166,0.155838
1.20167,0.155849
1.20168,0.155859
1.20169,0.155869
1.2017,0.155879
1.20172,0.155889
1.20173,0.1559
1.20174,0.15591
1.20175,0.15592
1.20176,0.15593
1.20177,0.155941
1.20178,0.155951
1.20179,0.155961
1.2018,0.155971
1.20181,0.155981
1.20183,0.155992
1.20184,0.156002
1.20185,0.156012
1.20186,0.156022
1.20187,0.156032
1.20188,0.156043
1.20189,0.156053
1.2019,0.156063
1.20191,0.156073
1.20192,0.156083
1.20194,0.156094
1.20195,0.156104
1.20196,0.156114
1.20197,0.156124
1.20198,0.156134
1.20199,0.156145
1.202,0.156155
1.20201,0.156165
1.20202,0.156175
1.20203,0.156185
1.20205,0.156196
1.20206,0.156206
1.20207,0.156216
1.20208,0.156226
1.20209,0.156236
1.2021,0.156247
1.20211,0.156257
1.20212,0.156267
1.20213,0.156277
1.20214,0.156287
1.20216,0.156298
1.20217,0.156308
1.20218,0.156318
1.20219,0.156328
1.2022,0.156338
1.20221,0.156349
1.20222,0.156359
1.20223,0.156369
1.20224,0.156379
1.20225,0.15639
1.20226,0.1564
1.20228,0.15641
1.20229,0.15642
1.2023,0.15643
1.20231,0.156441
1.20232,0.156451
1.20233,0.156461
1.20234,0.156471
1.20235,0.156481
1.20236,0.156492
1.20237,0.156502
1.20239,0.156512
1.2024,0.156522
1.20241,0.156532
1.20242,0.156543
1.20243,0.156553
1.20244,0.156563
1.20245,0.156573
1.20246,0.156583
1.20247,0.156594
1.20248,0.156604
1.2025,0.156614
1.20251,0.156624
1.20252,0.156634
1.20253,0.156645
1.20254,0.156655
1.20255,0.156665
1.20256,0.156675
1.20257,0.156685
1.20258,0.156696
1.20259,0.156706
1.20261,0.156716
1.20262,0.156726
1.20263,0.156736
1.20264,0.156747
1.20265,0.156757
1.20266,0.156767
1.20267,0.156777
1.20268,0.156787
1.20269,0.156798
1.2027,0.156808
1.20272,0.156818
1.20273,0.156828
1.20274,0.156839
1.20275,0.156849
1.20276,0.156859
1.20277,0.156869
1.20278,0.156879
1.20279,0.15689
1.2028,0.1569
1.20281,0.15691
1.20283,0.15692
1.20284,0.15693
1.20285,0.156941
1.20286,0.156951
1.20287,0.156961
1.20288,0.156971
1.20289,0.156981
1.2029,0.156992
1.20291,0.157002
1.20292,0.157012
1.20293,0.157022
1.20295,0.157032
1.20296,0.157043
1.20297,0.157053
1.20298,0.157063
1.20299,0.157073
1.203,0.157083
1.20301,0.157094
1.20302,0.157104
1.20303,0.157114
1.20304,0.157124
1.20306,0.157134
1.20307,0.157145
1.20308,0.157155
1.20309,0.157165
1.2031,0.157175
1.20311,0.157185
1.20312,0.157196
1.20313,0.157206
1.20314,0.157216
1.20315,0.157226
1.20316,0.157236
1.20318,0.157247
1.20319,0.157257
1.2032,0.157267
1.20321,0.157277
1.20322,0.157287
1.20323,0.157298
1.20324,0.157308
1.20325,0.157318
1.20326,0.157328
1.20327,0.157339
1.20329,0.157349
1.2033,0.157359
1.20331,0.157369
1.20332,0.157379
1.20333,0.15739
1.20334,0.1574
1.20335,0.15741
1.20336,0.15742
1.20337,0.15743
1.20338,0.157441
1.2034,0.157451
1.20341,0.157461
1.20342,0.157471
1.20343,0.157481
1.20344,0.157492
1.20345,0.157502
1.20346,0.157512
1.20347,0.157522
1.20348,0.157532
1.20349,0.157543
1.2035,0.157553
1.20352,0.157563
1.20353,0.157573
1.20354,0.157583
1.20355,0.157594
1.20356,0.157604
1.20357,0.157614
1.20358,0.157624
1.20359,0.157634
1.2036,0.157645
1.20361,0.157655
1.20362,0.157665
1.20364,0.157675
1.20365,0.157685
1.20366,0.157696
1.20367,0.157706
1.20368,0.157716
1.20369,0.157726
1.2037,0.157736
1.20371,0.157747
1.20372,0.157757
1.20373,0.157767
1.20375,0.157777
1.20376,0.157788
1.20377,0.157798
1.20378,0.157808
1.20379,0.157818
1.2038,0.157828
1.20381,0.157839
1.20382,0.157849
1.20383,0.157859
1.20384,0.157869
1.20385,0.157879
1.20387,0.15789
1.20388,0.1579
1.20389,0.15791
1.2039,0.15792
1.20391,0.15793
1.20392,0.157941
1.20393,0.157951
1.20394,0.157961
1.20395,0.157971
1.20396,0.157981
1.20398,0.157992
1.20399,0.158002
1.204,0.158012
1.20401,0.158022
1.20402,0.158032
1.20403,0.158043
1.20404,0.158053
1.20405,0.158063
1.20406,0.158073
1.20407,0.158083
1.20408,0.158094
1.2041,0.158104
1.20411,0.158114
1.20412,0.158124
1.20413,0.158134
1.20414,0.158145
1.20415,0.158155
1.20416,0.158165
1.20417,0.158175
1.20418,0.158185
1.20419,0.158196
1.2042,0.158206
1.20422,0.158216
1.20423,0.158226
1.20424,0.158237
1.20425,0.158247
1.20426,0.158257
1.20427,0.158267
1.20428,0.158277
1.20429,0.158288
1.2043,0.158298
1.20431,0.158308
1.20432,0.158318
1.20434,0.158328
1.20435,0.158339
1.20436,0.158349
1.20437,0.158359
1.20438,0.158369
1.20439,0.158379
1.2044,0.15839
1.20441,0.1584
1.20442,0.15841
1.20443,0.15842
1.20444,0.15843
1.20446,0.158441
1.20447,0.158451
1.20448,0.158461
1.20449,0.158471
1.2045,0.158481
1.20451,0.158492
1.20452,0.158502
1.20453,0.158512
1.20454,0.158522
1.20455,0.158532
1.20457,0.158543
1.20458,0.158553
1.20459,0.158563
1.2046,0.158573
1.20461,0.158583
1.20462,0.158594
1.20463,0.158604
1.20464,0.158614
1.20465,0.158624
1.20466,0.158634
1.20467,0.158645
1.20469,0.158655
1.2047,0.158665
1.20471,0.158675
1.20472,0.158685
1.20473,0.158696
1.20474,0.158706
1.20475,0.158716
1.20476,0.158726
1.20477,0.158737
1.20478,0.158747
1.20479,0.158757
1.20481,0.158767
1.20482,0.158777
1.20483,0.158788
1.20484,0.158798
1.20485,0.158808
1.20486,0.158818
1.20487,0.158828
1.20488,0.158839
1.20489,0.158849
1.2049,0.158859
1.20491,0.158869
1.20493,0.158879
1.20494,0.15889
1.20495,0.1589
1.20496,0.15891
1.20497,0.15892
1.20498,0.15893
1.20499,0.158941
1.205,0.158951
1.20501,0.158961
1.20502,0.158971
1.20503,0.158981
1.20505,0.158992
1.20506,0.159002
1.20507,0.159012
1.20508,0.159022
1.20509,0.159032
1.2051,0.159043
1.20511,0.159053
1.20512,0.159063
1.20513,0.159073
1.20514,0.159083
1.20515,0.159094
1.20516,0.159104
1.20518,0.159114
1.20519,0.159124
1.2052,0.159134
1.20521,0.159145
1.20522,0.159155
1.20523,0.159165
1.20524,0.159175
1.20525,0.159186
1.20526,0.159196
1.20527,0.159206
1.20528,0.159216
1.2053,0.159226
1.20531,0.159237
1.20532,0.159247
1.20533,0.159257
1.20534,0.159267
1.20535,0.159277
1.20536,0.159288
1.20537,0.159298
1.20538,0.159308
1.20539,0.159318
1.2054,0.159328
1.20542,0.159339
1.20543,0.159349
1.20544,0.159359
1.20545,0.159369
1.20546,0.159379
1.20547,0.15939
1.20548,0.1594
1.20549,0.15941
1.2055,0.15942
1.20551,0.15943
1.20552,0.159441
1.20554,0.159451
1.20555,0.159461
1.20556,0.159471
1.20557,0.159481
1.20558,0.159492
1.20559,0.159502
1.2056,0.159512
1.20561,0.159522
1.20562,0.159532
1.20563,0.159543
1.20564,0.159553
1.20566,0.159563
1.20567,0.159573
1.20568,0.159583
1.20569,0.159594
1.2057,0.159604
1.20571,0.159614
1.20572,0.159624
1.20573,0.159635
1.20574,0.159645
1.20575,0.159655
1.20576,0.159665
1.20577,0.159675
1.20579,0.159686
1.2058,0.159696
1.20581,0.159706
1.20582,0.159716
1.20583,0.159726
1.20584,0.159737
1.20585,0.159747
1.20586,0.159757
1.20587,0.159767
1.20588,0.159777
1.20589,0.159788
1.20591,0.159798
1.20592,0.159808
1.20593,0.159818
1.20594,0.159828
1.20595,0.159839
1.20596,0.159849
1.20597,0.159859
1.20598,0.159869
1.20599,0.159879
1.206,0.15989
1.20601,0.1599
1.20602,0.15991
1.20604,0.15992
1.20605,0.15993
1.20606,0.159941
1.20607,0.159951
1.20608,0.159961
1.20609,0.159971
1.2061,0.159981
1.20611,0.159992
1.20612,0.160002
1.20613,0.160012
1.20614,0.160022
1.20616,0.160032
1.20617,0.160043
1.20618,0.160053
1.20619,0.160063
1.2062,0.160073
1.20621,0.160083
1.20622,0.160094
1.20623,0.160104
1.20624,0.160114
1.20625,0.160124
1.20626,0.160135
1.20627,0.160145
1.20629,0.160155
1.2063,0.160165
1.20631,0.160175
1.20632,0.160186
1.20633,0.160196
1.20634,0.160206
1.20635,0.160216
1.20636,0.160226
1.20637,0.160237
1.20638,0.160247
1.20639,0.160257
1.20641,0.160267
1.20642,0.160277
1.20643,0.160288
1.20644,0.160298
1.20645,0.160308
1.20646,0.160318
1.20647,0.160328
1.20648,0.160339
1.20649,0.160349
1.2065,0.160359
1.20651,0.160369
1.20652,0.160379
1.20654,0.16039
1.20655,0.1604
1.20656,0.16041
1.20657,0.16042
1.20658,0.16043
1.20659,0.160441
1.2066,0.160451
1.20661,0.160461
1.20662,0.160471
1.20663,0.160481
1.20664,0.160492
1.20665,0.160502
1.20667,0.160512
1.20668,0.160522
1.20669,0.160532
1.2067,0.160543
1.20671,0.160553
1.20672,0.160563
1.20673,0.160573
1.20674,0.160584
1.20675,0.160594
1.20676,0.160604
1.20677,0.160614
1.20678,0.160624
1.2068,0.160635
1.20681,0.160645
1.20682,0.160655
1.20683,0.160665
1.20684,0.160675
1.20685,0.160686
1.20686,0.160696
1.20687,0.160706
1.20688,0.160716
1.20689,0.160726
1.2069,0.160737
1.20692,0.160747
1.20693,0.160757
1.20694,0.160767
1.20695,0.160777
1.20696,0.160788
1.20697,0.160798
1.20698,0.160808
1.20699,0.160818
1.207,0.160828
1.20701,0.160839
1.20702,0.160849
1.20703,0.160859
1.20705,0.160869
1.20706,0.160879
1.20707,0.16089
1.20708,0.1609
1.20709,0.16091
1.2071,0.16092
1.20711,0.16093
1.20712,0.160941
1.20713,0.160951
1.20714,0.160961
1.20715,0.160971
1.20716,0.160981
1.20718,0.160992
1.20719,0.161002
1.2072,0.161012
1.20721,0.161022
1.20722,0.161032
1.20723,0.161043
1.20724,0.161053
1.20725,0.161063
1.20726,0.161073
1.20727,0.161084
1.20728,0.161094
1.20729,0.161104
1.20731,0.161114
1.20732,0.161124
1.20733,0.161135
1.20734,0.161145
1.20735,0.161155
1.20736,0.161165
1.20737,0.161175
1.20738,0.161186
1.20739,0.161196
1.2074,0.161206
1.20741,0.161216
1.20742,0.161226
1.20744,0.161237
1.20745,0.161247
1.20746,0.161257
1.20747,0.161267
1.20748,0.161277
1.20749,0.161288
1.2075,0.161298
1.20751,0.161308
1.20752,0.161318
1.20753,0.161328
1.20754,0.161339
1.20755,0.161349
1.20757,0.161359
1.20758,0.161369
1.20759,0.161379
1.2076,0.16139
1.20761,0.1614
1.20762,0.16141
1.20763,0.16142
1.20764,0.16143
1.20765,0.161441
1.20766,0.161451
1.20767,0.161461
1.20768,0.161471
1.20769,0.161481
1.20771,0.161492
1.20772,0.161502
1.20773,0.161512
1.20774,0.161522
1.20775,0.161533
1.20776,0.161543
1.20777,0.161553
1.20778,0.161563
1.20779,0.161573
1.2078,0.161584
1.20781,0.161594
1.20782,0.161604
1.20784,0.161614
1.20785,0.161624
1.20786,0.161635
1.20787,0.161645
1.20788,0.161655
1.20789,0.161665
1.2079,0.161675
1.20791,0.161686
1.20792,0.161696
1.20793,0.161706
1.20794,0.161716
1.20795,0.161726
1.20797,0.161737
1.20798,0.161747
1.20799,0.161757
1.208,0.161767
1.20801,0.161777
1.20802,0.161788
1.20803,0.161798
1.20804,0.161808
1.20805,0.161818
1.20806,0.161828
1.20807,0.161839
1.20808,0.161849
1.2081,0.161859
1.20811,0.161869
1.20812,0.161879
1.20813,0.16189
1.20814,0.1619
1.20815,0.16191
1.20816,0.16192
1.20817,0.16193
1.20818,0.161941
1.20819,0.161951
1.2082,0.161961
1.20821,0.161971
1.20822,0.161982
1.20824,0.161992
1.20825,0.162002
1.20826,0.162012
1.20827,0.162022
1.20828,0.162033
1.20829,0.162043
1.2083,0.162053
1.20831,0.162063
1.20832,0.162073
1.20833,0.162084
1.20834,0.162094
1.20835,0.162104
1.20837,0.162114
1.20838,0.162124
1.20839,0.162135
1.2084,0.162145
1.20841,0.162155
1.20842,0.162165
1.20843,0.162175
1.20844,0.162186
1.20845,0.162196
1.20846,0.162206
1.20847,0.162216
1.20848,0.162226
1.20849,0.162237
1.20851,0.162247
1.20852,0.162257
1.20853,0.162267
1.20854,0.162277
1.20855,0.162288
1.20856,0.162298
1.20857,0.162308
1.20858,0.162318
1.20859,0.162328
1.2086,0.162339
1.20861,0.162349
1.20862,0.162359
1.20863,0.162369
1.20865,0.162379
1.20866,0.16239
1.20867,0.1624
1.20868,0.16241
1.20869,0.16242
1.2087,0.16243
1.20871,0.162441
1.20872,0.162451
1.20873,0.162461
1.20874,0.162471
1.20875,0.162482
1.20876,0.162492
1.20878,0.162502
1.20879,0.162512
1.2088,0.162522
1.20881,0.162533
1.20882,0.162543
1.20883,0.162553
1.20884,0.162563
1.20885,0.162573
1.20886,0.162584
1.20887,0.162594
1.20888,0.162604
1.20889,0.162614
1.2089,0.162624
1.20892,0.162635
1.20893,0.162645
1.20894,0.162655
1.20895,0.162665
1.20896,0.162675
1.20897,0.162686
1.20898,0.162696
1.20899,0.162706
1.209,0.162716
1.20901,0.162726
1.20902,0.162737
1.20903,0.162747
1.20904,0.162757
1.20906,0.162767
1.20907,0.162777
1.20908,0.162788
1.20909,0.162798
1.2091,0.162808
1.20911,0.162818
1.20912,0.162828
1.20913,0.162839
1.20914,0.162849
1.20915,0.162859
1.20916,0.162869
1.20917,0.162879
1.20918,0.16289
1.2092,0.1629
1.20921,0.16291
1.20922,0.16292
1.20923,0.162931
1.20924,0.162941
1.20925,0.162951
1.20926,0.162961
1.20927,0.162971
1.20928,0.162982
1.20929,0.162992
1.2093,0.163002
1.20931,0.163012
1.20932,0.163022
1.20934,0.163033
1.20935,0.163043
1.20936,0.163053
1.20937,0.163063
1.20938,0.163073
1.20939,0.163084
1.2094,0.163094
1.20941,0.163104
1.20942,0.163114
1.20943,0.163124
1.20944,0.163135
1.20945,0.163145
1.20946,0.163155
1.20948,0.163165
1.20949,0.163175
1.2095,0.163186
1.20951,0.163196
1.20952,0.163206
1.20953,0.163216
1.20954,0.163226
1.20955,0.163237
1.20956,0.163247
1.20957,0.163257
1.20958,0.163267
1.20959,0.163277
1.2096,0.163288
1.20962,0.163298
1.20963,0.163308
1.20964,0.163318
1.20965,0.163328
1.20966,0.163339
1.20967,0.163349
1.20968,0.163359
1.20969,0.163369
1.2097,0.16338
1.20971,0.16339
1.20972,0.1634
1.20973,0.16341
1.20974,0.16342
1.20976,0.163431
1.20977,0.163441
1.20978,0.163451
1.20979,0.163461
1.2098,0.163471
1.20981,0.163482
1.20982,0.163492
1.20983,0.163502
1.20984,0.163512
1.20985,0.163522
1.20986,0.163533
1.20987,0.163543
1.20988,0.163553
1.2099,0.163563
1.20991,0.163573
1.20992,0.163584
1.20993,0.163594
1.20994,0.163604
1.20995,0.163614
1.20996,0.163624
1.20997,0.163635
1.20998,0.163645
1.20999,0.163655
1.21,0.163665
1.21001,0.163675
1.21002,0.163686
1.21003,0.163696
1.21005,0.163706
1.21006,0.163716
1.21007,0.163726
1.21008,0.163737
1.21009,0.163747
1.2101,0.163757
1.21011,0.163767
1.21012,0.163777
1.21013,0.163788
1.21014,0.163798
1.21015,0.163808
1.21016,0.163818
1.21017,0.163828
1.21019,0.163839
1.2102,0.163849
1.21021,0.163859
1.21022,0.163869
1.21023,0.16388
1.21024,0.16389
1.21025,0.1639
1.21026,0.16391
1.21027,0.16392
1.21028,0.163931
1.21029,0.163941
1.2103,0.163951
1.21031,0.163961
1.21033,0.163971
1.21034,0.163982
1.21035,0.163992
1.21036,0.164002
1.21037,0.164012
1.21038,0.164022
1.21039,0.164033
1.2104,0.164043
1.21041,0.164053
1.21042,0.164063
1.21043,0.164073
1.21044,0.164084
1.21045,0.164094
1.21046,0.164104
1.21048,0.164114
1.21049,0.164124
1.2105,0.164135
1.21051,0.164145
1.21052,0.164155
1.21053,0.164165
1.21054,0.164175
1.21055,0.164186
1.21056,0.164196
1.21057,0.164206
1.21058,0.164216
1.21059,0.164226
1.2106,0.164237
1.21061,0.164247
1.21063,0.164257
1.21064,0.164267
1.21065,0.164277
1.21066,0.164288
1.21067,0.164298
1.21068,0.164308
1.21069,0.164318
1.2107,0.164329
1.21071,0.164339
1.21072,0.164349
1.21073,0.164359
1.21074,0.164369
1.21075,0.16438
1.21077,0.16439
1.21078,0.1644
1.21079,0.16441
1.2108,0.16442
1.21081,0.164431
1.21082,0.164441
1.21083,0.164451
1.21084,0.164461
1.21085,0.164471
1.21086,0.164482
1.21087,0.164492
1.21088,0.164502
1.21089,0.164512
1.2109,0.164522
1.21092,0.164533
1.21093,0.164543
1.21094,0.164553
1.21095,0.164563
1.21096,0.164573
1.21097,0.164584
1.21098,0.164594
1.21099,0.164604
1.211,0.164614
1.21101,0.164624
1.21102,0.164635
1.21103,0.164645
1.21104,0.164655
1.21105,0.164665
1.21107,0.164675
1.21108,0.164686
1.21109,0.164696
1.2111,0.164706
1.21111,0.164716
1.21112,0.164726
1.21113,0.164737
1.21114,0.164747
1.21115,0.164757
1.21116,0.164767
1.21117,0.164778
1.21118,0.164788
1.21119,0.164798
1.2112,0.164808
1.21122,0.164818
1.21123,0.164829
1.21124,0.164839
1.21125,0.164849
1.21126,0.164859
1.21127,0.164869
1.21128,0.16488
1.21129,0.16489
1.2113,0.1649
1.21131,0.16491
1.21132,0.16492
1.21133,0.164931
1.21134,0.164941
1.21135,0.164951
1.21137,0.164961
1.21138,0.164971
1.21139,0.164982
1.2114,0.164992
1.21141,0.165002
1.21142,0.165012
1.21143,0.165022
1.21144,0.165033
1.21145,0.165043
1.21146,0.165053
1.21147,0.165063
1.21148,0.165073
1.21149,0.165084
1.2115,0.165094
1.21152,0.165104
1.21153,0.165114
1.21154,0.165124
1.21155,0.165135
1.21156,0.165145
1.21157,0.165155
1.21158,0.165165
1.21159,0.165175
1.2116,0.165186
1.21161,0.165196
1.21162,0.165206
1.21163,0.165216
1.21164,0.165226
1.21165,0.165237
1.21166,0.165247
1.21168,0.165257
1.21169,0.165267
1.2117,0.165278
1.21171,0.165288
1.21172,0.165298
1.21173,0.165308
1.21174,0.165318
1.21175,0.165329
1.21176,0.165339
1.21177,0.165349
1.21178,0.165359
1.21179,0.165369
1.2118,0.16538
1.21181,0.16539
1.21183,0.1654
1.21184,0.16541
1.21185,0.16542
1.21186,0.165431
1.21187,0.165441
1.21188,0.165451
1.21189,0.165461
1.2119,0.165471
1.21191,0.165482
1.21192,0.165492
1.21193,0.165502
1.21194,0.165512
1.21195,0.165522
1.21196,0.165533
1.21198,0.165543
1.21199,0.165553
1.212,0.165563
1.21201,0.165573
1.21202,0.165584
1.21203,0.165594
1.21204,0.165604
1.21205,0.165614
1.21206,0.165624
1.21207,0.165635
1.21208,0.165645
1.21209,0.165655
1.2121,0.165665
1.21211,0.165675
1.21212,0.165686
1.21214,0.165696
1.21215,0.165706
1.21216,0.165716
1.21217,0.165727
1.21218,0.165737
1.21219,0.165747
1.2122,0.165757
1.21221,0.165767
1.21222,0.165778
1.21223,0.165788
1.21224,0.165798
1.21225,0.165808
1.21226,0.165818
1.21227,0.165829
1.21228,0.165839
1.2123,0.165849
1.21231,0.165859
1.21232,0.165869
1.21233,0.16588
1.21234,0.16589
1.21235,0.1659
1.21236,0.16591
1.21237,0.16592
1.21238,0.165931
1.21239,0.165941
1.2124,0.165951
1.21241,0.165961
1.21242,0.165971
1.21243,0.165982
1.21245,0.165992
1.21246,0.166002
1.21247,0.166012
1.21248,0.166022
1.21249,0.166033
1.2125,0.166043
1.21251,0.166053
1.21252,0.166063
1.21253,0.166073
1.21254,0.166084
1.21255,0.166094
1.21256,0.166104
1.21257,0.166114
1.21258,0.166124
1.21259,0.166135
1.21261,0.166145
1.21262,0.166155
1.21263,0.166165
1.21264,0.166175
1.21265,0.166186
1.21266,0.166196
1.21267,0.166206
1.21268,0.166216
1.21269,0.166227
1.2127,0.166237
1.21271,0.166247
1.21272,0.166257
1.21273,0.166267
1.21274,0.166278
1.21275,0.166288
1.21277,0.166298
1.21278,0.166308
1.21279,0.166318
1.2128,0.166329
1.21281,0.166339
1.21282,0.166349
1.21283,0.166359
1.21284,0.166369
1.21285,0.16638
1.21286,0.16639
1.21287,0.1664
1.21288,0.16641
1.21289,0.16642
1.2129,0.166431
1.21291,0.166441
1.21293,0.166451
1.21294,0.166461
1.21295,0.166471
1.21296,0.166482
1.21297,0.166492
1.21298,0.166502
1.21299,0.166512
1.213,0.166522
1.21301,0.166533
1.21302,0.166543
1.21303,0.166553
1.21304,0.166563
1.21305,0.166573
1.21306,0.166584
1.21307,0.166594
1.21309,0.166604
1.2131,0.166614
1.21311,0.166624
1.21312,0.166635
1.21313,0.166645
1.21314,0.166655
1.21315,0.166665
1.21316,0.166676
1.21317,0.166686
1.21318,0.166696
1.21319,0.166706
1.2132,0.166716
1.21321,0.166727
1.21322,0.166737
1.21323,0.166747
1.21324,0.166757
1.21326,0.166767
1.21327,0.166778
1.21328,0.166788
1.21329,0.166798
1.2133,0.166808
1.21331,0.166818
1.21332,0.166829
1.21333,0.166839
1.21334,0.166849
1.21335,0.166859
1.21336,0.166869
1.21337,0.16688
1.21338,0.16689
1.21339,0.1669
1.2134,0.16691
1.21342,0.16692
1.21343,0.166931
1.21344,0.166941
1.21345,0.166951
1.21346,0.166961
1.21347,0.166971
1.21348,0.166982
1.21349,0.166992
1.2135,0.167002
1.21351,0.167012
1.21352,0.167022
1.21353,0.167033
1.21354,0.167043
1.21355,0.167053
1.21356,0.167063
1.21357,0.167073
1.21359,0.167084
1.2136,0.167094
1.21361,0.167104
1.21362,0.167114
1.21363,0.167125
1.21364,0.167135
1.21365,0.167145
1.21366,0.167155
1.21367,0.167165
1.21368,0.167176
1.21369,0.167186
1.2137,0.167196
1.21371,0.167206
1.21372,0.167216
1.21373,0.167227
1.21375,0.167237
1.21376,0.167247
1.21377,0.167257
1.21378,0.167267
1.21379,0.167278
1.2138,0.167288
1.21381,0.167298
1.21382,0.167308
1.21383,0.167318
1.21384,0.167329
1.21385,0.167339
1.21386,0.167349
1.21387,0.167359
1.21388,0.167369
1.21389,0.16738
1.2139,0.16739
1.21392,0.1674
1.21393,0.16741
1.21394,0.16742
1.21395,0.167431
1.21396,0.167441
1.21397,0.167451
1.21398,0.167461
1.21399,0.167471
1.214,0.167482
1.21401,0.167492
1.21402,0.167502
1.21403,0.167512
1.21404,0.167522
1.21405,0.167533
1.21406,0.167543
1.21407,0.167553
1.21409,0.167563
1.2141,0.167573
1.21411,0.167584
1.21412,0.167594
1.21413,0.167604
1.21414,0.167614
1.21415,0.167625
1.21416,0.167635
1.21417,0.167645
1.21418,0.167655
1.21419,0.167665
1.2142,0.167676
1.21421,0.167686
1.21422,0.167696
1.21423,0.167706
1.21424,0.167716
1.21426,0.167727
1.21427,0.167737
1.21428,0.167747
1.21429,0.167757
1.2143,0.167767
1.21431,0.167778
1.21432,0.167788
1.21433,0.167798
1.21434,0.167808
1.21435,0.167818
1.21436,0.167829
1.21437,0.167839
1.21438,0.167849
1.21439,0.167859
1.2144,0.167869
1.21441,0.16788
1.21443,0.16789
1.21444,0.1679
1.21445,0.16791
1.21446,0.16792
1.21447,0.167931
1.21448,0.167941
1.21449,0.167951
1.2145,0.167961
1.21451,0.167971
1.21452,0.167982
1.21453,0.167992
1.21454,0.168002
1.21455,0.168012
1.21456,0.168022
1.21457,0.168033
1.21458,0.168043
1.2146,0.168053
1.21461,0.168063
1.21462,0.168074
1.21463,0.168084
1.21464,0.168094
1.21465,0.168104
1.21466,0.168114
1.21467,0.168125
1.21468,0.168135
1.21469,0.168145
1.2147,0.168155
1.21471,0.168165
1.21472,0.168176
1.21473,0.168186
1.21474,0.168196
1.21475,0.168206
1.21476,0.168216
1.21478,0.168227
1.21479,0.168237
1.2148,0.168247
1.21481,0.168257
1.21482,0.168267
1.21483,0.168278
1.21484,0.168288
1.21485,0.168298
1.21486,0.168308
1.21487,0.168318
1.21488,0.168329
1.21489,0.168339
1.2149,0.168349
1.21491,0.168359
1.21492,0.168369
1.21493,0.16838
1.21495,0.16839
1.21496,0.1684
1.21497,0.16841
1.21498,0.16842
1.21499,0.168431
1.215,0.168441
1.21501,0.168451
1.21502,0.168461
1.21503,0.168471
1.21504,0.168482
1.21505,0.168492
1.21506,0.168502
1.21507,0.168512
1.21508,0.168522
1.21509,0.168533
1.2151,0.168543
1.21511,0.168553
1.21513,0.168563
1.21514,0.168574
1.21515,0.168584
1.21516,0.168594
1.21517,0.168604
1.21518,0.168614
1.21519,0.168625
1.2152,0.168635
1.21521,0.168645
1.21522,0.168655
1.21523,0.168665
1.21524,0.168676
1.21525,0.168686
1.21526,0.168696
1.21527,0.168706
1.21528,0.168716
1.21529,0.168727
1.21531,0.168737
1.21532,0.168747
1.21533,0.168757
1.21534,0.168767
1.21535,0.168778
1.21536,0.168788
1.21537,0.168798
1.21538,0.168808
1.21539,0.168818
1.2154,0.168829
1.21541,0.168839
1.21542,0.168849
1.21543,0.168859
1.21544,0.168869
1.21545,0.16888
1.21546,0.16889
1.21547,0.1689
1.21549,0.16891
1.2155,0.16892
1.21551,0.168931
1.21552,0.168941
1.21553,0.168951
1.21554,0.168961
1.21555,0.168971
1.21556,0.168982
1.21557,0.168992
1.21558,0.169002
1.21559,0.169012
1.2156,0.169023
1.21561,0.169033
1.21562,0.169043
1.21563,0.169053
1.21564,0.169063
1.21565,0.169074
1.21567,0.169084
1.21568,0.169094
1.21569,0.169104
1.2157,0.169114
1.21571,0.169125
1.21572,0.169135
1.21573,0.169145
1.21574,0.169155
1.21575,0.169165
1.21576,0.169176
1.21577,0.169186
1.21578,0.169196
1.21579,0.169206
1.2158,0.169216
1.21581,0.169227
1.21582,0.169237
1.21583,0.169247
1.21585,0.169257
1.21586,0.169267
1.21587,0.169278
1.21588,0.169288
1.21589,0.169298
1.2159,0.169308
1.21591,0.169318
1.21592,0.169329
1.21593,0.169339
1.21594,0.169349
1.21595,0.169359
1.21596,0.169369
1.21597,0.16938
1.21598,0.16939
1.21599,0.1694
1.216,0.16941
1.21601,0.16942
1.21602,0.169431
1.21604,0.169441
1.21605,0.169451
1.21606,0.169461
1.21607,0.169472
1.21608,0.169482
1.21609,0.169492
1.2161,0.169502
1.21611,0.169512
1.21612,0.169523
1.21613,0.169533
1.21614,0.169543
1.21615,0.169553
1.21616,0.169563
1.21617,0.169574
1.21618,0.169584
1.21619,0.169594
1.2162,0.169604
1.21622,0.169614
1.21623,0.169625
1.21624,0.169635
1.21625,0.169645
1.21626,0.169655
1.21627,0.169665
1.21628,0.169676
1.21629,0.169686
1.2163,0.169696
1.21631,0.169706
1.21632,0.169716
1.21633,0.169727
1.21634,0.169737
1.21635,0.169747
1.21636,0.169757
1.21637,0.169767
1.21638,0.169778
1.21639,0.169788
1.21641,0.169798
1.21642,0.169808
1.21643,0.169818
1.21644,0.169829
1.21645,0.169839
1.21646,0.169849
1.21647,0.169859
1.21648,0.169869
1.21649,0.16988
1.2165,0.16989
1.21651,0.1699
1.21652,0.16991
1.21653,0.16992
1.21654,0.169931
1.21655,0.169941
1.21656,0.169951
1.21657,0.169961
1.21658,0.169972
1.2166,0.169982
1.21661,0.169992
1.21662,0.170002
1.21663,0.170012
1.21664,0.170023
1.21665,0.170033
1.21666,0.170043
1.21667,0.170053
1.21668,0.170063
1.21669,0.170074
1.2167,0.170084
1.21671,0.170094
1.21672,0.170104
1.21673,0.170114
1.21674,0.170125
1.21675,0.170135
1.21676,0.170145
1.21677,0.170155
1.21679,0.170165
1.2168,0.170176
1.21681,0.170186
1.21682,0.170196
1.21683,0.170206
1.21684,0.170216
1.21685,0.170227
1.21686,0.170237
1.21687,0.170247
1.21688,0.170257
1.21689,0.170267
1.2169,0.170278
1.21691,0.170288
1.21692,0.170298
1.21693,0.170308
1.21694,0.170318
1.21695,0.170329
1.21696,0.170339
1.21698,0.170349
1.21699,0.170359
1.217,0.170369
1.21701,0.17038
1.21702,0.17039
1.21703,0.1704
1.21704,0.17041
1.21705,0.170421
1.21706,0.170431
1.21707,0.170441
1.21708,0.170451
1.21709,0.170461
1.2171,0.170472
1.21711,0.170482
1.21712,0.170492
1.21713,0.170502
1.21714,0.170512
1.21715,0.170523
1.21716,0.170533
1.21718,0.170543
1.21719,0.170553
1.2172,0.170563
1.21721,0.170574
1.21722,0.170584
1.21723,0.170594
1.21724,0.170604
1.21725,0.170614
1.21726,0.170625
1.21727,0.170635
1.21728,0.170645
1.21729,0.170655
1.2173,0.170665
1.21731,0.170676
1.21732,0.170686
1.21733,0.170696
1.21734,0.170706
1.21735,0.170716
1.21736,0.170727
1.21738,0.170737
1.21739,0.170747
1.2174,0.170757
1.21741,0.170767
1.21742,0.170778
1.21743,0.170788
1.21744,0.170798
1.21745,0.170808
1.21746,0.170818
1.21747,0.170829
1.21748,0.170839
1.21749,0.170849
1.2175,0.170859
1.21751,0.170869
1.21752,0.17088
1.21753,0.17089
1.21754,0.1709
1.21755,0.17091
1.21757,0.170921
1.21758,0.170931
1.21759,0.170941
1.2176,0.170951
1.21761,0.170961
1.21762,0.170972
1.21763,0.170982
1.21764,0.170992
1.21765,0.171002
1.21766,0.171012
1.21767,0.171023
1.21768,0.171033
1.21769,0.171043
1.2177,0.171053
1.21771,0.171063
1.21772,0.171074
1.21773,0.171084
1.21774,0.171094
1.21775,0.171104
1.21776,0.171114
1.21778,0.171125
1.21779,0.171135
1.2178,0.171145
1.21781,0.171155
1.21782,0.171165
1.21783,0.171176
1.21784,0.171186
1.21785,0.171196
1.21786,0.171206
1.21787,0.171216
1.21788,0.171227
1.21789,0.171237
1.2179,0.171247
1.21791,0.171257
1.21792,0.171267
1.21793,0.171278
1.21794,0.171288
1.21795,0.171298
1.21796,0.171308
1.21798,0.171318
1.21799,0.171329
1.218,0.171339
1.21801,0.171349
1.21802,0.171359
1.21803,0.17137
1.21804,0.17138
1.21805,0.17139
1.21806,0.1714
1.21807,0.17141
1.21808,0.171421
1.21809,0.171431
1.2181,0.171441
1.21811,0.171451
1.21812,0.171461
1.21813,0.171472
1.21814,0.171482
1.21815,0.171492
1.21816,0.171502
1.21818,0.171512
1.21819,0.171523
1.2182,0.171533
1.21821,0.171543
1.21822,0.171553
1.21823,0.171563
1.21824,0.171574
1.21825,0.171584
1.21826,0.171594
1.21827,0.171604
1.21828,0.171614
1.21829,0.171625
1.2183,0.171635
1.21831,0.171645
1.21832,0.171655
1.21833,0.171665
1.21834,0.171676
1.21835,0.171686
1.21836,0.171696
1.21837,0.171706
1.21839,0.171716
1.2184,0.171727
1.21841,0.171737
1.21842,0.171747
1.21843,0.171757
1.21844,0.171767
1.21845,0.171778
1.21846,0.171788
1.21847,0.171798
1.21848,0.171808
1.21849,0.171818
1.2185,0.171829
1.21851,0.171839
1.21852,0.171849
1.21853,0.171859
1.21854,0.17187
1.21855,0.17188
1.21856,0.17189
1.21857,0.1719
1.21858,0.17191
1.2186,0.171921
1.21861,0.171931
1.21862,0.171941
1.21863,0.171951
1.21864,0.171961
1.21865,0.171972
1.21866,0.171982
1.21867,0.171992
1.21868,0.172002
1.21869,0.172012
1.2187,0.172023
1.21871,0.172033
1.21872,0.172043
1.21873,0.172053
1.21874,0.172063
1.21875,0.172074
1.21876,0.172084
1.21877,0.172094
1.21878,0.172104
1.21879,0.172114
1.21881,0.172125
1.21882,0.172135
1.21883,0.172145
1.21884,0.172155
1.21885,0.172165
1.21886,0.172176
1.21887,0.172186
1.21888,0.172196
1.21889,0.172206
1.2189,0.172216
1.21891,0.172227
1.21892,0.172237
1.21893,0.172247
1.21894,0.172257
1.21895,0.172267
1.21896,0.172278
1.21897,0.172288
1.21898,0.172298
1.21899,0.172308
1.219,0.172319
1.21901,0.172329
1.21903,0.172339
1.21904,0.172349
1.21905,0.172359
1.21906,0.17237
1.21907,0.17238
1.21908,0.17239
1.21909,0.1724
1.2191,0.17241
1.21911,0.172421
1.21912,0.172431
1.21913,0.172441
1.21914,0.172451
1.21915,0.172461
1.21916,0.172472
1.21917,0.172482
1.21918,0.172492
1.21919,0.172502
1.2192,0.172512
1.21921,0.172523
1.21922,0.172533
1.21923,0.172543
1.21925,0.172553
1.21926,0.172563
1.21927,0.172574
1.21928,0.172584
1.21929,0.172594
1.2193,0.172604
1.21931,0.172614
1.21932,0.172625
1.21933,0.172635
1.21934,0.172645
1.21935,0.172655
1.21936,0.172665
1.21937,0.172676
1.21938,0.172686
1.21939,0.172696
1.2194,0.172706
1.21941,0.172716
1.21942,0.172727
1.21943,0.172737
1.21944,0.172747
1.21945,0.172757
1.21947,0.172767
1.21948,0.172778
1.21949,0.172788
1.2195,0.172798
1.21951,0.172808
1.21952,0.172819
1.21953,0.172829
1.21954,0.172839
1.21955,0.172849
1.21956,0.172859
1.21957,0.17287
1.21958,0.17288
1.21959,0.17289
1.2196,0.1729
1.21961,0.17291
1.21962,0.172921
1.21963,0.172931
1.21964,0.172941
1.21965,0.172951
1.21966,0.172961
1.21967,0.172972
1.21969,0.172982
1.2197,0.172992
1.21971,0.173002
1.21972,0.173012
1.21973,0.173023
1.21974,0.173033
1.21975,0.173043
1.21976,0.173053
1.21977,0.173063
1.21978,0.173074
1.21979,0.173084
1.2198,0.173094
1.21981,0.173104
1.21982,0.173114
1.21983,0.173125
1.21984,0.173135
1.21985,0.173145
1.21986,0.173155
1.21987,0.173165
1.21988,0.173176
1.21989,0.173186
1.2199,0.173196
1.21992,0.173206
1.21993,0.173216
1.21994,0.173227
1.21995,0.173237
1.21996,0.173247
1.21997,0.173257
1.21998,0.173268
1.21999,0.173278
1.22,0.173288
1.22001,0.173298
1.22002,0.173308
1.22003,0.173319
1.22004,0.173329
1.22005,0.173339
1.22006,0.173349
1.22007,0.173359
1.22008,0.17337
1.22009,0.17338
1.2201,0.17339
1.22011,0.1734
1.22012,0.17341
1.22013,0.173421
1.22015,0.173431
1.22016,0.173441
1.22017,0.173451
1.22018,0.173461
1.22019,0.173472
1.2202,0.173482
1.22021,0.173492
1.22022,0.173502
1.22023,0.173512
1.22024,0.173523
1.22025,0.173533
1.22026,0.173543
1.22027,0.173553
1.22028,0.173563
1.22029,0.173574
1.2203,0.173584
1.22031,0.173594
1.22032,0.173604
1.22033,0.173614
1.22034,0.173625
1.22035,0.173635
1.22036,0.173645
1.22038,0.173655
1.22039,0.173665
1.2204,0.173676
1.22041,0.173686
1.22042,0.173696
1.22043,0.173706
1.22044,0.173717
1.22045,0.173727
1.22046,0.173737
1.22047,0.173747
1.22048,0.173757
1.22049,0.173768
1.2205,0.173778
1.22051,0.173788
1.22052,0.173798
1.22053,0.173808
1.22054,0.173819
1.22055,0.173829
1.22056,0.173839
1.22057,0.173849
1.22058,0.173859
1.22059,0.17387
1.22061,0.17388
1.22062,0.17389
1.22063,0.1739
1.22064,0.17391
1.22065,0.173921
1.22066,0.173931
1.22067,0.173941
1.22068,0.173951
1.22069,0.173961
1.2207,0.173972
1.22071,0.173982
1.22072,0.173992
1.22073,0.174002
1.22074,0.174012
1.22075,0.174023
1.22076,0.174033
1.22077,0.174043
1.22078,0.174053
1.22079,0.174063
1.2208,0.174074
1.22081,0.174084
1.22082,0.174094
1.22083,0.174104
1.22085,0.174114
1.22086,0.174125
1.22087,0.174135
1.22088,0.174145
1.22089,0.174155
1.2209,0.174165
1.22091,0.174176
1.22092,0.174186
1.22093,0.174196
1.22094,0.174206
1.22095,0.174217
1.22096,0.174227
1.22097,0.174237
1.22098,0.174247
1.22099,0.174257
1.221,0.174268
1.22101,0.174278
1.22102,0.174288
1.22103,0.174298
1.22104,0.174308
1.22105,0.174319
1.22106,0.174329
1.22107,0.174339
1.22108,0.174349
1.2211,0.174359
1.22111,0.17437
1.22112,0.17438
1.22113,0.17439
1.22114,0.1744
1.22115,0.17441
1.22116,0.174421
1.22117,0.174431
1.22118,0.174441
1.22119,0.174451
1.2212,0.174461
1.22121,0.174472
1.22122,0.174482
1.22123,0.174492
1.22124,0.174502
1.22125,0.174512
1.22126,0.174523
1.22127,0.174533
1.22128,0.174543
1.22129,0.174553
1.2213,0.174563
1.22131,0.174574
1.22132,0.174584
1.22134,0.174594
1.22135,0.174604
1.22136,0.174614
1.22137,0.174625
1.22138,0.174635
1.22139,0.174645
1.2214,0.174655
1.22141,0.174666
1.22142,0.174676
1.22143,0.174686
1.22144,0.174696
1.22145,0.174706
1.22146,0.174717
1.22147,0.174727
1.22148,0.174737
1.22149,0.174747
1.2215,0.174757
1.22151,0.174768
1.22152,0.174778
1.22153,0.174788
1.22154,0.174798
1.22155,0.174808
1.22156,0.174819
1.22157,0.174829
1.22159,0.174839
1.2216,0.174849
1.22161,0.174859
1.22162,0.17487
1.22163,0.17488
1.22164,0.17489
1.22165,0.1749
1.22166,0.17491
1.22167,0.174921
1.22168,0.174931
1.22169,0.174941
1.2217,0.174951
1.22171,0.174961
1.22172,0.174972
1.22173,0.174982
1.22174,0.174992
1.22175,0.175002
1.22176,0.175012
1.22177,0.175023
1.22178,0.175033
1.22179,0.175043
1.2218,0.175053
1.22181,0.175063
1.22182,0.175074
1.22183,0.175084
1.22185,0.175094
1.22186,0.175104
1.22187,0.175114
1.22188,0.175125
1.22189,0.175135
1.2219,0.175145
1.22191,0.175155
1.22192,0.175166
1.22193,0.175176
1.22194,0.175186
1.22195,0.175196
1.22196,0.175206
1.22197,0.175217
1.22198,0.175227
1.22199,0.175237
1.222,0.175247
1.22201,0.175257
1.22202,0.175268
1.22203,0.175278
1.22204,0.175288
1.22205,0.175298
1.22206,0.175308
1.22207,0.175319
1.22208,0.175329
1.22209,0.175339
1.22211,0.175349
1.22212,0.175359
1.22213,0.17537
1.22214,0.17538
1.22215,0.17539
1.22216,0.1754
1.22217,0.17541
1.22218,0.175421
1.22219,0.175431
1.2222,0.175441
1.22221,0.175451
1.22222,0.175461
1.22223,0.175472
1.22224,0.175482
1.22225,0.175492
1.22226,0.175502
1.22227,0.175512
1.22228,0.175523
1.22229,0.175533
1.2223,0.175543
1.22231,0.175553
1.22232,0.175563
1.22233,0.175574
1.22234,0.175584
1.22235,0.175594
1.22237,0.175604
1.22238,0.175615
1.22239,0.175625
1.2224,0.175635
1.22241,0.175645
1.22242,0.175655
1.22243,0.175666
1.22244,0.175676
1.22245,0.175686
1.22246,0.175696
1.22247,0.175706
1.22248,0.175717
1.22249,0.175727
1.2225,0.175737
1.22251,0.175747
1.22252,0.175757
1.22253,0.175768
1.22254,0.175778
1.22255,0.175788
1.22256,0.175798
1.22257,0.175808
1.22258,0.175819
1.22259,0.175829
1.2226,0.175839
1.22261,0.175849
1.22262,0.175859
1.22264,0.17587
1.22265,0.17588
1.22266,0.17589
1.22267,0.1759
1.22268,0.17591
1.22269,0.175921
1.2227,0.175931
1.22271,0.175941
1.22272,0.175951
1.22273,0.175961
1.22274,0.175972
1.22275,0.175982
1.22276,0.175992
1.22277,0.176002
1.22278,0.176012
1.22279,0.176023
1.2228,0.176033
1.22281,0.176043
1.22282,0.176053
1.22283,0.176063
1.22284,0.176074
1.22285,0.176084
1.22286,0.176094
1.22287,0.176104
1.22288,0.176115
1.22289,0.176125
1.22291,0.176135
1.22292,0.176145
1.22293,0.176155
1.22294,0.176166
1.22295,0.176176
1.22296,0.176186
1.22297,0.176196
1.22298,0.176206
1.22299,0.176217
1.223,0.176227
1.22301,0.176237
1.22302,0.176247
1.22303,0.176257
1.22304,0.176268
1.22305,0.176278
1.22306,0.176288
1.22307,0.176298
1.22308,0.176308
1.22309,0.176319
1.2231,0.176329
1.22311,0.176339
1.22312,0.176349
1.22313,0.176359
1.22314,0.17637
1.22315,0.17638
1.22316,0.17639
1.22317,0.1764
1.22319,0.17641
1.2232,0.176421
1.22321,0.176431
1.22322,0.176441
1.22323,0.176451
1.22324,0.176461
1.22325,0.176472
1.22326,0.176482
1.22327,0.176492
1.22328,0.176502
1.22329,0.176512
1.2233,0.176523
1.22331,0.176533
1.22332,0.176543
1.22333,0.176553
1.22334,0.176564
1.22335,0.176574
1.22336,0.176584
1.22337,0.176594
1.22338,0.176604
1.22339,0.176615
1.2234,0.176625
1.22341,0.176635
1.22342,0.176645
1.22343,0.176655
1.22344,0.176666
1.22345,0.176676
1.22346,0.176686
1.22348,0.176696
1.22349,0.176706
1.2235,0.176717
1.22351,0.176727
1.22352,0.176737
1.22353,0.176747
1.22354,0.176757
1.22355,0.176768
1.22356,0.176778
1.22357,0.176788
1.22358,0.176798
1.22359,0.176808
1.2236,0.176819
1.22361,0.176829
1.22362,0.176839
1.22363,0.176849
1.22364,0.176859
1.22365,0.17687
1.22366,0.17688
1.22367,0.17689
1.22368,0.1769
1.22369,0.17691
1.2237,0.176921
1.22371,0.176931
1.22372,0.176941
1.22373,0.176951
1.22374,0.176961
1.22375,0.176972
1.22377,0.176982
1.22378,0.176992
1.22379,0.177002
1.2238,0.177012
1.22381,0.177023
1.22382,0.177033
1.22383,0.177043
1.22384,0.177053
1.22385,0.177064
1.22386,0.177074
1.22387,0.177084
1.22388,0.177094
1.22389,0.177104
1.2239,0.177115
1.22391,0.177125
1.22392,0.177135
1.22393,0.177145
1.22394,0.177155
1.22395,0.177166
1.22396,0.177176
1.22397,0.177186
1.22398,0.177196
1.22399,0.177206
1.224,0.177217
1.22401,0.177227
1.22402,0.177237
1.22403,0.177247
1.22404,0.177257
1.22406,0.177268
1.22407,0.177278
1.22408,0.177288
1.22409,0.177298
1.2241,0.177308
1.22411,0.177319
1.22412,0.177329
1.22413,0.177339
1.22414,0.177349
1.22415,0.177359
1.22416,0.17737
1.22417,0.17738
1.22418,0.17739
1.22419,0.1774
1.2242,0.17741
1.22421,0.177421
1.22422,0.177431
1.22423,0.177441
1.22424,0.177451
1.22425,0.177461
1.22426,0.177472
1.22427,0.177482
1.22428,0.177492
1.22429,0.177502
1.2243,0.177513
1.22431,0.177523
1.22432,0.177533
1.22433,0.177543
1.22434,0.177553
1.22435,0.177564
1.22437,0.177574
1.22438,0.177584
1.22439,0.177594
1.2244,0.177604
1.22441,0.177615
1.22442,0.177625
1.22443,0.177635
1.22444,0.177645
1.22445,0.177655
1.22446,0.177666
1.22447,0.177676
1.22448,0.177686
1.22449,0.177696
1.2245,0.177706
1.22451,0.177717
1.22452,0.177727
1.22453,0.177737
1.22454,0.177747
1.22455,0.177757
1.22456,0.177768
1.22457,0.177778
1.22458,0.177788
1.22459,0.177798
1.2246,0.177808
1.22461,0.177819
1.22462,0.177829
1.22463,0.177839
1.22464,0.177849
1.22465,0.177859
1.22466,0.17787
1.22468,0.17788
1.22469,0.17789
1.2247,0.1779
1.22471,0.17791
1.22472,0.177921
1.22473,0.177931
1.22474,0.177941
1.22475,0.177951
1.22476,0.177961
1.22477,0.177972
1.22478,0.177982
1.22479,0.177992
1.2248,0.178002
1.22481,0.178013
1.22482,0.178023
1.22483,0.178033
1.22484,0.178043
1.22485,0.178053
1.22486,0.178064
1.22487,0.178074
1.22488,0.178084
1.22489,0.178094
1.2249,0.178104
1.22491,0.178115
1.22492,0.178125
1.22493,0.178135
1.22494,0.178145
1.22495,0.178155
1.22496,0.178166
1.22497,0.178176
1.22498,0.178186
1.225,0.178196
1.22501,0.178206
1.22502,0.178217
1.22503,0.178227
1.22504,0.178237
1.22505,0.178247
1.22506,0.178257
1.22507,0.178268
1.22508,0.178278
1.22509,0.178288
1.2251,0.178298
1.22511,0.178308
1.22512,0.178319
1.22513,0.178329
1.22514,0.178339
1.22515,0.178349
1.22516,0.178359
1.22517,0.17837
1.22518,0.17838
1.22519,0.17839
1.2252,0.1784
1.22521,0.17841
1.22522,0.178421
1.22523,0.178431
1.22524,0.178441
1.22525,0.178451
1.22526,0.178462
1.22527,0.178472
1.22528,0.178482
1.22529,0.178492
1.2253,0.178502
1.22531,0.178513
1.22533,0.178523
1.22534,0.178533
1.22535,0.178543
1.22536,0.178553
1.22537,0.178564
1.22538,0.178574
1.22539,0.178584
1.2254,0.178594
1.22541,0.178604
1.22542,0.178615
1.22543,0.178625
1.22544,0.178635
1.22545,0.178645
1.22546,0.178655
1.22547,0.178666
1.22548,0.178676
1.22549,0.178686
1.2255,0.178696
1.22551,0.178706
1.22552,0.178717
1.22553,0.178727
1.22554,0.178737
1.22555,0.178747
1.22556,0.178757
1.22557,0.178768
1.22558,0.178778
1.22559,0.178788
1.2256,0.178798
1.22561,0.178808
1.22562,0.178819
1.22563,0.178829
1.22564,0.178839
1.22565,0.178849
1.22567,0.178859
1.22568,0.17887
1.22569,0.17888
1.2257,0.17889
1.22571,0.1789
1.22572,0.17891
1.22573,0.178921
1.22574,0.178931
1.22575,0.178941
1.22576,0.178951
1.22577,0.178962
1.22578,0.178972
1.22579,0.178982
1.2258,0.178992
1.22581,0.179002
1.22582,0.179013
1.22583,0.179023
1.22584,0.179033
1.22585,0.179043
1.22586,0.179053
1.22587,0.179064
1.22588,0.179074
1.22589,0.179084
1.2259,0.179094
1.22591,0.179104
1.22592,0.179115
1.22593,0.179125
1.22594,0.179135
1.22595,0.179145
1.22596,0.179155
1.22597,0.179166
1.22598,0.179176
1.22599,0.179186
1.226,0.179196
1.22602,0.179206
1.22603,0.179217
1.22604,0.179227
1.22605,0.179237
1.22606,0.179247
1.22607,0.179257
1.22608,0.179268
1.22609,0.179278
1.2261,0.179288
1.22611,0.179298
1.22612,0.179308
1.22613,0.179319
1.22614,0.179329
1.22615,0.179339
1.22616,0.179349
1.22617,0.179359
1.22618,0.17937
1.22619,0.17938
1.2262,0.17939
1.22621,0.1794
1.22622,0.179411
1.22623,0.179421
1.22624,0.179431
1.22625,0.179441
1.22626,0.179451
1.22627,0.179462
1.22628,0.179472
1.22629,0.179482
1.2263,0.179492
1.22631,0.179502
1.22632,0.179513
1.22633,0.179523
1.22634,0.179533
1.22635,0.179543
1.22637,0.179553
1.22638,0.179564
1.22639,0.179574
1.2264,0.179584
1.22641,0.179594
1.22642,0.179604
1.22643,0.179615
1.22644,0.179625
1.22645,0.179635
1.22646,0.179645
1.22647,0.179655
1.22648,0.179666
1.22649,0.179676
1.2265,0.179686
1.22651,0.179696
1.22652,0.179706
1.22653,0.179717
1.22654,0.179727
1.22655,0.179737
1.22656,0.179747
1.22657,0.179757
1.22658,0.179768
1.22659,0.179778
1.2266,0.179788
1.22661,0.179798
1.22662,0.179808
1.22663,0.179819
1.22664,0.179829
1.22665,0.179839
1.22666,0.179849
1.22667,0.17986
1.22668,0.17987
1.22669,0.17988
1.2267,0.17989
1.22671,0.1799
1.22672,0.179911
1.22673,0.179921
1.22675,0.179931
1.22676,0.179941
1.22677,0.179951
1.22678,0.179962
1.22679,0.179972
1.2268,0.179982
1.22681,0.179992
1.22682,0.180002
1.22683,0.180013
1.22684,0.180023
1.22685,0.180033
1.22686,0.180043
1.22687,0.180053
1.22688,0.180064
1.22689,0.180074
1.2269,0.180084
1.22691,0.180094
1.22692,0.180104
1.22693,0.180115
1.22694,0.180125
1.22695,0.180135
1.22696,0.180145
1.22697,0.180155
1.22698,0.180166
1.22699,0.180176
1.227,0.180186
1.22701,0.180196
1.22702,0.180206
1.22703,0.180217
1.22704,0.180227
1.22705,0.180237
1.22706,0.180247
1.22707,0.180257
1.22708,0.180268
1.22709,0.180278
1.2271,0.180288
1.22711,0.180298
1.22713,0.180308
1.22714,0.180319
1.22715,0.180329
1.22716,0.180339
1.22717,0.180349
1.22718,0.18036
1.22719,0.18037
1.2272,0.18038
1.22721,0.18039
1.22722,0.1804
1.22723,0.180411
1.22724,0.180421
1.22725,0.180431
1.22726,0.180441
1.22727,0.180451
1.22728,0.180462
1.22729,0.180472
1.2273,0.180482
1.22731,0.180492
1.22732,0.180502
1.22733,0.180513
1.22734,0.180523
1.22735,0.180533
1.22736,0.180543
1.22737,0.180553
1.22738,0.180564
1.22739,0.180574
1.2274,0.180584
1.22741,0.180594
1.22742,0.180604
1.22743,0.180615
1.22744,0.180625
1.22745,0.180635
1.22746,0.180645
1.22747,0.180655
1.22748,0.180666
1.22749,0.180676
1.2275,0.180686
1.22751,0.180696
1.22752,0.180706
1.22754,0.180717
1.22755,0.180727
1.22756,0.180737
1.22757,0.180747
1.22758,0.180757
1.22759,0.180768
1.2276,0.180778
1.22761,0.180788
1.22762,0.180798
1.22763,0.180809
1.22764,0.180819
1.22765,0.180829
1.22766,0.180839
1.22767,0.180849
1.22768,0.18086
1.22769,0.18087
1.2277,0.18088
1.22771,0.18089
1.22772,0.1809
1.22773,0.180911
1.22774,0.180921
1.22775,0.180931
1.22776,0.180941
1.22777,0.180951
1.22778,0.180962
1.22779,0.180972
1.2278,0.180982
1.22781,0.180992
1.22782,0.181002
1.22783,0.181013
1.22784,0.181023
1.22785,0.181033
1.22786,0.181043
1.22787,0.181053
1.22788,0.181064
1.22789,0.181074
1.2279,0.181084
1.22791,0.181094
1.22792,0.181104
1.22793,0.181115
1.22795,0.181125
1.22796,0.181135
1.22797,0.181145
1.22798,0.181155
1.22799,0.181166
1.228,0.181176
1.22801,0.181186
1.22802,0.181196
1.22803,0.181206
1.22804,0.181217
1.22805,0.181227
1.22806,0.181237
1.22807,0.181247
1.22808,0.181257
1.22809,0.181268
1.2281,0.181278
1.22811,0.181288
1.22812,0.181298
1.22813,0.181309
1.22814,0.181319
1.22815,0.181329
1.22816,0.181339
1.22817,0.181349
1.22818,0.18136
1.22819,0.18137
1.2282,0.18138
1.22821,0.18139
1.22822,0.1814
1.22823,0.181411
1.22824,0.181421
1.22825,0.181431
1.22826,0.181441
1.22827,0.181451
1.22828,0.181462
1.22829,0.181472
1.2283,0.181482
1.22831,0.181492
1.22832,0.181502
1.22833,0.181513
1.22834,0.181523
1.22835,0.181533
1.22836,0.181543
1.22837,0.181553
1.22839,0.181564
1.2284,0.181574
1.22841,0.181584
1.22842,0.181594
1.22843,0.181604
1.22844,0.181615
1.22845,0.181625
1.22846,0.181635
1.22847,0.181645
1.22848,0.181655
1.22849,0.181666
1.2285,0.181676
1.22851,0.181686
1.22852,0.181696
1.22853,0.181706
1.22854,0.181717
1.22855,0.181727
1.22856,0.181737
1.22857,0.181747
1.22858,0.181758
1.22859,0.181768
1.2286,0.181778
1.22861,0.181788
1.22862,0.181798
1.22863,0.181809
1.22864,0.181819
1.22865,0.181829
1.22866,0.181839
1.22867,0.181849
1.22868,0.18186
1.22869,0.18187
1.2287,0.18188
1.22871,0.18189
1.22872,0.1819
1.22873,0.181911
1.22874,0.181921
1.22875,0.181931
1.22876,0.181941
1.22877,0.181951
1.22878,0.181962
1.22879,0.181972
1.2288,0.181982
1.22881,0.181992
1.22882,0.182002
1.22883,0.182013
1.22884,0.182023
1.22886,0.182033
1.22887,0.182043
1.22888,0.182053
1.22889,0.182064
1.2289,0.182074
1.22891,0.182084
1.22892,0.182094
1.22893,0.182104
1.22894,0.182115
1.22895,0.182125
1.22896,0.182135
1.22897,0.182145
1.22898,0.182155
1.22899,0.182166
1.229,0.182176
1.22901,0.182186
1.22902,0.182196
1.22903,0.182206
1.22904,0.182217
1.22905,0.182227
1.22906,0.182237
1.22907,0.182247
1.22908,0.182258
1.22909,0.182268
1.2291,0.182278
1.22911,0.182288
1.22912,0.182298
1.22913,0.182309
1.22914,0.182319
1.22915,0.182329
1.22916,0.182339
1.22917,0.182349
1.22918,0.18236
1.22919,0.18237
1.2292,0.18238
1.22921,0.18239
1.22922,0.1824
1.22923,0.182411
1.22924,0.182421
1.22925,0.182431
1.22926,0.182441
1.22927,0.182451
1.22928,0.182462
1.22929,0.182472
1.2293,0.182482
1.22931,0.182492
1.22932,0.182502
1.22933,0.182513
1.22935,0.182523
1.22936,0.182533
1.22937,0.182543
1.22938,0.182553
1.22939,0.182564
1.2294,0.182574
1.22941,0.182584
1.22942,0.182594
1.22943,0.182604
1.22944,0.182615
1.22945,0.182625
1.22946,0.182635
1.22947,0.182645
1.22948,0.182655
1.22949,0.182666
1.2295,0.182676
1.22951,0.182686
1.22952,0.182696
1.22953,0.182707
1.22954,0.182717
1.22955,0.182727
1.22956,0.182737
1.22957,0.182747
1.22958,0.182758
1.22959,0.182768
1.2296,0.182778
1.22961,0.182788
1.22962,0.182798
1.22963,0.182809
1.22964,0.182819
1.22965,0.182829
1.22966,0.182839
1.22967,0.182849
1.22968,0.18286
1.22969,0.18287
1.2297,0.18288
1.22971,0.18289
1.22972,0.1829
1.22973,0.182911
1.22974,0.182921
1.22975,0.182931
1.22976,0.182941
1.22977,0.182951
1.22978,0.182962
1.22979,0.182972
1.2298,0.182982
1.22981,0.182992
1.22982,0.183002
1.22983,0.183013
1.22984,0.183023
1.22985,0.183033
1.22987,0.183043
1.22988,0.183053
1.22989,0.183064
1.2299,0.183074
1.22991,0.183084
1.22992,0.183094
1.22993,0.183104
1.22994,0.183115
1.22995,0.183125
1.22996,0.183135
1.22997,0.183145
1.22998,0.183155
1.22999,0.183166
1.23,0.183176
1.23001,0.183186
1.23002,0.183196
1.23003,0.183207
1.23004,0.183217
1.23005,0.183227
1.23006,0.183237
1.23007,0.183247
1.23008,0.183258
1.23009,0.183268
1.2301,0.183278
1.23011,0.183288
1.23012,0.183298
1.23013,0.183309
1.23014,0.183319
1.23015,0.183329
1.23016,0.183339
1.23017,0.183349
1.23018,0.18336
1.23019,0.18337
1.2302,0.18338
1.23021,0.18339
1.23022,0.1834
1.23023,0.183411
1.23024,0.183421
1.23025,0.183431
1.23026,0.183441
1.23027,0.183451
1.23028,0.183462
1.23029,0.183472
1.2303,0.183482
1.23031,0.183492
1.23032,0.183502
1.23033,0.183513
1.23034,0.183523
1.23035,0.183533
1.23036,0.183543
1.23037,0.183553
1.23038,0.183564
1.23039,0.183574
1.2304,0.183584
1.23041,0.183594
1.23042,0.183604
1.23044,0.183615
1.23045,0.183625
1.23046,0.183635
1.23047,0.183645
1.23048,0.183655
1.23049,0.183666
1.2305,0.183676
1.23051,0.183686
1.23052,0.183696
1.23053,0.183707
1.23054,0.183717
1.23055,0.183727
1.23056,0.183737
1.23057,0.183747
1.23058,0.183758
1.23059,0.183768
1.2306,0.183778
1.23061,0.183788
1.23062,0.183798
1.23063,0.183809
1.23064,0.183819
1.23065,0.183829
1.23066,0.183839
1.23067,0.183849
1.23068,0.18386
1.23069,0.18387
1.2307,0.18388
1.23071,0.18389
1.23072,0.1839
1.23073,0.183911
1.23074,0.183921
1.23075,0.183931
1.23076,0.183941
1.23077,0.183951
1.23078,0.183962
1.23079,0.183972
1.2308,0.183982
1.23081,0.183992
1.23082,0.184002
1.23083,0.184013
1.23084,0.184023
1.23085,0.184033
1.23086,0.184043
1.23087,0.184053
1.23088,0.184064
1.23089,0.184074
1.2309,0.184084
1.23091,0.184094
1.23092,0.184104
1.23093,0.184115
1.23094,0.184125
1.23095,0.184135
1.23096,0.184145
1.23097,0.184156
1.23098,0.184166
1.23099,0.184176
1.231,0.184186
1.23101,0.184196
1.23102,0.184207
1.23103,0.184217
1.23104,0.184227
1.23106,0.184237
1.23107,0.184247
1.23108,0.184258
1.23109,0.184268
1.2311,0.184278
1.23111,0.184288
1.23112,0.184298
1.23113,0.184309
1.23114,0.184319
1.23115,0.184329
1.23116,0.184339
1.23117,0.184349
1.23118,0.18436
1.23119,0.18437
1.2312,0.18438
1.23121,0.18439
1.23122,0.1844
1.23123,0.184411
1.23124,0.184421
1.23125,0.184431
1.23126,0.184441
1.23127,0.184451
1.23128,0.184462
1.23129,0.184472
1.2313,0.184482
1.23131,0.184492
1.23132,0.184502
1.23133,0.184513
1.23134,0.184523
1.23135,0.184533
1.23136,0.184543
1.23137,0.184553
1.23138,0.184564
1.23139,0.184574
1.2314,0.184584
1.23141,0.184594
1.23142,0.184604
1.23143,0.184615
1.23144,0.184625
1.23145,0.184635
1.23146,0.184645
1.23147,0.184656
1.23148,0.184666
1.23149,0.184676
1.2315,0.184686
1.23151,0.184696
1.23152,0.184707
1.23153,0.184717
1.23154,0.184727
1.23155,0.184737
1.23156,0.184747
1.23157,0.184758
1.23158,0.184768
1.23159,0.184778
1.2316,0.184788
1.23161,0.184798
1.23162,0.184809
1.23163,0.184819
1.23164,0.184829
1.23165,0.184839
1.23166,0.184849
1.23167,0.18486
1.23168,0.18487
1.23169,0.18488
1.2317,0.18489
1.23171,0.1849
1.23172,0.184911
1.23174,0.184921
1.23175,0.184931
1.23176,0.184941
1.23177,0.184951
1.23178,0.184962
1.23179,0.184972
1.2318,0.184982
1.23181,0.184992
1.23182,0.185002
1.23183,0.185013
1.23184,0.185023
1.23185,0.185033
1.23186,0.185043
1.23187,0.185053
1.23188,0.185064
1.23189,0.185074
1.2319,0.185084
1.23191,0.185094
1.23192,0.185105
1.23193,0.185115
1.23194,0.185125
1.23195,0.185135
1.23196,0.185145
1.23197,0.185156
1.23198,0.185166
1.23199,0.185176
1.232,0.185186
1.23201,0.185196
1.23202,0.185207
1.23203,0.185217
1.23204,0.185227
1.23205,0.185237
1.23206,0.185247
1.23207,0.185258
1.23208,0.185268
1.23209,0.185278
1.2321,0.185288
1.23211,0.185298
1.23212,0.185309
1.23213,0.185319
1.23214,0.185329
1.23215,0.185339
1.23216,0.185349
1.23217,0.18536
1.23218,0.18537
1.23219,0.18538
1.2322,0.18539
1.23221,0.1854
1.23222,0.185411
1.23223,0.185421
1.23224,0.185431
1.23225,0.185441
1.23226,0.185451
1.23227,0.185462
1.23228,0.185472
1.23229,0.185482
1.2323,0.185492
1.23231,0.185502
1.23232,0.185513
1.23233,0.185523
1.23234,0.185533
1.23235,0.185543
1.23236,0.185553
1.23237,0.185564
1.23238,0.185574
1.23239,0.185584
1.2324,0.185594
1.23241,0.185605
1.23242,0.185615
1.23243,0.185625
1.23244,0.185635
1.23245,0.185645
1.23246,0.185656
1.23247,0.185666
1.23248,0.185676
1.23249,0.185686
1.2325,0.185696
1.23251,0.185707
1.23253,0.185717
1.23254,0.185727
1.23255,0.185737
1.23256,0.185747
1.23257,0.185758
1.23258,0.185768
1.23259,0.185778
1.2326,0.185788
1.23261,0.185798
1.23262,0.185809
1.23263,0.185819
1.23264,0.185829
1.23265,0.185839
1.23266,0.185849
1.23267,0.18586
1.23268,0.18587
1.23269,0.18588
1.2327,0.18589
1.23271,0.1859
1.23272,0.185911
1.23273,0.185921
1.23274,0.185931
1.23275,0.185941
1.23276,0.185951
1.23277,0.185962
1.23278,0.185972
1.23279,0.185982
1.2328,0.185992
1.23281,0.186002
1.23282,0.186013
1.23283,0.186023
1.23284,0.186033
1.23285,0.186043
1.23286,0.186054
1.23287,0.186064
1.23288,0.186074
1.23289,0.186084
1.2329,0.186094
1.23291,0.186105
1.23292,0.186115
1.23293,0.186125
1.23294,0.186135
1.23295,0.186145
1.23296,0.186156
1.23297,0.186166
1.23298,0.186176
1.23299,0.186186
1.233,0.186196
1.23301,0.186207
1.23302,0.186217
1.23303,0.186227
1.23304,0.186237
1.23305,0.186247
1.23306,0.186258
1.23307,0.186268
1.23308,0.186278
1.23309,0.186288
1.2331,0.186298
1.23311,0.186309
1.23312,0.186319
1.23313,0.186329
1.23314,0.186339
1.23315,0.186349
1.23316,0.18636
1.23317,0.18637
1.23318,0.18638
1.23319,0.18639
1.2332,0.1864
1.23321,0.186411
1.23322,0.186421
1.23323,0.186431
1.23324,0.186441
1.23325,0.186451
1.23326,0.186462
1.23327,0.186472
1.23328,0.186482
1.23329,0.186492
1.2333,0.186502
1.23331,0.186513
1.23332,0.186523
1.23333,0.186533
1.23334,0.186543
1.23335,0.186554
1.23336,0.186564
1.23337,0.186574
1.23338,0.186584
1.23339,0.186594
1.2334,0.186605
1.23341,0.186615
1.23342,0.186625
1.23343,0.186635
1.23344,0.186645
1.23345,0.186656
1.23346,0.186666
1.23347,0.186676
1.23349,0.186686
1.2335,0.186696
1.23351,0.186707
1.23352,0.186717
1.23353,0.186727
1.23354,0.186737
1.23355,0.186747
1.23356,0.186758
1.23357,0.186768
1.23358,0.186778
1.23359,0.186788
1.2336,0.186798
1.23361,0.186809
1.23362,0.186819
1.23363,0.186829
1.23364,0.186839
1.23365,0.186849
1.23366,0.18686
1.23367,0.18687
1.23368,0.18688
1.23369,0.18689
1.2337,0.1869
1.23371,0.186911
1.23372,0.186921
1.23373,0.186931
1.23374,0.186941
1.23375,0.186951
1.23376,0.186962
1.23377,0.186972
1.23378,0.186982
1.23379,0.186992
1.2338,0.187003
1.23381,0.187013
1.23382,0.187023
1.23383,0.187033
1.23384,0.187043
1.23385,0.187054
1.23386,0.187064
1.23387,0.187074
1.23388,0.187084
1.23389,0.187094
1.2339,0.187105
1.23391,0.187115
1.23392,0.187125
1.23393,0.187135
1.23394,0.187145
1.23395,0.187156
1.23396,0.187166
1.23397,0.187176
1.23398,0.187186
1.23399,0.187196
1.234,0.187207
1.23401,0.187217
1.23402,0.187227
1.23403,0.187237
1.23404,0.187247
1.23405,0.187258
1.23406,0.187268
1.23407,0.187278
1.23408,0.187288
1.23409,0.187298
1.2341,0.187309
1.23411,0.187319
1.23412,0.187329
1.23413,0.187339
1.23414,0.187349
1.23415,0.18736
1.23416,0.18737
1.23417,0.18738
1.23418,0.18739
1.23419,0.1874
1.2342,0.187411
1.23421,0.187421
1.23422,0.187431
1.23423,0.187441
1.23424,0.187451
1.23425,0.187462
1.23426,0.187472
1.23427,0.187482
1.23428,0.187492
1.23429,0.187503
1.2343,0.187513
1.23431,0.187523
1.23432,0.187533
1.23433,0.187543
1.23434,0.187554
1.23435,0.187564
1.23436,0.187574
1.23437,0.187584
1.23438,0.187594
1.23439,0.187605
1.2344,0.187615
1.23441,0.187625
1.23442,0.187635
1.23443,0.187645
1.23444,0.187656
1.23445,0.187666
1.23446,0.187676
1.23447,0.187686
1.23448,0.187696
1.23449,0.187707
1.2345,0.187717
1.23451,0.187727
1.23452,0.187737
1.23453,0.187747
1.23454,0.187758
1.23455,0.187768
1.23456,0.187778
1.23457,0.187788
1.23458,0.187798
1.23459,0.187809
1.2346,0.187819
1.23461,0.187829
1.23462,0.187839
1.23463,0.187849
1.23464,0.18786
1.23465,0.18787
1.23466,0.18788
1.23467,0.18789
1.23468,0.1879
1.23469,0.187911
1.2347,0.187921
1.23471,0.187931
1.23472,0.187941
1.23473,0.187952
1.23474,0.187962
1.23475,0.187972
1.23476,0.187982
1.23477,0.187992
1.23478,0.188003
1.23479,0.188013
1.2348,0.188023
1.23482,0.188033
1.23483,0.188043
1.23484,0.188054
1.23485,0.188064
1.23486,0.188074
1.23487,0.188084
1.23488,0.188094
1.23489,0.188105
1.2349,0.188115
1.23491,0.188125
1.23492,0.188135
1.23493,0.188145
1.23494,0.188156
1.23495,0.188166
1.23496,0.188176
1.23497,0.188186
1.23498,0.188196
1.23499,0.188207
1.235,0.188217
1.23501,0.188227
1.23502,0.188237
1.23503,0.188247
1.23504,0.188258
1.23505,0.188268
1.23506,0.188278
1.23507,0.188288
1.23508,0.188298
1.23509,0.188309
1.2351,0.188319
1.23511,0.188329
1.23512,0.188339
1.23513,0.188349
1.23514,0.18836
1.23515,0.18837
1.23516,0.18838
1.23517,0.18839
1.23518,0.1884
1.23519,0.188411
1.2352,0.188421
1.23521,0.188431
1.23522,0.188441
1.23523,0.188452
1.23524,0.188462
1.23525,0.188472
1.23526,0.188482
1.23527,0.188492
1.23528,0.188503
1.23529,0.188513
1.2353,0.188523
1.23531,0.188533
1.23532,0.188543
1.23533,0.188554
1.23534,0.188564
1.23535,0.188574
1.23536,0.188584
1.23537,0.188594
1.23538,0.188605
1.23539,0.188615
1.2354,0.188625
1.23541,0.188635
1.23542,0.188645
1.23543,0.188656
1.23544,0.188666
1.23545,0.188676
1.23546,0.188686
1.23547,0.188696
1.23548,0.188707
1.23549,0.188717
1.2355,0.188727
1.23551,0.188737
1.23552,0.188747
1.23553,0.188758
1.23554,0.188768
1.23555,0.188778
1.23556,0.188788
1.23557,0.188798
1.23558,0.188809
1.23559,0.188819
1.2356,0.188829
1.23561,0.188839
1.23562,0.188849
1.23563,0.18886
1.23564,0.18887
1.23565,0.18888
1.23566,0.18889
1.23567,0.188901
1.23568,0.188911
1.23569,0.188921
1.2357,0.188931
1.23571,0.188941
1.23572,0.188952
1.23573,0.188962
1.23574,0.188972
1.23575,0.188982
1.23576,0.188992
1.23577,0.189003
1.23578,0.189013
1.23579,0.189023
1.2358,0.189033
1.23581,0.189043
1.23582,0.189054
1.23583,0.189064
1.23584,0.189074
1.23585,0.189084
1.23586,0.189094
1.23587,0.189105
1.23588,0.189115
1.23589,0.189125
1.2359,0.189135
1.23591,0.189145
1.23592,0.189156
1.23593,0.189166
1.23594,0.189176
1.23595,0.189186
1.23596,0.189196
1.23597,0.189207
1.23598,0.189217
1.23599,0.189227
1.236,0.189237
1.23601,0.189247
1.23602,0.189258
1.23603,0.189268
1.23604,0.189278
1.23605,0.189288
1.23606,0.189298
1.23607,0.189309
1.23608,0.189319
1.23609,0.189329
1.2361,0.189339
1.23611,0.189349
1.23612,0.18936
1.23613,0.18937
1.23614,0.18938
1.23615,0.18939
1.23616,0.189401
1.23617,0.189411
1.23618,0.189421
1.23619,0.189431
1.2362,0.189441
1.23621,0.189452
1.23622,0.189462
1.23623,0.189472
1.23624,0.189482
1.23625,0.189492
1.23626,0.189503
1.23627,0.189513
1.23628,0.189523
1.23629,0.189533
1.2363,0.189543
1.23631,0.189554
1.23632,0.189564
1.23633,0.189574
1.23634,0.189584
1.23635,0.189594
1.23636,0.189605
1.23637,0.189615
1.23638,0.189625
1.23639,0.189635
1.2364,0.189645
1.23641,0.189656
1.23642,0.189666
1.23643,0.189676
1.23644,0.189686
1.23645,0.189696
1.23646,0.189707
1.23647,0.189717
1.23648,0.189727
1.23649,0.189737
1.2365,0.189747
1.23651,0.189758
1.23652,0.189768
1.23653,0.189778
1.23654,0.189788
1.23655,0.189798
1.23656,0.189809
1.23657,0.189819
1.23658,0.189829
1.23659,0.189839
1.2366,0.18985
1.23661,0.18986
1.23662,0.18987
1.23663,0.18988
1.23664,0.18989
1.23665,0.189901
1.23666,0.189911
1.23667,0.189921
1.23668,0.189931
1.23669,0.189941
1.2367,0.189952
1.23671,0.189962
1.23672,0.189972
1.23673,0.189982
1.23674,0.189992
1.23675,0.190003
1.23676,0.190013
1.23677,0.190023
1.23678,0.190033
1.23679,0.190043
1.2368,0.190054
1.23681,0.190064
1.23682,0.190074
1.23683,0.190084
1.23684,0.190094
1.23685,0.190105
1.23686,0.190115
1.23687,0.190125
1.23688,0.190135
1.23689,0.190145
1.2369,0.190156
1.23691,0.190166
1.23692,0.190176
1.23693,0.190186
1.23694,0.190196
1.23695,0.190207
1.23696,0.190217
1.23697,0.190227
1.23698,0.190237
1.23699,0.190247
1.237,0.190258
1.23701,0.190268
1.23702,0.190278
1.23703,0.190288
1.23704,0.190298
1.23705,0.190309
1.23706,0.190319
1.23707,0.190329
1.23708,0.190339
1.23709,0.19035
1.2371,0.19036
1.23711,0.19037
1.23712,0.19038
1.23713,0.19039
1.23714,0.190401
1.23715,0.190411
1.23716,0.190421
1.23717,0.190431
1.23718,0.190441
1.23719,0.190452
1.2372,0.190462
1.23721,0.190472
1.23722,0.190482
1.23723,0.190492
1.23724,0.190503
1.23725,0.190513
1.23726,0.190523
1.23727,0.190533
1.23728,0.190543
1.23729,0.190554
1.2373,0.190564
1.23731,0.190574
1.23732,0.190584
1.23733,0.190594
1.23734,0.190605
1.23735,0.190615
1.23736,0.190625
1.23737,0.190635
1.23738,0.190645
1.23739,0.190656
1.2374,0.190666
1.23741,0.190676
1.23742,0.190686
1.23743,0.190696
1.23744,0.190707
1.23745,0.190717
1.23746,0.190727
1.23747,0.190737
1.23748,0.190747
1.23749,0.190758
1.2375,0.190768
1.23751,0.190778
1.23752,0.190788
1.23753,0.190798
1.23754,0.190809
1.23755,0.190819
1.23756,0.190829
1.23757,0.190839
1.23758,0.19085
1.23759,0.19086
1.2376,0.19087
1.23761,0.19088
1.23762,0.19089
1.23763,0.190901
1.23764,0.190911
1.23765,0.190921
1.23766,0.190931
1.23767,0.190941
1.23768,0.190952
1.23769,0.190962
1.2377,0.190972
1.23771,0.190982
1.23772,0.190992
1.23773,0.191003
1.23774,0.191013
1.23775,0.191023
1.23776,0.191033
1.23777,0.191043
1.23778,0.191054
1.23779,0.191064
1.2378,0.191074
1.23781,0.191084
1.23782,0.191094
1.23783,0.191105
1.23784,0.191115
1.23785,0.191125
1.23786,0.191135
1.23787,0.191145
1.23788,0.191156
1.23789,0.191166
1.2379,0.191176
1.23791,0.191186
1.23792,0.191196
1.23793,0.191207
1.23794,0.191217
1.23795,0.191227
1.23796,0.191237
1.23797,0.191247
1.23798,0.191258
1.23799,0.191268
1.238,0.191278
1.23801,0.191288
1.23802,0.191299
1.23803,0.191309
1.23804,0.191319
1.23805,0.191329
1.23806,0.191339
1.23807,0.19135
1.23808,0.19136
1.23809,0.19137
1.2381,0.19138
1.23811,0.19139
1.23812,0.191401
1.23813,0.191411
1.23814,0.191421
1.23815,0.191431
1.23816,0.191441
1.23817,0.191452
1.23818,0.191462
1.23819,0.191472
1.2382,0.191482
1.23821,0.191492
1.23822,0.191503
1.23823,0.191513
1.23824,0.191523
1.23825,0.191533
1.23826,0.191543
1.23827,0.191554
1.23828,0.191564
1.23829,0.191574
1.2383,0.191584
1.23831,0.191594
1.23832,0.191605
1.23833,0.191615
1.23834,0.191625
1.23835,0.191635
1.23836,0.191645
1.23837,0.191656
1.23838,0.191666
1.23839,0.191676
1.2384,0.191686
1.23841,0.191696
1.23842,0.191707
1.23843,0.191717
1.23844,0.191727
1.23845,0.191737
1.23846,0.191747
1.23847,0.191758
1.23848,0.191768
1.23849,0.191778
1.2385,0.191788
1.23851,0.191799
1.23852,0.191809
1.23853,0.191819
1.23854,0.191829
1.23855,0.191839
1.23856,0.19185
1.23857,0.19186
1.23858,0.19187
1.23859,0.19188
1.2386,0.19189
1.23861,0.191901
1.23862,0.191911
1.23863,0.191921
1.23864,0.191931
1.23865,0.191941
1.23866,0.191952
1.23867,0.191962
1.23868,0.191972
1.23869,0.191982
1.2387,0.191992
1.23871,0.192003
1.23872,0.192013
1.23873,0.192023
1.23874,0.192033
1.23875,0.192043
1.23876,0.192054
1.23877,0.192064
1.23878,0.192074
1.23879,0.192084
1.2388,0.192094
1.23881,0.192105
1.23882,0.192115
1.23883,0.192125
1.23884,0.192135
1.23885,0.192145
1.23886,0.192156
1.23887,0.192166
1.23888,0.192176
1.23889,0.192186
1.2389,0.192196
1.23891,0.192207
1.23892,0.192217
1.23893,0.192227
1.23894,0.192237
1.23895,0.192248
1.23896,0.192258
1.23897,0.192268
1.23898,0.192278
1.23899,0.192288
1.239,0.192299
1.23901,0.192309
1.23902,0.192319
1.23903,0.192329
1.23904,0.192339
1.23905,0.19235
1.23906,0.19236
1.23907,0.19237
1.23908,0.19238
1.23909,0.19239
1.2391,0.192401
1.23911,0.192411
1.23912,0.192421
1.23913,0.192431
1.23914,0.192441
1.23915,0.192452
1.23916,0.192462
1.23917,0.192472
1.23918,0.192482
1.23919,0.192492
1.2392,0.192503
1.23921,0.192513
1.23922,0.192523
1.23923,0.192533
1.23924,0.192543
1.23925,0.192554
1.23926,0.192564
1.23927,0.192574
1.23928,0.192584
1.23929,0.192594
1.2393,0.192605
1.23931,0.192615
1.23932,0.192625
1.23933,0.192635
1.23934,0.192645
1.23935,0.192656
1.23936,0.192666
1.23937,0.192676
1.23938,0.192686
1.23939,0.192696
1.2394,0.192707
1.23941,0.192717
1.23942,0.192727
1.23943,0.192737
1.23944,0.192748
1.23945,0.192758
1.23946,0.192768
1.23947,0.192778
1.23947,0.192788
1.23948,0.192799
1.23949,0.192809
1.2395,0.192819
1.23951,0.192829
1.23952,0.192839
1.23953,0.19285
1.23954,0.19286
1.23955,0.19287
1.23956,0.19288
1.23957,0.19289
1.23958,0.192901
1.23959,0.192911
1.2396,0.192921
1.23961,0.192931
1.23962,0.192941
1.23963,0.192952
1.23964,0.192962
1.23965,0.192972
1.23966,0.192982
1.23967,0.192992
1.23968,0.193003
1.23969,0.193013
1.2397,0.193023
1.23971,0.193033
1.23972,0.193043
1.23973,0.193054
1.23974,0.193064
1.23975,0.193074
1.23976,0.193084
1.23977,0.193094
1.23978,0.193105
1.23979,0.193115
1.2398,0.193125
1.23981,0.193135
1.23982,0.193145
1.23983,0.193156
1.23984,0.193166
1.23985,0.193176
1.23986,0.193186
1.23987,0.193197
1.23988,0.193207
1.23989,0.193217
1.2399,0.193227
1.23991,0.193237
1.23992,0.193248
1.23993,0.193258
1.23994,0.193268
1.23995,0.193278
1.23996,0.193288
1.23997,0.193299
1.23998,0.193309
1.23999,0.193319
1.24,0.193329
1.24001,0.193339
1.24002,0.19335
1.24003,0.19336
1.24004,0.19337
1.24005,0.19338
1.24006,0.19339
1.24007,0.193401
1.24008,0.193411
1.24009,0.193421
1.2401,0.193431
1.24011,0.193441
1.24012,0.193452
1.24013,0.193462
1.24014,0.193472
1.24015,0.193482
1.24016,0.193492
1.24017,0.193503
1.24018,0.193513
1.24019,0.193523
1.2402,0.193533
1.24021,0.193543
1.24022,0.193554
1.24023,0.193564
1.24024,0.193574
1.24025,0.193584
1.24026,0.193594
1.24027,0.193605
1.24028,0.193615
1.24029,0.193625
1.2403,0.193635
1.24031,0.193645
1.24032,0.193656
1.24033,0.193666
1.24034,0.193676
1.24035,0.193686
1.24036,0.193697
1.24037,0.193707
1.24038,0.193717
1.24039,0.193727
1.2404,0.193737
1.24041,0.193748
1.24042,0.193758
1.24043,0.193768
1.24044,0.193778
1.24045,0.193788
1.24046,0.193799
1.24047,0.193809
1.24048,0.193819
1.24049,0.193829
1.2405,0.193839
1.24051,0.19385
1.24052,0.19386
1.24053,0.19387
1.24054,0.19388
1.24055,0.19389
1.24056,0.193901
1.24057,0.193911
1.24058,0.193921
1.24059,0.193931
1.2406,0.193941
1.24061,0.193952
1.24062,0.193962
1.24063,0.193972
1.24064,0.193982
1.24065,0.193992
1.24066,0.194003
1.24067,0.194013
1.24068,0.194023
1.24069,0.194033
1.2407,0.194043
1.24071,0.194054
1.24072,0.194064
1.24073,0.194074
1.24074,0.194084
1.24075,0.194094
1.24076,0.194105
1.24077,0.194115
1.24078,0.194125
1.24079,0.194135
1.2408,0.194146
1.2408,0.194156
1.24081,0.194166
1.24082,0.194176
1.24083,0.194186
1.24084,0.194197
1.24085,0.194207
1.24086,0.194217
1.24087,0.194227
1.24088,0.194237
1.24089,0.194248
1.2409,0.194258
1.24091,0.194268
1.24092,0.194278
1.24093,0.194288
1.24094,0.194299
1.24095,0.194309
1.24096,0.194319
1.24097,0.194329
1.24098,0.194339
1.24099,0.19435
1.241,0.19436
1.24101,0.19437
1.24102,0.19438
1.24103,0.19439
1.24104,0.194401
1.24105,0.194411
1.24106,0.194421
1.24107,0.194431
1.24108,0.194441
1.24109,0.194452
1.2411,0.194462
1.24111,0.194472
1.24112,0.194482
1.24113,0.194492
1.24114,0.194503
1.24115,0.194513
1.24116,0.194523
1.24117,0.194533
1.24118,0.194543
1.24119,0.194554
1.2412,0.194564
1.24121,0.194574
1.24122,0.194584
1.24123,0.194594
1.24124,0.194605
1.24125,0.194615
1.24126,0.194625
1.24127,0.194635
1.24128,0.194646
1.24129,0.194656
1.2413,0.194666
1.24131,0.194676
1.24132,0.194686
1.24133,0.194697
1.24134,0.194707
1.24135,0.194717
1.24136,0.194727
1.24137,0.194737
1.24138,0.194748
1.24139,0.194758
1.2414,0.194768
1.24141,0.194778
1.24142,0.194788
1.24143,0.194799
1.24144,0.194809
1.24145,0.194819
1.24146,0.194829
1.24147,0.194839
1.24148,0.19485
1.24149,0.19486
1.2415,0.19487
1.24151,0.19488
1.24152,0.19489
1.24153,0.194901
1.24154,0.194911
1.24155,0.194921
1.24156,0.194931
1.24157,0.194941
1.24158,0.194952
1.24159,0.194962
1.2416,0.194972
1.24161,0.194982
1.24162,0.194992
1.24163,0.195003
1.24164,0.195013
1.24165,0.195023
1.24166,0.195033
1.24167,0.195043
1.24168,0.195054
1.24169,0.195064
1.2417,0.195074
1.24171,0.195084
1.24172,0.195094
1.24173,0.195105
1.24174,0.195115
1.24175,0.195125
1.24176,0.195135
1.24176,0.195146
1.24177,0.195156
1.24178,0.195166
1.24179,0.195176
1.2418,0.195186
1.24181,0.195197
1.24182,0.195207
1.24183,0.195217
1.24184,0.195227
1.24185,0.195237
1.24186,0.195248
1.24187,0.195258
1.24188,0.195268
1.24189,0.195278
1.2419,0.195288
1.24191,0.195299
1.24192,0.195309
1.24193,0.195319
1.24194,0.195329
1.24195,0.195339
1.24196,0.19535
1.24197,0.19536
1.24198,0.19537
1.24199,0.19538
1.242,0.19539
1.24201,0.195401
1.24202,0.195411
1.24203,0.195421
1.24204,0.195431
1.24205,0.195441
1.24206,0.195452
1.24207,0.195462
1.24208,0.195472
1.24209,0.195482
1.2421,0.195492
1.24211,0.195503
1.24212,0.195513
1.24213,0.195523
1.24214,0.195533
1.24215,0.195543
1.24216,0.195554
1.24217,0.195564
1.24218,0.195574
1.24219,0.195584
1.2422,0.195595
1.24221,0.195605
1.24222,0.195615
1.24223,0.195625
1.24224,0.195635
1.24225,0.195646
1.24226,0.195656
1.24227,0.195666
1.24228,0.195676
1.24229,0.195686
1.2423,0.195697
1.24231,0.195707
1.24232,0.195717
1.24233,0.195727
1.24234,0.195737
1.24235,0.195748
1.24236,0.195758
1.24237,0.195768
1.24238,0.195778
1.24239,0.195788
1.2424,0.195799
1.24241,0.195809
1.24242,0.195819
1.24243,0.195829
1.24244,0.195839
1.24245,0.19585
1.24246,0.19586
1.24247,0.19587
1.24248,0.19588
1.24249,0.19589
1.2425,0.195901
1.24251,0.195911
1.24252,0.195921
1.24253,0.195931
1.24254,0.195941
1.24255,0.195952
1.24255,0.195962
1.24256,0.195972
1.24257,0.195982
1.24258,0.195992
1.24259,0.196003
1.2426,0.196013
1.24261,0.196023
1.24262,0.196033
1.24263,0.196043
1.24264,0.196054
1.24265,0.196064
1.24266,0.196074
1.24267,0.196084
1.24268,0.196095
1.24269,0.196105
1.2427,0.196115
1.24271,0.196125
1.24272,0.196135
1.24273,0.196146
1.24274,0.196156
1.24275,0.196166
1.24276,0.196176
1.24277,0.196186
1.24278,0.196197
1.24279,0.196207
1.2428,0.196217
1.24281,0.196227
1.24282,0.196237
1.24283,0.196248
1.24284,0.196258
1.24285,0.196268
1.24286,0.196278
1.24287,0.196288
1.24288,0.196299
1.24289,0.196309
1.2429,0.196319
1.24291,0.196329
1.24292,0.196339
1.24293,0.19635
1.24294,0.19636
1.24295,0.19637
1.24296,0.19638
1.24297,0.19639
1.24298,0.196401
1.24299,0.196411
1.243,0.196421
1.24301,0.196431
1.24302,0.196441
1.24303,0.196452
1.24304,0.196462
1.24305,0.196472
1.24306,0.196482
1.24307,0.196492
1.24308,0.196503
1.24309,0.196513
1.2431,0.196523
1.24311,0.196533
1.24312,0.196544
1.24313,0.196554
1.24314,0.196564
1.24315,0.196574
1.24316,0.196584
1.24317,0.196595
1.24318,0.196605
1.24319,0.196615
1.2432,0.196625
1.24321,0.196635
1.24322,0.196646
1.24323,0.196656
1.24324,0.196666
1.24324,0.196676
1.24325,0.196686
1.24326,0.196697
1.24327,0.196707
1.24328,0.196717
1.24329,0.196727
1.2433,0.196737
1.24331,0.196748
1.24332,0.196758
1.24333,0.196768
1.24334,0.196778
1.24335,0.196788
1.24336,0.196799
1.24337,0.196809
1.24338,0.196819
1.24339,0.196829
1.2434,0.196839
1.24341,0.19685
1.24342,0.19686
1.24343,0.19687
1.24344,0.19688
1.24345,0.19689
1.24346,0.196901
1.24347,0.196911
1.24348,0.196921
1.24349,0.196931
1.2435,0.196941
1.24351,0.196952
1.24352,0.196962
1.24353,0.196972
1.24354,0.196982
1.24355,0.196992
1.24356,0.197003
1.24357,0.197013
1.24358,0.197023
1.24359,0.197033
1.2436,0.197044
1.24361,0.197054
1.24362,0.197064
1.24363,0.197074
1.24364,0.197084
1.24365,0.197095
1.24366,0.197105
1.24367,0.197115
1.24368,0.197125
1.24369,0.197135
1.2437,0.197146
1.24371,0.197156
1.24372,0.197166
1.24373,0.197176
1.24374,0.197186
1.24375,0.197197
1.24376,0.197207
1.24377,0.197217
1.24378,0.197227
1.24379,0.197237
1.2438,0.197248
1.24381,0.197258
1.24382,0.197268
1.24383,0.197278
1.24384,0.197288
1.24385,0.197299
1.24386,0.197309
1.24387,0.197319
1.24387,0.197329
1.24388,0.197339
1.24389,0.19735
1.2439,0.19736
1.24391,0.19737
1.24392,0.19738
1.24393,0.19739
1.24394,0.197401
1.24395,0.197411
1.24396,0.197421
1.24397,0.197431
1.24398,0.197441
1.24399,0.197452
1.244,0.197462
1.24401,0.197472
1.24402,0.197482
1.24403,0.197492
1.24404,0.197503
1.24405,0.197513
1.24406,0.197523
1.24407,0.197533
1.24408,0.197544
1.24409,0.197554
1.2441,0.197564
1.24411,0.197574
1.24412,0.197584
1.24413,0.197595
1.24414,0.197605
1.24415,0.197615
1.24416,0.197625
1.24417,0.197635
1.24418,0.197646
1.24419,0.197656
1.2442,0.197666
1.24421,0.197676
1.24422,0.197686
1.24423,0.197697
1.24424,0.197707
1.24425,0.197717
1.24426,0.197727
1.24427,0.197737
1.24428,0.197748
1.24429,0.197758
1.2443,0.197768
1.24431,0.197778
1.24432,0.197788
1.24433,0.197799
1.24434,0.197809
1.24435,0.197819
1.24436,0.197829
1.24437,0.197839
1.24438,0.19785
1.24439,0.19786
1.2444,0.19787
1.24441,0.19788
1.24442,0.19789
1.24443,0.197901
1.24444,0.197911
1.24444,0.197921
1.24445,0.197931
1.24446,0.197941
1.24447,0.197952
1.24448,0.197962
1.24449,0.197972
1.2445,0.197982
1.24451,0.197993
1.24452,0.198003
1.24453,0.198013
1.24454,0.198023
1.24455,0.198033
1.24456,0.198044
1.24457,0.198054
1.24458,0.198064
1.24459,0.198074
1.2446,0.198084
1.24461,0.198095
1.24462,0.198105
1.24463,0.198115
1.24464,0.198125
1.24465,0.198135
1.24466,0.198146
1.24467,0.198156
1.24468,0.198166
1.24469,0.198176
1.2447,0.198186
1.24471,0.198197
1.24472,0.198207
1.24473,0.198217
1.24474,0.198227
1.24475,0.198237
1.24476,0.198248
1.24477,0.198258
1.24478,0.198268
1.24479,0.198278
1.2448,0.198288
1.24481,0.198299
1.24482,0.198309
1.24483,0.198319
1.24484,0.198329
1.24485,0.198339
1.24486,0.19835
1.24487,0.19836
1.24488,0.19837
1.24489,0.19838
1.2449,0.19839
1.24491,0.198401
1.24492,0.198411
1.24493,0.198421
1.24494,0.198431
1.24495,0.198441
1.24496,0.198452
1.24496,0.198462
1.24497,0.198472
1.24498,0.198482
1.24499,0.198493
1.245,0.198503
1.24501,0.198513
1.24502,0.198523
1.24503,0.198533
1.24504,0.198544
1.24505,0.198554
1.24506,0.198564
1.24507,0.198574
1.24508,0.198584
1.24509,0.198595
1.2451,0.198605
1.24511,0.198615
1.24512,0.198625
1.24513,0.198635
1.24514,0.198646
1.24515,0.198656
1.24516,0.198666
1.24517,0.198676
1.24518,0.198686
1.24519,0.198697
1.2452,0.198707
1.24521,0.198717
1.24522,0.198727
1.24523,0.198737
1.24524,0.198748
1.24525,0.198758
1.24526,0.198768
1.24527,0.198778
1.24528,0.198788
1.24529,0.198799
1.2453,0.198809
1.24531,0.198819
1.24532,0.198829
1.24533,0.198839
1.24534,0.19885
1.24535,0.19886
1.24536,0.19887
1.24537,0.19888
1.24538,0.19889
1.24539,0.198901
1.2454,0.198911
1.24541,0.198921
1.24542,0.198931
1.24543,0.198942
1.24544,0.198952
1.24545,0.198962
1.24546,0.198972
1.24546,0.198982
1.24547,0.198993
1.24548,0.199003
1.24549,0.199013
1.2455,0.199023
1.24551,0.199033
1.24552,0.199044
1.24553,0.199054
1.24554,0.199064
1.24555,0.199074
1.24556,0.199084
1.24557,0.199095
1.24558,0.199105
1.24559,0.199115
1.2456,0.199125
1.24561,0.199135
1.24562,0.199146
1.24563,0.199156
1.24564,0.199166
1.24565,0.199176
1.24566,0.199186
1.24567,0.199197
1.24568,0.199207
1.24569,0.199217
1.2457,0.199227
1.24571,0.199237
1.24572,0.199248
1.24573,0.199258
1.24574,0.199268
1.24575,0.199278
1.24576,0.199288
1.24577,0.199299
1.24578,0.199309
1.24579,0.199319
1.2458,0.199329
1.24581,0.199339
1.24582,0.19935
1.24583,0.19936
1.24584,0.19937
1.24585,0.19938
1.24586,0.19939
1.24587,0.199401
1.24588,0.199411
1.24589,0.199421
1.2459,0.199431
1.24591,0.199442
1.24592,0.199452
1.24593,0.199462
1.24593,0.199472
1.24594,0.199482
1.24595,0.199493
1.24596,0.199503
1.24597,0.199513
1.24598,0.199523
1.24599,0.199533
1.246,0.199544
1.24601,0.199554
1.24602,0.199564
1.24603,0.199574
1.24604,0.199584
1.24605,0.199595
1.24606,0.199605
1.24607,0.199615
1.24608,0.199625
1.24609,0.199635
1.2461,0.199646
1.24611,0.199656
1.24612,0.199666
1.24613,0.199676
1.24614,0.199686
1.24615,0.199697
1.24616,0.199707
1.24617,0.199717
1.24618,0.199727
1.24619,0.199737
1.2462,0.199748
1.24621,0.199758
1.24622,0.199768
1.24623,0.199778
1.24624,0.199788
1.24625,0.199799
1.24626,0.199809
1.24627,0.199819
1.24628,0.199829
1.24629,0.199839
1.2463,0.19985
1.24631,0.19986
1.24632,0.19987
1.24633,0.19988
1.24634,0.199891
1.24635,0.199901
1.24636,0.199911
1.24637,0.199921
1.24637,0.199931
1.24638,0.199942
1.24639,0.199952
1.2464,0.199962
1.24641,0.199972
1.24642,0.199982
1.24643,0.199993
1.24644,0.200003
1.24645,0.200013
1.24646,0.200023
1.24647,0.200033
1.24648,0.200044
1.24649,0.200054
1.2465,0.200064
1.24651,0.200074
1.24652,0.200084
1.24653,0.200095
1.24654,0.200105
1.24655,0.200115
1.24656,0.200125
1.24657,0.200135
1.24658,0.200146
1.24659,0.200156
1.2466,0.200166
1.24661,0.200176
1.24662,0.200186
1.24663,0.200197
1.24664,0.200207
1.24665,0.200217
1.24666,0.200227
1.24667,0.200237
1.24668,0.200248
1.24669,0.200258
1.2467,0.200268
1.24671,0.200278
1.24672,0.200288
1.24673,0.200299
1.24674,0.200309
1.24675,0.200319
1.24676,0.200329
1.24677,0.200339
1.24678,0.20035
1.24679,0.20036
1.24679,0.20037
1.2468,0.20038
1.24681,0.200391
1.24682,0.200401
1.24683,0.200411
1.24684,0.200421
1.24685,0.200431
1.24686,0.200442
1.24687,0.200452
1.24688,0.200462
1.24689,0.200472
1.2469,0.200482
1.24691,0.200493
1.24692,0.200503
1.24693,0.200513
1.24694,0.200523
1.24695,0.200533
1.24696,0.200544
1.24697,0.200554
1.24698,0.200564
1.24699,0.200574
1.247,0.200584
1.24701,0.200595
1.24702,0.200605
1.24703,0.200615
1.24704,0.200625
1.24705,0.200635
1.24706,0.200646
1.24707,0.200656
1.24708,0.200666
1.24709,0.200676
1.2471,0.200686
1.24711,0.200697
1.24712,0.200707
1.24713,0.200717
1.24714,0.200727
1.24715,0.200737
1.24716,0.200748
1.24717,0.200758
1.24718,0.200768
1.24719,0.200778
1.2472,0.200788
1.2472,0.200799
1.24721,0.200809
1.24722,0.200819
1.24723,0.200829
1.24724,0.200839
1.24725,0.20085
1.24726,0.20086
1.24727,0.20087
1.24728,0.20088
1.24729,0.200891
1.2473,0.200901
1.24731,0.200911
1.24732,0.200921
1.24733,0.200931
1.24734,0.200942
1.24735,0.200952
1.24736,0.200962
1.24737,0.200972
1.24738,0.200982
1.24739,0.200993
1.2474,0.201003
1.24741,0.201013
1.24742,0.201023
1.24743,0.201033
1.24744,0.201044
1.24745,0.201054
1.24746,0.201064
1.24747,0.201074
1.24748,0.201084
1.24749,0.201095
1.2475,0.201105
1.24751,0.201115
1.24752,0.201125
1.24753,0.201135
1.24754,0.201146
1.24755,0.201156
1.24756,0.201166
1.24757,0.201176
1.24758,0.201186
1.24759,0.201197
1.24759,0.201207
1.2476,0.201217
1.24761,0.201227
1.24762,0.201237
1.24763,0.201248
1.24764,0.201258
1.24765,0.201268
1.24766,0.201278
1.24767,0.201288
1.24768,0.201299
1.24769,0.201309
1.2477,0.201319
1.24771,0.201329
1.24772,0.20134
1.24773,0.20135
1.24774,0.20136
1.24775,0.20137
1.24776,0.20138
1.24777,0.201391
1.24778,0.201401
1.24779,0.201411
1.2478,0.201421
1.24781,0.201431
1.24782,0.201442
1.24783,0.201452
1.24784,0.201462
1.24785,0.201472
1.24786,0.201482
1.24787,0.201493
1.24788,0.201503
1.24789,0.201513
1.2479,0.201523
1.24791,0.201533
1.24792,0.201544
1.24793,0.201554
1.24794,0.201564
1.24795,0.201574
1.24796,0.201584
1.24796,0.201595
1.24797,0.201605
1.24798,0.201615
1.24799,0.201625
1.248,0.201635
1.24801,0.201646
1.24802,0.201656
1.24803,0.201666
1.24804,0.201676
1.24805,0.201686
1.24806,0.201697
1.24807,0.201707
1.24808,0.201717
1.24809,0.201727
1.2481,0.201737
1.24811,0.201748
1.24812,0.201758
1.24813,0.201768
1.24814,0.201778
1.24815,0.201788
1.24816,0.201799
1.24817,0.201809
1.24818,0.201819
1.24819,0.201829
1.2482,0.20184
1.24821,0.20185
1.24822,0.20186
1.24823,0.20187
1.24824,0.20188
1.24825,0.201891
1.24826,0.201901
1.24827,0.201911
1.24828,0.201921
1.24829,0.201931
1.2483,0.201942
1.24831,0.201952
1.24832,0.201962
1.24833,0.201972
1.24833,0.201982
1.24834,0.201993
1.24835,0.202003
1.24836,0.202013
1.24837,0.202023
1.24838,0.202033
1.24839,0.202044
1.2484,0.202054
1.24841,0.202064
1.24842,0.202074
1.24843,0.202084
1.24844,0.202095
1.24845,0.202105
1.24846,0.202115
1.24847,0.202125
1.24848,0.202135
1.24849,0.202146
1.2485,0.202156
1.24851,0.202166
1.24852,0.202176
1.24853,0.202186
1.24854,0.202197
1.24855,0.202207
1.24856,0.202217
1.24857,0.202227
1.24858,0.202237
1.24859,0.202248
1.2486,0.202258
1.24861,0.202268
1.24862,0.202278
1.24863,0.202288
1.24864,0.202299
1.24865,0.202309
1.24866,0.202319
1.24867,0.202329
1.24868,0.20234
1.24868,0.20235
1.24869,0.20236
1.2487,0.20237
1.24871,0.20238
1.24872,0.202391
1.24873,0.202401
1.24874,0.202411
1.24875,0.202421
1.24876,0.202431
1.24877,0.202442
1.24878,0.202452
1.24879,0.202462
1.2488,0.202472
1.24881,0.202482
1.24882,0.202493
1.24883,0.202503
1.24884,0.202513
1.24885,0.202523
1.24886,0.202533
1.24887,0.202544
1.24888,0.202554
1.24889,0.202564
1.2489,0.202574
1.24891,0.202584
1.24892,0.202595
1.24893,0.202605
1.24894,0.202615
1.24895,0.202625
1.24896,0.202635
1.24897,0.202646
1.24898,0.202656
1.24899,0.202666
1.249,0.202676
1.24901,0.202686
1.24902,0.202697
1.24902,0.202707
1.24903,0.202717
1.24904,0.202727
1.24905,0.202737
1.24906,0.202748
1.24907,0.202758
1.24908,0.202768
1.24909,0.202778
1.2491,0.202789
1.24911,0.202799
1.24912,0.202809
1.24913,0.202819
1.24914,0.202829
1.24915,0.20284
1.24916,0.20285
1.24917,0.20286
1.24918,0.20287
1.24919,0.20288
1.2492,0.202891
1.24921,0.202901
1.24922,0.202911
1.24923,0.202921
1.24924,0.202931
1.24925,0.202942
1.24926,0.202952
1.24927,0.202962
1.24928,0.202972
1.24929,0.202982
1.2493,0.202993
1.24931,0.203003
1.24932,0.203013
1.24933,0.203023
1.24934,0.203033
1.24935,0.203044
1.24935,0.203054
1.24936,0.203064
1.24937,0.203074
1.24938,0.203084
1.24939,0.203095
1.2494,0.203105
1.24941,0.203115
1.24942,0.203125
1.24943,0.203135
1.24944,0.203146
1.24945,0.203156
1.24946,0.203166
1.24947,0.203176
1.24948,0.203186
1.24949,0.203197
1.2495,0.203207
1.24951,0.203217
1.24952,0.203227
1.24953,0.203237
1.24954,0.203248
1.24955,0.203258
1.24956,0.203268
1.24957,0.203278
1.24958,0.203289
1.24959,0.203299
1.2496,0.203309
1.24961,0.203319
1.24962,0.203329
1.24963,0.20334
1.24964,0.20335
1.24965,0.20336
1.24966,0.20337
1.24967,0.20338
1.24968,0.203391
1.24968,0.203401
1.24969,0.203411
1.2497,0.203421
1.24971,0.203431
1.24972,0.203442
1.24973,0.203452
1.24974,0.203462
1.24975,0.203472
1.24976,0.203482
1.24977,0.203493
1.24978,0.203503
1.24979,0.203513
1.2498,0.203523
1.24981,0.203533
1.24982,0.203544
1.24983,0.203554
1.24984,0.203564
1.24985,0.203574
1.24986,0.203584
1.24987,0.203595
1.24988,0.203605
1.24989,0.203615
1.2499,0.203625
1.24991,0.203635
1.24992,0.203646
1.24993,0.203656
1.24994,0.203666
1.24995,0.203676
1.24996,0.203686
1.24997,0.203697
1.24998,0.203707
1.24999,0.203717
1.24999,0.203727
1.25,0.203738
1.25001,0.203748
1.25002,0.203758
1.25003,0.203768
1.25004,0.203778
1.25005,0.203789
1.25006,0.203799
1.25007,0.203809
1.25008,0.203819
1.25009,0.203829
1.2501,0.20384
1.25011,0.20385
1.25012,0.20386
1.25013,0.20387
1.25014,0.20388
1.25015,0.203891
1.25016,0.203901
1.25017,0.203911
1.25018,0.203921
1.25019,0.203931
1.2502,0.203942
1.25021,0.203952
1.25022,0.203962
1.25023,0.203972
1.25024,0.203982
1.25025,0.203993
1.25026,0.204003
1.25027,0.204013
1.25028,0.204023
1.25029,0.204033
1.2503,0.204044
1.2503,0.204054
1.25031,0.204064
1.25032,0.204074
1.25033,0.204084
1.25034,0.204095
1.25035,0.204105
1.25036,0.204115
1.25037,0.204125
1.25038,0.204135
1.25039,0.204146
1.2504,0.204156
1.25041,0.204166
1.25042,0.204176
1.25043,0.204186
1.25044,0.204197
1.25045,0.204207
1.25046,0.204217
1.25047,0.204227
1.25048,0.204238
1.25049,0.204248
1.2505,0.204258
1.25051,0.204268
1.25052,0.204278
1.25053,0.204289
1.25054,0.204299
1.25055,0.204309
1.25056,0.204319
1.25057,0.204329
1.25058,0.20434
1.25059,0.20435
1.2506,0.20436
1.2506,0.20437
1.25061,0.20438
1.25062,0.204391
1.25063,0.204401
1.25064,0.204411
1.25065,0.204421
1.25066,0.204431
1.25067,0.204442
1.25068,0.204452
1.25069,0.204462
1.2507,0.204472
1.25071,0.204482
1.25072,0.204493
1.25073,0.204503
1.25074,0.204513
1.25075,0.204523
1.25076,0.204533
1.25077,0.204544
1.25078,0.204554
1.25079,0.204564
1.2508,0.204574
1.25081,0.204584
1.25082,0.204595
1.25083,0.204605
1.25084,0.204615
1.25085,0.204625
1.25086,0.204635
1.25087,0.204646
1.25088,0.204656
1.25089,0.204666
1.2509,0.204676
1.2509,0.204686
1.25091,0.204697
1.25092,0.204707
1.25093,0.204717
1.25094,0.204727
1.25095,0.204738
1.25096,0.204748
1.25097,0.204758
1.25098,0.204768
1.25099,0.204778
1.251,0.204789
1.25101,0.204799
1.25102,0.204809
1.25103,0.204819
1.25104,0.204829
1.25105,0.20484
1.25106,0.20485
1.25107,0.20486
1.25108,0.20487
1.25109,0.20488
1.2511,0.204891
1.25111,0.204901
1.25112,0.204911
1.25113,0.204921
1.25114,0.204931
1.25115,0.204942
1.25116,0.204952
1.25117,0.204962
1.25118,0.204972
1.25119,0.204982
1.25119,0.204993
1.2512,0.205003
1.25121,0.205013
1.25122,0.205023
1.25123,0.205033
1.25124,0.205044
1.25125,0.205054
1.25126,0.205064
1.25127,0.205074
1.25128,0.205084
1.25129,0.205095
1.2513,0.205105
1.25131,0.205115
1.25132,0.205125
1.25133,0.205135
1.25134,0.205146
1.25135,0.205156
1.25136,0.205166
1.25137,0.205176
1.25138,0.205187
1.25139,0.205197
1.2514,0.205207
1.25141,0.205217
1.25142,0.205227
1.25143,0.205238
1.25144,0.205248
1.25145,0.205258
1.25146,0.205268
1.25147,0.205278
1.25147,0.205289
1.25148,0.205299
1.25149,0.205309
1.2515,0.205319
1.25151,0.205329
1.25152,0.20534
1.25153,0.20535
1.25154,0.20536
1.25155,0.20537
1.25156,0.20538
1.25157,0.205391
1.25158,0.205401
1.25159,0.205411
1.2516,0.205421
1.25161,0.205431
1.25162,0.205442
1.25163,0.205452
1.25164,0.205462
1.25165,0.205472
1.25166,0.205482
1.25167,0.205493
1.25168,0.205503
1.25169,0.205513
1.2517,0.205523
1.25171,0.205533
1.25172,0.205544
1.25173,0.205554
1.25174,0.205564
1.25175,0.205574
1.25175,0.205584
1.25176,0.205595
1.25177,0.205605
1.25178,0.205615
1.25179,0.205625
1.2518,0.205635
1.25181,0.205646
1.25182,0.205656
1.25183,0.205666
1.25184,0.205676
1.25185,0.205687
1.25186,0.205697
1.25187,0.205707
1.25188,0.205717
1.25189,0.205727
1.2519,0.205738
1.25191,0.205748
1.25192,0.205758
1.25193,0.205768
1.25194,0.205778
1.25195,0.205789
1.25196,0.205799
1.25197,0.205809
1.25198,0.205819
1.25199,0.205829
1.252,0.20584
1.25201,0.20585
1.25202,0.20586
1.25202,0.20587
1.25203,0.20588
1.25204,0.205891
1.25205,0.205901
1.25206,0.205911
1.25207,0.205921
1.25208,0.205931
1.25209,0.205942
1.2521,0.205952
1.25211,0.205962
1.25212,0.205972
1.25213,0.205982
1.25214,0.205993
1.25215,0.206003
1.25216,0.206013
1.25217,0.206023
1.25218,0.206033
1.25219,0.206044
1.2522,0.206054
1.25221,0.206064
1.25222,0.206074
1.25223,0.206084
1.25224,0.206095
1.25225,0.206105
1.25226,0.206115
1.25227,0.206125
1.25228,0.206136
1.25229,0.206146
1.25229,0.206156
1.2523,0.206166
1.25231,0.206176
1.25232,0.206187
1.25233,0.206197
1.25234,0.206207
1.25235,0.206217
1.25236,0.206227
1.25237,0.206238
1.25238,0.206248
1.25239,0.206258
1.2524,0.206268
1.25241,0.206278
1.25242,0.206289
1.25243,0.206299
1.25244,0.206309
1.25245,0.206319
1.25246,0.206329
1.25247,0.20634
1.25248,0.20635
1.25249,0.20636
1.2525,0.20637
1.25251,0.20638
1.25252,0.206391
1.25253,0.206401
1.25254,0.206411
1.25255,0.206421
1.25255,0.206431
1.25256,0.206442
1.25257,0.206452
1.25258,0.206462
1.25259,0.206472
1.2526,0.206482
1.25261,0.206493
1.25262,0.206503
1.25263,0.206513
1.25264,0.206523
1.25265,0.206533
1.25266,0.206544
1.25267,0.206554
1.25268,0.206564
1.25269,0.206574
1.2527,0.206584
1.25271,0.206595
1.25272,0.206605
1.25273,0.206615
1.25274,0.206625
1.25275,0.206636
1.25276,0.206646
1.25277,0.206656
1.25278,0.206666
1.25279,0.206676
1.2528,0.206687
1.25281,0.206697
1.25281,0.206707
1.25282,0.206717
1.25283,0.206727
1.25284,0.206738
1.25285,0.206748
1.25286,0.206758
1.25287,0.206768
1.25288,0.206778
1.25289,0.206789
1.2529,0.206799
1.25291,0.206809
1.25292,0.206819
1.25293,0.206829
1.25294,0.20684
1.25295,0.20685
1.25296,0.20686
1.25297,0.20687
1.25298,0.20688
1.25299,0.206891
1.253,0.206901
1.25301,0.206911
1.25302,0.206921
1.25303,0.206931
1.25304,0.206942
1.25305,0.206952
1.25306,0.206962
1.25306,0.206972
1.25307,0.206982
1.25308,0.206993
1.25309,0.207003
1.2531,0.207013
1.25311,0.207023
1.25312,0.207033
1.25313,0.207044
1.25314,0.207054
1.25315,0.207064
1.25316,0.207074
1.25317,0.207084
1.25318,0.207095
1.25319,0.207105
1.2532,0.207115
1.25321,0.207125
1.25322,0.207136
1.25323,0.207146
1.25324,0.207156
1.25325,0.207166
1.25326,0.207176
1.25327,0.207187
1.25328,0.207197
1.25329,0.207207
1.2533,0.207217
1.25331,0.207227
1.25331,0.207238
1.25332,0.207248
1.25333,0.207258
1.25334,0.207268
1.25335,0.207278
1.25336,0.207289
1.25337,0.207299
1.25338,0.207309
1.25339,0.207319
1.2534,0.207329
1.25341,0.20734
1.25342,0.20735
1.25343,0.20736
1.25344,0.20737
1.25345,0.20738
1.25346,0.207391
1.25347,0.207401
1.25348,0.207411
1.25349,0.207421
1.2535,0.207431
1.25351,0.207442
1.25352,0.207452
1.25353,0.207462
1.25354,0.207472
1.25355,0.207482
1.25356,0.207493
1.25356,0.207503
1.25357,0.207513
1.25358,0.207523
1.25359,0.207533
1.2536,0.207544
1.25361,0.207554
1.25362,0.207564
1.25363,0.207574
1.25364,0.207585
1.25365,0.207595
1.25366,0.207605
1.25367,0.207615
1.25368,0.207625
1.25369,0.207636
1.2537,0.207646
1.25371,0.207656
1.25372,0.207666
1.25373,0.207676
1.25374,0.207687
1.25375,0.207697
1.25376,0.207707
1.25377,0.207717
1.25378,0.207727
1.25379,0.207738
1.2538,0.207748
1.2538,0.207758
1.25381,0.207768
1.25382,0.207778
1.25383,0.207789
1.25384,0.207799
1.25385,0.207809
1.25386,0.207819
1.25387,0.207829
1.25388,0.20784
1.25389,0.20785
1.2539,0.20786
1.25391,0.20787
1.25392,0.20788
1.25393,0.207891
1.25394,0.207901
1.25395,0.207911
1.25396,0.207921
1.25397,0.207931
1.25398,0.207942
1.25399,0.207952
1.254,0.207962
1.25401,0.207972
1.25402,0.207982
1.25403,0.207993
1.25404,0.208003
1.25404,0.208013
1.25405,0.208023
1.25406,0.208033
1.25407,0.208044
1.25408,0.208054
1.25409,0.208064
1.2541,0.208074
1.25411,0.208085
1.25412,0.208095
1.25413,0.208105
1.25414,0.208115
1.25415,0.208125
1.25416,0.208136
1.25417,0.208146
1.25418,0.208156
1.25419,0.208166
1.2542,0.208176
1.25421,0.208187
1.25422,0.208197
1.25423,0.208207
1.25424,0.208217
1.25425,0.208227
1.25426,0.208238
1.25427,0.208248
1.25428,0.208258
1.25428,0.208268
1.25429,0.208278
1.2543,0.208289
1.25431,0.208299
1.25432,0.208309
1.25433,0.208319
1.25434,0.208329
1.25435,0.20834
1.25436,0.20835
1.25437,0.20836
1.25438,0.20837
1.25439,0.20838
1.2544,0.208391
1.25441,0.208401
1.25442,0.208411
1.25443,0.208421
1.25444,0.208431
1.25445,0.208442
1.25446,0.208452
1.25447,0.208462
1.25448,0.208472
1.25449,0.208482
1.2545,0.208493
1.25451,0.208503
1.25451,0.208513
1.25452,0.208523
1.25453,0.208533
1.25454,0.208544
1.25455,0.208554
1.25456,0.208564
1.25457,0.208574
1.25458,0.208585
1.25459,0.208595
1.2546,0.208605
1.25461,0.208615
1.25462,0.208625
1.25463,0.208636
1.25464,0.208646
1.25465,0.208656
1.25466,0.208666
1.25467,0.208676
1.25468,0.208687
1.25469,0.208697
1.2547,0.208707
1.25471,0.208717
1.25472,0.208727
1.25473,0.208738
1.25474,0.208748
1.25474,0.208758
1.25475,0.208768
1.25476,0.208778
1.25477,0.208789
1.25478,0.208799
1.25479,0.208809
1.2548,0.208819
1.25481,0.208829
1.25482,0.20884
1.25483,0.20885
1.25484,0.20886
1.25485,0.20887
1.25486,0.20888
1.25487,0.208891
1.25488,0.208901
1.25489,0.208911
1.2549,0.208921
1.25491,0.208931
1.25492,0.208942
1.25493,0.208952
1.25494,0.208962
1.25495,0.208972
1.25496,0.208982
1.25497,0.208993
1.25497,0.209003
1.25498,0.209013
1.25499,0.209023
1.255,0.209034
1.25501,0.209044
1.25502,0.209054
1.25503,0.209064
1.25504,0.209074
1.25505,0.209085
1.25506,0.209095
1.25507,0.209105
1.25508,0.209115
1.25509,0.209125
1.2551,0.209136
1.25511,0.209146
1.25512,0.209156
1.25513,0.209166
1.25514,0.209176
1.25515,0.209187
1.25516,0.209197
1.25517,0.209207
1.25518,0.209217
1.25519,0.209227
1.25519,0.209238
1.2552,0.209248
1.25521,0.209258
1.25522,0.209268
1.25523,0.209278
1.25524,0.209289
1.25525,0.209299
1.25526,0.209309
1.25527,0.209319
1.25528,0.209329
1.25529,0.20934
1.2553,0.20935
1.25531,0.20936
1.25532,0.20937
1.25533,0.20938
1.25534,0.209391
1.25535,0.209401
1.25536,0.209411
1.25537,0.209421
1.25538,0.209431
1.25539,0.209442
1.2554,0.209452
1.25541,0.209462
1.25541,0.209472
1.25542,0.209482
1.25543,0.209493
1.25544,0.209503
1.25545,0.209513
1.25546,0.209523
1.25547,0.209534
1.25548,0.209544
1.25549,0.209554
1.2555,0.209564
1.25551,0.209574
1.25552,0.209585
1.25553,0.209595
1.25554,0.209605
1.25555,0.209615
1.25556,0.209625
1.25557,0.209636
1.25558,0.209646
1.25559,0.209656
1.2556,0.209666
1.25561,0.209676
1.25562,0.209687
1.25563,0.209697
1.25563,0.209707
1.25564,0.209717
1.25565,0.209727
1.25566,0.209738
1.25567,0.209748
1.25568,0.209758
1.25569,0.209768
1.2557,0.209778
1.25571,0.209789
1.25572,0.209799
1.25573,0.209809
1.25574,0.209819
1.25575,0.209829
1.25576,0.20984
1.25577,0.20985
1.25578,0.20986
1.25579,0.20987
1.2558,0.20988
1.25581,0.209891
1.25582,0.209901
1.25583,0.209911
1.25584,0.209921
1.25585,0.209931
1.25585,0.209942
1.25586,0.209952
1.25587,0.209962
1.25588,0.209972
1.25589,0.209982
1.2559,0.209993
1.25591,0.210003
1.25592,0.210013
1.25593,0.210023
1.25594,0.210034
1.25595,0.210044
1.25596,0.210054
1.25597,0.210064
1.25598,0.210074
1.25599,0.210085
1.256,0.210095
1.25601,0.210105
1.25602,0.210115
1.25603,0.210125
1.25604,0.210136
1.25605,0.210146
1.25606,0.210156
1.25606,0.210166
1.25607,0.210176
1.25608,0.210187
1.25609,0.210197
1.2561,0.210207
1.25611,0.210217
1.25612,0.210227
1.25613,0.210238
1.25614,0.210248
1.25615,0.210258
1.25616,0.210268
1.25617,0.210278
1.25618,0.210289
1.25619,0.210299
1.2562,0.210309
1.25621,0.210319
1.25622,0.210329
1.25623,0.21034
1.25624,0.21035
1.25625,0.21036
1.25626,0.21037
1.25627,0.21038
1.25627,0.210391
1.25628,0.210401
1.25629,0.210411
1.2563,0.210421
1.25631,0.210431
1.25632,0.210442
1.25633,0.210452
1.25634,0.210462
1.25635,0.210472
1.25636,0.210483
1.25637,0.210493
1.25638,0.210503
1.25639,0.210513
1.2564,0.210523
1.25641,0.210534
1.25642,0.210544
1.25643,0.210554
1.25644,0.210564
1.25645,0.210574
1.25646,0.210585
1.25647,0.210595
1.25648,0.210605
1.25648,0.210615
1.25649,0.210625
1.2565,0.210636
1.25651,0.210646
1.25652,0.210656
1.25653,0.210666
1.25654,0.210676
1.25655,0.210687
1.25656,0.210697
1.25657,0.210707
1.25658,0.210717
1.25659,0.210727
1.2566,0.210738
1.25661,0.210748
1.25662,0.210758
1.25663,0.210768
1.25664,0.210778
1.25665,0.210789
1.25666,0.210799
1.25667,0.210809
1.25668,0.210819
1.25669,0.210829
1.25669,0.21084
1.2567,0.21085
1.25671,0.21086
1.25672,0.21087
1.25673,0.21088
1.25674,0.210891
1.25675,0.210901
1.25676,0.210911
1.25677,0.210921
1.25678,0.210931
1.25679,0.210942
1.2568,0.210952
1.25681,0.210962
1.25682,0.210972
1.25683,0.210983
1.25684,0.210993
1.25685,0.211003
1.25686,0.211013
1.25687,0.211023
1.25688,0.211034
1.25689,0.211044
1.25689,0.211054
1.2569,0.211064
1.25691,0.211074
1.25692,0.211085
1.25693,0.211095
1.25694,0.211105
1.25695,0.211115
1.25696,0.211125
1.25697,0.211136
1.25698,0.211146
1.25699,0.211156
1.257,0.211166
1.25701,0.211176
1.25702,0.211187
1.25703,0.211197
1.25704,0.211207
1.25705,0.211217
1.25706,0.211227
1.25707,0.211238
1.25708,0.211248
1.25709,0.211258
1.2571,0.211268
1.2571,0.211278
1.25711,0.211289
1.25712,0.211299
1.25713,0.211309
1.25714,0.211319
1.25715,0.211329
1.25716,0.21134
1.25717,0.21135
1.25718,0.21136
1.25719,0.21137
1.2572,0.21138
1.25721,0.211391
1.25722,0.211401
1.25723,0.211411
1.25724,0.211421
1.25725,0.211431
1.25726,0.211442
1.25727,0.211452
1.25728,0.211462
1.25729,0.211472
1.2573,0.211483
1.2573,0.211493
1.25731,0.211503
1.25732,0.211513
1.25733,0.211523
1.25734,0.211534
1.25735,0.211544
1.25736,0.211554
1.25737,0.211564
1.25738,0.211574
1.25739,0.211585
1.2574,0.211595
1.25741,0.211605
1.25742,0.211615
1.25743,0.211625
1.25744,0.211636
1.25745,0.211646
1.25746,0.211656
1.25747,0.211666
1.25748,0.211676
1.25749,0.211687
1.2575,0.211697
1.2575,0.211707
1.25751,0.211717
1.25752,0.211727
1.25753,0.211738
1.25754,0.211748
1.25755,0.211758
1.25756,0.211768
1.25757,0.211778
1.25758,0.211789
1.25759,0.211799
1.2576,0.211809
1.25761,0.211819
1.25762,0.211829
1.25763,0.21184
1.25764,0.21185
1.25765,0.21186
1.25766,0.21187
1.25767,0.21188
1.25768,0.211891
1.25769,0.211901
1.25769,0.211911
1.2577,0.211921
1.25771,0.211932
1.25772,0.211942
1.25773,0.211952
1.25774,0.211962
1.25775,0.211972
1.25776,0.211983
1.25777,0.211993
1.25778,0.212003
1.25779,0.212013
1.2578,0.212023
1.25781,0.212034
1.25782,0.212044
1.25783,0.212054
1.25784,0.212064
1.25785,0.212074
1.25786,0.212085
1.25787,0.212095
1.25788,0.212105
1.25789,0.212115
1.25789,0.212125
1.2579,0.212136
1.25791,0.212146
1.25792,0.212156
1.25793,0.212166
1.25794,0.212176
1.25795,0.212187
1.25796,0.212197
1.25797,0.212207
1.25798,0.212217
1.25799,0.212227
1.258,0.212238
1.25801,0.212248
1.25802,0.212258
1.25803,0.212268
1.25804,0.212278
1.25805,0.212289
1.25806,0.212299
1.25807,0.212309
1.25808,0.212319
1.25808,0.212329
1.25809,0.21234
1.2581,0.21235
1.25811,0.21236
1.25812,0.21237
1.25813,0.21238
1.25814,0.212391
1.25815,0.212401
1.25816,0.212411
1.25817,0.212421
1.25818,0.212432
1.25819,0.212442
1.2582,0.212452
1.25821,0.212462
1.25822,0.212472
1.25823,0.212483
1.25824,0.212493
1.25825,0.212503
1.25826,0.212513
1.25827,0.212523
1.25827,0.212534
1.25828,0.212544
1.25829,0.212554
1.2583,0.212564
1.25831,0.212574
1.25832,0.212585
1.25833,0.212595
1.25834,0.212605
1.25835,0.212615
1.25836,0.212625
1.25837,0.212636
1.25838,0.212646
1.25839,0.212656
1.2584,0.212666
1.25841,0.212676
1.25842,0.212687
1.25843,0.212697
1.25844,0.212707
1.25845,0.212717
1.25846,0.212727
1.25846,0.212738
1.25847,0.212748
1.25848,0.212758
1.25849,0.212768
1.2585,0.212778
1.25851,0.212789
1.25852,0.212799
1.25853,0.212809
1.25854,0.212819
1.25855,0.212829
1.25856,0.21284
1.25857,0.21285
1.25858,0.21286
1.25859,0.21287
1.2586,0.21288
1.25861,0.212891
1.25862,0.212901
1.25863,0.212911
1.25864,0.212921
1.25865,0.212932
1.25865,0.212942
1.25866,0.212952
1.25867,0.212962
1.25868,0.212972
1.25869,0.212983
1.2587,0.212993
1.25871,0.213003
1.25872,0.213013
1.25873,0.213023
1.25874,0.213034
1.25875,0.213044
1.25876,0.213054
1.25877,0.213064
1.25878,0.213074
1.25879,0.213085
1.2588,0.213095
1.25881,0.213105
1.25882,0.213115
1.25883,0.213125
1.25884,0.213136
1.25884,0.213146
1.25885,0.213156
1.25886,0.213166
1.25887,0.213176
1.25888,0.213187
1.25889,0.213197
1.2589,0.213207
1.25891,0.213217
1.25892,0.213227
1.25893,0.213238
1.25894,0.213248
1.25895,0.213258
1.25896,0.213268
1.25897,0.213278
1.25898,0.213289
1.25899,0.213299
1.259,0.213309
1.25901,0.213319
1.25902,0.213329
1.25902,0.21334
1.25903,0.21335
1.25904,0.21336
1.25905,0.21337
1.25906,0.213381
1.25907,0.213391
1.25908,0.213401
1.25909,0.213411
1.2591,0.213421
1.25911,0.213432
1.25912,0.213442
1.25913,0.213452
1.25914,0.213462
1.25915,0.213472
1.25916,0.213483
1.25917,0.213493
1.25918,0.213503
1.25919,0.213513
1.2592,0.213523
1.25921,0.213534
1.25921,0.213544
1.25922,0.213554
1.25923,0.213564
1.25924,0.213574
1.25925,0.213585
1.25926,0.213595
1.25927,0.213605
1.25928,0.213615
1.25929,0.213625
1.2593,0.213636
1.25931,0.213646
1.25932,0.213656
1.25933,0.213666
1.25934,0.213676
1.25935,0.213687
1.25936,0.213697
1.25937,0.213707
1.25938,0.213717
1.25939,0.213727
1.25939,0.213738
1.2594,0.213748
1.25941,0.213758
1.25942,0.213768
1.25943,0.213778
1.25944,0.213789
1.25945,0.213799
1.25946,0.213809
1.25947,0.213819
1.25948,0.213829
1.25949,0.21384
1.2595,0.21385
1.25951,0.21386
1.25952,0.21387
1.25953,0.213881
1.25954,0.213891
1.25955,0.213901
1.25956,0.213911
1.25957,0.213921
1.25957,0.213932
1.25958,0.213942
1.25959,0.213952
1.2596,0.213962
1.25961,0.213972
1.25962,0.213983
1.25963,0.213993
1.25964,0.214003
1.25965,0.214013
1.25966,0.214023
1.25967,0.214034
1.25968,0.214044
1.25969,0.214054
1.2597,0.214064
1.25971,0.214074
1.25972,0.214085
1.25973,0.214095
1.25974,0.214105
1.25975,0.214115
1.25975,0.214125
1.25976,0.214136
1.25977,0.214146
1.25978,0.214156
1.25979,0.214166
1.2598,0.214176
1.25981,0.214187
1.25982,0.214197
1.25983,0.214207
1.25984,0.214217
1.25985,0.214227
1.25986,0.214238
1.25987,0.214248
1.25988,0.214258
1.25989,0.214268
1.2599,0.214278
1.25991,0.214289
1.25992,0.214299
1.25993,0.214309
1.25993,0.214319
1.25994,0.21433
1.25995,0.21434
1.25996,0.21435
1.25997,0.21436
1.25998,0.21437
1.25999,0.214381
1.26,0.214391
1.26001,0.214401
1.26002,0.214411
1.26003,0.214421
1.26004,0.214432
1.26005,0.214442
1.26006,0.214452
1.26007,0.214462
1.26008,0.214472
1.26009,0.214483
1.2601,0.214493
1.2601,0.214503
1.26011,0.214513
1.26012,0.214523
1.26013,0.214534
1.26014,0.214544
1.26015,0.214554
1.26016,0.214564
1.26017,0.214574
1.26018,0.214585
1.26019,0.214595
1.2602,0.214605
1.26021,0.214615
1.26022,0.214625
1.26023,0.214636
1.26024,0.214646
1.26025,0.214656
1.26026,0.214666
1.26027,0.214676
1.26028,0.214687
1.26028,0.214697
1.26029,0.214707
1.2603,0.214717
1.26031,0.214727
1.26032,0.214738
1.26033,0.214748
1.26034,0.214758
1.26035,0.214768
1.26036,0.214778
1.26037,0.214789
1.26038,0.214799
1.26039,0.214809
1.2604,0.214819
1.26041,0.21483
1.26042,0.21484
1.26043,0.21485
1.26044,0.21486
1.26045,0.21487
1.26045,0.214881
1.26046,0.214891
1.26047,0.214901
1.26048,0.214911
1.26049,0.214921
1.2605,0.214932
1.26051,0.214942
1.26052,0.214952
1.26053,0.214962
1.26054,0.214972
1.26055,0.214983
1.26056,0.214993
1.26057,0.215003
1.26058,0.215013
1.26059,0.215023
1.2606,0.215034
1.26061,0.215044
1.26062,0.215054
1.26063,0.215064
1.26063,0.215074
1.26064,0.215085
1.26065,0.215095
1.26066,0.215105
1.26067,0.215115
1.26068,0.215125
1.26069,0.215136
1.2607,0.215146
1.26071,0.215156
1.26072,0.215166
1.26073,0.215176
1.26074,0.215187
1.26075,0.215197
1.26076,0.215207
1.26077,0.215217
1.26078,0.215227
1.26079,0.215238
1.2608,0.215248
1.2608,0.215258
1.26081,0.215268
1.26082,0.215278
1.26083,0.215289
1.26084,0.215299
1.26085,0.215309
1.26086,0.215319
1.26087,0.21533
1.26088,0.21534
1.26089,0.21535
1.2609,0.21536
1.26091,0.21537
1.26092,0.215381
1.26093,0.215391
1.26094,0.215401
1.26095,0.215411
1.26096,0.215421
1.26097,0.215432
1.26097,0.215442
1.26098,0.215452
1.26099,0.215462
1.261,0.215472
1.26101,0.215483
1.26102,0.215493
1.26103,0.215503
1.26104,0.215513
1.26105,0.215523
1.26106,0.215534
1.26107,0.215544
1.26108,0.215554
1.26109,0.215564
1.2611,0.215574
1.26111,0.215585
1.26112,0.215595
1.26113,0.215605
1.26114,0.215615
1.26114,0.215625
1.26115,0.215636
1.26116,0.215646
1.26117,0.215656
1.26118,0.215666
1.26119,0.215676
1.2612,0.215687
1.26121,0.215697
1.26122,0.215707
1.26123,0.215717
1.26124,0.215727
1.26125,0.215738
1.26126,0.215748
1.26127,0.215758
1.26128,0.215768
1.26129,0.215779
1.2613,0.215789
1.2613,0.215799
1.26131,0.215809
1.26132,0.215819
1.26133,0.21583
1.26134,0.21584
1.26135,0.21585
1.26136,0.21586
1.26137,0.21587
1.26138,0.215881
1.26139,0.215891
1.2614,0.215901
1.26141,0.215911
1.26142,0.215921
1.26143,0.215932
1.26144,0.215942
1.26145,0.215952
1.26146,0.215962
1.26147,0.215972
1.26147,0.215983
1.26148,0.215993
1.26149,0.216003
1.2615,0.216013
1.26151,0.216023
1.26152,0.216034
1.26153,0.216044
1.26154,0.216054
1.26155,0.216064
1.26156,0.216074
1.26157,0.216085
1.26158,0.216095
1.26159,0.216105
1.2616,0.216115
1.26161,0.216125
1.26162,0.216136
1.26163,0.216146
1.26164,0.216156
1.26164,0.216166
1.26165,0.216176
1.26166,0.216187
1.26167,0.216197
1.26168,0.216207
1.26169,0.216217
1.2617,0.216227
1.26171,0.216238
1.26172,0.216248
1.26173,0.216258
1.26174,0.216268
1.26175,0.216279
1.26176,0.216289
1.26177,0.216299
1.26178,0.216309
1.26179,0.216319
1.2618,0.21633
1.2618,0.21634
1.26181,0.21635
1.26182,0.21636
1.26183,0.21637
1.26184,0.216381
1.26185,0.216391
1.26186,0.216401
1.26187,0.216411
1.26188,0.216421
1.26189,0.216432
1.2619,0.216442
1.26191,0.216452
1.26192,0.216462
1.26193,0.216472
1.26194,0.216483
1.26195,0.216493
1.26196,0.216503
1.26196,0.216513
1.26197,0.216523
1.26198,0.216534
1.26199,0.216544
1.262,0.216554
1.26201,0.216564
1.26202,0.216574
1.26203,0.216585
1.26204,0.216595
1.26205,0.216605
1.26206,0.216615
1.26207,0.216625
1.26208,0.216636
1.26209,0.216646
1.2621,0.216656
1.26211,0.216666
1.26212,0.216676
1.26213,0.216687
1.26213,0.216697
1.26214,0.216707
1.26215,0.216717
1.26216,0.216727
1.26217,0.216738
1.26218,0.216748
1.26219,0.216758
1.2622,0.216768
1.26221,0.216779
1.26222,0.216789
1.26223,0.216799
1.26224,0.216809
1.26225,0.216819
1.26226,0.21683
1.26227,0.21684
1.26228,0.21685
1.26229,0.21686
1.26229,0.21687
1.2623,0.216881
1.26231,0.216891
1.26232,0.216901
1.26233,0.216911
1.26234,0.216921
1.26235,0.216932
1.26236,0.216942
1.26237,0.216952
1.26238,0.216962
1.26239,0.216972
1.2624,0.216983
1.26241,0.216993
1.26242,0.217003
1.26243,0.217013
1.26244,0.217023
1.26245,0.217034
1.26245,0.217044
1.26246,0.217054
1.26247,0.217064
1.26248,0.217074
1.26249,0.217085
1.2625,0.217095
1.26251,0.217105
1.26252,0.217115
1.26253,0.217125
1.26254,0.217136
1.26255,0.217146
1.26256,0.217156
1.26257,0.217166
1.26258,0.217176
1.26259,0.217187
1.2626,0.217197
1.26261,0.217207
1.26261,0.217217
1.26262,0.217227
1.26263,0.217238
1.26264,0.217248
1.26265,0.217258
1.26266,0.217268
1.26267,0.217279
1.26268,0.217289
1.26269,0.217299
1.2627,0.217309
1.26271,0.217319
1.26272,0.21733
1.26273,0.21734
1.26274,0.21735
1.26275,0.21736
1.26276,0.21737
1.26277,0.217381
1.26277,0.217391
1.26278,0.217401
1.26279,0.217411
1.2628,0.217421
1.26281,0.217432
1.26282,0.217442
1.26283,0.217452
1.26284,0.217462
1.26285,0.217472
1.26286,0.217483
1.26287,0.217493
1.26288,0.217503
1.26289,0.217513
1.2629,0.217523
1.26291,0.217534
1.26292,0.217544
1.26292,0.217554
1.26293,0.217564
1.26294,0.217574
1.26295,0.217585
1.26296,0.217595
1.26297,0.217605
1.26298,0.217615
1.26299,0.217625
1.263,0.217636
1.26301,0.217646
1.26302,0.217656
1.26303,0.217666
1.26304,0.217676
1.26305,0.217687
1.26306,0.217697
1.26307,0.217707
1.26308,0.217717
1.26308,0.217728
1.26309,0.217738
1.2631,0.217748
1.26311,0.217758
1.26312,0.217768
1.26313,0.217779
1.26314,0.217789
1.26315,0.217799
1.26316,0.217809
1.26317,0.217819
1.26318,0.21783
1.26319,0.21784
1.2632,0.21785
1.26321,0.21786
1.26322,0.21787
1.26323,0.217881
1.26324,0.217891
1.26324,0.217901
1.26325,0.217911
1.26326,0.217921
1.26327,0.217932
1.26328,0.217942
1.26329,0.217952
1.2633,0.217962
1.26331,0.217972
1.26332,0.217983
1.26333,0.217993
1.26334,0.218003
1.26335,0.218013
1.26336,0.218023
1.26337,0.218034
1.26338,0.218044
1.26339,0.218054
1.26339,0.218064
1.2634,0.218074
1.26341,0.218085
1.26342,0.218095
1.26343,0.218105
1.26344,0.218115
1.26345,0.218125
1.26346,0.218136
1.26347,0.218146
1.26348,0.218156
1.26349,0.218166
1.2635,0.218176
1.26351,0.218187
1.26352,0.218197
1.26353,0.218207
1.26354,0.218217
1.26354,0.218228
1.26355,0.218238
1.26356,0.218248
1.26357,0.218258
1.26358,0.218268
1.26359,0.218279
1.2636,0.218289
1.26361,0.218299
1.26362,0.218309
1.26363,0.218319
1.26364,0.21833
1.26365,0.21834
1.26366,0.21835
1.26367,0.21836
1.26368,0.21837
1.26369,0.218381
1.2637,0.218391
1.2637,0.218401
1.26371,0.218411
1.26372,0.218421
1.26373,0.218432
1.26374,0.218442
1.26375,0.218452
1.26376,0.218462
1.26377,0.218472
1.26378,0.218483
1.26379,0.218493
1.2638,0.218503
1.26381,0.218513
1.26382,0.218523
1.26383,0.218534
1.26384,0.218544
1.26385,0.218554
1.26385,0.218564
1.26386,0.218574
1.26387,0.218585
1.26388,0.218595
1.26389,0.218605
1.2639,0.218615
1.26391,0.218625
1.26392,0.218636
1.26393,0.218646
1.26394,0.218656
1.26395,0.218666
1.26396,0.218676
1.26397,0.218687
1.26398,0.218697
1.26399,0.218707
1.264,0.218717
1.264,0.218728
1.26401,0.218738
1.26402,0.218748
1.26403,0.218758
1.26404,0.218768
1.26405,0.218779
1.26406,0.218789
1.26407,0.218799
1.26408,0.218809
1.26409,0.218819
1.2641,0.21883
1.26411,0.21884
1.26412,0.21885
1.26413,0.21886
1.26414,0.21887
1.26415,0.218881
1.26415,0.218891
1.26416,0.218901
1.26417,0.218911
1.26418,0.218921
1.26419,0.218932
1.2642,0.218942
1.26421,0.218952
1.26422,0.218962
1.26423,0.218972
1.26424,0.218983
1.26425,0.218993
1.26426,0.219003
1.26427,0.219013
1.26428,0.219023
1.26429,0.219034
1.2643,0.219044
1.2643,0.219054
1.26431,0.219064
1.26432,0.219074
1.26433,0.219085
1.26434,0.219095
1.26435,0.219105
1.26436,0.219115
1.26437,0.219125
1.26438,0.219136
1.26439,0.219146
1.2644,0.219156
1.26441,0.219166
1.26442,0.219177
1.26443,0.219187
1.26444,0.219197
1.26445,0.219207
1.26445,0.219217
1.26446,0.219228
1.26447,0.219238
1.26448,0.219248
1.26449,0.219258
1.2645,0.219268
1.26451,0.219279
1.26452,0.219289
1.26453,0.219299
1.26454,0.219309
1.26455,0.219319
1.26456,0.21933
1.26457,0.21934
1.26458,0.21935
1.26459,0.21936
1.2646,0.21937
1.2646,0.219381
1.26461,0.219391
1.26462,0.219401
1.26463,0.219411
1.26464,0.219421
1.26465,0.219432
1.26466,0.219442
1.26467,0.219452
1.26468,0.219462
1.26469,0.219472
1.2647,0.219483
1.26471,0.219493
1.26472,0.219503
1.26473,0.219513
1.26474,0.219523
1.26474,0.219534
1.26475,0.219544
1.26476,0.219554
1.26477,0.219564
1.26478,0.219574
1.26479,0.219585
1.2648,0.219595
1.26481,0.219605
1.26482,0.219615
1.26483,0.219625
1.26484,0.219636
1.26485,0.219646
1.26486,0.219656
1.26487,0.219666
1.26488,0.219677
1.26489,0.219687
1.26489,0.219697
1.2649,0.219707
1.26491,0.219717
1.26492,0.219728
1.26493,0.219738
1.26494,0.219748
1.26495,0.219758
1.26496,0.219768
1.26497,0.219779
1.26498,0.219789
1.26499,0.219799
1.265,0.219809
1.26501,0.219819
1.26502,0.21983
1.26503,0.21984
1.26504,0.21985
1.26504,0.21986
1.26505,0.21987
1.26506,0.219881
1.26507,0.219891
1.26508,0.219901
1.26509,0.219911
1.2651,0.219921
1.26511,0.219932
1.26512,0.219942
1.26513,0.219952
1.26514,0.219962
1.26515,0.219972
1.26516,0.219983
1.26517,0.219993
1.26518,0.220003
1.26518,0.220013
1.26519,0.220023
1.2652,0.220034
1.26521,0.220044
1.26522,0.220054
1.26523,0.220064
1.26524,0.220074
1.26525,0.220085
1.26526,0.220095
1.26527,0.220105
1.26528,0.220115
1.26529,0.220125
1.2653,0.220136
1.26531,0.220146
1.26532,0.220156
1.26532,0.220166
1.26533,0.220177
1.26534,0.220187
1.26535,0.220197
1.26536,0.220207
1.26537,0.220217
1.26538,0.220228
1.26539,0.220238
1.2654,0.220248
1.26541,0.220258
1.26542,0.220268
1.26543,0.220279
1.26544,0.220289
1.26545,0.220299
1.26546,0.220309
1.26547,0.220319
1.26547,0.22033
1.26548,0.22034
1.26549,0.22035
1.2655,0.22036
1.26551,0.22037
1.26552,0.220381
1.26553,0.220391
1.26554,0.220401
1.26555,0.220411
1.26556,0.220421
1.26557,0.220432
1.26558,0.220442
1.26559,0.220452
1.2656,0.220462
1.26561,0.220472
1.26561,0.220483
1.26562,0.220493
1.26563,0.220503
1.26564,0.220513
1.26565,0.220523
1.26566,0.220534
1.26567,0.220544
1.26568,0.220554
1.26569,0.220564
1.2657,0.220574
1.26571,0.220585
1.26572,0.220595
1.26573,0.220605
1.26574,0.220615
1.26575,0.220626
1.26575,0.220636
1.26576,0.220646
1.26577,0.220656
1.26578,0.220666
1.26579,0.220677
1.2658,0.220687
1.26581,0.220697
1.26582,0.220707
1.26583,0.220717
1.26584,0.220728
1.26585,0.220738
1.26586,0.220748
1.26587,0.220758
1.26588,0.220768
1.26589,0.220779
1.26589,0.220789
1.2659,0.220799
1.26591,0.220809
1.26592,0.220819
1.26593,0.22083
1.26594,0.22084
1.26595,0.22085
1.26596,0.22086
1.26597,0.22087
1.26598,0.220881
1.26599,0.220891
1.266,0.220901
1.26601,0.220911
1.26602,0.220921
1.26603,0.220932
1.26604,0.220942
1.26604,0.220952
1.26605,0.220962
1.26606,0.220972
1.26607,0.220983
1.26608,0.220993
1.26609,0.221003
1.2661,0.221013
1.26611,0.221023
1.26612,0.221034
1.26613,0.221044
1.26614,0.221054
1.26615,0.221064
1.26616,0.221074
1.26617,0.221085
1.26618,0.221095
1.26618,0.221105
1.26619,0.221115
1.2662,0.221126
1.26621,0.221136
1.26622,0.221146
1.26623,0.221156
1.26624,0.221166
1.26625,0.221177
1.26626,0.221187
1.26627,0.221197
1.26628,0.221207
1.26629,0.221217
1.2663,0.221228
1.26631,0.221238
1.26631,0.221248
1.26632,0.221258
1.26633,0.221268
1.26634,0.221279
1.26635,0.221289
1.26636,0.221299
1.26637,0.221309
1.26638,0.221319
1.26639,0.22133
1.2664,0.22134
1.26641,0.22135
1.26642,0.22136
1.26643,0.22137
1.26644,0.221381
1.26645,0.221391
1.26645,0.221401
1.26646,0.221411
1.26647,0.221421
1.26648,0.221432
1.26649,0.221442
1.2665,0.221452
1.26651,0.221462
1.26652,0.221472
1.26653,0.221483
1.26654,0.221493
1.26655,0.221503
1.26656,0.221513
1.26657,0.221523
1.26658,0.221534
1.26659,0.221544
1.26659,0.221554
1.2666,0.221564
1.26661,0.221574
1.26662,0.221585
1.26663,0.221595
1.26664,0.221605
1.26665,0.221615
1.26666,0.221626
1.26667,0.221636
1.26668,0.221646
1.26669,0.221656
1.2667,0.221666
1.26671,0.221677
1.26672,0.221687
1.26673,0.221697
1.26673,0.221707
1.26674,0.221717
1.26675,0.221728
1.26676,0.221738
1.26677,0.221748
1.26678,0.221758
1.26679,0.221768
1.2668,0.221779
1.26681,0.221789
1.26682,0.221799
1.26683,0.221809
1.26684,0.221819
1.26685,0.22183
1.26686,0.22184
1.26687,0.22185
1.26687,0.22186
1.26688,0.22187
1.26689,0.221881
1.2669,0.221891
1.26691,0.221901
1.26692,0.221911
1.26693,0.221921
1.26694,0.221932
1.26695,0.221942
1.26696,0.221952
1.26697,0.221962
1.26698,0.221972
1.26699,0.221983
1.267,0.221993
1.267,0.222003
1.26701,0.222013
1.26702,0.222023
1.26703,0.222034
1.26704,0.222044
1.26705,0.222054
1.26706,0.222064
1.26707,0.222075
1.26708,0.222085
1.26709,0.222095
1.2671,0.222105
1.26711,0.222115
1.26712,0.222126
1.26713,0.222136
1.26714,0.222146
1.26714,0.222156
1.26715,0.222166
1.26716,0.222177
1.26717,0.222187
1.26718,0.222197
1.26719,0.222207
1.2672,0.222217
1.26721,0.222228
1.26722,0.222238
1.26723,0.222248
1.26724,0.222258
1.26725,0.222268
1.26726,0.222279
1.26727,0.222289
1.26727,0.222299
1.26728,0.222309
1.26729,0.222319
1.2673,0.22233
1.26731,0.22234
1.26732,0.22235
1.26733,0.22236
1.26734,0.22237
1.26735,0.222381
1.26736,0.222391
1.26737,0.222401
1.26738,0.222411
1.26739,0.222421
1.2674,0.222432
1.26741,0.222442
1.26741,0.222452
1.26742,0.222462
1.26743,0.222472
1.26744,0.222483
1.26745,0.222493
1.26746,0.222503
1.26747,0.222513
1.26748,0.222523
1.26749,0.222534
1.2675,0.222544
1.26751,0.222554
1.26752,0.222564
1.26753,0.222575
1.26754,0.222585
1.26754,0.222595
1.26755,0.222605
1.26756,0.222615
1.26757,0.222626
1.26758,0.222636
1.26759,0.222646
1.2676,0.222656
1.26761,0.222666
1.26762,0.222677
1.26763,0.222687
1.26764,0.222697
1.26765,0.222707
1.26766,0.222717
1.26767,0.222728
1.26767,0.222738
1.26768,0.222748
1.26769,0.222758
1.2677,0.222768
1.26771,0.222779
1.26772,0.222789
1.26773,0.222799
1.26774,0.222809
1.26775,0.222819
1.26776,0.22283
1.26777,0.22284
1.26778,0.22285
1.26779,0.22286
1.2678,0.22287
1.26781,0.222881
1.26781,0.222891
1.26782,0.222901
1.26783,0.222911
1.26784,0.222921
1.26785,0.222932
1.26786,0.222942
1.26787,0.222952
1.26788,0.222962
1.26789,0.222972
1.2679,0.222983
1.26791,0.222993
1.26792,0.223003
1.26793,0.223013
1.26794,0.223023
1.26794,0.223034
1.26795,0.223044
1.26796,0.223054
1.26797,0.223064
1.26798,0.223075
1.26799,0.223085
1.268,0.223095
1.26801,0.223105
1.26802,0.223115
1.26803,0.223126
1.26804,0.223136
1.26805,0.223146
1.26806,0.223156
1.26807,0.223166
1.26807,0.223177
1.26808,0.223187
1.26809,0.223197
1.2681,0.223207
1.26811,0.223217
1.26812,0.223228
1.26813,0.223238
1.26814,0.223248
1.26815,0.223258
1.26816,0.223268
1.26817,0.223279
1.26818,0.223289
1.26819,0.223299
1.2682,0.223309
1.2682,0.223319
1.26821,0.22333
1.26822,0.22334
1.26823,0.22335
1.26824,0.22336
1.26825,0.22337
1.26826,0.223381
1.26827,0.223391
1.26828,0.223401
1.26829,0.223411
1.2683,0.223421
1.26831,0.223432
1.26832,0.223442
1.26833,0.223452
1.26833,0.223462
1.26834,0.223472
1.26835,0.223483
1.26836,0.223493
1.26837,0.223503
1.26838,0.223513
1.26839,0.223524
1.2684,0.223534
1.26841,0.223544
1.26842,0.223554
1.26843,0.223564
1.26844,0.223575
1.26845,0.223585
1.26846,0.223595
1.26846,0.223605
1.26847,0.223615
1.26848,0.223626
1.26849,0.223636
1.2685,0.223646
1.26851,0.223656
1.26852,0.223666
1.26853,0.223677
1.26854,0.223687
1.26855,0.223697
1.26856,0.223707
1.26857,0.223717
1.26858,0.223728
1.26859,0.223738
1.26859,0.223748
1.2686,0.223758
1.26861,0.223768
1.26862,0.223779
1.26863,0.223789
1.26864,0.223799
1.26865,0.223809
1.26866,0.223819
1.26867,0.22383
1.26868,0.22384
1.26869,0.22385
1.2687,0.22386
1.26871,0.22387
1.26872,0.223881
1.26872,0.223891
1.26873,0.223901
1.26874,0.223911
1.26875,0.223921
1.26876,0.223932
1.26877,0.223942
1.26878,0.223952
1.26879,0.223962
1.2688,0.223972
1.26881,0.223983
1.26882,0.223993
1.26883,0.224003
1.26884,0.224013
1.26885,0.224024
1.26885,0.224034
1.26886,0.224044
1.26887,0.224054
1.26888,0.224064
1.26889,0.224075
1.2689,0.224085
1.26891,0.224095
1.26892,0.224105
1.26893,0.224115
1.26894,0.224126
1.26895,0.224136
1.26896,0.224146
1.26897,0.224156
1.26898,0.224166
1.26898,0.224177
1.26899,0.224187
1.269,0.224197
1.26901,0.224207
1.26902,0.224217
1.26903,0.224228
1.26904,0.224238
1.26905,0.224248
1.26906,0.224258
1.26907,0.224268
1.26908,0.224279
1.26909,0.224289
1.2691,0.224299
1.2691,0.224309
1.26911,0.224319
1.26912,0.22433
1.26913,0.22434
1.26914,0.22435
1.26915,0.22436
1.26916,0.22437
1.26917,0.224381
1.26918,0.224391
1.26919,0.224401
1.2692,0.224411
1.26921,0.224421
1.26922,0.224432
1.26923,0.224442
1.26923,0.224452
1.26924,0.224462
1.26925,0.224472
1.26926,0.224483
1.26927,0.224493
1.26928,0.224503
1.26929,0.224513
1.2693,0.224524
1.26931,0.224534
1.26932,0.224544
1.26933,0.224554
1.26934,0.224564
1.26935,0.224575
1.26936,0.224585
1.26936,0.224595
1.26937,0.224605
1.26938,0.224615
1.26939,0.224626
1.2694,0.224636
1.26941,0.224646
1.26942,0.224656
1.26943,0.224666
1.26944,0.224677
1.26945,0.224687
1.26946,0.224697
1.26947,0.224707
1.26948,0.224717
1.26948,0.224728
1.26949,0.224738
1.2695,0.224748
1.26951,0.224758
1.26952,0.224768
1.26953,0.224779
1.26954,0.224789
1.26955,0.224799
1.26956,0.224809
1.26957,0.224819
1.26958,0.22483
1.26959,0.22484
1.2696,0.22485
1.26961,0.22486
1.26961,0.22487
1.26962,0.224881
1.26963,0.224891
1.26964,0.224901
1.26965,0.224911
1.26966,0.224921
1.26967,0.224932
1.26968,0.224942
1.26969,0.224952
1.2697,0.224962
1.26971,0.224972
1.26972,0.224983
1.26973,0.224993
1.26973,0.225003
1.26974,0.225013
1.26975,0.225024
1.26976,0.225034
1.26977,0.225044
1.26978,0.225054
1.26979,0.225064
1.2698,0.225075
1.26981,0.225085
1.26982,0.225095
1.26983,0.225105
1.26984,0.225115
1.26985,0.225126
1.26986,0.225136
1.26986,0.225146
1.26987,0.225156
1.26988,0.225166
1.26989,0.225177
1.2699,0.225187
1.26991,0.225197
1.26992,0.225207
1.26993,0.225217
1.26994,0.225228
1.26995,0.225238
1.26996,0.225248
1.26997,0.225258
1.26998,0.225268
1.26998,0.225279
1.26999,0.225289
1.27,0.225299
1.27001,0.225309
1.27002,0.225319
1.27003,0.22533
1.27004,0.22534
1.27005,0.22535
1.27006,0.22536
1.27007,0.22537
1.27008,0.225381
1.27009,0.225391
1.2701,0.225401
1.27011,0.225411
1.27011,0.225421
1.27012,0.225432
1.27013,0.225442
1.27014,0.225452
1.27015,0.225462
1.27016,0.225473
1.27017,0.225483
1.27018,0.225493
1.27019,0.225503
1.2702,0.225513
1.27021,0.225524
1.27022,0.225534
1.27023,0.225544
1.27023,0.225554
1.27024,0.225564
1.27025,0.225575
1.27026,0.225585
1.27027,0.225595
1.27028,0.225605
1.27029,0.225615
1.2703,0.225626
1.27031,0.225636
1.27032,0.225646
1.27033,0.225656
1.27034,0.225666
1.27035,0.225677
1.27035,0.225687
1.27036,0.225697
1.27037,0.225707
1.27038,0.225717
1.27039,0.225728
1.2704,0.225738
1.27041,0.225748
1.27042,0.225758
1.27043,0.225768
1.27044,0.225779
1.27045,0.225789
1.27046,0.225799
1.27047,0.225809
1.27047,0.225819
1.27048,0.22583
1.27049,0.22584
1.2705,0.22585
1.27051,0.22586
1.27052,0.22587
1.27053,0.225881
1.27054,0.225891
1.27055,0.225901
1.27056,0.225911
1.27057,0.225921
1.27058,0.225932
1.27059,0.225942
1.2706,0.225952
1.2706,0.225962
1.27061,0.225973
1.27062,0.225983
1.27063,0.225993
1.27064,0.226003
1.27065,0.226013
1.27066,0.226024
1.27067,0.226034
1.27068,0.226044
1.27069,0.226054
1.2707,0.226064
1.27071,0.226075
1.27072,0.226085
1.27072,0.226095
1.27073,0.226105
1.27074,0.226115
1.27075,0.226126
1.27076,0.226136
1.27077,0.226146
1.27078,0.226156
1.27079,0.226166
1.2708,0.226177
1.27081,0.226187
1.27082,0.226197
1.27083,0.226207
1.27084,0.226217
1.27084,0.226228
1.27085,0.226238
1.27086,0.226248
1.27087,0.226258
1.27088,0.226268
1.27089,0.226279
1.2709,0.226289
1.27091,0.226299
1.27092,0.226309
1.27093,0.226319
1.27094,0.22633
1.27095,0.22634
1.27096,0.22635
1.27096,0.22636
1.27097,0.22637
1.27098,0.226381
1.27099,0.226391
1.271,0.226401
1.27101,0.226411
1.27102,0.226421
1.27103,0.226432
1.27104,0.226442
1.27105,0.226452
1.27106,0.226462
1.27107,0.226473
1.27108,0.226483
1.27108,0.226493
1.27109,0.226503
1.2711,0.226513
1.27111,0.226524
1.27112,0.226534
1.27113,0.226544
1.27114,0.226554
1.27115,0.226564
1.27116,0.226575
1.27117,0.226585
1.27118,0.226595
1.27119,0.226605
1.2712,0.226615
1.2712,0.226626
1.27121,0.226636
1.27122,0.226646
1.27123,0.226656
1.27124,0.226666
1.27125,0.226677
1.27126,0.226687
1.27127,0.226697
1.27128,0.226707
1.27129,0.226717
1.2713,0.226728
1.27131,0.226738
1.27132,0.226748
1.27132,0.226758
1.27133,0.226768
1.27134,0.226779
1.27135,0.226789
1.27136,0.226799
1.27137,0.226809
1.27138,0.226819
1.27139,0.22683
1.2714,0.22684
1.27141,0.22685
1.27142,0.22686
1.27143,0.22687
1.27144,0.226881
1.27144,0.226891
1.27145,0.226901
1.27146,0.226911
1.27147,0.226922
1.27148,0.226932
1.27149,0.226942
1.2715,0.226952
1.27151,0.226962
1.27152,0.226973
1.27153,0.226983
1.27154,0.226993
1.27155,0.227003
1.27156,0.227013
1.27156,0.227024
1.27157,0.227034
1.27158,0.227044
1.27159,0.227054
1.2716,0.227064
1.27161,0.227075
1.27162,0.227085
1.27163,0.227095
1.27164,0.227105
1.27165,0.227115
1.27166,0.227126
1.27167,0.227136
1.27167,0.227146
1.27168,0.227156
1.27169,0.227166
1.2717,0.227177
1.27171,0.227187
1.27172,0.227197
1.27173,0.227207
1.27174,0.227217
1.27175,0.227228
1.27176,0.227238
1.27177,0.227248
1.27178,0.227258
1.27179,0.227268
1.27179,0.227279
1.2718,0.227289
1.27181,0.227299
1.27182,0.227309
1.27183,0.227319
1.27184,0.22733
1.27185,0.22734
1.27186,0.22735
1.27187,0.22736
1.27188,0.22737
1.27189,0.227381
1.2719,0.227391
1.27191,0.227401
1.27191,0.227411
1.27192,0.227422
1.27193,0.227432
1.27194,0.227442
1.27195,0.227452
1.27196,0.227462
1.27197,0.227473
1.27198,0.227483
1.27199,0.227493
1.272,0.227503
1.27201,0.227513
1.27202,0.227524
1.27203,0.227534
1.27203,0.227544
1.27204,0.227554
1.27205,0.227564
1.27206,0.227575
1.27207,0.227585
1.27208,0.227595
1.27209,0.227605
1.2721,0.227615
1.27211,0.227626
1.27212,0.227636
1.27213,0.227646
1.27214,0.227656
1.27214,0.227666
1.27215,0.227677
1.27216,0.227687
1.27217,0.227697
1.27218,0.227707
1.27219,0.227717
1.2722,0.227728
1.27221,0.227738
1.27222,0.227748
1.27223,0.227758
1.27224,0.227768
1.27225,0.227779
1.27226,0.227789
1.27226,0.227799
1.27227,0.227809
1.27228,0.227819
1.27229,0.22783
1.2723,0.22784
1.27231,0.22785
1.27232,0.22786
1.27233,0.22787
1.27234,0.227881
1.27235,0.227891
1.27236,0.227901
1.27237,0.227911
1.27237,0.227922
1.27238,0.227932
1.27239,0.227942
1.2724,0.227952
1.27241,0.227962
1.27242,0.227973
1.27243,0.227983
1.27244,0.227993
1.27245,0.228003
1.27246,0.228013
1.27247,0.228024
1.27248,0.228034
1.27249,0.228044
1.27249,0.228054
1.2725,0.228064
1.27251,0.228075
1.27252,0.228085
1.27253,0.228095
1.27254,0.228105
1.27255,0.228115
1.27256,0.228126
1.27257,0.228136
1.27258,0.228146
1.27259,0.228156
1.2726,0.228166
1.2726,0.228177
1.27261,0.228187
1.27262,0.228197
1.27263,0.228207
1.27264,0.228217
1.27265,0.228228
1.27266,0.228238
1.27267,0.228248
1.27268,0.228258
1.27269,0.228268
1.2727,0.228279
1.27271,0.228289
1.27272,0.228299
1.27272,0.228309
1.27273,0.228319
1.27274,0.22833
1.27275,0.22834
1.27276,0.22835
1.27277,0.22836
1.27278,0.22837
1.27279,0.228381
1.2728,0.228391
1.27281,0.228401
1.27282,0.228411
1.27283,0.228422
1.27283,0.228432
1.27284,0.228442
1.27285,0.228452
1.27286,0.228462
1.27287,0.228473
1.27288,0.228483
1.27289,0.228493
1.2729,0.228503
1.27291,0.228513
1.27292,0.228524
1.27293,0.228534
1.27294,0.228544
1.27295,0.228554
1.27295,0.228564
1.27296,0.228575
1.27297,0.228585
1.27298,0.228595
1.27299,0.228605
1.273,0.228615
1.27301,0.228626
1.27302,0.228636
1.27303,0.228646
1.27304,0.228656
1.27305,0.228666
1.27306,0.228677
1.27306,0.228687
1.27307,0.228697
1.27308,0.228707
1.27309,0.228717
1.2731,0.228728
1.27311,0.228738
1.27312,0.228748
1.27313,0.228758
1.27314,0.228768
1.27315,0.228779
1.27316,0.228789
1.27317,0.228799
1.27317,0.228809
1.27318,0.228819
1.27319,0.22883
1.2732,0.22884
1.27321,0.22885
1.27322,0.22886
1.27323,0.228871
1.27324,0.228881
1.27325,0.228891
1.27326,0.228901
1.27327,0.228911
1.27328,0.228922
1.27329,0.228932
1.27329,0.228942
1.2733,0.228952
1.27331,0.228962
1.27332,0.228973
1.27333,0.228983
1.27334,0.228993
1.27335,0.229003
1.27336,0.229013
1.27337,0.229024
1.27338,0.229034
1.27339,0.229044
1.2734,0.229054
1.2734,0.229064
1.27341,0.229075
1.27342,0.229085
1.27343,0.229095
1.27344,0.229105
1.27345,0.229115
1.27346,0.229126
1.27347,0.229136
1.27348,0.229146
1.27349,0.229156
1.2735,0.229166
1.27351,0.229177
1.27351,0.229187
1.27352,0.229197
1.27353,0.229207
1.27354,0.229217
1.27355,0.229228
1.27356,0.229238
1.27357,0.229248
1.27358,0.229258
1.27359,0.229268
1.2736,0.229279
1.27361,0.229289
1.27362,0.229299
1.27362,0.229309
1.27363,0.229319
1.27364,0.22933
1.27365,0.22934
1.27366,0.22935
1.27367,0.22936
1.27368,0.229371
1.27369,0.229381
1.2737,0.229391
1.27371,0.229401
1.27372,0.229411
1.27373,0.229422
1.27374,0.229432
1.27374,0.229442
1.27375,0.229452
1.27376,0.229462
1.27377,0.229473
1.27378,0.229483
1.27379,0.229493
1.2738,0.229503
1.27381,0.229513
1.27382,0.229524
1.27383,0.229534
1.27384,0.229544
1.27385,0.229554
1.27385,0.229564
1.27386,0.229575
1.27387,0.229585
1.27388,0.229595
1.27389,0.229605
1.2739,0.229615
1.27391,0.229626
1.27392,0.229636
1.27393,0.229646
1.27394,0.229656
1.27395,0.229666
1.27396,0.229677
1.27396,0.229687
1.27397,0.229697
1.27398,0.229707
1.27399,0.229717
1.274,0.229728
1.27401,0.229738
1.27402,0.229748
1.27403,0.229758
1.27404,0.229768
1.27405,0.229779
1.27406,0.229789
1.27407,0.229799
1.27407,0.229809
1.27408,0.229819
1.27409,0.22983
1.2741,0.22984
1.27411,0.22985
1.27412,0.22986
1.27413,0.229871
1.27414,0.229881
1.27415,0.229891
1.27416,0.229901
1.27417,0.229911
1.27418,0.229922
1.27418,0.229932
1.27419,0.229942
1.2742,0.229952
1.27421,0.229962
1.27422,0.229973
1.27423,0.229983
1.27424,0.229993
1.27425,0.230003
1.27426,0.230013
1.27427,0.230024
1.27428,0.230034
1.27429,0.230044
1.27429,0.230054
1.2743,0.230064
1.27431,0.230075
1.27432,0.230085
1.27433,0.230095
1.27434,0.230105
1.27435,0.230115
1.27436,0.230126
1.27437,0.230136
1.27438,0.230146
1.27439,0.230156
1.2744,0.230166
1.2744,0.230177
1.27441,0.230187
1.27442,0.230197
1.27443,0.230207
1.27444,0.230217
1.27445,0.230228
1.27446,0.230238
1.27447,0.230248
1.27448,0.230258
1.27449,0.230268
1.2745,0.230279
1.27451,0.230289
1.27451,0.230299
1.27452,0.230309
1.27453,0.230319
1.27454,0.23033
1.27455,0.23034
1.27456,0.23035
1.27457,0.23036
1.27458,0.230371
1.27459,0.230381
1.2746,0.230391
1.27461,0.230401
1.27462,0.230411
1.27462,0.230422
1.27463,0.230432
1.27464,0.230442
1.27465,0.230452
1.27466,0.230462
1.27467,0.230473
1.27468,0.230483
1.27469,0.230493
1.2747,0.230503
1.27471,0.230513
1.27472,0.230524
1.27473,0.230534
1.27473,0.230544
1.27474,0.230554
1.27475,0.230564
1.27476,0.230575
1.27477,0.230585
1.27478,0.230595
1.27479,0.230605
1.2748,0.230615
1.27481,0.230626
1.27482,0.230636
1.27483,0.230646
1.27483,0.230656
1.27484,0.230666
1.27485,0.230677
1.27486,0.230687
1.27487,0.230697
1.27488,0.230707
1.27489,0.230717
1.2749,0.230728
1.27491,0.230738
1.27492,0.230748
1.27493,0.230758
1.27494,0.230768
1.27494,0.230779
1.27495,0.230789
1.27496,0.230799
1.27497,0.230809
1.27498,0.23082
1.27499,0.23083
1.275,0.23084
1.27501,0.23085
1.27502,0.23086
1.27503,0.230871
1.27504,0.230881
1.27505,0.230891
1.27505,0.230901
1.27506,0.230911
1.27507,0.230922
1.27508,0.230932
1.27509,0.230942
1.2751,0.230952
1.27511,0.230962
1.27512,0.230973
1.27513,0.230983
1.27514,0.230993
1.27515,0.231003
1.27516,0.231013
1.27516,0.231024
1.27517,0.231034
1.27518,0.231044
1.27519,0.231054
1.2752,0.231064
1.27521,0.231075
1.27522,0.231085
1.27523,0.231095
1.27524,0.231105
1.27525,0.231115
1.27526,0.231126
1.27527,0.231136
1.27527,0.231146
1.27528,0.231156
1.27529,0.231166
1.2753,0.231177
1.27531,0.231187
1.27532,0.231197
1.27533,0.231207
1.27534,0.231217
1.27535,0.231228
1.27536,0.231238
1.27537,0.231248
1.27537,0.231258
1.27538,0.231268
1.27539,0.231279
1.2754,0.231289
1.27541,0.231299
1.27542,0.231309
1.27543,0.23132
1.27544,0.23133
1.27545,0.23134
1.27546,0.23135
1.27547,0.23136
1.27548,0.231371
1.27548,0.231381
1.27549,0.231391
1.2755,0.231401
1.27551,0.231411
1.27552,0.231422
1.27553,0.231432
1.27554,0.231442
1.27555,0.231452
1.27556,0.231462
1.27557,0.231473
1.27558,0.231483
1.27559,0.231493
1.27559,0.231503
1.2756,0.231513
1.27561,0.231524
1.27562,0.231534
1.27563,0.231544
1.27564,0.231554
1.27565,0.231564
1.27566,0.231575
1.27567,0.231585
1.27568,0.231595
1.27569,0.231605
1.27569,0.231615
1.2757,0.231626
1.27571,0.231636
1.27572,0.231646
1.27573,0.231656
1.27574,0.231666
1.27575,0.231677
1.27576,0.231687
1.27577,0.231697
1.27578,0.231707
1.27579,0.231717
1.2758,0.231728
1.2758,0.231738
1.27581,0.231748
1.27582,0.231758
1.27583,0.231768
1.27584,0.231779
1.27585,0.231789
1.27586,0.231799
1.27587,0.231809
1.27588,0.23182
1.27589,0.23183
1.2759,0.23184
1.2759,0.23185
1.27591,0.23186
1.27592,0.231871
1.27593,0.231881
1.27594,0.231891
1.27595,0.231901
1.27596,0.231911
1.27597,0.231922
1.27598,0.231932
1.27599,0.231942
1.276,0.231952
1.27601,0.231962
1.27601,0.231973
1.27602,0.231983
1.27603,0.231993
1.27604,0.232003
1.27605,0.232013
1.27606,0.232024
1.27607,0.232034
1.27608,0.232044
1.27609,0.232054
1.2761,0.232064
1.27611,0.232075
1.27611,0.232085
1.27612,0.232095
1.27613,0.232105
1.27614,0.232115
1.27615,0.232126
1.27616,0.232136
1.27617,0.232146
1.27618,0.232156
1.27619,0.232166
1.2762,0.232177
1.27621,0.232187
1.27622,0.232197
1.27622,0.232207
1.27623,0.232217
1.27624,0.232228
1.27625,0.232238
1.27626,0.232248
1.27627,0.232258
1.27628,0.232269
1.27629,0.232279
1.2763,0.232289
1.27631,0.232299
1.27632,0.232309
1.27632,0.23232
1.27633,0.23233
1.27634,0.23234
1.27635,0.23235
1.27636,0.23236
1.27637,0.232371
1.27638,0.232381
1.27639,0.232391
1.2764,0.232401
1.27641,0.232411
1.27642,0.232422
1.27643,0.232432
1.27643,0.232442
1.27644,0.232452
1.27645,0.232462
1.27646,0.232473
1.27647,0.232483
1.27648,0.232493
1.27649,0.232503
1.2765,0.232513
1.27651,0.232524
1.27652,0.232534
1.27653,0.232544
1.27653,0.232554
1.27654,0.232564
1.27655,0.232575
1.27656,0.232585
1.27657,0.232595
1.27658,0.232605
1.27659,0.232615
1.2766,0.232626
1.27661,0.232636
1.27662,0.232646
1.27663,0.232656
1.27663,0.232666
1.27664,0.232677
1.27665,0.232687
1.27666,0.232697
1.27667,0.232707
1.27668,0.232717
1.27669,0.232728
1.2767,0.232738
1.27671,0.232748
1.27672,0.232758
1.27673,0.232769
1.27674,0.232779
1.27674,0.232789
1.27675,0.232799
1.27676,0.232809
1.27677,0.23282
1.27678,0.23283
1.27679,0.23284
1.2768,0.23285
1.27681,0.23286
1.27682,0.232871
1.27683,0.232881
1.27684,0.232891
1.27684,0.232901
1.27685,0.232911
1.27686,0.232922
1.27687,0.232932
1.27688,0.232942
1.27689,0.232952
1.2769,0.232962
1.27691,0.232973
1.27692,0.232983
1.27693,0.232993
1.27694,0.233003
1.27694,0.233013
1.27695,0.233024
1.27696,0.233034
1.27697,0.233044
1.27698,0.233054
1.27699,0.233064
1.277,0.233075
1.27701,0.233085
1.27702,0.233095
1.27703,0.233105
1.27704,0.233115
1.27705,0.233126
1.27705,0.233136
1.27706,0.233146
1.27707,0.233156
1.27708,0.233166
1.27709,0.233177
1.2771,0.233187
1.27711,0.233197
1.27712,0.233207
1.27713,0.233217
1.27714,0.233228
1.27715,0.233238
1.27715,0.233248
1.27716,0.233258
1.27717,0.233269
1.27718,0.233279
1.27719,0.233289
1.2772,0.233299
1.27721,0.233309
1.27722,0.23332
1.27723,0.23333
1.27724,0.23334
1.27725,0.23335
1.27725,0.23336
1.27726,0.233371
1.27727,0.233381
1.27728,0.233391
1.27729,0.233401
1.2773,0.233411
1.27731,0.233422
1.27732,0.233432
1.27733,0.233442
1.27734,0.233452
1.27735,0.233462
1.27735,0.233473
1.27736,0.233483
1.27737,0.233493
1.27738,0.233503
1.27739,0.233513
1.2774,0.233524
1.27741,0.233534
1.27742,0.233544
1.27743,0.233554
1.27744,0.233564
1.27745,0.233575
1.27745,0.233585
1.27746,0.233595
1.27747,0.233605
1.27748,0.233615
1.27749,0.233626
1.2775,0.233636
1.27751,0.233646
1.27752,0.233656
1.27753,0.233666
1.27754,0.233677
1.27755,0.233687
1.27755,0.233697
1.27756,0.233707
1.27757,0.233717
1.27758,0.233728
1.27759,0.233738
1.2776,0.233748
1.27761,0.233758
1.27762,0.233769
1.27763,0.233779
1.27764,0.233789
1.27765,0.233799
1.27766,0.233809
1.27766,0.23382
1.27767,0.23383
1.27768,0.23384
1.27769,0.23385
1.2777,0.23386
1.27771,0.233871
1.27772,0.233881
1.27773,0.233891
1.27774,0.233901
1.27775,0.233911
1.27776,0.233922
1.27776,0.233932
1.27777,0.233942
1.27778,0.233952
1.27779,0.233962
1.2778,0.233973
1.27781,0.233983
1.27782,0.233993
1.27783,0.234003
1.27784,0.234013
1.27785,0.234024
1.27786,0.234034
1.27786,0.234044
1.27787,0.234054
1.27788,0.234064
1.27789,0.234075
1.2779,0.234085
1.27791,0.234095
1.27792,0.234105
1.27793,0.234115
1.27794,0.234126
1.27795,0.234136
1.27796,0.234146
1.27796,0.234156
1.27797,0.234166
1.27798,0.234177
1.27799,0.234187
1.278,0.234197
1.27801,0.234207
1.27802,0.234218
1.27803,0.234228
1.27804,0.234238
1.27805,0.234248
1.27806,0.234258
1.27806,0.234269
1.27807,0.234279
1.27808,0.234289
1.27809,0.234299
1.2781,0.234309
1.27811,0.23432
1.27812,0.23433
1.27813,0.23434
1.27814,0.23435
1.27815,0.23436
1.27816,0.234371
1.27816,0.234381
1.27817,0.234391
1.27818,0.234401
1.27819,0.234411
1.2782,0.234422
1.27821,0.234432
1.27822,0.234442
1.27823,0.234452
1.27824,0.234462
1.27825,0.234473
1.27826,0.234483
1.27826,0.234493
1.27827,0.234503
1.27828,0.234513
1.27829,0.234524
1.2783,0.234534
1.27831,0.234544
1.27832,0.234554
1.27833,0.234564
1.27834,0.234575
1.27835,0.234585
1.27836,0.234595
1.27836,0.234605
1.27837,0.234615
1.27838,0.234626
1.27839,0.234636
1.2784,0.234646
1.27841,0.234656
1.27842,0.234666
1.27843,0.234677
1.27844,0.234687
1.27845,0.234697
1.27846,0.234707
1.27846,0.234718
1.27847,0.234728
1.27848,0.234738
1.27849,0.234748
1.2785,0.234758
1.27851,0.234769
1.27852,0.234779
1.27853,0.234789
1.27854,0.234799
1.27855,0.234809
1.27855,0.23482
1.27856,0.23483
1.27857,0.23484
1.27858,0.23485
1.27859,0.23486
1.2786,0.234871
1.27861,0.234881
1.27862,0.234891
1.27863,0.234901
1.27864,0.234911
1.27865,0.234922
1.27865,0.234932
1.27866,0.234942
1.27867,0.234952
1.27868,0.234962
1.27869,0.234973
1.2787,0.234983
1.27871,0.234993
1.27872,0.235003
1.27873,0.235013
1.27874,0.235024
1.27875,0.235034
1.27875,0.235044
1.27876,0.235054
1.27877,0.235064
1.27878,0.235075
1.27879,0.235085
1.2788,0.235095
1.27881,0.235105
1.27882,0.235115
1.27883,0.235126
1.27884,0.235136
1.27885,0.235146
1.27885,0.235156
1.27886,0.235166
1.27887,0.235177
1.27888,0.235187
1.27889,0.235197
1.2789,0.235207
1.27891,0.235218
1.27892,0.235228
1.27893,0.235238
1.27894,0.235248
1.27895,0.235258
1.27895,0.235269
1.27896,0.235279
1.27897,0.235289
1.27898,0.235299
1.27899,0.235309
1.279,0.23532
1.27901,0.23533
1.27902,0.23534
1.27903,0.23535
1.27904,0.23536
1.27905,0.235371
1.27905,0.235381
1.27906,0.235391
1.27907,0.235401
1.27908,0.235411
1.27909,0.235422
1.2791,0.235432
1.27911,0.235442
1.27912,0.235452
1.27913,0.235462
1.27914,0.235473
1.27914,0.235483
1.27915,0.235493
1.27916,0.235503
1.27917,0.235513
1.27918,0.235524
1.27919,0.235534
1.2792,0.235544
1.27921,0.235554
1.27922,0.235564
1.27923,0.235575
1.27924,0.235585
1.27924,0.235595
1.27925,0.235605
1.27926,0.235615
1.27927,0.235626
1.27928,0.235636
1.27929,0.235646
1.2793,0.235656
1.27931,0.235666
1.27932,0.235677
1.27933,0.235687
1.27934,0.235697
1.27934,0.235707
1.27935,0.235718
1.27936,0.235728
1.27937,0.235738
1.27938,0.235748
1.27939,0.235758
1.2794,0.235769
1.27941,0.235779
1.27942,0.235789
1.27943,0.235799
1.27944,0.235809
1.27944,0.23582
1.27945,0.23583
1.27946,0.23584
1.27947,0.23585
1.27948,0.23586
1.27949,0.235871
1.2795,0.235881
1.27951,0.235891
1.27952,0.235901
1.27953,0.235911
1.27953,0.235922
1.27954,0.235932
1.27955,0.235942
1.27956,0.235952
1.27957,0.235962
1.27958,0.235973
1.27959,0.235983
1.2796,0.235993
1.27961,0.236003
1.27962,0.236013
1.27963,0.236024
1.27963,0.236034
1.27964,0.236044
1.27965,0.236054
1.27966,0.236064
1.27967,0.236075
1.27968,0.236085
1.27969,0.236095
1.2797,0.236105
1.27971,0.236115
1.27972,0.236126
1.27972,0.236136
1.27973,0.236146
1.27974,0.236156
1.27975,0.236167
1.27976,0.236177
1.27977,0.236187
1.27978,0.236197
1.27979,0.236207
1.2798,0.236218
1.27981,0.236228
1.27982,0.236238
1.27982,0.236248
1.27983,0.236258
1.27984,0.236269
1.27985,0.236279
1.27986,0.236289
1.27987,0.236299
1.27988,0.236309
1.27989,0.23632
1.2799,0.23633
1.27991,0.23634
1.27992,0.23635
1.27992,0.23636
1.27993,0.236371
1.27994,0.236381
1.27995,0.236391
1.27996,0.236401
1.27997,0.236411
1.27998,0.236422
1.27999,0.236432
1.28,0.236442
1.28001,0.236452
1.28001,0.236462
1.28002,0.236473
1.28003,0.236483
1.28004,0.236493
1.28005,0.236503
1.28006,0.236513
1.28007,0.236524
1.28008,0.236534
1.28009,0.236544
1.2801,0.236554
1.28011,0.236564
1.28011,0.236575
1.28012,0.236585
1.28013,0.236595
1.28014,0.236605
1.28015,0.236615
1.28016,0.236626
1.28017,0.236636
1.28018,0.236646
1.28019,0.236656
1.2802,0.236667
1.2802,0.236677
1.28021,0.236687
1.28022,0.236697
1.28023,0.236707
1.28024,0.236718
1.28025,0.236728
1.28026,0.236738
1.28027,0.236748
1.28028,0.236758
1.28029,0.236769
1.2803,0.236779
1.2803,0.236789
1.28031,0.236799
1.28032,0.236809
1.28033,0.23682
1.28034,0.23683
1.28035,0.23684
1.28036,0.23685
1.28037,0.23686
1.28038,0.236871
1.28039,0.236881
1.28039,0.236891
1.2804,0.236901
1.28041,0.236911
1.28042,0.236922
1.28043,0.236932
1.28044,0.236942
1.28045,0.236952
1.28046,0.236962
1.28047,0.236973
1.28048,0.236983
1.28049,0.236993
1.28049,0.237003
1.2805,0.237013
1.28051,0.237024
1.28052,0.237034
1.28053,0.237044
1.28054,0.237054
1.28055,0.237064
1.28056,0.237075
1.28057,0.237085
1.28058,0.237095
1.28058,0.237105
1.28059,0.237115
1.2806,0.237126
1.28061,0.237136
1.28062,0.237146
1.28063,0.237156
1.28064,0.237167
1.28065,0.237177
1.28066,0.237187
1.28067,0.237197
1.28068,0.237207
1.28068,0.237218
1.28069,0.237228
1.2807,0.237238
1.28071,0.237248
1.28072,0.237258
1.28073,0.237269
1.28074,0.237279
1.28075,0.237289
1.28076,0.237299
1.28077,0.237309
1.28077,0.23732
1.28078,0.23733
1.28079,0.23734
1.2808,0.23735
1.28081,0.23736
1.28082,0.237371
1.28083,0.237381
1.28084,0.237391
1.28085,0.237401
1.28086,0.237411
1.28086,0.237422
1.28087,0.237432
1.28088,0.237442
1.28089,0.237452
1.2809,0.237462
1.28091,0.237473
1.28092,0.237483
1.28093,0.237493
1.28094,0.237503
1.28095,0.237513
1.28096,0.237524
1.28096,0.237534
1.28097,0.237544
1.28098,0.237554
1.28099,0.237564
1.281,0.237575
1.28101,0.237585
1.28102,0.237595
1.28103,0.237605
1.28104,0.237615
1.28105,0.237626
1.28105,0.237636
1.28106,0.237646
1.28107,0.237656
1.28108,0.237667
1.28109,0.237677
1.2811,0.237687
1.28111,0.237697
1.28112,0.237707
1.28113,0.237718
1.28114,0.237728
1.28115,0.237738
1.28115,0.237748
1.28116,0.237758
1.28117,0.237769
1.28118,0.237779
1.28119,0.237789
1.2812,0.237799
1.28121,0.237809
1.28122,0.23782
1.28123,0.23783
1.28124,0.23784
1.28124,0.23785
1.28125,0.23786
1.28126,0.237871
1.28127,0.237881
1.28128,0.237891
1.28129,0.237901
1.2813,0.237911
1.28131,0.237922
1.28132,0.237932
1.28133,0.237942
1.28133,0.237952
1.28134,0.237962
1.28135,0.237973
1.28136,0.237983
1.28137,0.237993
1.28138,0.238003
1.28139,0.238013
1.2814,0.238024
1.28141,0.238034
1.28142,0.238044
1.28142,0.238054
1.28143,0.238064
1.28144,0.238075
1.28145,0.238085
1.28146,0.238095
1.28147,0.238105
1.28148,0.238116
1.28149,0.238126
1.2815,0.238136
1.28151,0.238146
1.28152,0.238156
1.28152,0.238167
1.28153,0.238177
1.28154,0.238187
1.28155,0.238197
1.28156,0.238207
1.28157,0.238218
1.28158,0.238228
1.28159,0.238238
1.2816,0.238248
1.28161,0.238258
1.28161,0.238269
1.28162,0.238279
1.28163,0.238289
1.28164,0.238299
1.28165,0.238309
1.28166,0.23832
1.28167,0.23833
1.28168,0.23834
1.28169,0.23835
1.2817,0.23836
1.2817,0.238371
1.28171,0.238381
1.28172,0.238391
1.28173,0.238401
1.28174,0.238411
1.28175,0.238422
1.28176,0.238432
1.28177,0.238442
1.28178,0.238452
1.28179,0.238462
1.28179,0.238473
1.2818,0.238483
1.28181,0.238493
1.28182,0.238503
1.28183,0.238513
1.28184,0.238524
1.28185,0.238534
1.28186,0.238544
1.28187,0.238554
1.28188,0.238564
1.28188,0.238575
1.28189,0.238585
1.2819,0.238595
1.28191,0.238605
1.28192,0.238616
1.28193,0.238626
1.28194,0.238636
1.28195,0.238646
1.28196,0.238656
1.28197,0.238667
1.28198,0.238677
1.28198,0.238687
1.28199,0.238697
1.282,0.238707
1.28201,0.238718
1.28202,0.238728
1.28203,0.238738
1.28204,0.238748
1.28205,0.238758
1.28206,0.238769
1.28207,0.238779
1.28207,0.238789
1.28208,0.238799
1.28209,0.238809
1.2821,0.23882
1.28211,0.23883
1.28212,0.23884
1.28213,0.23885
1.28214,0.23886
1.28215,0.238871
1.28216,0.238881
1.28216,0.238891
1.28217,0.238901
1.28218,0.238911
1.28219,0.238922
1.2822,0.238932
1.28221,0.238942
1.28222,0.238952
1.28223,0.238962
1.28224,0.238973
1.28225,0.238983
1.28225,0.238993
1.28226,0.239003
1.28227,0.239013
1.28228,0.239024
1.28229,0.239034
1.2823,0.239044
1.28231,0.239054
1.28232,0.239064
1.28233,0.239075
1.28234,0.239085
1.28234,0.239095
1.28235,0.239105
1.28236,0.239116
1.28237,0.239126
1.28238,0.239136
1.28239,0.239146
1.2824,0.239156
1.28241,0.239167
1.28242,0.239177
1.28243,0.239187
1.28243,0.239197
1.28244,0.239207
1.28245,0.239218
1.28246,0.239228
1.28247,0.239238
1.28248,0.239248
1.28249,0.239258
1.2825,0.239269
1.28251,0.239279
1.28252,0.239289
1.28252,0.239299
1.28253,0.239309
1.28254,0.23932
1.28255,0.23933
1.28256,0.23934
1.28257,0.23935
1.28258,0.23936
1.28259,0.239371
1.2826,0.239381
1.28261,0.239391
1.28261,0.239401
1.28262,0.239411
1.28263,0.239422
1.28264,0.239432
1.28265,0.239442
1.28266,0.239452
1.28267,0.239462
1.28268,0.239473
1.28269,0.239483
1.2827,0.239493
1.2827,0.239503
1.28271,0.239513
1.28272,0.239524
1.28273,0.239534
1.28274,0.239544
1.28275,0.239554
1.28276,0.239564
1.28277,0.239575
1.28278,0.239585
1.28279,0.239595
1.28279,0.239605
1.2828,0.239616
1.28281,0.239626
1.28282,0.239636
1.28283,0.239646
1.28284,0.239656
1.28285,0.239667
1.28286,0.239677
1.28287,0.239687
1.28288,0.239697
1.28288,0.239707
1.28289,0.239718
1.2829,0.239728
1.28291,0.239738
1.28292,0.239748
1.28293,0.239758
1.28294,0.239769
1.28295,0.239779
1.28296,0.239789
1.28297,0.239799
1.28297,0.239809
1.28298,0.23982
1.28299,0.23983
1.283,0.23984
1.28301,0.23985
1.28302,0.23986
1.28303,0.239871
1.28304,0.239881
1.28305,0.239891
1.28306,0.239901
1.28306,0.239911
1.28307,0.239922
1.28308,0.239932
1.28309,0.239942
1.2831,0.239952
1.28311,0.239962
1.28312,0.239973
1.28313,0.239983
1.28314,0.239993
1.28315,0.240003
1.28315,0.240013
1.28316,0.240024
1.28317,0.240034
1.28318,0.240044
1.28319,0.240054
1.2832,0.240065
1.28321,0.240075
1.28322,0.240085
1.28323,0.240095
1.28324,0.240105
1.28324,0.240116
1.28325,0.240126
1.28326,0.240136
1.28327,0.240146
1.28328,0.240156
1.28329,0.240167
1.2833,0.240177
1.28331,0.240187
1.28332,0.240197
1.28333,0.240207
1.28333,0.240218
1.28334,0.240228
1.28335,0.240238
1.28336,0.240248
1.28337,0.240258
1.28338,0.240269
1.28339,0.240279
1.2834,0.240289
1.28341,0.240299
1.28342,0.240309
1.28342,0.24032
1.28343,0.24033
1.28344,0.24034
1.28345,0.24035
1.28346,0.24036
1.28347,0.240371
1.28348,0.240381
1.28349,0.240391
1.2835,0.240401
1.28351,0.240411
1.28351,0.240422
1.28352,0.240432
1.28353,0.240442
1.28354,0.240452
1.28355,0.240462
1.28356,0.240473
1.28357,0.240483
1.28358,0.240493
1.28359,0.240503
1.2836,0.240513
1.2836,0.240524
1.28361,0.240534
1.28362,0.240544
1.28363,0.240554
1.28364,0.240565
1.28365,0.240575
1.28366,0.240585
1.28367,0.240595
1.28368,0.240605
1.28368,0.240616
1.28369,0.240626
1.2837,0.240636
1.28371,0.240646
1.28372,0.240656
1.28373,0.240667
1.28374,0.240677
1.28375,0.240687
1.28376,0.240697
1.28377,0.240707
1.28377,0.240718
1.28378,0.240728
1.28379,0.240738
1.2838,0.240748
1.28381,0.240758
1.28382,0.240769
1.28383,0.240779
1.28384,0.240789
1.28385,0.240799
1.28386,0.240809
1.28386,0.24082
1.28387,0.24083
1.28388,0.24084
1.28389,0.24085
1.2839,0.24086
1.28391,0.240871
1.28392,0.240881
1.28393,0.240891
1.28394,0.240901
1.28395,0.240911
1.28395,0.240922
1.28396,0.240932
1.28397,0.240942
1.28398,0.240952
1.28399,0.240962
1.284,0.240973
1.28401,0.240983
1.28402,0.240993
1.28403,0.241003
1.28404,0.241013
1.28404,0.241024
1.28405,0.241034
1.28406,0.241044
1.28407,0.241054
1.28408,0.241065
1.28409,0.241075
1.2841,0.241085
1.28411,0.241095
1.28412,0.241105
1.28412,0.241116
1.28413,0.241126
1.28414,0.241136
1.28415,0.241146
1.28416,0.241156
1.28417,0.241167
1.28418,0.241177
1.28419,0.241187
1.2842,0.241197
1.28421,0.241207
1.28421,0.241218
1.28422,0.241228
1.28423,0.241238
1.28424,0.241248
1.28425,0.241258
1.28426,0.241269
1.28427,0.241279
1.28428,0.241289
1.28429,0.241299
1.2843,0.241309
1.2843,0.24132
1.28431,0.24133
1.28432,0.24134
1.28433,0.24135
1.28434,0.24136
1.28435,0.241371
1.28436,0.241381
1.28437,0.241391
1.28438,0.241401
1.28438,0.241411
1.28439,0.241422
1.2844,0.241432
1.28441,0.241442
1.28442,0.241452
1.28443,0.241462
1.28444,0.241473
1.28445,0.241483
1.28446,0.241493
1.28447,0.241503
1.28447,0.241513
1.28448,0.241524
1.28449,0.241534
1.2845,0.241544
1.28451,0.241554
1.28452,0.241565
1.28453,0.241575
1.28454,0.241585
1.28455,0.241595
1.28456,0.241605
1.28456,0.241616
1.28457,0.241626
1.28458,0.241636
1.28459,0.241646
1.2846,0.241656
1.28461,0.241667
1.28462,0.241677
1.28463,0.241687
1.28464,0.241697
1.28465,0.241707
1.28465,0.241718
1.28466,0.241728
1.28467,0.241738
1.28468,0.241748
1.28469,0.241758
1.2847,0.241769
1.28471,0.241779
1.28472,0.241789
1.28473,0.241799
1.28473,0.241809
1.28474,0.24182
1.28475,0.24183
1.28476,0.24184
1.28477,0.24185
1.28478,0.24186
1.28479,0.241871
1.2848,0.241881
1.28481,0.241891
1.28482,0.241901
1.28482,0.241911
1.28483,0.241922
1.28484,0.241932
1.28485,0.241942
1.28486,0.241952
1.28487,0.241962
1.28488,0.241973
1.28489,0.241983
1.2849,0.241993
1.2849,0.242003
1.28491,0.242014
1.28492,0.242024
1.28493,0.242034
1.28494,0.242044
1.28495,0.242054
1.28496,0.242065
1.28497,0.242075
1.28498,0.242085
1.28499,0.242095
1.28499,0.242105
1.285,0.242116
1.28501,0.242126
1.28502,0.242136
1.28503,0.242146
1.28504,0.242156
1.28505,0.242167
1.28506,0.242177
1.28507,0.242187
1.28508,0.242197
1.28508,0.242207
1.28509,0.242218
1.2851,0.242228
1.28511,0.242238
1.28512,0.242248
1.28513,0.242258
1.28514,0.242269
1.28515,0.242279
1.28516,0.242289
1.28516,0.242299
1.28517,0.242309
1.28518,0.24232
1.28519,0.24233
1.2852,0.24234
1.28521,0.24235
1.28522,0.24236
1.28523,0.242371
1.28524,0.242381
1.28525,0.242391
1.28525,0.242401
1.28526,0.242411
1.28527,0.242422
1.28528,0.242432
1.28529,0.242442
1.2853,0.242452
1.28531,0.242462
1.28532,0.242473
1.28533,0.242483
1.28533,0.242493
1.28534,0.242503
1.28535,0.242514
1.28536,0.242524
1.28537,0.242534
1.28538,0.242544
1.28539,0.242554
1.2854,0.242565
1.28541,0.242575
1.28542,0.242585
1.28542,0.242595
1.28543,0.242605
1.28544,0.242616
1.28545,0.242626
1.28546,0.242636
1.28547,0.242646
1.28548,0.242656
1.28549,0.242667
1.2855,0.242677
1.2855,0.242687
1.28551,0.242697
1.28552,0.242707
1.28553,0.242718
1.28554,0.242728
1.28555,0.242738
1.28556,0.242748
1.28557,0.242758
1.28558,0.242769
1.28559,0.242779
1.28559,0.242789
1.2856,0.242799
1.28561,0.242809
1.28562,0.24282
1.28563,0.24283
1.28564,0.24284
1.28565,0.24285
1.28566,0.24286
1.28567,0.242871
1.28567,0.242881
1.28568,0.242891
1.28569,0.242901
1.2857,0.242911
1.28571,0.242922
1.28572,0.242932
1.28573,0.242942
1.28574,0.242952
1.28575,0.242962
1.28576,0.242973
1.28576,0.242983
1.28577,0.242993
1.28578,0.243003
1.28579,0.243014
1.2858,0.243024
1.28581,0.243034
1.28582,0.243044
1.28583,0.243054
1.28584,0.243065
1.28584,0.243075
1.28585,0.243085
1.28586,0.243095
1.28587,0.243105
1.28588,0.243116
1.28589,0.243126
1.2859,0.243136
1.28591,0.243146
1.28592,0.243156
1.28593,0.243167
1.28593,0.243177
1.28594,0.243187
1.28595,0.243197
1.28596,0.243207
1.28597,0.243218
1.28598,0.243228
1.28599,0.243238
1.286,0.243248
1.28601,0.243258
1.28601,0.243269
1.28602,0.243279
1.28603,0.243289
1.28604,0.243299
1.28605,0.243309
1.28606,0.24332
1.28607,0.24333
1.28608,0.24334
1.28609,0.24335
1.2861,0.24336
1.2861,0.243371
1.28611,0.243381
1.28612,0.243391
1.28613,0.243401
1.28614,0.243411
1.28615,0.243422
1.28616,0.243432
1.28617,0.243442
1.28618,0.243452
1.28618,0.243462
1.28619,0.243473
1.2862,0.243483
1.28621,0.243493
1.28622,0.243503
1.28623,0.243514
1.28624,0.243524
1.28625,0.243534
1.28626,0.243544
1.28626,0.243554
1.28627,0.243565
1.28628,0.243575
1.28629,0.243585
1.2863,0.243595
1.28631,0.243605
1.28632,0.243616
1.28633,0.243626
1.28634,0.243636
1.28635,0.243646
1.28635,0.243656
1.28636,0.243667
1.28637,0.243677
1.28638,0.243687
1.28639,0.243697
1.2864,0.243707
1.28641,0.243718
1.28642,0.243728
1.28643,0.243738
1.28643,0.243748
1.28644,0.243758
1.28645,0.243769
1.28646,0.243779
1.28647,0.243789
1.28648,0.243799
1.28649,0.243809
1.2865,0.24382
1.28651,0.24383
1.28651,0.24384
1.28652,0.24385
1.28653,0.24386
1.28654,0.243871
1.28655,0.243881
1.28656,0.243891
1.28657,0.243901
1.28658,0.243911
1.28659,0.243922
1.2866,0.243932
1.2866,0.243942
1.28661,0.243952
1.28662,0.243962
1.28663,0.243973
1.28664,0.243983
1.28665,0.243993
1.28666,0.244003
1.28667,0.244014
1.28668,0.244024
1.28668,0.244034
1.28669,0.244044
1.2867,0.244054
1.28671,0.244065
1.28672,0.244075
1.28673,0.244085
1.28674,0.244095
1.28675,0.244105
1.28676,0.244116
1.28676,0.244126
1.28677,0.244136
1.28678,0.244146
1.28679,0.244156
1.2868,0.244167
1.28681,0.244177
1.28682,0.244187
1.28683,0.244197
1.28684,0.244207
1.28685,0.244218
1.28685,0.244228
1.28686,0.244238
1.28687,0.244248
1.28688,0.244258
1.28689,0.244269
1.2869,0.244279
1.28691,0.244289
1.28692,0.244299
1.28693,0.244309
1.28693,0.24432
1.28694,0.24433
1.28695,0.24434
1.28696,0.24435
1.28697,0.24436
1.28698,0.244371
1.28699,0.244381
1.287,0.244391
1.28701,0.244401
1.28701,0.244411
1.28702,0.244422
1.28703,0.244432
1.28704,0.244442
1.28705,0.244452
1.28706,0.244463
1.28707,0.244473
1.28708,0.244483
1.28709,0.244493
1.28709,0.244503
1.2871,0.244514
1.28711,0.244524
1.28712,0.244534
1.28713,0.244544
1.28714,0.244554
1.28715,0.244565
1.28716,0.244575
1.28717,0.244585
1.28718,0.244595
1.28718,0.244605
1.28719,0.244616
1.2872,0.244626
1.28721,0.244636
1.28722,0.244646
1.28723,0.244656
1.28724,0.244667
1.28725,0.244677
1.28726,0.244687
1.28726,0.244697
1.28727,0.244707
1.28728,0.244718
1.28729,0.244728
1.2873,0.244738
1.28731,0.244748
1.28732,0.244758
1.28733,0.244769
1.28734,0.244779
1.28734,0.244789
1.28735,0.244799
1.28736,0.244809
1.28737,0.24482
1.28738,0.24483
1.28739,0.24484
1.2874,0.24485
1.28741,0.24486
1.28742,0.244871
1.28742,0.244881
1.28743,0.244891
1.28744,0.244901
1.28745,0.244911
1.28746,0.244922
1.28747,0.244932
1.28748,0.244942
1.28749,0.244952
1.2875,0.244963
1.28751,0.244973
1.28751,0.244983
1.28752,0.244993
1.28753,0.245003
1.28754,0.245014
1.28755,0.245024
1.28756,0.245034
1.28757,0.245044
1.28758,0.245054
1.28759,0.245065
1.28759,0.245075
1.2876,0.245085
1.28761,0.245095
1.28762,0.245105
1.28763,0.245116
1.28764,0.245126
1.28765,0.245136
1.28766,0.245146
1.28767,0.245156
1.28767,0.245167
1.28768,0.245177
1.28769,0.245187
1.2877,0.245197
1.28771,0.245207
1.28772,0.245218
1.28773,0.245228
1.28774,0.245238
1.28775,0.245248
1.28775,0.245258
1.28776,0.245269
1.28777,0.245279
1.28778,0.245289
1.28779,0.245299
1.2878,0.245309
1.28781,0.24532
1.28782,0.24533
1.28783,0.24534
1.28783,0.24535
1.28784,0.24536
1.28785,0.245371
1.28786,0.245381
1.28787,0.245391
1.28788,0.245401
1.28789,0.245411
1.2879,0.245422
1.28791,0.245432
1.28791,0.245442
1.28792,0.245452
1.28793,0.245463
1.28794,0.245473
1.28795,0.245483
1.28796,0.245493
1.28797,0.245503
1.28798,0.245514
1.28799,0.245524
1.28799,0.245534
1.288,0.245544
1.28801,0.245554
1.28802,0.245565
1.28803,0.245575
1.28804,0.245585
1.28805,0.245595
1.28806,0.245605
1.28807,0.245616
1.28807,0.245626
1.28808,0.245636
1.28809,0.245646
1.2881,0.245656
1.28811,0.245667
1.28812,0.245677
1.28813,0.245687
1.28814,0.245697
1.28815,0.245707
1.28816,0.245718
1.28816,0.245728
1.28817,0.245738
1.28818,0.245748
1.28819,0.245758
1.2882,0.245769
1.28821,0.245779
1.28822,0.245789
1.28823,0.245799
1.28824,0.245809
1.28824,0.24582
1.28825,0.24583
1.28826,0.24584
1.28827,0.24585
1.28828,0.24586
1.28829,0.245871
1.2883,0.245881
1.28831,0.245891
1.28832,0.245901
1.28832,0.245911
1.28833,0.245922
1.28834,0.245932
1.28835,0.245942
1.28836,0.245952
1.28837,0.245963
1.28838,0.245973
1.28839,0.245983
1.2884,0.245993
1.2884,0.246003
1.28841,0.246014
1.28842,0.246024
1.28843,0.246034
1.28844,0.246044
1.28845,0.246054
1.28846,0.246065
1.28847,0.246075
1.28848,0.246085
1.28848,0.246095
1.28849,0.246105
1.2885,0.246116
1.28851,0.246126
1.28852,0.246136
1.28853,0.246146
1.28854,0.246156
1.28855,0.246167
1.28856,0.246177
1.28856,0.246187
1.28857,0.246197
1.28858,0.246207
1.28859,0.246218
1.2886,0.246228
1.28861,0.246238
1.28862,0.246248
1.28863,0.246258
1.28864,0.246269
1.28864,0.246279
1.28865,0.246289
1.28866,0.246299
1.28867,0.246309
1.28868,0.24632
1.28869,0.24633
1.2887,0.24634
1.28871,0.24635
1.28872,0.24636
1.28872,0.246371
1.28873,0.246381
1.28874,0.246391
1.28875,0.246401
1.28876,0.246412
1.28877,0.246422
1.28878,0.246432
1.28879,0.246442
1.2888,0.246452
1.2888,0.246463
1.28881,0.246473
1.28882,0.246483
1.28883,0.246493
1.28884,0.246503
1.28885,0.246514
1.28886,0.246524
1.28887,0.246534
1.28888,0.246544
1.28888,0.246554
1.28889,0.246565
1.2889,0.246575
1.28891,0.246585
1.28892,0.246595
1.28893,0.246605
1.28894,0.246616
1.28895,0.246626
1.28896,0.246636
1.28896,0.246646
1.28897,0.246656
1.28898,0.246667
1.28899,0.246677
1.289,0.246687
1.28901,0.246697
1.28902,0.246707
1.28903,0.246718
1.28904,0.246728
1.28904,0.246738
1.28905,0.246748
1.28906,0.246758
1.28907,0.246769
1.28908,0.246779
1.28909,0.246789
1.2891,0.246799
1.28911,0.246809
1.28912,0.24682
1.28912,0.24683
1.28913,0.24684
1.28914,0.24685
1.28915,0.24686
1.28916,0.246871
1.28917,0.246881
1.28918,0.246891
1.28919,0.246901
1.2892,0.246912
1.2892,0.246922
1.28921,0.246932
1.28922,0.246942
1.28923,0.246952
1.28924,0.246963
1.28925,0.246973
1.28926,0.246983
1.28927,0.246993
1.28928,0.247003
1.28928,0.247014
1.28929,0.247024
1.2893,0.247034
1.28931,0.247044
1.28932,0.247054
1.28933,0.247065
1.28934,0.247075
1.28935,0.247085
1.28935,0.247095
1.28936,0.247105
1.28937,0.247116
1.28938,0.247126
1.28939,0.247136
1.2894,0.247146
1.28941,0.247156
1.28942,0.247167
1.28943,0.247177
1.28943,0.247187
1.28944,0.247197
1.28945,0.247207
1.28946,0.247218
1.28947,0.247228
1.28948,0.247238
1.28949,0.247248
1.2895,0.247258
1.28951,0.247269
1.28951,0.247279
1.28952,0.247289
1.28953,0.247299
1.28954,0.247309
1.28955,0.24732
1.28956,0.24733
1.28957,0.24734
1.28958,0.24735
1.28959,0.24736
1.28959,0.247371
1.2896,0.247381
1.28961,0.247391
1.28962,0.247401
1.28963,0.247412
1.28964,0.247422
1.28965,0.247432
1.28966,0.247442
1.28967,0.247452
1.28967,0.247463
1.28968,0.247473
1.28969,0.247483
1.2897,0.247493
1.28971,0.247503
1.28972,0.247514
1.28973,0.247524
1.28974,0.247534
1.28975,0.247544
1.28975,0.247554
1.28976,0.247565
1.28977,0.247575
1.28978,0.247585
1.28979,0.247595
1.2898,0.247605
1.28981,0.247616
1.28982,0.247626
1.28983,0.247636
1.28983,0.247646
1.28984,0.247656
1.28985,0.247667
1.28986,0.247677
1.28987,0.247687
1.28988,0.247697
1.28989,0.247707
1.2899,0.247718
1.2899,0.247728
1.28991,0.247738
1.28992,0.247748
1.28993,0.247758
1.28994,0.247769
1.28995,0.247779
1.28996,0.247789
1.28997,0.247799
1.28998,0.247809
1.28998,0.24782
1.28999,0.24783
1.29,0.24784
1.29001,0.24785
1.29002,0.24786
1.29003,0.247871
1.29004,0.247881
1.29005,0.247891
1.29006,0.247901
1.29006,0.247912
1.29007,0.247922
1.29008,0.247932
1.29009,0.247942
1.2901,0.247952
1.29011,0.247963
1.29012,0.247973
1.29013,0.247983
1.29014,0.247993
1.29014,0.248003
1.29015,0.248014
1.29016,0.248024
1.29017,0.248034
1.29018,0.248044
1.29019,0.248054
1.2902,0.248065
1.29021,0.248075
1.29022,0.248085
1.29022,0.248095
1.29023,0.248105
1.29024,0.248116
1.29025,0.248126
1.29026,0.248136
1.29027,0.248146
1.29028,0.248156
1.29029,0.248167
1.29029,0.248177
1.2903,0.248187
1.29031,0.248197
1.29032,0.248207
1.29033,0.248218
1.29034,0.248228
1.29035,0.248238
1.29036,0.248248
1.29037,0.248258
1.29037,0.248269
1.29038,0.248279
1.29039,0.248289
1.2904,0.248299
1.29041,0.248309
1.29042,0.24832
1.29043,0.24833
1.29044,0.24834
1.29045,0.24835
1.29045,0.24836
1.29046,0.248371
1.29047,0.248381
1.29048,0.248391
1.29049,0.248401
1.2905,0.248412
1.29051,0.248422
1.29052,0.248432
1.29053,0.248442
1.29053,0.248452
1.29054,0.248463
1.29055,0.248473
1.29056,0.248483
1.29057,0.248493
1.29058,0.248503
1.29059,0.248514
1.2906,0.248524
1.2906,0.248534
1.29061,0.248544
1.29062,0.248554
1.29063,0.248565
1.29064,0.248575
1.29065,0.248585
1.29066,0.248595
1.29067,0.248605
1.29068,0.248616
1.29068,0.248626
1.29069,0.248636
1.2907,0.248646
1.29071,0.248656
1.29072,0.248667
1.29073,0.248677
1.29074,0.248687
1.29075,0.248697
1.29076,0.248707
1.29076,0.248718
1.29077,0.248728
1.29078,0.248738
1.29079,0.248748
1.2908,0.248758
1.29081,0.248769
1.29082,0.248779
1.29083,0.248789
1.29084,0.248799
1.29084,0.248809
1.29085,0.24882
1.29086,0.24883
1.29087,0.24884
1.29088,0.24885
1.29089,0.248861
1.2909,0.248871
1.29091,0.248881
1.29091,0.248891
1.29092,0.248901
1.29093,0.248912
1.29094,0.248922
1.29095,0.248932
1.29096,0.248942
1.29097,0.248952
1.29098,0.248963
1.29099,0.248973
1.29099,0.248983
1.291,0.248993
1.29101,0.249003
1.29102,0.249014
1.29103,0.249024
1.29104,0.249034
1.29105,0.249044
1.29106,0.249054
1.29107,0.249065
1.29107,0.249075
1.29108,0.249085
1.29109,0.249095
1.2911,0.249105
1.29111,0.249116
1.29112,0.249126
1.29113,0.249136
1.29114,0.249146
1.29114,0.249156
1.29115,0.249167
1.29116,0.249177
1.29117,0.249187
1.29118,0.249197
1.29119,0.249207
1.2912,0.249218
1.29121,0.249228
1.29122,0.249238
1.29122,0.249248
1.29123,0.249258
1.29124,0.249269
1.29125,0.249279
1.29126,0.249289
1.29127,0.249299
1.29128,0.249309
1.29129,0.24932
1.2913,0.24933
1.2913,0.24934
1.29131,0.24935
1.29132,0.249361
1.29133,0.249371
1.29134,0.249381
1.29135,0.249391
1.29136,0.249401
1.29137,0.249412
1.29137,0.249422
1.29138,0.249432
1.29139,0.249442
1.2914,0.249452
1.29141,0.249463
1.29142,0.249473
1.29143,0.249483
1.29144,0.249493
1.29145,0.249503
1.29145,0.249514
1.29146,0.249524
1.29147,0.249534
1.29148,0.249544
1.29149,0.249554
1.2915,0.249565
1.29151,0.249575
1.29152,0.249585
1.29152,0.249595
1.29153,0.249605
1.29154,0.249616
1.29155,0.249626
1.29156,0.249636
1.29157,0.249646
1.29158,0.249656
1.29159,0.249667
1.2916,0.249677
1.2916,0.249687
1.29161,0.249697
1.29162,0.249707
1.29163,0.249718
1.29164,0.249728
1.29165,0.249738
1.29166,0.249748
1.29167,0.249758
1.29168,0.249769
1.29168,0.249779
1.29169,0.249789
1.2917,0.249799
1.29171,0.249809
1.29172,0.24982
1.29173,0.24983
1.29174,0.24984
1.29175,0.24985
1.29175,0.249861
1.29176,0.249871
1.29177,0.249881
1.29178,0.249891
1.29179,0.249901
1.2918,0.249912
1.29181,0.249922
1.29182,0.249932
1.29183,0.249942
1.29183,0.249952
1.29184,0.249963
1.29185,0.249973
1.29186,0.249983
1.29187,0.249993
1.29188,0.250003
1.29189,0.250014
1.2919,0.250024
1.2919,0.250034
1.29191,0.250044
1.29192,0.250054
1.29193,0.250065
1.29194,0.250075
1.29195,0.250085
1.29196,0.250095
1.29197,0.250105
1.29198,0.250116
1.29198,0.250126
1.29199,0.250136
1.292,0.250146
1.29201,0.250156
1.29202,0.250167
1.29203,0.250177
1.29204,0.250187
1.29205,0.250197
1.29205,0.250207
1.29206,0.250218
1.29207,0.250228
1.29208,0.250238
1.29209,0.250248
1.2921,0.250258
1.29211,0.250269
1.29212,0.250279
1.29213,0.250289
1.29213,0.250299
1.29214,0.250309
1.29215,0.25032
1.29216,0.25033
1.29217,0.25034
1.29218,0.25035
1.29219,0.250361
1.2922,0.250371
1.2922,0.250381
1.29221,0.250391
1.29222,0.250401
1.29223,0.250412
1.29224,0.250422
1.29225,0.250432
1.29226,0.250442
1.29227,0.250452
1.29228,0.250463
1.29228,0.250473
1.29229,0.250483
1.2923,0.250493
1.29231,0.250503
1.29232,0.250514
1.29233,0.250524
1.29234,0.250534
1.29235,0.250544
1.29235,0.250554
1.29236,0.250565
1.29237,0.250575
1.29238,0.250585
1.29239,0.250595
1.2924,0.250605
1.29241,0.250616
1.29242,0.250626
1.29243,0.250636
1.29243,0.250646
1.29244,0.250656
1.29245,0.250667
1.29246,0.250677
1.29247,0.250687
1.29248,0.250697
1.29249,0.250707
1.2925,0.250718
1.2925,0.250728
1.29251,0.250738
1.29252,0.250748
1.29253,0.250758
1.29254,0.250769
1.29255,0.250779
1.29256,0.250789
1.29257,0.250799
1.29258,0.250809
1.29258,0.25082
1.29259,0.25083
1.2926,0.25084
1.29261,0.25085
1.29262,0.250861
1.29263,0.250871
1.29264,0.250881
1.29265,0.250891
1.29265,0.250901
1.29266,0.250912
1.29267,0.250922
1.29268,0.250932
1.29269,0.250942
1.2927,0.250952
1.29271,0.250963
1.29272,0.250973
1.29273,0.250983
1.29273,0.250993
1.29274,0.251003
1.29275,0.251014
1.29276,0.251024
1.29277,0.251034
1.29278,0.251044
1.29279,0.251054
1.2928,0.251065
1.2928,0.251075
1.29281,0.251085
1.29282,0.251095
1.29283,0.251105
1.29284,0.251116
1.29285,0.251126
1.29286,0.251136
1.29287,0.251146
1.29288,0.251156
1.29288,0.251167
1.29289,0.251177
1.2929,0.251187
1.29291,0.251197
1.29292,0.251207
1.29293,0.251218
1.29294,0.251228
1.29295,0.251238
1.29295,0.251248
1.29296,0.251258
1.29297,0.251269
1.29298,0.251279
1.29299,0.251289
1.293,0.251299
1.29301,0.25131
1.29302,0.25132
1.29302,0.25133
1.29303,0.25134
1.29304,0.25135
1.29305,0.251361
1.29306,0.251371
1.29307,0.251381
1.29308,0.251391
1.29309,0.251401
1.2931,0.251412
1.2931,0.251422
1.29311,0.251432
1.29312,0.251442
1.29313,0.251452
1.29314,0.251463
1.29315,0.251473
1.29316,0.251483
1.29317,0.251493
1.29317,0.251503
1.29318,0.251514
1.29319,0.251524
1.2932,0.251534
1.29321,0.251544
1.29322,0.251554
1.29323,0.251565
1.29324,0.251575
1.29325,0.251585
1.29325,0.251595
1.29326,0.251605
1.29327,0.251616
1.29328,0.251626
1.29329,0.251636
1.2933,0.251646
1.29331,0.251656
1.29332,0.251667
1.29332,0.251677
1.29333,0.251687
1.29334,0.251697
1.29335,0.251707
1.29336,0.251718
1.29337,0.251728
1.29338,0.251738
1.29339,0.251748
1.29339,0.251758
1.2934,0.251769
1.29341,0.251779
1.29342,0.251789
1.29343,0.251799
1.29344,0.25181
1.29345,0.25182
1.29346,0.25183
1.29347,0.25184
1.29347,0.25185
1.29348,0.251861
1.29349,0.251871
1.2935,0.251881
1.29351,0.251891
1.29352,0.251901
1.29353,0.251912
1.29354,0.251922
1.29354,0.251932
1.29355,0.251942
1.29356,0.251952
1.29357,0.251963
1.29358,0.251973
1.29359,0.251983
1.2936,0.251993
1.29361,0.252003
1.29361,0.252014
1.29362,0.252024
1.29363,0.252034
1.29364,0.252044
1.29365,0.252054
1.29366,0.252065
1.29367,0.252075
1.29368,0.252085
1.29369,0.252095
1.29369,0.252105
1.2937,0.252116
1.29371,0.252126
1.29372,0.252136
1.29373,0.252146
1.29374,0.252156
1.29375,0.252167
1.29376,0.252177
1.29376,0.252187
1.29377,0.252197
1.29378,0.252207
1.29379,0.252218
1.2938,0.252228
1.29381,0.252238
1.29382,0.252248
1.29383,0.252258
1.29383,0.252269
1.29384,0.252279
1.29385,0.252289
1.29386,0.252299
1.29387,0.25231
1.29388,0.25232
1.29389,0.25233
1.2939,0.25234
1.29391,0.25235
1.29391,0.252361
1.29392,0.252371
1.29393,0.252381
1.29394,0.252391
1.29395,0.252401
1.29396,0.252412
1.29397,0.252422
1.29398,0.252432
1.29398,0.252442
1.29399,0.252452
1.294,0.252463
1.29401,0.252473
1.29402,0.252483
1.29403,0.252493
1.29404,0.252503
1.29405,0.252514
1.29405,0.252524
1.29406,0.252534
1.29407,0.252544
1.29408,0.252554
1.29409,0.252565
1.2941,0.252575
1.29411,0.252585
1.29412,0.252595
1.29412,0.252605
1.29413,0.252616
1.29414,0.252626
1.29415,0.252636
1.29416,0.252646
1.29417,0.252656
1.29418,0.252667
1.29419,0.252677
1.2942,0.252687
1.2942,0.252697
1.29421,0.252707
1.29422,0.252718
1.29423,0.252728
1.29424,0.252738
1.29425,0.252748
1.29426,0.252758
1.29427,0.252769
1.29427,0.252779
1.29428,0.252789
1.29429,0.252799
1.2943,0.25281
1.29431,0.25282
1.29432,0.25283
1.29433,0.25284
1.29434,0.25285
1.29434,0.252861
1.29435,0.252871
1.29436,0.252881
1.29437,0.252891
1.29438,0.252901
1.29439,0.252912
1.2944,0.252922
1.29441,0.252932
1.29441,0.252942
1.29442,0.252952
1.29443,0.252963
1.29444,0.252973
1.29445,0.252983
1.29446,0.252993
1.29447,0.253003
1.29448,0.253014
1.29449,0.253024
1.29449,0.253034
1.2945,0.253044
1.29451,0.253054
1.29452,0.253065
1.29453,0.253075
1.29454,0.253085
1.29455,0.253095
1.29456,0.253105
1.29456,0.253116
1.29457,0.253126
1.29458,0.253136
1.29459,0.253146
1.2946,0.253156
1.29461,0.253167
1.29462,0.253177
1.29463,0.253187
1.29463,0.253197
1.29464,0.253207
1.29465,0.253218
1.29466,0.253228
1.29467,0.253238
1.29468,0.253248
1.29469,0.253259
1.2947,0.253269
1.2947,0.253279
1.29471,0.253289
1.29472,0.253299
1.29473,0.25331
1.29474,0.25332
1.29475,0.25333
1.29476,0.25334
1.29477,0.25335
1.29477,0.253361
1.29478,0.253371
1.29479,0.253381
1.2948,0.253391
1.29481,0.253401
1.29482,0.253412
1.29483,0.253422
1.29484,0.253432
1.29485,0.253442
1.29485,0.253452
1.29486,0.253463
1.29487,0.253473
1.29488,0.253483
1.29489,0.253493
1.2949,0.253503
1.29491,0.253514
1.29492,0.253524
1.29492,0.253534
1.29493,0.253544
1.29494,0.253554
1.29495,0.253565
1.29496,0.253575
1.29497,0.253585
1.29498,0.253595
1.29499,0.253605
1.29499,0.253616
1.295,0.253626
1.29501,0.253636
1.29502,0.253646
1.29503,0.253656
1.29504,0.253667
1.29505,0.253677
1.29506,0.253687
1.29506,0.253697
1.29507,0.253707
1.29508,0.253718
1.29509,0.253728
1.2951,0.253738
1.29511,0.253748
1.29512,0.253759
1.29513,0.253769
1.29513,0.253779
1.29514,0.253789
1.29515,0.253799
1.29516,0.25381
1.29517,0.25382
1.29518,0.25383
1.29519,0.25384
1.2952,0.25385
1.2952,0.253861
1.29521,0.253871
1.29522,0.253881
1.29523,0.253891
1.29524,0.253901
1.29525,0.253912
1.29526,0.253922
1.29527,0.253932
1.29528,0.253942
1.29528,0.253952
1.29529,0.253963
1.2953,0.253973
1.29531,0.253983
1.29532,0.253993
1.29533,0.254003
1.29534,0.254014
1.29535,0.254024
1.29535,0.254034
1.29536,0.254044
1.29537,0.254054
1.29538,0.254065
1.29539,0.254075
1.2954,0.254085
1.29541,0.254095
1.29542,0.254105
1.29542,0.254116
1.29543,0.254126
1.29544,0.254136
1.29545,0.254146
1.29546,0.254156
1.29547,0.254167
1.29548,0.254177
1.29549,0.254187
1.29549,0.254197
1.2955,0.254207
1.29551,0.254218
1.29552,0.254228
1.29553,0.254238
1.29554,0.254248
1.29555,0.254259
1.29556,0.254269
1.29556,0.254279
1.29557,0.254289
1.29558,0.254299
1.29559,0.25431
1.2956,0.25432
1.29561,0.25433
1.29562,0.25434
1.29563,0.25435
1.29563,0.254361
1.29564,0.254371
1.29565,0.254381
1.29566,0.254391
1.29567,0.254401
1.29568,0.254412
1.29569,0.254422
1.2957,0.254432
1.2957,0.254442
1.29571,0.254452
1.29572,0.254463
1.29573,0.254473
1.29574,0.254483
1.29575,0.254493
1.29576,0.254503
1.29577,0.254514
1.29577,0.254524
1.29578,0.254534
1.29579,0.254544
1.2958,0.254554
1.29581,0.254565
1.29582,0.254575
1.29583,0.254585
1.29584,0.254595
1.29584,0.254605
1.29585,0.254616
1.29586,0.254626
1.29587,0.254636
1.29588,0.254646
1.29589,0.254656
1.2959,0.254667
1.29591,0.254677
1.29591,0.254687
1.29592,0.254697
1.29593,0.254707
1.29594,0.254718
1.29595,0.254728
1.29596,0.254738
1.29597,0.254748
1.29598,0.254759
1.29598,0.254769
1.29599,0.254779
1.296,0.254789
1.29601,0.254799
1.29602,0.25481
1.29603,0.25482
1.29604,0.25483
1.29605,0.25484
1.29605,0.25485
1.29606,0.254861
1.29607,0.254871
1.29608,0.254881
1.29609,0.254891
1.2961,0.254901
1.29611,0.254912
1.29612,0.254922
1.29613,0.254932
1.29613,0.254942
1.29614,0.254952
1.29615,0.254963
1.29616,0.254973
1.29617,0.254983
1.29618,0.254993
1.29619,0.255003
1.2962,0.255014
1.2962,0.255024
1.29621,0.255034
1.29622,0.255044
1.29623,0.255054
1.29624,0.255065
1.29625,0.255075
1.29626,0.255085
1.29627,0.255095
1.29627,0.255105
1.29628,0.255116
1.29629,0.255126
1.2963,0.255136
1.29631,0.255146
1.29632,0.255156
1.29633,0.255167
1.29634,0.255177
1.29634,0.255187
1.29635,0.255197
1.29636,0.255207
1.29637,0.255218
1.29638,0.255228
1.29639,0.255238
1.2964,0.255248
1.29641,0.255259
1.29641,0.255269
1.29642,0.255279
1.29643,0.255289
1.29644,0.255299
1.29645,0.25531
1.29646,0.25532
1.29647,0.25533
1.29648,0.25534
1.29648,0.25535
1.29649,0.255361
1.2965,0.255371
1.29651,0.255381
1.29652,0.255391
1.29653,0.255401
1.29654,0.255412
1.29655,0.255422
1.29655,0.255432
1.29656,0.255442
1.29657,0.255452
1.29658,0.255463
1.29659,0.255473
1.2966,0.255483
1.29661,0.255493
1.29662,0.255503
1.29662,0.255514
1.29663,0.255524
1.29664,0.255534
1.29665,0.255544
1.29666,0.255554
1.29667,0.255565
1.29668,0.255575
1.29669,0.255585
1.29669,0.255595
1.2967,0.255605
1.29671,0.255616
1.29672,0.255626
1.29673,0.255636
1.29674,0.255646
1.29675,0.255656
1.29675,0.255667
1.29676,0.255677
1.29677,0.255687
1.29678,0.255697
1.29679,0.255707
1.2968,0.255718
1.29681,0.255728
1.29682,0.255738
1.29682,0.255748
1.29683,0.255759
1.29684,0.255769
1.29685,0.255779
1.29686,0.255789
1.29687,0.255799
1.29688,0.25581
1.29689,0.25582
1.29689,0.25583
1.2969,0.25584
1.29691,0.25585
1.29692,0.255861
1.29693,0.255871
1.29694,0.255881
1.29695,0.255891
1.29696,0.255901
1.29696,0.255912
1.29697,0.255922
1.29698,0.255932
1.29699,0.255942
1.297,0.255952
1.29701,0.255963
1.29702,0.255973
1.29703,0.255983
1.29703,0.255993
1.29704,0.256003
1.29705,0.256014
1.29706,0.256024
1.29707,0.256034
1.29708,0.256044
1.29709,0.256054
1.2971,0.256065
1.2971,0.256075
1.29711,0.256085
1.29712,0.256095
1.29713,0.256105
1.29714,0.256116
1.29715,0.256126
1.29716,0.256136
1.29717,0.256146
1.29717,0.256156
1.29718,0.256167
1.29719,0.256177
1.2972,0.256187
1.29721,0.256197
1.29722,0.256208
1.29723,0.256218
1.29724,0.256228
1.29724,0.256238
1.29725,0.256248
1.29726,0.256259
1.29727,0.256269
1.29728,0.256279
1.29729,0.256289
1.2973,0.256299
1.29731,0.25631
1.29731,0.25632
1.29732,0.25633
1.29733,0.25634
1.29734,0.25635
1.29735,0.256361
1.29736,0.256371
1.29737,0.256381
1.29738,0.256391
1.29738,0.256401
1.29739,0.256412
1.2974,0.256422
1.29741,0.256432
1.29742,0.256442
1.29743,0.256452
1.29744,0.256463
1.29745,0.256473
1.29745,0.256483
1.29746,0.256493
1.29747,0.256503
1.29748,0.256514
1.29749,0.256524
1.2975,0.256534
1.29751,0.256544
1.29752,0.256554
1.29752,0.256565
1.29753,0.256575
1.29754,0.256585
1.29755,0.256595
1.29756,0.256605
1.29757,0.256616
1.29758,0.256626
1.29758,0.256636
1.29759,0.256646
1.2976,0.256656
1.29761,0.256667
1.29762,0.256677
1.29763,0.256687
1.29764,0.256697
1.29765,0.256708
1.29765,0.256718
1.29766,0.256728
1.29767,0.256738
1.29768,0.256748
1.29769,0.256759
1.2977,0.256769
1.29771,0.256779
1.29772,0.256789
1.29772,0.256799
1.29773,0.25681
1.29774,0.25682
1.29775,0.25683
1.29776,0.25684
1.29777,0.25685
1.29778,0.256861
1.29779,0.256871
1.29779,0.256881
1.2978,0.256891
1.29781,0.256901
1.29782,0.256912
1.29783,0.256922
1.29784,0.256932
1.29785,0.256942
1.29786,0.256952
1.29786,0.256963
1.29787,0.256973
1.29788,0.256983
1.29789,0.256993
1.2979,0.257003
1.29791,0.257014
1.29792,0.257024
1.29793,0.257034
1.29793,0.257044
1.29794,0.257054
1.29795,0.257065
1.29796,0.257075
1.29797,0.257085
1.29798,0.257095
1.29799,0.257105
1.298,0.257116
1.298,0.257126
1.29801,0.257136
1.29802,0.257146
1.29803,0.257156
1.29804,0.257167
1.29805,0.257177
1.29806,0.257187
1.29806,0.257197
1.29807,0.257208
1.29808,0.257218
1.29809,0.257228
1.2981,0.257238
1.29811,0.257248
1.29812,0.257259
1.29813,0.257269
1.29813,0.257279
1.29814,0.257289
1.29815,0.257299
1.29816,0.25731
1.29817,0.25732
1.29818,0.25733
1.29819,0.25734
1.2982,0.25735
1.2982,0.257361
1.29821,0.257371
1.29822,0.257381
1.29823,0.257391
1.29824,0.257401
1.29825,0.257412
1.29826,0.257422
1.29827,0.257432
1.29827,0.257442
1.29828,0.257452
1.29829,0.257463
1.2983,0.257473
1.29831,0.257483
1.29832,0.257493
1.29833,0.257503
1.29834,0.257514
1.29834,0.257524
1.29835,0.257534
1.29836,0.257544
1.29837,0.257554
1.29838,0.257565
1.29839,0.257575
1.2984,0.257585
1.2984,0.257595
1.29841,0.257605
1.29842,0.257616
1.29843,0.257626
1.29844,0.257636
1.29845,0.257646
1.29846,0.257656
1.29847,0.257667
1.29847,0.257677
1.29848,0.257687
1.29849,0.257697
1.2985,0.257708
1.29851,0.257718
1.29852,0.257728
1.29853,0.257738
1.29854,0.257748
1.29854,0.257759
1.29855,0.257769
1.29856,0.257779
1.29857,0.257789
1.29858,0.257799
1.29859,0.25781
1.2986,0.25782
1.29861,0.25783
1.29861,0.25784
1.29862,0.25785
1.29863,0.257861
1.29864,0.257871
1.29865,0.257881
1.29866,0.257891
1.29867,0.257901
1.29867,0.257912
1.29868,0.257922
1.29869,0.257932
1.2987,0.257942
1.29871,0.257952
1.29872,0.257963
1.29873,0.257973
1.29874,0.257983
1.29874,0.257993
1.29875,0.258003
1.29876,0.258014
1.29877,0.258024
1.29878,0.258034
1.29879,0.258044
1.2988,0.258054
1.29881,0.258065
1.29881,0.258075
1.29882,0.258085
1.29883,0.258095
1.29884,0.258105
1.29885,0.258116
1.29886,0.258126
1.29887,0.258136
1.29888,0.258146
1.29888,0.258156
1.29889,0.258167
1.2989,0.258177
1.29891,0.258187
1.29892,0.258197
1.29893,0.258208
1.29894,0.258218
1.29894,0.258228
1.29895,0.258238
1.29896,0.258248
1.29897,0.258259
1.29898,0.258269
1.29899,0.258279
1.299,0.258289
1.29901,0.258299
1.29901,0.25831
1.29902,0.25832
1.29903,0.25833
1.29904,0.25834
1.29905,0.25835
1.29906,0.258361
1.29907,0.258371
1.29908,0.258381
1.29908,0.258391
1.29909,0.258401
1.2991,0.258412
1.29911,0.258422
1.29912,0.258432
1.29913,0.258442
1.29914,0.258452
1.29915,0.258463
1.29915,0.258473
1.29916,0.258483
1.29917,0.258493
1.29918,0.258503
1.29919,0.258514
1.2992,0.258524
1.29921,0.258534
1.29921,0.258544
1.29922,0.258554
1.29923,0.258565
1.29924,0.258575
1.29925,0.258585
1.29926,0.258595
1.29927,0.258605
1.29928,0.258616
1.29928,0.258626
1.29929,0.258636
1.2993,0.258646
1.29931,0.258657
1.29932,0.258667
1.29933,0.258677
1.29934,0.258687
1.29935,0.258697
1.29935,0.258708
1.29936,0.258718
1.29937,0.258728
1.29938,0.258738
1.29939,0.258748
1.2994,0.258759
1.29941,0.258769
1.29941,0.258779
1.29942,0.258789
1.29943,0.258799
1.29944,0.25881
1.29945,0.25882
1.29946,0.25883
1.29947,0.25884
1.29948,0.25885
1.29948,0.258861
1.29949,0.258871
1.2995,0.258881
1.29951,0.258891
1.29952,0.258901
1.29953,0.258912
1.29954,0.258922
1.29955,0.258932
1.29955,0.258942
1.29956,0.258952
1.29957,0.258963
1.29958,0.258973
1.29959,0.258983
1.2996,0.258993
1.29961,0.259003
1.29961,0.259014
1.29962,0.259024
1.29963,0.259034
1.29964,0.259044
1.29965,0.259054
1.29966,0.259065
1.29967,0.259075
1.29968,0.259085
1.29968,0.259095
1.29969,0.259105
1.2997,0.259116
1.29971,0.259126
1.29972,0.259136
1.29973,0.259146
1.29974,0.259157
1.29975,0.259167
1.29975,0.259177
1.29976,0.259187
1.29977,0.259197
1.29978,0.259208
1.29979,0.259218
1.2998,0.259228
1.29981,0.259238
1.29981,0.259248
1.29982,0.259259
1.29983,0.259269
1.29984,0.259279
1.29985,0.259289
1.29986,0.259299
1.29987,0.25931
1.29988,0.25932
1.29988,0.25933
1.29989,0.25934
1.2999,0.25935
1.29991,0.259361
1.29992,0.259371
1.29993,0.259381
1.29994,0.259391
1.29994,0.259401
1.29995,0.259412
1.29996,0.259422
1.29997,0.259432
1.29998,0.259442
1.29999,0.259452
1.3,0.259463
1.30001,0.259473
1.30001,0.259483
1.30002,0.259493
1.30003,0.259503
1.30004,0.259514
1.30005,0.259524
1.30006,0.259534
1.30007,0.259544
1.30008,0.259554
1.30008,0.259565
1.30009,0.259575
1.3001,0.259585
1.30011,0.259595
1.30012,0.259605
1.30013,0.259616
1.30014,0.259626
1.30014,0.259636
1.30015,0.259646
1.30016,0.259657
1.30017,0.259667
1.30018,0.259677
1.30019,0.259687
1.3002,0.259697
1.30021,0.259708
1.30021,0.259718
1.30022,0.259728
1.30023,0.259738
1.30024,0.259748
1.30025,0.259759
1.30026,0.259769
1.30027,0.259779
1.30027,0.259789
1.30028,0.259799
1.30029,0.25981
1.3003,0.25982
1.30031,0.25983
1.30032,0.25984
1.30033,0.25985
1.30034,0.259861
1.30034,0.259871
1.30035,0.259881
1.30036,0.259891
1.30037,0.259901
1.30038,0.259912
1.30039,0.259922
1.3004,0.259932
1.30041,0.259942
1.30041,0.259952
1.30042,0.259963
1.30043,0.259973
1.30044,0.259983
1.30045,0.259993
1.30046,0.260003
1.30047,0.260014
1.30047,0.260024
1.30048,0.260034
1.30049,0.260044
1.3005,0.260054
1.30051,0.260065
1.30052,0.260075
1.30053,0.260085
1.30054,0.260095
1.30054,0.260105
1.30055,0.260116
1.30056,0.260126
1.30057,0.260136
1.30058,0.260146
1.30059,0.260157
1.3006,0.260167
1.3006,0.260177
1.30061,0.260187
1.30062,0.260197
1.30063,0.260208
1.30064,0.260218
1.30065,0.260228
1.30066,0.260238
1.30067,0.260248
1.30067,0.260259
1.30068,0.260269
1.30069,0.260279
1.3007,0.260289
1.30071,0.260299
1.30072,0.26031
1.30073,0.26032
1.30073,0.26033
1.30074,0.26034
1.30075,0.26035
1.30076,0.260361
1.30077,0.260371
1.30078,0.260381
1.30079,0.260391
1.3008,0.260401
1.3008,0.260412
1.30081,0.260422
1.30082,0.260432
1.30083,0.260442
1.30084,0.260452
1.30085,0.260463
1.30086,0.260473
1.30087,0.260483
1.30087,0.260493
1.30088,0.260503
1.30089,0.260514
1.3009,0.260524
1.30091,0.260534
1.30092,0.260544
1.30093,0.260554
1.30093,0.260565
1.30094,0.260575
1.30095,0.260585
1.30096,0.260595
1.30097,0.260605
1.30098,0.260616
1.30099,0.260626
1.301,0.260636
1.301,0.260646
1.30101,0.260657
1.30102,0.260667
1.30103,0.260677
1.30104,0.260687
1.30105,0.260697
1.30106,0.260708
1.30106,0.260718
1.30107,0.260728
1.30108,0.260738
1.30109,0.260748
1.3011,0.260759
1.30111,0.260769
1.30112,0.260779
1.30113,0.260789
1.30113,0.260799
1.30114,0.26081
1.30115,0.26082
1.30116,0.26083
1.30117,0.26084
1.30118,0.26085
1.30119,0.260861
1.30119,0.260871
1.3012,0.260881
1.30121,0.260891
1.30122,0.260901
1.30123,0.260912
1.30124,0.260922
1.30125,0.260932
1.30126,0.260942
1.30126,0.260952
1.30127,0.260963
1.30128,0.260973
1.30129,0.260983
1.3013,0.260993
1.30131,0.261003
1.30132,0.261014
1.30132,0.261024
1.30133,0.261034
1.30134,0.261044
1.30135,0.261054
1.30136,0.261065
1.30137,0.261075
1.30138,0.261085
1.30139,0.261095
1.30139,0.261106
1.3014,0.261116
1.30141,0.261126
1.30142,0.261136
1.30143,0.261146
1.30144,0.261157
1.30145,0.261167
1.30145,0.261177
1.30146,0.261187
1.30147,0.261197
1.30148,0.261208
1.30149,0.261218
1.3015,0.261228
1.30151,0.261238
1.30152,0.261248
1.30152,0.261259
1.30153,0.261269
1.30154,0.261279
1.30155,0.261289
1.30156,0.261299
1.30157,0.26131
1.30158,0.26132
1.30158,0.26133
1.30159,0.26134
1.3016,0.26135
1.30161,0.261361
1.30162,0.261371
1.30163,0.261381
1.30164,0.261391
1.30164,0.261401
1.30165,0.261412
1.30166,0.261422
1.30167,0.261432
1.30168,0.261442
1.30169,0.261452
1.3017,0.261463
1.30171,0.261473
1.30171,0.261483
1.30172,0.261493
1.30173,0.261503
1.30174,0.261514
1.30175,0.261524
1.30176,0.261534
1.30177,0.261544
1.30177,0.261554
1.30178,0.261565
1.30179,0.261575
1.3018,0.261585
1.30181,0.261595
1.30182,0.261606
1.30183,0.261616
1.30184,0.261626
1.30184,0.261636
1.30185,0.261646
1.30186,0.261657
1.30187,0.261667
1.30188,0.261677
1.30189,0.261687
1.3019,0.261697
1.3019,0.261708
1.30191,0.261718
1.30192,0.261728
1.30193,0.261738
1.30194,0.261748
1.30195,0.261759
1.30196,0.261769
1.30197,0.261779
1.30197,0.261789
1.30198,0.261799
1.30199,0.26181
1.302,0.26182
1.30201,0.26183
1.30202,0.26184
1.30203,0.26185
1.30203,0.261861
1.30204,0.261871
1.30205,0.261881
1.30206,0.261891
1.30207,0.261901
1.30208,0.261912
1.30209,0.261922
1.30209,0.261932
1.3021,0.261942
1.30211,0.261952
1.30212,0.261963
1.30213,0.261973
1.30214,0.261983
1.30215,0.261993
1.30216,0.262003
1.30216,0.262014
1.30217,0.262024
1.30218,0.262034
1.30219,0.262044
1.3022,0.262054
1.30221,0.262065
1.30222,0.262075
1.30222,0.262085
1.30223,0.262095
1.30224,0.262106
1.30225,0.262116
1.30226,0.262126
1.30227,0.262136
1.30228,0.262146
1.30229,0.262157
1.30229,0.262167
1.3023,0.262177
1.30231,0.262187
1.30232,0.262197
1.30233,0.262208
1.30234,0.262218
1.30235,0.262228
1.30235,0.262238
1.30236,0.262248
1.30237,0.262259
1.30238,0.262269
1.30239,0.262279
1.3024,0.262289
1.30241,0.262299
1.30241,0.26231
1.30242,0.26232
1.30243,0.26233
1.30244,0.26234
1.30245,0.26235
1.30246,0.262361
1.30247,0.262371
1.30248,0.262381
1.30248,0.262391
1.30249,0.262401
1.3025,0.262412
1.30251,0.262422
1.30252,0.262432
1.30253,0.262442
1.30254,0.262452
1.30254,0.262463
1.30255,0.262473
1.30256,0.262483
1.30257,0.262493
1.30258,0.262503
1.30259,0.262514
1.3026,0.262524
1.30261,0.262534
1.30261,0.262544
1.30262,0.262554
1.30263,0.262565
1.30264,0.262575
1.30265,0.262585
1.30266,0.262595
1.30267,0.262606
1.30267,0.262616
1.30268,0.262626
1.30269,0.262636
1.3027,0.262646
1.30271,0.262657
1.30272,0.262667
1.30273,0.262677
1.30273,0.262687
1.30274,0.262697
1.30275,0.262708
1.30276,0.262718
1.30277,0.262728
1.30278,0.262738
1.30279,0.262748
1.3028,0.262759
1.3028,0.262769
1.30281,0.262779
1.30282,0.262789
1.30283,0.262799
1.30284,0.26281
1.30285,0.26282
1.30286,0.26283
1.30286,0.26284
1.30287,0.26285
1.30288,0.262861
1.30289,0.262871
1.3029,0.262881
1.30291,0.262891
1.30292,0.262901
1.30292,0.262912
1.30293,0.262922
1.30294,0.262932
1.30295,0.262942
1.30296,0.262952
1.30297,0.262963
1.30298,0.262973
1.30299,0.262983
1.30299,0.262993
1.303,0.263003
1.30301,0.263014
1.30302,0.263024
1.30303,0.263034
1.30304,0.263044
1.30305,0.263054
1.30305,0.263065
1.30306,0.263075
1.30307,0.263085
1.30308,0.263095
1.30309,0.263106
1.3031,0.263116
1.30311,0.263126
1.30311,0.263136
1.30312,0.263146
1.30313,0.263157
1.30314,0.263167
1.30315,0.263177
1.30316,0.263187
1.30317,0.263197
1.30318,0.263208
1.30318,0.263218
1.30319,0.263228
1.3032,0.263238
1.30321,0.263248
1.30322,0.263259
1.30323,0.263269
1.30324,0.263279
1.30324,0.263289
1.30325,0.263299
1.30326,0.26331
1.30327,0.26332
1.30328,0.26333
1.30329,0.26334
1.3033,0.26335
1.3033,0.263361
1.30331,0.263371
1.30332,0.263381
1.30333,0.263391
1.30334,0.263401
1.30335,0.263412
1.30336,0.263422
1.30337,0.263432
1.30337,0.263442
1.30338,0.263452
1.30339,0.263463
1.3034,0.263473
1.30341,0.263483
1.30342,0.263493
1.30343,0.263503
1.30343,0.263514
1.30344,0.263524
1.30345,0.263534
1.30346,0.263544
1.30347,0.263554
1.30348,0.263565
1.30349,0.263575
1.30349,0.263585
1.3035,0.263595
1.30351,0.263606
1.30352,0.263616
1.30353,0.263626
1.30354,0.263636
1.30355,0.263646
1.30355,0.263657
1.30356,0.263667
1.30357,0.263677
1.30358,0.263687
1.30359,0.263697
1.3036,0.263708
1.30361,0.263718
1.30362,0.263728
1.30362,0.263738
1.30363,0.263748
1.30364,0.263759
1.30365,0.263769
1.30366,0.263779
1.30367,0.263789
1.30368,0.263799
1.30368,0.26381
1.30369,0.26382
1.3037,0.26383
1.30371,0.26384
1.30372,0.26385
1.30373,0.263861
1.30374,0.263871
1.30374,0.263881
1.30375,0.263891
1.30376,0.263901
1.30377,0.263912
1.30378,0.263922
1.30379,0.263932
1.3038,0.263942
1.30381,0.263952
1.30381,0.263963
1.30382,0.263973
1.30383,0.263983
1.30384,0.263993
1.30385,0.264003
1.30386,0.264014
1.30387,0.264024
1.30387,0.264034
1.30388,0.264044
1.30389,0.264055
1.3039,0.264065
1.30391,0.264075
1.30392,0.264085
1.30393,0.264095
1.30393,0.264106
1.30394,0.264116
1.30395,0.264126
1.30396,0.264136
1.30397,0.264146
1.30398,0.264157
1.30399,0.264167
1.30399,0.264177
1.304,0.264187
1.30401,0.264197
1.30402,0.264208
1.30403,0.264218
1.30404,0.264228
1.30405,0.264238
1.30406,0.264248
1.30406,0.264259
1.30407,0.264269
1.30408,0.264279
1.30409,0.264289
1.3041,0.264299
1.30411,0.26431
1.30412,0.26432
1.30412,0.26433
1.30413,0.26434
1.30414,0.26435
1.30415,0.264361
1.30416,0.264371
1.30417,0.264381
1.30418,0.264391
1.30418,0.264401
1.30419,0.264412
1.3042,0.264422
1.30421,0.264432
1.30422,0.264442
1.30423,0.264452
1.30424,0.264463
1.30424,0.264473
1.30425,0.264483
1.30426,0.264493
1.30427,0.264503
1.30428,0.264514
1.30429,0.264524
1.3043,0.264534
1.3043,0.264544
1.30431,0.264555
1.30432,0.264565
1.30433,0.264575
1.30434,0.264585
1.30435,0.264595
1.30436,0.264606
1.30437,0.264616
1.30437,0.264626
1.30438,0.264636
1.30439,0.264646
1.3044,0.264657
1.30441,0.264667
1.30442,0.264677
1.30443,0.264687
1.30443,0.264697
1.30444,0.264708
1.30445,0.264718
1.30446,0.264728
1.30447,0.264738
1.30448,0.264748
1.30449,0.264759
1.30449,0.264769
1.3045,0.264779
1.30451,0.264789
1.30452,0.264799
1.30453,0.26481
1.30454,0.26482
1.30455,0.26483
1.30455,0.26484
1.30456,0.26485
1.30457,0.264861
1.30458,0.264871
1.30459,0.264881
1.3046,0.264891
1.30461,0.264901
1.30461,0.264912
1.30462,0.264922
1.30463,0.264932
1.30464,0.264942
1.30465,0.264952
1.30466,0.264963
1.30467,0.264973
1.30468,0.264983
1.30468,0.264993
1.30469,0.265003
1.3047,0.265014
1.30471,0.265024
1.30472,0.265034
1.30473,0.265044
1.30474,0.265055
1.30474,0.265065
1.30475,0.265075
1.30476,0.265085
1.30477,0.265095
1.30478,0.265106
1.30479,0.265116
1.3048,0.265126
1.3048,0.265136
1.30481,0.265146
1.30482,0.265157
1.30483,0.265167
1.30484,0.265177
1.30485,0.265187
1.30486,0.265197
1.30486,0.265208
1.30487,0.265218
1.30488,0.265228
1.30489,0.265238
1.3049,0.265248
1.30491,0.265259
1.30492,0.265269
1.30492,0.265279
1.30493,0.265289
1.30494,0.265299
1.30495,0.26531
1.30496,0.26532
1.30497,0.26533
1.30498,0.26534
1.30498,0.26535
1.30499,0.265361
1.305,0.265371
1.30501,0.265381
1.30502,0.265391
1.30503,0.265401
1.30504,0.265412
1.30505,0.265422
1.30505,0.265432
1.30506,0.265442
1.30507,0.265452
1.30508,0.265463
1.30509,0.265473
1.3051,0.265483
1.30511,0.265493
1.30511,0.265503
1.30512,0.265514
1.30513,0.265524
1.30514,0.265534
1.30515,0.265544
1.30516,0.265555
1.30517,0.265565
1.30517,0.265575
1.30518,0.265585
1.30519,0.265595
1.3052,0.265606
1.30521,0.265616
1.30522,0.265626
1.30523,0.265636
1.30523,0.265646
1.30524,0.265657
1.30525,0.265667
1.30526,0.265677
1.30527,0.265687
1.30528,0.265697
1.30529,0.265708
1.30529,0.265718
1.3053,0.265728
1.30531,0.265738
1.30532,0.265748
1.30533,0.265759
1.30534,0.265769
1.30535,0.265779
1.30535,0.265789
1.30536,0.265799
1.30537,0.26581
1.30538,0.26582
1.30539,0.26583
1.3054,0.26584
1.30541,0.26585
1.30541,0.265861
1.30542,0.265871
1.30543,0.265881
1.30544,0.265891
1.30545,0.265901
1.30546,0.265912
1.30547,0.265922
1.30547,0.265932
1.30548,0.265942
1.30549,0.265952
1.3055,0.265963
1.30551,0.265973
1.30552,0.265983
1.30553,0.265993
1.30554,0.266003
1.30554,0.266014
1.30555,0.266024
1.30556,0.266034
1.30557,0.266044
1.30558,0.266055
1.30559,0.266065
1.3056,0.266075
1.3056,0.266085
1.30561,0.266095
1.30562,0.266106
1.30563,0.266116
1.30564,0.266126
1.30565,0.266136
1.30566,0.266146
1.30566,0.266157
1.30567,0.266167
1.30568,0.266177
1.30569,0.266187
1.3057,0.266197
1.30571,0.266208
1.30572,0.266218
1.30572,0.266228
1.30573,0.266238
1.30574,0.266248
1.30575,0.266259
1.30576,0.266269
1.30577,0.266279
1.30578,0.266289
1.30578,0.266299
1.30579,0.26631
1.3058,0.26632
1.30581,0.26633
1.30582,0.26634
1.30583,0.26635
1.30584,0.266361
1.30584,0.266371
1.30585,0.266381
1.30586,0.266391
1.30587,0.266401
1.30588,0.266412
1.30589,0.266422
1.3059,0.266432
1.3059,0.266442
1.30591,0.266452
1.30592,0.266463
1.30593,0.266473
1.30594,0.266483
1.30595,0.266493
1.30596,0.266503
1.30596,0.266514
1.30597,0.266524
1.30598,0.266534
1.30599,0.266544
1.306,0.266555
1.30601,0.266565
1.30602,0.266575
1.30602,0.266585
1.30603,0.266595
1.30604,0.266606
1.30605,0.266616
1.30606,0.266626
1.30607,0.266636
1.30608,0.266646
1.30608,0.266657
1.30609,0.266667
1.3061,0.266677
1.30611,0.266687
1.30612,0.266697
1.30613,0.266708
1.30614,0.266718
1.30614,0.266728
1.30615,0.266738
1.30616,0.266748
1.30617,0.266759
1.30618,0.266769
1.30619,0.266779
1.3062,0.266789
1.3062,0.266799
1.30621,0.26681
1.30622,0.26682
1.30623,0.26683
1.30624,0.26684
1.30625,0.26685
1.30626,0.266861
1.30627,0.266871
1.30627,0.266881
1.30628,0.266891
1.30629,0.266901
1.3063,0.266912
1.30631,0.266922
1.30632,0.266932
1.30633,0.266942
1.30633,0.266952
1.30634,0.266963
1.30635,0.266973
1.30636,0.266983
1.30637,0.266993
1.30638,0.267004
1.30639,0.267014
1.30639,0.267024
1.3064,0.267034
1.30641,0.267044
1.30642,0.267055
1.30643,0.267065
1.30644,0.267075
1.30645,0.267085
1.30645,0.267095
1.30646,0.267106
1.30647,0.267116
1.30648,0.267126
1.30649,0.267136
1.3065,0.267146
1.30651,0.267157
1.30651,0.267167
1.30652,0.267177
1.30653,0.267187
1.30654,0.267197
1.30655,0.267208
1.30656,0.267218
1.30657,0.267228
1.30657,0.267238
1.30658,0.267248
1.30659,0.267259
1.3066,0.267269
1.30661,0.267279
1.30662,0.267289
1.30663,0.267299
1.30663,0.26731
1.30664,0.26732
1.30665,0.26733
1.30666,0.26734
1.30667,0.26735
1.30668,0.267361
1.30669,0.267371
1.30669,0.267381
1.3067,0.267391
1.30671,0.267401
1.30672,0.267412
1.30673,0.267422
1.30674,0.267432
1.30675,0.267442
1.30675,0.267452
1.30676,0.267463
1.30677,0.267473
1.30678,0.267483
1.30679,0.267493
1.3068,0.267504
1.30681,0.267514
1.30681,0.267524
1.30682,0.267534
1.30683,0.267544
1.30684,0.267555
1.30685,0.267565
1.30686,0.267575
1.30687,0.267585
1.30687,0.267595
1.30688,0.267606
1.30689,0.267616
1.3069,0.267626
1.30691,0.267636
1.30692,0.267646
1.30693,0.267657
1.30693,0.267667
1.30694,0.267677
1.30695,0.267687
1.30696,0.267697
1.30697,0.267708
1.30698,0.267718
1.30699,0.267728
1.30699,0.267738
1.307,0.267748
1.30701,0.267759
1.30702,0.267769
1.30703,0.267779
1.30704,0.267789
1.30705,0.267799
1.30705,0.26781
1.30706,0.26782
1.30707,0.26783
1.30708,0.26784
1.30709,0.26785
1.3071,0.267861
1.30711,0.267871
1.30711,0.267881
1.30712,0.267891
1.30713,0.267901
1.30714,0.267912
1.30715,0.267922
1.30716,0.267932
1.30717,0.267942
1.30717,0.267952
1.30718,0.267963
1.30719,0.267973
1.3072,0.267983
1.30721,0.267993
1.30722,0.268004
1.30723,0.268014
1.30723,0.268024
1.30724,0.268034
1.30725,0.268044
1.30726,0.268055
1.30727,0.268065
1.30728,0.268075
1.30729,0.268085
1.30729,0.268095
1.3073,0.268106
1.30731,0.268116
1.30732,0.268126
1.30733,0.268136
1.30734,0.268146
1.30735,0.268157
1.30735,0.268167
1.30736,0.268177
1.30737,0.268187
1.30738,0.268197
1.30739,0.268208
1.3074,0.268218
1.3074,0.268228
1.30741,0.268238
1.30742,0.268248
1.30743,0.268259
1.30744,0.268269
1.30745,0.268279
1.30746,0.268289
1.30746,0.268299
1.30747,0.26831
1.30748,0.26832
1.30749,0.26833
1.3075,0.26834
1.30751,0.26835
1.30752,0.268361
1.30752,0.268371
1.30753,0.268381
1.30754,0.268391
1.30755,0.268401
1.30756,0.268412
1.30757,0.268422
1.30758,0.268432
1.30758,0.268442
1.30759,0.268452
1.3076,0.268463
1.30761,0.268473
1.30762,0.268483
1.30763,0.268493
1.30764,0.268504
1.30764,0.268514
1.30765,0.268524
1.30766,0.268534
1.30767,0.268544
1.30768,0.268555
1.30769,0.268565
1.3077,0.268575
1.3077,0.268585
1.30771,0.268595
1.30772,0.268606
1.30773,0.268616
1.30774,0.268626
1.30775,0.268636
1.30776,0.268646
1.30776,0.268657
1.30777,0.268667
1.30778,0.268677
1.30779,0.268687
1.3078,0.268697
1.30781,0.268708
1.30782,0.268718
1.30782,0.268728
1.30783,0.268738
1.30784,0.268748
1.30785,0.268759
1.30786,0.268769
1.30787,0.268779
1.30788,0.268789
1.30788,0.268799
1.30789,0.26881
1.3079,0.26882
1.30791,0.26883
1.30792,0.26884
1.30793,0.26885
1.30794,0.268861
1.30794,0.268871
1.30795,0.268881
1.30796,0.268891
1.30797,0.268901
1.30798,0.268912
1.30799,0.268922
1.308,0.268932
1.308,0.268942
1.30801,0.268952
1.30802,0.268963
1.30803,0.268973
1.30804,0.268983
1.30805,0.268993
1.30806,0.269004
1.30806,0.269014
1.30807,0.269024
1.30808,0.269034
1.30809,0.269044
1.3081,0.269055
1.30811,0.269065
1.30812,0.269075
1.30812,0.269085
1.30813,0.269095
1.30814,0.269106
1.30815,0.269116
1.30816,0.269126
1.30817,0.269136
1.30817,0.269146
1.30818,0.269157
1.30819,0.269167
1.3082,0.269177
1.30821,0.269187
1.30822,0.269197
1.30823,0.269208
1.30823,0.269218
1.30824,0.269228
1.30825,0.269238
1.30826,0.269248
1.30827,0.269259
1.30828,0.269269
1.30829,0.269279
1.30829,0.269289
1.3083,0.269299
1.30831,0.26931
1.30832,0.26932
1.30833,0.26933
1.30834,0.26934
1.30835,0.26935
1.30835,0.269361
1.30836,0.269371
1.30837,0.269381
1.30838,0.269391
1.30839,0.269401
1.3084,0.269412
1.30841,0.269422
1.30841,0.269432
1.30842,0.269442
1.30843,0.269452
1.30844,0.269463
1.30845,0.269473
1.30846,0.269483
1.30847,0.269493
1.30847,0.269504
1.30848,0.269514
1.30849,0.269524
1.3085,0.269534
1.30851,0.269544
1.30852,0.269555
1.30853,0.269565
1.30853,0.269575
1.30854,0.269585
1.30855,0.269595
1.30856,0.269606
1.30857,0.269616
1.30858,0.269626
1.30859,0.269636
1.30859,0.269646
1.3086,0.269657
1.30861,0.269667
1.30862,0.269677
1.30863,0.269687
1.30864,0.269697
1.30864,0.269708
1.30865,0.269718
1.30866,0.269728
1.30867,0.269738
1.30868,0.269748
1.30869,0.269759
1.3087,0.269769
1.3087,0.269779
1.30871,0.269789
1.30872,0.269799
1.30873,0.26981
1.30874,0.26982
1.30875,0.26983
1.30876,0.26984
1.30876,0.26985
1.30877,0.269861
1.30878,0.269871
1.30879,0.269881
1.3088,0.269891
1.30881,0.269901
1.30882,0.269912
1.30882,0.269922
1.30883,0.269932
1.30884,0.269942
1.30885,0.269952
1.30886,0.269963
1.30887,0.269973
1.30888,0.269983
1.30888,0.269993
1.30889,0.270004
1.3089,0.270014
1.30891,0.270024
1.30892,0.270034
1.30893,0.270044
1.30894,0.270055
1.30894,0.270065
1.30895,0.270075
1.30896,0.270085
1.30897,0.270095
1.30898,0.270106
1.30899,0.270116
1.30899,0.270126
1.309,0.270136
1.30901,0.270146
1.30902,0.270157
1.30903,0.270167
1.30904,0.270177
1.30905,0.270187
1.30905,0.270197
1.30906,0.270208
1.30907,0.270218
1.30908,0.270228
1.30909,0.270238
1.3091,0.270248
1.30911,0.270259
1.30911,0.270269
1.30912,0.270279
1.30913,0.270289
1.30914,0.270299
1.30915,0.27031
1.30916,0.27032
1.30917,0.27033
1.30917,0.27034
1.30918,0.27035
1.30919,0.270361
1.3092,0.270371
1.30921,0.270381
1.30922,0.270391
1.30923,0.270401
1.30923,0.270412
1.30924,0.270422
1.30925,0.270432
1.30926,0.270442
1.30927,0.270453
1.30928,0.270463
1.30929,0.270473
1.30929,0.270483
1.3093,0.270493
1.30931,0.270504
1.30932,0.270514
1.30933,0.270524
1.30934,0.270534
1.30934,0.270544
1.30935,0.270555
1.30936,0.270565
1.30937,0.270575
1.30938,0.270585
1.30939,0.270595
1.3094,0.270606
1.3094,0.270616
1.30941,0.270626
1.30942,0.270636
1.30943,0.270646
1.30944,0.270657
1.30945,0.270667
1.30946,0.270677
1.30946,0.270687
1.30947,0.270697
1.30948,0.270708
1.30949,0.270718
1.3095,0.270728
1.30951,0.270738
1.30952,0.270748
1.30952,0.270759
1.30953,0.270769
1.30954,0.270779
1.30955,0.270789
1.30956,0.270799
1.30957,0.27081
1.30958,0.27082
1.30958,0.27083
1.30959,0.27084
1.3096,0.27085
1.30961,0.270861
1.30962,0.270871
1.30963,0.270881
1.30963,0.270891
1.30964,0.270901
1.30965,0.270912
1.30966,0.270922
1.30967,0.270932
1.30968,0.270942
1.30969,0.270953
1.30969,0.270963
1.3097,0.270973
1.30971,0.270983
1.30972,0.270993
1.30973,0.271004
1.30974,0.271014
1.30975,0.271024
1.30975,0.271034
1.30976,0.271044
1.30977,0.271055
1.30978,0.271065
1.30979,0.271075
1.3098,0.271085
1.30981,0.271095
1.30981,0.271106
1.30982,0.271116
1.30983,0.271126
1.30984,0.271136
1.30985,0.271146
1.30986,0.271157
1.30986,0.271167
1.30987,0.271177
1.30988,0.271187
1.30989,0.271197
1.3099,0.271208
1.30991,0.271218
1.30992,0.271228
1.30992,0.271238
1.30993,0.271248
1.30994,0.271259
1.30995,0.271269
1.30996,0.271279
1.30997,0.271289
1.30998,0.271299
1.30998,0.27131
1.30999,0.27132
1.31,0.27133
1.31001,0.27134
1.31002,0.27135
1.31003,0.271361
1.31004,0.271371
1.31004,0.271381
1.31005,0.271391
1.31006,0.271401
1.31007,0.271412
1.31008,0.271422
1.31009,0.271432
1.31009,0.271442
1.3101,0.271453
1.31011,0.271463
1.31012,0.271473
1.31013,0.271483
1.31014,0.271493
1.31015,0.271504
1.31015,0.271514
1.31016,0.271524
1.31017,0.271534
1.31018,0.271544
1.31019,0.271555
1.3102,0.271565
1.31021,0.271575
1.31021,0.271585
1.31022,0.271595
1.31023,0.271606
1.31024,0.271616
1.31025,0.271626
1.31026,0.271636
1.31027,0.271646
1.31027,0.271657
1.31028,0.271667
1.31029,0.271677
1.3103,0.271687
1.31031,0.271697
1.31032,0.271708
1.31032,0.271718
1.31033,0.271728
1.31034,0.271738
1.31035,0.271748
1.31036,0.271759
1.31037,0.271769
1.31038,0.271779
1.31038,0.271789
1.31039,0.271799
1.3104,0.27181
1.31041,0.27182
1.31042,0.27183
1.31043,0.27184
1.31044,0.27185
1.31044,0.271861
1.31045,0.271871
1.31046,0.271881
1.31047,0.271891
1.31048,0.271901
1.31049,0.271912
1.3105,0.271922
1.3105,0.271932
1.31051,0.271942
1.31052,0.271953
1.31053,0.271963
1.31054,0.271973
1.31055,0.271983
1.31055,0.271993
1.31056,0.272004
1.31057,0.272014
1.31058,0.272024
1.31059,0.272034
1.3106,0.272044
1.31061,0.272055
1.31061,0.272065
1.31062,0.272075
1.31063,0.272085
1.31064,0.272095
1.31065,0.272106
1.31066,0.272116
1.31067,0.272126
1.31067,0.272136
1.31068,0.272146
1.31069,0.272157
1.3107,0.272167
1.31071,0.272177
1.31072,0.272187
1.31072,0.272197
1.31073,0.272208
1.31074,0.272218
1.31075,0.272228
1.31076,0.272238
1.31077,0.272248
1.31078,0.272259
1.31078,0.272269
1.31079,0.272279
1.3108,0.272289
1.31081,0.272299
1.31082,0.27231
1.31083,0.27232
1.31084,0.27233
1.31084,0.27234
1.31085,0.27235
1.31086,0.272361
1.31087,0.272371
1.31088,0.272381
1.31089,0.272391
1.31089,0.272401
1.3109,0.272412
1.31091,0.272422
1.31092,0.272432
1.31093,0.272442
1.31094,0.272453
1.31095,0.272463
1.31095,0.272473
1.31096,0.272483
1.31097,0.272493
1.31098,0.272504
1.31099,0.272514
1.311,0.272524
1.31101,0.272534
1.31101,0.272544
1.31102,0.272555
1.31103,0.272565
1.31104,0.272575
1.31105,0.272585
1.31106,0.272595
1.31106,0.272606
1.31107,0.272616
1.31108,0.272626
1.31109,0.272636
1.3111,0.272646
1.31111,0.272657
1.31112,0.272667
1.31112,0.272677
1.31113,0.272687
1.31114,0.272697
1.31115,0.272708
1.31116,0.272718
1.31117,0.272728
1.31118,0.272738
1.31118,0.272748
1.31119,0.272759
1.3112,0.272769
1.31121,0.272779
1.31122,0.272789
1.31123,0.272799
1.31123,0.27281
1.31124,0.27282
1.31125,0.27283
1.31126,0.27284
1.31127,0.27285
1.31128,0.272861
1.31129,0.272871
1.31129,0.272881
1.3113,0.272891
1.31131,0.272901
1.31132,0.272912
1.31133,0.272922
1.31134,0.272932
1.31135,0.272942
1.31135,0.272953
1.31136,0.272963
1.31137,0.272973
1.31138,0.272983
1.31139,0.272993
1.3114,0.273004
1.3114,0.273014
1.31141,0.273024
1.31142,0.273034
1.31143,0.273044
1.31144,0.273055
1.31145,0.273065
1.31146,0.273075
1.31146,0.273085
1.31147,0.273095
1.31148,0.273106
1.31149,0.273116
1.3115,0.273126
1.31151,0.273136
1.31152,0.273146
1.31152,0.273157
1.31153,0.273167
1.31154,0.273177
1.31155,0.273187
1.31156,0.273197
1.31157,0.273208
1.31157,0.273218
1.31158,0.273228
1.31159,0.273238
1.3116,0.273248
1.31161,0.273259
1.31162,0.273269
1.31163,0.273279
1.31163,0.273289
1.31164,0.273299
1.31165,0.27331
1.31166,0.27332
1.31167,0.27333
1.31168,0.27334
1.31169,0.27335
1.31169,0.273361
1.3117,0.273371
1.31171,0.273381
1.31172,0.273391
1.31173,0.273401
1.31174,0.273412
1.31174,0.273422
1.31175,0.273432
1.31176,0.273442
1.31177,0.273453
1.31178,0.273463
1.31179,0.273473
1.3118,0.273483
1.3118,0.273493
1.31181,0.273504
1.31182,0.273514
1.31183,0.273524
1.31184,0.273534
1.31185,0.273544
1.31186,0.273555
1.31186,0.273565
1.31187,0.273575
1.31188,0.273585
1.31189,0.273595
1.3119,0.273606
1.31191,0.273616
1.31191,0.273626
1.31192,0.273636
1.31193,0.273646
1.31194,0.273657
1.31195,0.273667
1.31196,0.273677
1.31197,0.273687
1.31197,0.273697
1.31198,0.273708
1.31199,0.273718
1.312,0.273728
1.31201,0.273738
1.31202,0.273748
1.31202,0.273759
1.31203,0.273769
1.31204,0.273779
1.31205,0.273789
1.31206,0.273799
1.31207,0.27381
1.31208,0.27382
1.31208,0.27383
1.31209,0.27384
1.3121,0.27385
1.31211,0.273861
1.31212,0.273871
1.31213,0.273881
1.31214,0.273891
1.31214,0.273902
1.31215,0.273912
1.31216,0.273922
1.31217,0.273932
1.31218,0.273942
1.31219,0.273953
1.31219,0.273963
1.3122,0.273973
1.31221,0.273983
1.31222,0.273993
1.31223,0.274004
1.31224,0.274014
1.31225,0.274024
1.31225,0.274034
1.31226,0.274044
1.31227,0.274055
1.31228,0.274065
1.31229,0.274075
1.3123,0.274085
1.3123,0.274095
1.31231,0.274106
1.31232,0.274116
1.31233,0.274126
1.31234,0.274136
1.31235,0.274146
1.31236,0.274157
1.31236,0.274167
1.31237,0.274177
1.31238,0.274187
1.31239,0.274197
1.3124,0.274208
1.31241,0.274218
1.31241,0.274228
1.31242,0.274238
1.31243,0.274248
1.31244,0.274259
1.31245,0.274269
1.31246,0.274279
1.31247,0.274289
1.31247,0.274299
1.31248,0.27431
1.31249,0.27432
1.3125,0.27433
1.31251,0.27434
1.31252,0.27435
1.31253,0.274361
1.31253,0.274371
1.31254,0.274381
1.31255,0.274391
1.31256,0.274402
1.31257,0.274412
1.31258,0.274422
1.31258,0.274432
1.31259,0.274442
1.3126,0.274453
1.31261,0.274463
1.31262,0.274473
1.31263,0.274483
1.31264,0.274493
1.31264,0.274504
1.31265,0.274514
1.31266,0.274524
1.31267,0.274534
1.31268,0.274544
1.31269,0.274555
1.31269,0.274565
1.3127,0.274575
1.31271,0.274585
1.31272,0.274595
1.31273,0.274606
1.31274,0.274616
1.31275,0.274626
1.31275,0.274636
1.31276,0.274646
1.31277,0.274657
1.31278,0.274667
1.31279,0.274677
1.3128,0.274687
1.3128,0.274697
1.31281,0.274708
1.31282,0.274718
1.31283,0.274728
1.31284,0.274738
1.31285,0.274748
1.31286,0.274759
1.31286,0.274769
1.31287,0.274779
1.31288,0.274789
1.31289,0.274799
1.3129,0.27481
1.31291,0.27482
1.31292,0.27483
1.31292,0.27484
1.31293,0.27485
1.31294,0.274861
1.31295,0.274871
1.31296,0.274881
1.31297,0.274891
1.31297,0.274902
1.31298,0.274912
1.31299,0.274922
1.313,0.274932
1.31301,0.274942
1.31302,0.274953
1.31303,0.274963
1.31303,0.274973
1.31304,0.274983
1.31305,0.274993
1.31306,0.275004
1.31307,0.275014
1.31308,0.275024
1.31308,0.275034
1.31309,0.275044
1.3131,0.275055
1.31311,0.275065
1.31312,0.275075
1.31313,0.275085
1.31314,0.275095
1.31314,0.275106
1.31315,0.275116
1.31316,0.275126
1.31317,0.275136
1.31318,0.275146
1.31319,0.275157
1.31319,0.275167
1.3132,0.275177
1.31321,0.275187
1.31322,0.275197
1.31323,0.275208
1.31324,0.275218
1.31325,0.275228
1.31325,0.275238
1.31326,0.275248
1.31327,0.275259
1.31328,0.275269
1.31329,0.275279
1.3133,0.275289
1.3133,0.275299
1.31331,0.27531
1.31332,0.27532
1.31333,0.27533
1.31334,0.27534
1.31335,0.27535
1.31336,0.275361
1.31336,0.275371
1.31337,0.275381
1.31338,0.275391
1.31339,0.275402
1.3134,0.275412
1.31341,0.275422
1.31341,0.275432
1.31342,0.275442
1.31343,0.275453
1.31344,0.275463
1.31345,0.275473
1.31346,0.275483
1.31347,0.275493
1.31347,0.275504
1.31348,0.275514
1.31349,0.275524
1.3135,0.275534
1.31351,0.275544
1.31352,0.275555
1.31352,0.275565
1.31353,0.275575
1.31354,0.275585
1.31355,0.275595
1.31356,0.275606
1.31357,0.275616
1.31358,0.275626
1.31358,0.275636
1.31359,0.275646
1.3136,0.275657
1.31361,0.275667
1.31362,0.275677
1.31363,0.275687
1.31363,0.275697
1.31364,0.275708
1.31365,0.275718
1.31366,0.275728
1.31367,0.275738
1.31368,0.275748
1.31369,0.275759
1.31369,0.275769
1.3137,0.275779
1.31371,0.275789
1.31372,0.275799
1.31373,0.27581
1.31374,0.27582
1.31374,0.27583
1.31375,0.27584
1.31376,0.27585
1.31377,0.275861
1.31378,0.275871
1.31379,0.275881
1.3138,0.275891
1.3138,0.275902
1.31381,0.275912
1.31382,0.275922
1.31383,0.275932
1.31384,0.275942
1.31385,0.275953
1.31385,0.275963
1.31386,0.275973
1.31387,0.275983
1.31388,0.275993
1.31389,0.276004
1.3139,0.276014
1.31391,0.276024
1.31391,0.276034
1.31392,0.276044
1.31393,0.276055
1.31394,0.276065
1.31395,0.276075
1.31396,0.276085
1.31396,0.276095
1.31397,0.276106
1.31398,0.276116
1.31399,0.276126
1.314,0.276136
1.31401,0.276146
1.31402,0.276157
1.31402,0.276167
1.31403,0.276177
1.31404,0.276187
1.31405,0.276197
1.31406,0.276208
1.31407,0.276218
1.31407,0.276228
1.31408,0.276238
1.31409,0.276248
1.3141,0.276259
1.31411,0.276269
1.31412,0.276279
1.31413,0.276289
1.31413,0.276299
1.31414,0.27631
1.31415,0.27632
1.31416,0.27633
1.31417,0.27634
1.31418,0.27635
1.31418,0.276361
1.31419,0.276371
1.3142,0.276381
1.31421,0.276391
1.31422,0.276402
1.31423,0.276412
1.31423,0.276422
1.31424,0.276432
1.31425,0.276442
1.31426,0.276453
1.31427,0.276463
1.31428,0.276473
1.31429,0.276483
1.31429,0.276493
1.3143,0.276504
1.31431,0.276514
1.31432,0.276524
1.31433,0.276534
1.31434,0.276544
1.31434,0.276555
1.31435,0.276565
1.31436,0.276575
1.31437,0.276585
1.31438,0.276595
1.31439,0.276606
1.3144,0.276616
1.3144,0.276626
1.31441,0.276636
1.31442,0.276646
1.31443,0.276657
1.31444,0.276667
1.31445,0.276677
1.31445,0.276687
1.31446,0.276697
1.31447,0.276708
1.31448,0.276718
1.31449,0.276728
1.3145,0.276738
1.31451,0.276748
1.31451,0.276759
1.31452,0.276769
1.31453,0.276779
1.31454,0.276789
1.31455,0.276799
1.31456,0.27681
1.31456,0.27682
1.31457,0.27683
1.31458,0.27684
1.31459,0.27685
1.3146,0.276861
1.31461,0.276871
1.31462,0.276881
1.31462,0.276891
1.31463,0.276902
1.31464,0.276912
1.31465,0.276922
1.31466,0.276932
1.31467,0.276942
1.31467,0.276953
1.31468,0.276963
1.31469,0.276973
1.3147,0.276983
1.31471,0.276993
1.31472,0.277004
1.31472,0.277014
1.31473,0.277024
1.31474,0.277034
1.31475,0.277044
1.31476,0.277055
1.31477,0.277065
1.31478,0.277075
1.31478,0.277085
1.31479,0.277095
1.3148,0.277106
1.31481,0.277116
1.31482,0.277126
1.31483,0.277136
1.31483,0.277146
1.31484,0.277157
1.31485,0.277167
1.31486,0.277177
1.31487,0.277187
1.31488,0.277197
1.31489,0.277208
1.31489,0.277218
1.3149,0.277228
1.31491,0.277238
1.31492,0.277248
1.31493,0.277259
1.31494,0.277269
1.31494,0.277279
1.31495,0.277289
1.31496,0.277299
1.31497,0.27731
1.31498,0.27732
1.31499,0.27733
1.31499,0.27734
1.315,0.277351
1.31501,0.277361
1.31502,0.277371
1.31503,0.277381
1.31504,0.277391
1.31505,0.277402
1.31505,0.277412
1.31506,0.277422
1.31507,0.277432
1.31508,0.277442
1.31509,0.277453
1.3151,0.277463
1.3151,0.277473
1.31511,0.277483
1.31512,0.277493
1.31513,0.277504
1.31514,0.277514
1.31515,0.277524
1.31516,0.277534
1.31516,0.277544
1.31517,0.277555
1.31518,0.277565
1.31519,0.277575
1.3152,0.277585
1.31521,0.277595
1.31521,0.277606
1.31522,0.277616
1.31523,0.277626
1.31524,0.277636
1.31525,0.277646
1.31526,0.277657
1.31526,0.277667
1.31527,0.277677
1.31528,0.277687
1.31529,0.277697
1.3153,0.277708
1.31531,0.277718
1.31532,0.277728
1.31532,0.277738
1.31533,0.277748
1.31534,0.277759
1.31535,0.277769
1.31536,0.277779
1.31537,0.277789
1.31537,0.277799
1.31538,0.27781
1.31539,0.27782
1.3154,0.27783
1.31541,0.27784
1.31542,0.277851
1.31543,0.277861
1.31543,0.277871
1.31544,0.277881
1.31545,0.277891
1.31546,0.277902
1.31547,0.277912
1.31548,0.277922
1.31548,0.277932
1.31549,0.277942
1.3155,0.277953
1.31551,0.277963
1.31552,0.277973
1.31553,0.277983
1.31553,0.277993
1.31554,0.278004
1.31555,0.278014
1.31556,0.278024
1.31557,0.278034
1.31558,0.278044
1.31559,0.278055
1.31559,0.278065
1.3156,0.278075
1.31561,0.278085
1.31562,0.278095
1.31563,0.278106
1.31564,0.278116
1.31564,0.278126
1.31565,0.278136
1.31566,0.278146
1.31567,0.278157
1.31568,0.278167
1.31569,0.278177
1.31569,0.278187
1.3157,0.278197
1.31571,0.278208
1.31572,0.278218
1.31573,0.278228
1.31574,0.278238
1.31575,0.278248
1.31575,0.278259
1.31576,0.278269
1.31577,0.278279
1.31578,0.278289
1.31579,0.278299
1.3158,0.27831
1.3158,0.27832
1.31581,0.27833
1.31582,0.27834
1.31583,0.278351
1.31584,0.278361
1.31585,0.278371
1.31585,0.278381
1.31586,0.278391
1.31587,0.278402
1.31588,0.278412
1.31589,0.278422
1.3159,0.278432
1.31591,0.278442
1.31591,0.278453
1.31592,0.278463
1.31593,0.278473
1.31594,0.278483
1.31595,0.278493
1.31596,0.278504
1.31596,0.278514
1.31597,0.278524
1.31598,0.278534
1.31599,0.278544
1.316,0.278555
1.31601,0.278565
1.31602,0.278575
1.31602,0.278585
1.31603,0.278595
1.31604,0.278606
1.31605,0.278616
1.31606,0.278626
1.31607,0.278636
1.31607,0.278646
1.31608,0.278657
1.31609,0.278667
1.3161,0.278677
1.31611,0.278687
1.31612,0.278697
1.31612,0.278708
1.31613,0.278718
1.31614,0.278728
1.31615,0.278738
1.31616,0.278748
1.31617,0.278759
1.31618,0.278769
1.31618,0.278779
1.31619,0.278789
1.3162,0.278799
1.31621,0.27881
1.31622,0.27882
1.31623,0.27883
1.31623,0.27884
1.31624,0.278851
1.31625,0.278861
1.31626,0.278871
1.31627,0.278881
1.31628,0.278891
1.31628,0.278902
1.31629,0.278912
1.3163,0.278922
1.31631,0.278932
1.31632,0.278942
1.31633,0.278953
1.31633,0.278963
1.31634,0.278973
1.31635,0.278983
1.31636,0.278993
1.31637,0.279004
1.31638,0.279014
1.31639,0.279024
1.31639,0.279034
1.3164,0.279044
1.31641,0.279055
1.31642,0.279065
1.31643,0.279075
1.31644,0.279085
1.31644,0.279095
1.31645,0.279106
1.31646,0.279116
1.31647,0.279126
1.31648,0.279136
1.31649,0.279146
1.31649,0.279157
1.3165,0.279167
1.31651,0.279177
1.31652,0.279187
1.31653,0.279197
1.31654,0.279208
1.31655,0.279218
1.31655,0.279228
1.31656,0.279238
1.31657,0.279248
1.31658,0.279259
1.31659,0.279269
1.3166,0.279279
1.3166,0.279289
1.31661,0.279299
1.31662,0.27931
1.31663,0.27932
1.31664,0.27933
1.31665,0.27934
1.31665,0.279351
1.31666,0.279361
1.31667,0.279371
1.31668,0.279381
1.31669,0.279391
1.3167,0.279402
1.31671,0.279412
1.31671,0.279422
1.31672,0.279432
1.31673,0.279442
1.31674,0.279453
1.31675,0.279463
1.31676,0.279473
1.31676,0.279483
1.31677,0.279493
1.31678,0.279504
1.31679,0.279514
1.3168,0.279524
1.31681,0.279534
1.31681,0.279544
1.31682,0.279555
1.31683,0.279565
1.31684,0.279575
1.31685,0.279585
1.31686,0.279595
1.31686,0.279606
1.31687,0.279616
1.31688,0.279626
1.31689,0.279636
1.3169,0.279646
1.31691,0.279657
1.31692,0.279667
1.31692,0.279677
1.31693,0.279687
1.31694,0.279697
1.31695,0.279708
1.31696,0.279718
1.31697,0.279728
1.31697,0.279738
1.31698,0.279748
1.31699,0.279759
1.317,0.279769
1.31701,0.279779
1.31702,0.279789
1.31702,0.279799
1.31703,0.27981
1.31704,0.27982
1.31705,0.27983
1.31706,0.27984
1.31707,0.279851
1.31708,0.279861
1.31708,0.279871
1.31709,0.279881
1.3171,0.279891
1.31711,0.279902
1.31712,0.279912
1.31713,0.279922
1.31713,0.279932
1.31714,0.279942
1.31715,0.279953
1.31716,0.279963
1.31717,0.279973
1.31718,0.279983
1.31718,0.279993
1.31719,0.280004
1.3172,0.280014
1.31721,0.280024
1.31722,0.280034
1.31723,0.280044
1.31723,0.280055
1.31724,0.280065
1.31725,0.280075
1.31726,0.280085
1.31727,0.280095
1.31728,0.280106
1.31729,0.280116
1.31729,0.280126
1.3173,0.280136
1.31731,0.280146
1.31732,0.280157
1.31733,0.280167
1.31734,0.280177
1.31734,0.280187
1.31735,0.280197
1.31736,0.280208
1.31737,0.280218
1.31738,0.280228
1.31739,0.280238
1.31739,0.280248
1.3174,0.280259
1.31741,0.280269
1.31742,0.280279
1.31743,0.280289
1.31744,0.280299
1.31744,0.28031
1.31745,0.28032
1.31746,0.28033
1.31747,0.28034
1.31748,0.280351
1.31749,0.280361
1.3175,0.280371
1.3175,0.280381
1.31751,0.280391
1.31752,0.280402
1.31753,0.280412
1.31754,0.280422
1.31755,0.280432
1.31755,0.280442
1.31756,0.280453
1.31757,0.280463
1.31758,0.280473
1.31759,0.280483
1.3176,0.280493
1.3176,0.280504
1.31761,0.280514
1.31762,0.280524
1.31763,0.280534
1.31764,0.280544
1.31765,0.280555
1.31765,0.280565
1.31766,0.280575
1.31767,0.280585
1.31768,0.280595
1.31769,0.280606
1.3177,0.280616
1.31771,0.280626
1.31771,0.280636
1.31772,0.280646
1.31773,0.280657
1.31774,0.280667
1.31775,0.280677
1.31776,0.280687
1.31776,0.280697
1.31777,0.280708
1.31778,0.280718
1.31779,0.280728
1.3178,0.280738
1.31781,0.280748
1.31781,0.280759
1.31782,0.280769
1.31783,0.280779
1.31784,0.280789
1.31785,0.2808
1.31786,0.28081
1.31786,0.28082
1.31787,0.28083
1.31788,0.28084
1.31789,0.280851
1.3179,0.280861
1.31791,0.280871
1.31792,0.280881
1.31792,0.280891
1.31793,0.280902
1.31794,0.280912
1.31795,0.280922
1.31796,0.280932
1.31797,0.280942
1.31797,0.280953
1.31798,0.280963
1.31799,0.280973
1.318,0.280983
1.31801,0.280993
1.31802,0.281004
1.31802,0.281014
1.31803,0.281024
1.31804,0.281034
1.31805,0.281044
1.31806,0.281055
1.31807,0.281065
1.31807,0.281075
1.31808,0.281085
1.31809,0.281095
1.3181,0.281106
1.31811,0.281116
1.31812,0.281126
1.31812,0.281136
1.31813,0.281146
1.31814,0.281157
1.31815,0.281167
1.31816,0.281177
1.31817,0.281187
1.31818,0.281197
1.31818,0.281208
1.31819,0.281218
1.3182,0.281228
1.31821,0.281238
1.31822,0.281248
1.31823,0.281259
1.31823,0.281269
1.31824,0.281279
1.31825,0.281289
1.31826,0.2813
1.31827,0.28131
1.31828,0.28132
1.31828,0.28133
1.31829,0.28134
1.3183,0.281351
1.31831,0.281361
1.31832,0.281371
1.31833,0.281381
1.31833,0.281391
1.31834,0.281402
1.31835,0.281412
1.31836,0.281422
1.31837,0.281432
1.31838,0.281442
1.31838,0.281453
1.31839,0.281463
1.3184,0.281473
1.31841,0.281483
1.31842,0.281493
1.31843,0.281504
1.31844,0.281514
1.31844,0.281524
1.31845,0.281534
1.31846,0.281544
1.31847,0.281555
1.31848,0.281565
1.31849,0.281575
1.31849,0.281585
1.3185,0.281595
1.31851,0.281606
1.31852,0.281616
1.31853,0.281626
1.31854,0.281636
1.31854,0.281646
1.31855,0.281657
1.31856,0.281667
1.31857,0.281677
1.31858,0.281687
1.31859,0.281697
1.31859,0.281708
1.3186,0.281718
1.31861,0.281728
1.31862,0.281738
1.31863,0.281748
1.31864,0.281759
1.31864,0.281769
1.31865,0.281779
1.31866,0.281789
1.31867,0.2818
1.31868,0.28181
1.31869,0.28182
1.31869,0.28183
1.3187,0.28184
1.31871,0.281851
1.31872,0.281861
1.31873,0.281871
1.31874,0.281881
1.31875,0.281891
1.31875,0.281902
1.31876,0.281912
1.31877,0.281922
1.31878,0.281932
1.31879,0.281942
1.3188,0.281953
1.3188,0.281963
1.31881,0.281973
1.31882,0.281983
1.31883,0.281993
1.31884,0.282004
1.31885,0.282014
1.31885,0.282024
1.31886,0.282034
1.31887,0.282044
1.31888,0.282055
1.31889,0.282065
1.3189,0.282075
1.3189,0.282085
1.31891,0.282095
1.31892,0.282106
1.31893,0.282116
1.31894,0.282126
1.31895,0.282136
1.31895,0.282146
1.31896,0.282157
1.31897,0.282167
1.31898,0.282177
1.31899,0.282187
1.319,0.282197
1.319,0.282208
1.31901,0.282218
1.31902,0.282228
1.31903,0.282238
1.31904,0.282248
1.31905,0.282259
1.31906,0.282269
1.31906,0.282279
1.31907,0.282289
1.31908,0.2823
1.31909,0.28231
1.3191,0.28232
1.31911,0.28233
1.31911,0.28234
1.31912,0.282351
1.31913,0.282361
1.31914,0.282371
1.31915,0.282381
1.31916,0.282391
1.31916,0.282402
1.31917,0.282412
1.31918,0.282422
1.31919,0.282432
1.3192,0.282442
1.31921,0.282453
1.31921,0.282463
1.31922,0.282473
1.31923,0.282483
1.31924,0.282493
1.31925,0.282504
1.31926,0.282514
1.31926,0.282524
1.31927,0.282534
1.31928,0.282544
1.31929,0.282555
1.3193,0.282565
1.31931,0.282575
1.31931,0.282585
1.31932,0.282595
1.31933,0.282606
1.31934,0.282616
1.31935,0.282626
1.31936,0.282636
1.31936,0.282646
1.31937,0.282657
1.31938,0.282667
1.31939,0.282677
1.3194,0.282687
1.31941,0.282697
1.31942,0.282708
1.31942,0.282718
1.31943,0.282728
1.31944,0.282738
1.31945,0.282748
1.31946,0.282759
1.31947,0.282769
1.31947,0.282779
1.31948,0.282789
1.31949,0.2828
1.3195,0.28281
1.31951,0.28282
1.31952,0.28283
1.31952,0.28284
1.31953,0.282851
1.31954,0.282861
1.31955,0.282871
1.31956,0.282881
1.31957,0.282891
1.31957,0.282902
1.31958,0.282912
1.31959,0.282922
1.3196,0.282932
1.31961,0.282942
1.31962,0.282953
1.31962,0.282963
1.31963,0.282973
1.31964,0.282983
1.31965,0.282993
1.31966,0.283004
1.31967,0.283014
1.31967,0.283024
1.31968,0.283034
1.31969,0.283044
1.3197,0.283055
1.31971,0.283065
1.31972,0.283075
1.31972,0.283085
1.31973,0.283095
1.31974,0.283106
1.31975,0.283116
1.31976,0.283126
1.31977,0.283136
1.31977,0.283146
1.31978,0.283157
1.31979,0.283167
1.3198,0.283177
1.31981,0.283187
1.31982,0.283197
1.31983,0.283208
1.31983,0.283218
1.31984,0.283228
1.31985,0.283238
1.31986,0.283248
1.31987,0.283259
1.31988,0.283269
1.31988,0.283279
1.31989,0.283289
1.3199,0.2833
1.31991,0.28331
1.31992,0.28332
1.31993,0.28333
1.31993,0.28334
1.31994,0.283351
1.31995,0.283361
1.31996,0.283371
1.31997,0.283381
1.31998,0.283391
1.31998,0.283402
1.31999,0.283412
1.32,0.283422
1.32001,0.283432
1.32002,0.283442
1.32003,0.283453
1.32003,0.283463
1.32004,0.283473
1.32005,0.283483
1.32006,0.283493
1.32007,0.283504
1.32008,0.283514
1.32008,0.283524
1.32009,0.283534
1.3201,0.283544
1.32011,0.283555
1.32012,0.283565
1.32013,0.283575
1.32013,0.283585
1.32014,0.283595
1.32015,0.283606
1.32016,0.283616
1.32017,0.283626
1.32018,0.283636
1.32018,0.283646
1.32019,0.283657
1.3202,0.283667
1.32021,0.283677
1.32022,0.283687
1.32023,0.283697
1.32023,0.283708
1.32024,0.283718
1.32025,0.283728
1.32026,0.283738
1.32027,0.283748
1.32028,0.283759
1.32028,0.283769
1.32029,0.283779
1.3203,0.283789
1.32031,0.2838
1.32032,0.28381
1.32033,0.28382
1.32033,0.28383
1.32034,0.28384
1.32035,0.283851
1.32036,0.283861
1.32037,0.283871
1.32038,0.283881
1.32039,0.283891
1.32039,0.283902
1.3204,0.283912
1.32041,0.283922
1.32042,0.283932
1.32043,0.283942
1.32044,0.283953
1.32044,0.283963
1.32045,0.283973
1.32046,0.283983
1.32047,0.283993
1.32048,0.284004
1.32049,0.284014
1.32049,0.284024
1.3205,0.284034
1.32051,0.284044
1.32052,0.284055
1.32053,0.284065
1.32054,0.284075
1.32054,0.284085
1.32055,0.284095
1.32056,0.284106
1.32057,0.284116
1.32058,0.284126
1.32059,0.284136
1.32059,0.284146
1.3206,0.284157
1.32061,0.284167
1.32062,0.284177
1.32063,0.284187
1.32064,0.284197
1.32064,0.284208
1.32065,0.284218
1.32066,0.284228
1.32067,0.284238
1.32068,0.284248
1.32069,0.284259
1.32069,0.284269
1.3207,0.284279
1.32071,0.284289
1.32072,0.2843
1.32073,0.28431
1.32074,0.28432
1.32074,0.28433
1.32075,0.28434
1.32076,0.284351
1.32077,0.284361
1.32078,0.284371
1.32079,0.284381
1.32079,0.284391
1.3208,0.284402
1.32081,0.284412
1.32082,0.284422
1.32083,0.284432
1.32084,0.284442
1.32084,0.284453
1.32085,0.284463
1.32086,0.284473
1.32087,0.284483
1.32088,0.284493
1.32089,0.284504
1.32089,0.284514
1.3209,0.284524
1.32091,0.284534
1.32092,0.284544
1.32093,0.284555
1.32094,0.284565
1.32094,0.284575
1.32095,0.284585
1.32096,0.284595
1.32097,0.284606
1.32098,0.284616
1.32099,0.284626
1.32099,0.284636
1.321,0.284646
1.32101,0.284657
1.32102,0.284667
1.32103,0.284677
1.32104,0.284687
1.32104,0.284697
1.32105,0.284708
1.32106,0.284718
1.32107,0.284728
1.32108,0.284738
1.32109,0.284748
1.32109,0.284759
1.3211,0.284769
1.32111,0.284779
1.32112,0.284789
1.32113,0.2848
1.32114,0.28481
1.32114,0.28482
1.32115,0.28483
1.32116,0.28484
1.32117,0.284851
1.32118,0.284861
1.32119,0.284871
1.32119,0.284881
1.3212,0.284891
1.32121,0.284902
1.32122,0.284912
1.32123,0.284922
1.32124,0.284932
1.32124,0.284942
1.32125,0.284953
1.32126,0.284963
1.32127,0.284973
1.32128,0.284983
1.32129,0.284993
1.32129,0.285004
1.3213,0.285014
1.32131,0.285024
1.32132,0.285034
1.32133,0.285044
1.32134,0.285055
1.32134,0.285065
1.32135,0.285075
1.32136,0.285085
1.32137,0.285095
1.32138,0.285106
1.32139,0.285116
1.32139,0.285126
1.3214,0.285136
1.32141,0.285146
1.32142,0.285157
1.32143,0.285167
1.32144,0.285177
1.32144,0.285187
1.32145,0.285197
1.32146,0.285208
1.32147,0.285218
1.32148,0.285228
1.32149,0.285238
1.32149,0.285249
1.3215,0.285259
1.32151,0.285269
1.32152,0.285279
1.32153,0.285289
1.32154,0.2853
1.32154,0.28531
1.32155,0.28532
1.32156,0.28533
1.32157,0.28534
1.32158,0.285351
1.32159,0.285361
1.32159,0.285371
1.3216,0.285381
1.32161,0.285391
1.32162,0.285402
1.32163,0.285412
1.32164,0.285422
1.32164,0.285432
1.32165,0.285442
1.32166,0.285453
1.32167,0.285463
1.32168,0.285473
1.32169,0.285483
1.32169,0.285493
1.3217,0.285504
1.32171,0.285514
1.32172,0.285524
1.32173,0.285534
1.32174,0.285544
1.32174,0.285555
1.32175,0.285565
1.32176,0.285575
1.32177,0.285585
1.32178,0.285595
1.32179,0.285606
1.32179,0.285616
1.3218,0.285626
1.32181,0.285636
1.32182,0.285646
1.32183,0.285657
1.32184,0.285667
1.32184,0.285677
1.32185,0.285687
1.32186,0.285697
1.32187,0.285708
1.32188,0.285718
1.32189,0.285728
1.32189,0.285738
1.3219,0.285749
1.32191,0.285759
1.32192,0.285769
1.32193,0.285779
1.32194,0.285789
1.32194,0.2858
1.32195,0.28581
1.32196,0.28582
1.32197,0.28583
1.32198,0.28584
1.32199,0.285851
1.32199,0.285861
1.322,0.285871
1.32201,0.285881
1.32202,0.285891
1.32203,0.285902
1.32204,0.285912
1.32204,0.285922
1.32205,0.285932
1.32206,0.285942
1.32207,0.285953
1.32208,0.285963
1.32209,0.285973
1.32209,0.285983
1.3221,0.285993
1.32211,0.286004
1.32212,0.286014
1.32213,0.286024
1.32214,0.286034
1.32214,0.286044
1.32215,0.286055
1.32216,0.286065
1.32217,0.286075
1.32218,0.286085
1.32219,0.286095
1.32219,0.286106
1.3222,0.286116
1.32221,0.286126
1.32222,0.286136
1.32223,0.286146
1.32224,0.286157
1.32224,0.286167
1.32225,0.286177
1.32226,0.286187
1.32227,0.286197
1.32228,0.286208
1.32229,0.286218
1.32229,0.286228
1.3223,0.286238
1.32231,0.286249
1.32232,0.286259
1.32233,0.286269
1.32234,0.286279
1.32234,0.286289
1.32235,0.2863
1.32236,0.28631
1.32237,0.28632
1.32238,0.28633
1.32239,0.28634
1.32239,0.286351
1.3224,0.286361
1.32241,0.286371
1.32242,0.286381
1.32243,0.286391
1.32244,0.286402
1.32244,0.286412
1.32245,0.286422
1.32246,0.286432
1.32247,0.286442
1.32248,0.286453
1.32249,0.286463
1.32249,0.286473
1.3225,0.286483
1.32251,0.286493
1.32252,0.286504
1.32253,0.286514
1.32254,0.286524
1.32254,0.286534
1.32255,0.286544
1.32256,0.286555
1.32257,0.286565
1.32258,0.286575
1.32259,0.286585
1.32259,0.286595
1.3226,0.286606
1.32261,0.286616
1.32262,0.286626
1.32263,0.286636
1.32264,0.286646
1.32264,0.286657
1.32265,0.286667
1.32266,0.286677
1.32267,0.286687
1.32268,0.286697
1.32269,0.286708
1.32269,0.286718
1.3227,0.286728
1.32271,0.286738
1.32272,0.286749
1.32273,0.286759
1.32274,0.286769
1.32274,0.286779
1.32275,0.286789
1.32276,0.2868
1.32277,0.28681
1.32278,0.28682
1.32279,0.28683
1.32279,0.28684
1.3228,0.286851
1.32281,0.286861
1.32282,0.286871
1.32283,0.286881
1.32284,0.286891
1.32284,0.286902
1.32285,0.286912
1.32286,0.286922
1.32287,0.286932
1.32288,0.286942
1.32289,0.286953
1.32289,0.286963
1.3229,0.286973
1.32291,0.286983
1.32292,0.286993
1.32293,0.287004
1.32294,0.287014
1.32294,0.287024
1.32295,0.287034
1.32296,0.287044
1.32297,0.287055
1.32298,0.287065
1.32299,0.287075
1.32299,0.287085
1.323,0.287095
1.32301,0.287106
1.32302,0.287116
1.32303,0.287126
1.32304,0.287136
1.32304,0.287146
1.32305,0.287157
1.32306,0.287167
1.32307,0.287177
1.32308,0.287187
1.32308,0.287197
1.32309,0.287208
1.3231,0.287218
1.32311,0.287228
1.32312,0.287238
1.32313,0.287249
1.32313,0.287259
1.32314,0.287269
1.32315,0.287279
1.32316,0.287289
1.32317,0.2873
1.32318,0.28731
1.32318,0.28732
1.32319,0.28733
1.3232,0.28734
1.32321,0.287351
1.32322,0.287361
1.32323,0.287371
1.32323,0.287381
1.32324,0.287391
1.32325,0.287402
1.32326,0.287412
1.32327,0.287422
1.32328,0.287432
1.32328,0.287442
1.32329,0.287453
1.3233,0.287463
1.32331,0.287473
1.32332,0.287483
1.32333,0.287493
1.32333,0.287504
1.32334,0.287514
1.32335,0.287524
1.32336,0.287534
1.32337,0.287544
1.32338,0.287555
1.32338,0.287565
1.32339,0.287575
1.3234,0.287585
1.32341,0.287595
1.32342,0.287606
1.32343,0.287616
1.32343,0.287626
1.32344,0.287636
1.32345,0.287646
1.32346,0.287657
1.32347,0.287667
1.32348,0.287677
1.32348,0.287687
1.32349,0.287697
1.3235,0.287708
1.32351,0.287718
1.32352,0.287728
1.32353,0.287738
1.32353,0.287749
1.32354,0.287759
1.32355,0.287769
1.32356,0.287779
1.32357,0.287789
1.32358,0.2878
1.32358,0.28781
1.32359,0.28782
1.3236,0.28783
1.32361,0.28784
1.32362,0.287851
1.32362,0.287861
1.32363,0.287871
1.32364,0.287881
1.32365,0.287891
1.32366,0.287902
1.32367,0.287912
1.32367,0.287922
1.32368,0.287932
1.32369,0.287942
1.3237,0.287953
1.32371,0.287963
1.32372,0.287973
1.32372,0.287983
1.32373,0.287993
1.32374,0.288004
1.32375,0.288014
1.32376,0.288024
1.32377,0.288034
1.32377,0.288044
1.32378,0.288055
1.32379,0.288065
1.3238,0.288075
1.32381,0.288085
1.32382,0.288095
1.32382,0.288106
1.32383,0.288116
1.32384,0.288126
1.32385,0.288136
1.32386,0.288146
1.32387,0.288157
1.32387,0.288167
1.32388,0.288177
1.32389,0.288187
1.3239,0.288197
1.32391,0.288208
1.32392,0.288218
1.32392,0.288228
1.32393,0.288238
1.32394,0.288249
1.32395,0.288259
1.32396,0.288269
1.32397,0.288279
1.32397,0.288289
1.32398,0.2883
1.32399,0.28831
1.324,0.28832
1.32401,0.28833
1.32402,0.28834
1.32402,0.288351
1.32403,0.288361
1.32404,0.288371
1.32405,0.288381
1.32406,0.288391
1.32406,0.288402
1.32407,0.288412
1.32408,0.288422
1.32409,0.288432
1.3241,0.288442
1.32411,0.288453
1.32411,0.288463
1.32412,0.288473
1.32413,0.288483
1.32414,0.288493
1.32415,0.288504
1.32416,0.288514
1.32416,0.288524
1.32417,0.288534
1.32418,0.288544
1.32419,0.288555
1.3242,0.288565
1.32421,0.288575
1.32421,0.288585
1.32422,0.288595
1.32423,0.288606
1.32424,0.288616
1.32425,0.288626
1.32426,0.288636
1.32426,0.288646
1.32427,0.288657
1.32428,0.288667
1.32429,0.288677
1.3243,0.288687
1.32431,0.288697
1.32431,0.288708
1.32432,0.288718
1.32433,0.288728
1.32434,0.288738
1.32435,0.288749
1.32436,0.288759
1.32436,0.288769
1.32437,0.288779
1.32438,0.288789
1.32439,0.2888
1.3244,0.28881
1.3244,0.28882
1.32441,0.28883
1.32442,0.28884
1.32443,0.288851
1.32444,0.288861
1.32445,0.288871
1.32445,0.288881
1.32446,0.288891
1.32447,0.288902
1.32448,0.288912
1.32449,0.288922
1.3245,0.288932
1.3245,0.288942
1.32451,0.288953
1.32452,0.288963
1.32453,0.288973
1.32454,0.288983
1.32455,0.288993
1.32455,0.289004
1.32456,0.289014
1.32457,0.289024
1.32458,0.289034
1.32459,0.289044
1.3246,0.289055
1.3246,0.289065
1.32461,0.289075
1.32462,0.289085
1.32463,0.289095
1.32464,0.289106
1.32465,0.289116
1.32465,0.289126
1.32466,0.289136
1.32467,0.289146
1.32468,0.289157
1.32469,0.289167
1.3247,0.289177
1.3247,0.289187
1.32471,0.289197
1.32472,0.289208
1.32473,0.289218
1.32474,0.289228
1.32474,0.289238
1.32475,0.289249
1.32476,0.289259
1.32477,0.289269
1.32478,0.289279
1.32479,0.289289
1.32479,0.2893
1.3248,0.28931
1.32481,0.28932
1.32482,0.28933
1.32483,0.28934
1.32484,0.289351
1.32484,0.289361
1.32485,0.289371
1.32486,0.289381
1.32487,0.289391
1.32488,0.289402
1.32489,0.289412
1.32489,0.289422
1.3249,0.289432
1.32491,0.289442
1.32492,0.289453
1.32493,0.289463
1.32494,0.289473
1.32494,0.289483
1.32495,0.289493
1.32496,0.289504
1.32497,0.289514
1.32498,0.289524
1.32499,0.289534
1.32499,0.289544
1.325,0.289555
1.32501,0.289565
1.32502,0.289575
1.32503,0.289585
1.32503,0.289595
1.32504,0.289606
1.32505,0.289616
1.32506,0.289626
1.32507,0.289636
1.32508,0.289646
1.32508,0.289657
1.32509,0.289667
1.3251,0.289677
1.32511,0.289687
1.32512,0.289698
1.32513,0.289708
1.32513,0.289718
1.32514,0.289728
1.32515,0.289738
1.32516,0.289749
1.32517,0.289759
1.32518,0.289769
1.32518,0.289779
1.32519,0.289789
1.3252,0.2898
1.32521,0.28981
1.32522,0.28982
1.32523,0.28983
1.32523,0.28984
1.32524,0.289851
1.32525,0.289861
1.32526,0.289871
1.32527,0.289881
1.32527,0.289891
1.32528,0.289902
1.32529,0.289912
1.3253,0.289922
1.32531,0.289932
1.32532,0.289942
1.32532,0.289953
1.32533,0.289963
1.32534,0.289973
1.32535,0.289983
1.32536,0.289993
1.32537,0.290004
1.32537,0.290014
1.32538,0.290024
1.32539,0.290034
1.3254,0.290044
1.32541,0.290055
1.32542,0.290065
1.32542,0.290075
1.32543,0.290085
1.32544,0.290095
1.32545,0.290106
1.32546,0.290116
1.32547,0.290126
1.32547,0.290136
1.32548,0.290146
1.32549,0.290157
1.3255,0.290167
1.32551,0.290177
1.32551,0.290187
1.32552,0.290198
1.32553,0.290208
1.32554,0.290218
1.32555,0.290228
1.32556,0.290238
1.32556,0.290249
1.32557,0.290259
1.32558,0.290269
1.32559,0.290279
1.3256,0.290289
1.32561,0.2903
1.32561,0.29031
1.32562,0.29032
1.32563,0.29033
1.32564,0.29034
1.32565,0.290351
1.32566,0.290361
1.32566,0.290371
1.32567,0.290381
1.32568,0.290391
1.32569,0.290402
1.3257,0.290412
1.32571,0.290422
1.32571,0.290432
1.32572,0.290442
1.32573,0.290453
1.32574,0.290463
1.32575,0.290473
1.32575,0.290483
1.32576,0.290493
1.32577,0.290504
1.32578,0.290514
1.32579,0.290524
1.3258,0.290534
1.3258,0.290544
1.32581,0.290555
1.32582,0.290565
1.32583,0.290575
1.32584,0.290585
1.32585,0.290595
1.32585,0.290606
1.32586,0.290616
1.32587,0.290626
1.32588,0.290636
1.32589,0.290646
1.3259,0.290657
1.3259,0.290667
1.32591,0.290677
1.32592,0.290687
1.32593,0.290698
1.32594,0.290708
1.32595,0.290718
1.32595,0.290728
1.32596,0.290738
1.32597,0.290749
1.32598,0.290759
1.32599,0.290769
1.32599,0.290779
1.326,0.290789
1.32601,0.2908
1.32602,0.29081
1.32603,0.29082
1.32604,0.29083
1.32604,0.29084
1.32605,0.290851
1.32606,0.290861
1.32607,0.290871
1.32608,0.290881
1.32609,0.290891
1.32609,0.290902
1.3261,0.290912
1.32611,0.290922
1.32612,0.290932
1.32613,0.290942
1.32614,0.290953
1.32614,0.290963
1.32615,0.290973
1.32616,0.290983
1.32617,0.290993
1.32618,0.291004
1.32618,0.291014
1.32619,0.291024
1.3262,0.291034
1.32621,0.291044
1.32622,0.291055
1.32623,0.291065
1.32623,0.291075
1.32624,0.291085
1.32625,0.291095
1.32626,0.291106
1.32627,0.291116
1.32628,0.291126
1.32628,0.291136
1.32629,0.291146
1.3263,0.291157
1.32631,0.291167
1.32632,0.291177
1.32633,0.291187
1.32633,0.291198
1.32634,0.291208
1.32635,0.291218
1.32636,0.291228
1.32637,0.291238
1.32637,0.291249
1.32638,0.291259
1.32639,0.291269
1.3264,0.291279
1.32641,0.291289
1.32642,0.2913
1.32642,0.29131
1.32643,0.29132
1.32644,0.29133
1.32645,0.29134
1.32646,0.291351
1.32647,0.291361
1.32647,0.291371
1.32648,0.291381
1.32649,0.291391
1.3265,0.291402
1.32651,0.291412
1.32652,0.291422
1.32652,0.291432
1.32653,0.291442
1.32654,0.291453
1.32655,0.291463
1.32656,0.291473
1.32656,0.291483
1.32657,0.291493
1.32658,0.291504
1.32659,0.291514
1.3266,0.291524
1.32661,0.291534
1.32661,0.291544
1.32662,0.291555
1.32663,0.291565
1.32664,0.291575
1.32665,0.291585
1.32666,0.291595
1.32666,0.291606
1.32667,0.291616
1.32668,0.291626
1.32669,0.291636
1.3267,0.291646
1.32671,0.291657
1.32671,0.291667
1.32672,0.291677
1.32673,0.291687
1.32674,0.291698
1.32675,0.291708
1.32675,0.291718
1.32676,0.291728
1.32677,0.291738
1.32678,0.291749
1.32679,0.291759
1.3268,0.291769
1.3268,0.291779
1.32681,0.291789
1.32682,0.2918
1.32683,0.29181
1.32684,0.29182
1.32685,0.29183
1.32685,0.29184
1.32686,0.291851
1.32687,0.291861
1.32688,0.291871
1.32689,0.291881
1.3269,0.291891
1.3269,0.291902
1.32691,0.291912
1.32692,0.291922
1.32693,0.291932
1.32694,0.291942
1.32694,0.291953
1.32695,0.291963
1.32696,0.291973
1.32697,0.291983
1.32698,0.291993
1.32699,0.292004
1.32699,0.292014
1.327,0.292024
1.32701,0.292034
1.32702,0.292044
1.32703,0.292055
1.32704,0.292065
1.32704,0.292075
1.32705,0.292085
1.32706,0.292095
1.32707,0.292106
1.32708,0.292116
1.32709,0.292126
1.32709,0.292136
1.3271,0.292146
1.32711,0.292157
1.32712,0.292167
1.32713,0.292177
1.32713,0.292187
1.32714,0.292198
1.32715,0.292208
1.32716,0.292218
1.32717,0.292228
1.32718,0.292238
1.32718,0.292249
1.32719,0.292259
1.3272,0.292269
1.32721,0.292279
1.32722,0.292289
1.32723,0.2923
1.32723,0.29231
1.32724,0.29232
1.32725,0.29233
1.32726,0.29234
1.32727,0.292351
1.32727,0.292361
1.32728,0.292371
1.32729,0.292381
1.3273,0.292391
1.32731,0.292402
1.32732,0.292412
1.32732,0.292422
1.32733,0.292432
1.32734,0.292442
1.32735,0.292453
1.32736,0.292463
1.32737,0.292473
1.32737,0.292483
1.32738,0.292493
1.32739,0.292504
1.3274,0.292514
1.32741,0.292524
1.32742,0.292534
1.32742,0.292544
1.32743,0.292555
1.32744,0.292565
1.32745,0.292575
1.32746,0.292585
1.32746,0.292595
1.32747,0.292606
1.32748,0.292616
1.32749,0.292626
1.3275,0.292636
1.32751,0.292646
1.32751,0.292657
1.32752,0.292667
1.32753,0.292677
1.32754,0.292687
1.32755,0.292698
1.32756,0.292708
1.32756,0.292718
1.32757,0.292728
1.32758,0.292738
1.32759,0.292749
1.3276,0.292759
1.3276,0.292769
1.32761,0.292779
1.32762,0.292789
1.32763,0.2928
1.32764,0.29281
1.32765,0.29282
1.32765,0.29283
1.32766,0.29284
1.32767,0.292851
1.32768,0.292861
1.32769,0.292871
1.3277,0.292881
1.3277,0.292891
1.32771,0.292902
1.32772,0.292912
1.32773,0.292922
1.32774,0.292932
1.32774,0.292942
1.32775,0.292953
1.32776,0.292963
1.32777,0.292973
1.32778,0.292983
1.32779,0.292993
1.32779,0.293004
1.3278,0.293014
1.32781,0.293024
1.32782,0.293034
1.32783,0.293044
1.32784,0.293055
1.32784,0.293065
1.32785,0.293075
1.32786,0.293085
1.32787,0.293095
1.32788,0.293106
1.32788,0.293116
1.32789,0.293126
1.3279,0.293136
1.32791,0.293146
1.32792,0.293157
1.32793,0.293167
1.32793,0.293177
1.32794,0.293187
1.32795,0.293198
1.32796,0.293208
1.32797,0.293218
1.32798,0.293228
1.32798,0.293238
1.32799,0.293249
1.328,0.293259
1.32801,0.293269
1.32802,0.293279
1.32802,0.293289
1.32803,0.2933
1.32804,0.29331
1.32805,0.29332
1.32806,0.29333
1.32807,0.29334
1.32807,0.293351
1.32808,0.293361
1.32809,0.293371
1.3281,0.293381
1.32811,0.293391
1.32812,0.293402
1.32812,0.293412
1.32813,0.293422
1.32814,0.293432
1.32815,0.293442
1.32816,0.293453
1.32816,0.293463
1.32817,0.293473
1.32818,0.293483
1.32819,0.293493
1.3282,0.293504
1.32821,0.293514
1.32821,0.293524
1.32822,0.293534
1.32823,0.293544
1.32824,0.293555
1.32825,0.293565
1.32826,0.293575
1.32826,0.293585
1.32827,0.293595
1.32828,0.293606
1.32829,0.293616
1.3283,0.293626
1.3283,0.293636
1.32831,0.293646
1.32832,0.293657
1.32833,0.293667
1.32834,0.293677
1.32835,0.293687
1.32835,0.293698
1.32836,0.293708
1.32837,0.293718
1.32838,0.293728
1.32839,0.293738
1.3284,0.293749
1.3284,0.293759
1.32841,0.293769
1.32842,0.293779
1.32843,0.293789
1.32844,0.2938
1.32844,0.29381
1.32845,0.29382
1.32846,0.29383
1.32847,0.29384
1.32848,0.293851
1.32849,0.293861
1.32849,0.293871
1.3285,0.293881
1.32851,0.293891
1.32852,0.293902
1.32853,0.293912
1.32854,0.293922
1.32854,0.293932
1.32855,0.293942
1.32856,0.293953
1.32857,0.293963
1.32858,0.293973
1.32858,0.293983
1.32859,0.293993
1.3286,0.294004
1.32861,0.294014
1.32862,0.294024
1.32863,0.294034
1.32863,0.294044
1.32864,0.294055
1.32865,0.294065
1.32866,0.294075
1.32867,0.294085
1.32868,0.294095
1.32868,0.294106
1.32869,0.294116
1.3287,0.294126
1.32871,0.294136
1.32872,0.294146
1.32872,0.294157
1.32873,0.294167
1.32874,0.294177
1.32875,0.294187
1.32876,0.294198
1.32877,0.294208
1.32877,0.294218
1.32878,0.294228
1.32879,0.294238
1.3288,0.294249
1.32881,0.294259
1.32882,0.294269
1.32882,0.294279
1.32883,0.294289
1.32884,0.2943
1.32885,0.29431
1.32886,0.29432
1.32886,0.29433
1.32887,0.29434
1.32888,0.294351
1.32889,0.294361
1.3289,0.294371
1.32891,0.294381
1.32891,0.294391
1.32892,0.294402
1.32893,0.294412
1.32894,0.294422
1.32895,0.294432
1.32896,0.294442
1.32896,0.294453
1.32897,0.294463
1.32898,0.294473
1.32899,0.294483
1.329,0.294493
1.329,0.294504
1.32901,0.294514
1.32902,0.294524
1.32903,0.294534
1.32904,0.294544
1.32905,0.294555
1.32905,0.294565
1.32906,0.294575
1.32907,0.294585
1.32908,0.294595
1.32909,0.294606
1.32909,0.294616
1.3291,0.294626
1.32911,0.294636
1.32912,0.294647
1.32913,0.294657
1.32914,0.294667
1.32914,0.294677
1.32915,0.294687
1.32916,0.294698
1.32917,0.294708
1.32918,0.294718
1.32919,0.294728
1.32919,0.294738
1.3292,0.294749
1.32921,0.294759
1.32922,0.294769
1.32923,0.294779
1.32923,0.294789
1.32924,0.2948
1.32925,0.29481
1.32926,0.29482
1.32927,0.29483
1.32928,0.29484
1.32928,0.294851
1.32929,0.294861
1.3293,0.294871
1.32931,0.294881
1.32932,0.294891
1.32933,0.294902
1.32933,0.294912
1.32934,0.294922
1.32935,0.294932
1.32936,0.294942
1.32937,0.294953
1.32937,0.294963
1.32938,0.294973
1.32939,0.294983
1.3294,0.294993
1.32941,0.295004
1.32942,0.295014
1.32942,0.295024
1.32943,0.295034
1.32944,0.295044
1.32945,0.295055
1.32946,0.295065
1.32946,0.295075
1.32947,0.295085
1.32948,0.295095
1.32949,0.295106
1.3295,0.295116
1.32951,0.295126
1.32951,0.295136
1.32952,0.295147
1.32953,0.295157
1.32954,0.295167
1.32955,0.295177
1.32956,0.295187
1.32956,0.295198
1.32957,0.295208
1.32958,0.295218
1.32959,0.295228
1.3296,0.295238
1.3296,0.295249
1.32961,0.295259
1.32962,0.295269
1.32963,0.295279
1.32964,0.295289
1.32965,0.2953
1.32965,0.29531
1.32966,0.29532
1.32967,0.29533
1.32968,0.29534
1.32969,0.295351
1.32969,0.295361
1.3297,0.295371
1.32971,0.295381
1.32972,0.295391
1.32973,0.295402
1.32974,0.295412
1.32974,0.295422
1.32975,0.295432
1.32976,0.295442
1.32977,0.295453
1.32978,0.295463
1.32979,0.295473
1.32979,0.295483
1.3298,0.295493
1.32981,0.295504
1.32982,0.295514
1.32983,0.295524
1.32983,0.295534
1.32984,0.295544
1.32985,0.295555
1.32986,0.295565
1.32987,0.295575
1.32988,0.295585
1.32988,0.295595
1.32989,0.295606
1.3299,0.295616
1.32991,0.295626
1.32992,0.295636
1.32992,0.295647
1.32993,0.295657
1.32994,0.295667
1.32995,0.295677
1.32996,0.295687
1.32997,0.295698
1.32997,0.295708
1.32998,0.295718
1.32999,0.295728
1.33,0.295738
1.33001,0.295749
1.33001,0.295759
1.33002,0.295769
1.33003,0.295779
1.33004,0.295789
1.33005,0.2958
1.33006,0.29581
1.33006,0.29582
1.33007,0.29583
1.33008,0.29584
1.33009,0.295851
1.3301,0.295861
1.33011,0.295871
1.33011,0.295881
1.33012,0.295891
1.33013,0.295902
1.33014,0.295912
1.33015,0.295922
1.33015,0.295932
1.33016,0.295942
1.33017,0.295953
1.33018,0.295963
1.33019,0.295973
1.3302,0.295983
1.3302,0.295993
1.33021,0.296004
1.33022,0.296014
1.33023,0.296024
1.33024,0.296034
1.33024,0.296044
1.33025,0.296055
1.33026,0.296065
1.33027,0.296075
1.33028,0.296085
1.33029,0.296095
1.33029,0.296106
1.3303,0.296116
1.33031,0.296126
1.33032,0.296136
1.33033,0.296147
1.33033,0.296157
1.33034,0.296167
1.33035,0.296177
1.33036,0.296187
1.33037,0.296198
1.33038,0.296208
1.33038,0.296218
1.33039,0.296228
1.3304,0.296238
1.33041,0.296249
1.33042,0.296259
1.33043,0.296269
1.33043,0.296279
1.33044,0.296289
1.33045,0.2963
1.33046,0.29631
1.33047,0.29632
1.33047,0.29633
1.33048,0.29634
1.33049,0.296351
1.3305,0.296361
1.33051,0.296371
1.33052,0.296381
1.33052,0.296391
1.33053,0.296402
1.33054,0.296412
1.33055,0.296422
1.33056,0.296432
1.33056,0.296442
1.33057,0.296453
1.33058,0.296463
1.33059,0.296473
1.3306,0.296483
1.33061,0.296493
1.33061,0.296504
1.33062,0.296514
1.33063,0.296524
1.33064,0.296534
1.33065,0.296544
1.33065,0.296555
1.33066,0.296565
1.33067,0.296575
1.33068,0.296585
1.33069,0.296595
1.3307,0.296606
1.3307,0.296616
1.33071,0.296626
1.33072,0.296636
1.33073,0.296647
1.33074,0.296657
1.33075,0.296667
1.33075,0.296677
1.33076,0.296687
1.33077,0.296698
1.33078,0.296708
1.33079,0.296718
1.33079,0.296728
1.3308,0.296738
1.33081,0.296749
1.33082,0.296759
1.33083,0.296769
1.33084,0.296779
1.33084,0.296789
1.33085,0.2968
1.33086,0.29681
1.33087,0.29682
1.33088,0.29683
1.33088,0.29684
1.33089,0.296851
1.3309,0.296861
1.33091,0.296871
1.33092,0.296881
1.33093,0.296891
1.33093,0.296902
1.33094,0.296912
1.33095,0.296922
1.33096,0.296932
1.33097,0.296942
1.33097,0.296953
1.33098,0.296963
1.33099,0.296973
1.331,0.296983
1.33101,0.296993
1.33102,0.297004
1.33102,0.297014
1.33103,0.297024
1.33104,0.297034
1.33105,0.297044
1.33106,0.297055
1.33106,0.297065
1.33107,0.297075
1.33108,0.297085
1.33109,0.297095
1.3311,0.297106
1.33111,0.297116
1.33111,0.297126
1.33112,0.297136
1.33113,0.297147
1.33114,0.297157
1.33115,0.297167
1.33115,0.297177
1.33116,0.297187
1.33117,0.297198
1.33118,0.297208
1.33119,0.297218
1.3312,0.297228
1.3312,0.297238
1.33121,0.297249
1.33122,0.297259
1.33123,0.297269
1.33124,0.297279
1.33124,0.297289
1.33125,0.2973
1.33126,0.29731
1.33127,0.29732
1.33128,0.29733
1.33129,0.29734
1.33129,0.297351
1.3313,0.297361
1.33131,0.297371
1.33132,0.297381
1.33133,0.297391
1.33133,0.297402
1.33134,0.297412
1.33135,0.297422
1.33136,0.297432
1.33137,0.297442
1.33138,0.297453
1.33138,0.297463
1.33139,0.297473
1.3314,0.297483
1.33141,0.297493
1.33142,0.297504
1.33143,0.297514
1.33143,0.297524
1.33144,0.297534
1.33145,0.297544
1.33146,0.297555
1.33147,0.297565
1.33147,0.297575
1.33148,0.297585
1.33149,0.297595
1.3315,0.297606
1.33151,0.297616
1.33152,0.297626
1.33152,0.297636
1.33153,0.297647
1.33154,0.297657
1.33155,0.297667
1.33156,0.297677
1.33156,0.297687
1.33157,0.297698
1.33158,0.297708
1.33159,0.297718
1.3316,0.297728
1.33161,0.297738
1.33161,0.297749
1.33162,0.297759
1.33163,0.297769
1.33164,0.297779
1.33165,0.297789
1.33165,0.2978
1.33166,0.29781
1.33167,0.29782
1.33168,0.29783
1.33169,0.29784
1.3317,0.297851
1.3317,0.297861
1.33171,0.297871
1.33172,0.297881
1.33173,0.297891
1.33174,0.297902
1.33174,0.297912
1.33175,0.297922
1.33176,0.297932
1.33177,0.297942
1.33178,0.297953
1.33179,0.297963
1.33179,0.297973
1.3318,0.297983
1.33181,0.297993
1.33182,0.298004
1.33183,0.298014
1.33183,0.298024
1.33184,0.298034
1.33185,0.298044
1.33186,0.298055
1.33187,0.298065
1.33188,0.298075
1.33188,0.298085
1.33189,0.298095
1.3319,0.298106
1.33191,0.298116
1.33192,0.298126
1.33192,0.298136
1.33193,0.298147
1.33194,0.298157
1.33195,0.298167
1.33196,0.298177
1.33197,0.298187
1.33197,0.298198
1.33198,0.298208
1.33199,0.298218
1.332,0.298228
1.33201,0.298238
1.33201,0.298249
1.33202,0.298259
1.33203,0.298269
1.33204,0.298279
1.33205,0.298289
1.33206,0.2983
1.33206,0.29831
1.33207,0.29832
1.33208,0.29833
1.33209,0.29834
1.3321,0.298351
1.3321,0.298361
1.33211,0.298371
1.33212,0.298381
1.33213,0.298391
1.33214,0.298402
1.33215,0.298412
1.33215,0.298422
1.33216,0.298432
1.33217,0.298442
1.33218,0.298453
1.33219,0.298463
1.33219,0.298473
1.3322,0.298483
1.33221,0.298493
1.33222,0.298504
1.33223,0.298514
1.33224,0.298524
1.33224,0.298534
1.33225,0.298544
1.33226,0.298555
1.33227,0.298565
1.33228,0.298575
1.33228,0.298585
1.33229,0.298595
1.3323,0.298606
1.33231,0.298616
1.33232,0.298626
1.33232,0.298636
1.33233,0.298647
1.33234,0.298657
1.33235,0.298667
1.33236,0.298677
1.33237,0.298687
1.33237,0.298698
1.33238,0.298708
1.33239,0.298718
1.3324,0.298728
1.33241,0.298738
1.33241,0.298749
1.33242,0.298759
1.33243,0.298769
1.33244,0.298779
1.33245,0.298789
1.33246,0.2988
1.33246,0.29881
1.33247,0.29882
1.33248,0.29883
1.33249,0.29884
1.3325,0.298851
1.3325,0.298861
1.33251,0.298871
1.33252,0.298881
1.33253,0.298891
1.33254,0.298902
1.33255,0.298912
1.33255,0.298922
1.33256,0.298932
1.33257,0.298942
1.33258,0.298953
1.33259,0.298963
1.33259,0.298973
1.3326,0.298983
1.33261,0.298993
1.33262,0.299004
1.33263,0.299014
1.33264,0.299024
1.33264,0.299034
1.33265,0.299044
1.33266,0.299055
1.33267,0.299065
1.33268,0.299075
1.33268,0.299085
1.33269,0.299095
1.3327,0.299106
1.33271,0.299116
1.33272,0.299126
1.33273,0.299136
1.33273,0.299147
1.33274,0.299157
1.33275,0.299167
1.33276,0.299177
1.33277,0.299187
1.33277,0.299198
1.33278,0.299208
1.33279,0.299218
1.3328,0.299228
1.33281,0.299238
1.33282,0.299249
1.33282,0.299259
1.33283,0.299269
1.33284,0.299279
1.33285,0.299289
1.33286,0.2993
1.33286,0.29931
1.33287,0.29932
1.33288,0.29933
1.33289,0.29934
1.3329,0.299351
1.33291,0.299361
1.33291,0.299371
1.33292,0.299381
1.33293,0.299391
1.33294,0.299402
1.33295,0.299412
1.33295,0.299422
1.33296,0.299432
1.33297,0.299442
1.33298,0.299453
1.33299,0.299463
1.33299,0.299473
1.333,0.299483
1.33301,0.299493
1.33302,0.299504
1.33303,0.299514
1.33304,0.299524
1.33304,0.299534
1.33305,0.299544
1.33306,0.299555
1.33307,0.299565
1.33308,0.299575
1.33308,0.299585
1.33309,0.299595
1.3331,0.299606
1.33311,0.299616
1.33312,0.299626
1.33313,0.299636
1.33313,0.299647
1.33314,0.299657
1.33315,0.299667
1.33316,0.299677
1.33317,0.299687
1.33317,0.299698
1.33318,0.299708
1.33319,0.299718
1.3332,0.299728
1.33321,0.299738
1.33322,0.299749
1.33322,0.299759
1.33323,0.299769
1.33324,0.299779
1.33325,0.299789
1.33326,0.2998
1.33326,0.29981
1.33327,0.29982
1.33328,0.29983
1.33329,0.29984
1.3333,0.299851
1.33331,0.299861
1.33331,0.299871
1.33332,0.299881
1.33333,0.299891
1.33334,0.299902
1.33335,0.299912
1.33335,0.299922
1.33336,0.299932
1.33337,0.299942
1.33338,0.299953
1.33339,0.299963
1.33339,0.299973
1.3334,0.299983
1.33341,0.299993
1.33342,0.300004
1.33343,0.300014
1.33344,0.300024
1.33344,0.300034
1.33345,0.300044
1.33346,0.300055
1.33347,0.300065
1.33348,0.300075
1.33348,0.300085
1.33349,0.300096
1.3335,0.300106
1.33351,0.300116
1.33352,0.300126
1.33353,0.300136
1.33353,0.300147
1.33354,0.300157
1.33355,0.300167
1.33356,0.300177
1.33357,0.300187
1.33357,0.300198
1.33358,0.300208
1.33359,0.300218
1.3336,0.300228
1.33361,0.300238
1.33362,0.300249
1.33362,0.300259
1.33363,0.300269
1.33364,0.300279
1.33365,0.300289
1.33366,0.3003
1.33366,0.30031
1.33367,0.30032
1.33368,0.30033
1.33369,0.30034
1.3337,0.300351
1.3337,0.300361
1.33371,0.300371
1.33372,0.300381
1.33373,0.300391
1.33374,0.300402
1.33375,0.300412
1.33375,0.300422
1.33376,0.300432
1.33377,0.300442
1.33378,0.300453
1.33379,0.300463
1.33379,0.300473
1.3338,0.300483
1.33381,0.300493
1.33382,0.300504
1.33383,0.300514
1.33384,0.300524
1.33384,0.300534
1.33385,0.300544
1.33386,0.300555
1.33387,0.300565
1.33388,0.300575
1.33388,0.300585
1.33389,0.300596
1.3339,0.300606
1.33391,0.300616
1.33392,0.300626
1.33392,0.300636
1.33393,0.300647
1.33394,0.300657
1.33395,0.300667
1.33396,0.300677
1.33397,0.300687
1.33397,0.300698
1.33398,0.300708
1.33399,0.300718
1.334,0.300728
1.33401,0.300738
1.33401,0.300749
1.33402,0.300759
1.33403,0.300769
1.33404,0.300779
1.33405,0.300789
1.33406,0.3008
1.33406,0.30081
1.33407,0.30082
1.33408,0.30083
1.33409,0.30084
1.3341,0.300851
1.3341,0.300861
1.33411,0.300871
1.33412,0.300881
1.33413,0.300891
1.33414,0.300902
1.33414,0.300912
1.33415,0.300922
1.33416,0.300932
1.33417,0.300942
1.33418,0.300953
1.33419,0.300963
1.33419,0.300973
1.3342,0.300983
1.33421,0.300993
1.33422,0.301004
1.33423,0.301014
1.33423,0.301024
1.33424,0.301034
1.33425,0.301044
1.33426,0.301055
1.33427,0.301065
1.33428,0.301075
1.33428,0.301085
1.33429,0.301096
1.3343,0.301106
1.33431,0.301116
1.33432,0.301126
1.33432,0.301136
1.33433,0.301147
1.33434,0.301157
1.33435,0.301167
1.33436,0.301177
1.33436,0.301187
1.33437,0.301198
1.33438,0.301208
1.33439,0.301218
1.3344,0.301228
1.33441,0.301238
1.33441,0.301249
1.33442,0.301259
1.33443,0.301269
1.33444,0.301279
1.33445,0.301289
1.33445,0.3013
1.33446,0.30131
1.33447,0.30132
1.33448,0.30133
1.33449,0.30134
1.3345,0.301351
1.3345,0.301361
1.33451,0.301371
1.33452,0.301381
1.33453,0.301391
1.33454,0.301402
1.33454,0.301412
1.33455,0.301422
1.33456,0.301432
1.33457,0.301442
1.33458,0.301453
1.33458,0.301463
1.33459,0.301473
1.3346,0.301483
1.33461,0.301493
1.33462,0.301504
1.33463,0.301514
1.33463,0.301524
1.33464,0.301534
1.33465,0.301544
1.33466,0.301555
1.33467,0.301565
1.33467,0.301575
1.33468,0.301585
1.33469,0.301596
1.3347,0.301606
1.33471,0.301616
1.33472,0.301626
1.33472,0.301636
1.33473,0.301647
1.33474,0.301657
1.33475,0.301667
1.33476,0.301677
1.33476,0.301687
1.33477,0.301698
1.33478,0.301708
1.33479,0.301718
1.3348,0.301728
1.3348,0.301738
1.33481,0.301749
1.33482,0.301759
1.33483,0.301769
1.33484,0.301779
1.33485,0.301789
1.33485,0.3018
1.33486,0.30181
1.33487,0.30182
1.33488,0.30183
1.33489,0.30184
1.33489,0.301851
1.3349,0.301861
1.33491,0.301871
1.33492,0.301881
1.33493,0.301891
1.33493,0.301902
1.33494,0.301912
1.33495,0.301922
1.33496,0.301932
1.33497,0.301942
1.33498,0.301953
1.33498,0.301963
1.33499,0.301973
1.335,0.301983
1.33501,0.301993
1.33502,0.302004
1.33502,0.302014
1.33503,0.302024
1.33504,0.302034
1.33505,0.302044
1.33506,0.302055
1.33507,0.302065
1.33507,0.302075
1.33508,0.302085
1.33509,0.302096
1.3351,0.302106
1.33511,0.302116
1.33511,0.302126
1.33512,0.302136
1.33513,0.302147
1.33514,0.302157
1.33515,0.302167
1.33515,0.302177
1.33516,0.302187
1.33517,0.302198
1.33518,0.302208
1.33519,0.302218
1.3352,0.302228
1.3352,0.302238
1.33521,0.302249
1.33522,0.302259
1.33523,0.302269
1.33524,0.302279
1.33524,0.302289
1.33525,0.3023
1.33526,0.30231
1.33527,0.30232
1.33528,0.30233
1.33528,0.30234
1.33529,0.302351
1.3353,0.302361
1.33531,0.302371
1.33532,0.302381
1.33533,0.302391
1.33533,0.302402
1.33534,0.302412
1.33535,0.302422
1.33536,0.302432
1.33537,0.302442
1.33537,0.302453
1.33538,0.302463
1.33539,0.302473
1.3354,0.302483
1.33541,0.302493
1.33541,0.302504
1.33542,0.302514
1.33543,0.302524
1.33544,0.302534
1.33545,0.302544
1.33546,0.302555
1.33546,0.302565
1.33547,0.302575
1.33548,0.302585
1.33549,0.302596
1.3355,0.302606
1.3355,0.302616
1.33551,0.302626
1.33552,0.302636
1.33553,0.302647
1.33554,0.302657
1.33554,0.302667
1.33555,0.302677
1.33556,0.302687
1.33557,0.302698
1.33558,0.302708
1.33559,0.302718
1.33559,0.302728
1.3356,0.302738
1.33561,0.302749
1.33562,0.302759
1.33563,0.302769
1.33563,0.302779
1.33564,0.302789
1.33565,0.3028
1.33566,0.30281
1.33567,0.30282
1.33567,0.30283
1.33568,0.30284
1.33569,0.302851
1.3357,0.302861
1.33571,0.302871
1.33572,0.302881
1.33572,0.302891
1.33573,0.302902
1.33574,0.302912
1.33575,0.302922
1.33576,0.302932
1.33576,0.302942
1.33577,0.302953
1.33578,0.302963
1.33579,0.302973
1.3358,0.302983
1.3358,0.302993
1.33581,0.303004
1.33582,0.303014
1.33583,0.303024
1.33584,0.303034
1.33585,0.303044
1.33585,0.303055
1.33586,0.303065
1.33587,0.303075
1.33588,0.303085
1.33589,0.303096
1.33589,0.303106
1.3359,0.303116
1.33591,0.303126
1.33592,0.303136
1.33593,0.303147
1.33593,0.303157
1.33594,0.303167
1.33595,0.303177
1.33596,0.303187
1.33597,0.303198
1.33598,0.303208
1.33598,0.303218
1.33599,0.303228
1.336,0.303238
1.33601,0.303249
1.33602,0.303259
1.33602,0.303269
1.33603,0.303279
1.33604,0.303289
1.33605,0.3033
1.33606,0.30331
1.33606,0.30332
1.33607,0.30333
1.33608,0.30334
1.33609,0.303351
1.3361,0.303361
1.33611,0.303371
1.33611,0.303381
1.33612,0.303391
1.33613,0.303402
1.33614,0.303412
1.33615,0.303422
1.33615,0.303432
1.33616,0.303442
1.33617,0.303453
1.33618,0.303463
1.33619,0.303473
1.33619,0.303483
1.3362,0.303493
1.33621,0.303504
1.33622,0.303514
1.33623,0.303524
1.33624,0.303534
1.33624,0.303544
1.33625,0.303555
1.33626,0.303565
1.33627,0.303575
1.33628,0.303585
1.33628,0.303596
1.33629,0.303606
1.3363,0.303616
1.33631,0.303626
1.33632,0.303636
1.33632,0.303647
1.33633,0.303657
1.33634,0.303667
1.33635,0.303677
1.33636,0.303687
1.33637,0.303698
1.33637,0.303708
1.33638,0.303718
1.33639,0.303728
1.3364,0.303738
1.33641,0.303749
1.33641,0.303759
1.33642,0.303769
1.33643,0.303779
1.33644,0.303789
1.33645,0.3038
1.33645,0.30381
1.33646,0.30382
1.33647,0.30383
1.33648,0.30384
1.33649,0.303851
1.33649,0.303861
1.3365,0.303871
1.33651,0.303881
1.33652,0.303891
1.33653,0.303902
1.33654,0.303912
1.33654,0.303922
1.33655,0.303932
1.33656,0.303942
1.33657,0.303953
1.33658,0.303963
1.33658,0.303973
1.33659,0.303983
1.3366,0.303993
1.33661,0.304004
1.33662,0.304014
1.33662,0.304024
1.33663,0.304034
1.33664,0.304044
1.33665,0.304055
1.33666,0.304065
1.33667,0.304075
1.33667,0.304085
1.33668,0.304096
1.33669,0.304106
1.3367,0.304116
1.33671,0.304126
1.33671,0.304136
1.33672,0.304147
1.33673,0.304157
1.33674,0.304167
1.33675,0.304177
1.33675,0.304187
1.33676,0.304198
1.33677,0.304208
1.33678,0.304218
1.33679,0.304228
1.3368,0.304238
1.3368,0.304249
1.33681,0.304259
1.33682,0.304269
1.33683,0.304279
1.33684,0.304289
1.33684,0.3043
1.33685,0.30431
1.33686,0.30432
1.33687,0.30433
1.33688,0.30434
1.33688,0.304351
1.33689,0.304361
1.3369,0.304371
1.33691,0.304381
1.33692,0.304391
1.33692,0.304402
1.33693,0.304412
1.33694,0.304422
1.33695,0.304432
1.33696,0.304442
1.33697,0.304453
1.33697,0.304463
1.33698,0.304473
1.33699,0.304483
1.337,0.304493
1.33701,0.304504
1.33701,0.304514
1.33702,0.304524
1.33703,0.304534
1.33704,0.304544
1.33705,0.304555
1.33705,0.304565
1.33706,0.304575
1.33707,0.304585
1.33708,0.304596
1.33709,0.304606
1.3371,0.304616
1.3371,0.304626
1.33711,0.304636
1.33712,0.304647
1.33713,0.304657
1.33714,0.304667
1.33714,0.304677
1.33715,0.304687
1.33716,0.304698
1.33717,0.304708
1.33718,0.304718
1.33718,0.304728
1.33719,0.304738
1.3372,0.304749
1.33721,0.304759
1.33722,0.304769
1.33722,0.304779
1.33723,0.304789
1.33724,0.3048
1.33725,0.30481
1.33726,0.30482
1.33727,0.30483
1.33727,0.30484
1.33728,0.304851
1.33729,0.304861
1.3373,0.304871
1.33731,0.304881
1.33731,0.304891
1.33732,0.304902
1.33733,0.304912
1.33734,0.304922
1.33735,0.304932
1.33735,0.304942
1.33736,0.304953
1.33737,0.304963
1.33738,0.304973
1.33739,0.304983
1.3374,0.304993
1.3374,0.305004
1.33741,0.305014
1.33742,0.305024
1.33743,0.305034
1.33744,0.305044
1.33744,0.305055
1.33745,0.305065
1.33746,0.305075
1.33747,0.305085
1.33748,0.305096
1.33748,0.305106
1.33749,0.305116
1.3375,0.305126
1.33751,0.305136
1.33752,0.305147
1.33752,0.305157
1.33753,0.305167
1.33754,0.305177
1.33755,0.305187
1.33756,0.305198
1.33757,0.305208
1.33757,0.305218
1.33758,0.305228
1.33759,0.305238
1.3376,0.305249
1.33761,0.305259
1.33761,0.305269
1.33762,0.305279
1.33763,0.305289
1.33764,0.3053
1.33765,0.30531
1.33765,0.30532
1.33766,0.30533
1.33767,0.30534
1.33768,0.305351
1.33769,0.305361
1.33769,0.305371
1.3377,0.305381
1.33771,0.305391
1.33772,0.305402
1.33773,0.305412
1.33774,0.305422
1.33774,0.305432
1.33775,0.305442
1.33776,0.305453
1.33777,0.305463
1.33778,0.305473
1.33778,0.305483
1.33779,0.305493
1.3378,0.305504
1.33781,0.305514
1.33782,0.305524
1.33782,0.305534
1.33783,0.305544
1.33784,0.305555
1.33785,0.305565
1.33786,0.305575
1.33786,0.305585
1.33787,0.305596
1.33788,0.305606
1.33789,0.305616
1.3379,0.305626
1.33791,0.305636
1.33791,0.305647
1.33792,0.305657
1.33793,0.305667
1.33794,0.305677
1.33795,0.305687
1.33795,0.305698
1.33796,0.305708
1.33797,0.305718
1.33798,0.305728
1.33799,0.305738
1.33799,0.305749
1.338,0.305759
1.33801,0.305769
1.33802,0.305779
1.33803,0.305789
1.33803,0.3058
1.33804,0.30581
1.33805,0.30582
1.33806,0.30583
1.33807,0.30584
1.33808,0.305851
1.33808,0.305861
1.33809,0.305871
1.3381,0.305881
1.33811,0.305891
1.33812,0.305902
1.33812,0.305912
1.33813,0.305922
1.33814,0.305932
1.33815,0.305942
1.33816,0.305953
1.33816,0.305963
1.33817,0.305973
1.33818,0.305983
1.33819,0.305993
1.3382,0.306004
1.3382,0.306014
1.33821,0.306024
1.33822,0.306034
1.33823,0.306044
1.33824,0.306055
1.33825,0.306065
1.33825,0.306075
1.33826,0.306085
1.33827,0.306096
1.33828,0.306106
1.33829,0.306116
1.33829,0.306126
1.3383,0.306136
1.33831,0.306147
1.33832,0.306157
1.33833,0.306167
1.33833,0.306177
1.33834,0.306187
1.33835,0.306198
1.33836,0.306208
1.33837,0.306218
1.33837,0.306228
1.33838,0.306238
1.33839,0.306249
1.3384,0.306259
1.33841,0.306269
1.33841,0.306279
1.33842,0.306289
1.33843,0.3063
1.33844,0.30631
1.33845,0.30632
1.33846,0.30633
1.33846,0.30634
1.33847,0.306351
1.33848,0.306361
1.33849,0.306371
1.3385,0.306381
1.3385,0.306391
1.33851,0.306402
1.33852,0.306412
1.33853,0.306422
1.33854,0.306432
1.33854,0.306442
1.33855,0.306453
1.33856,0.306463
1.33857,0.306473
1.33858,0.306483
1.33858,0.306493
1.33859,0.306504
1.3386,0.306514
1.33861,0.306524
1.33862,0.306534
1.33863,0.306544
1.33863,0.306555
1.33864,0.306565
1.33865,0.306575
1.33866,0.306585
1.33867,0.306596
1.33867,0.306606
1.33868,0.306616
1.33869,0.306626
1.3387,0.306636
1.33871,0.306647
1.33871,0.306657
1.33872,0.306667
1.33873,0.306677
1.33874,0.306687
1.33875,0.306698
1.33875,0.306708
1.33876,0.306718
1.33877,0.306728
1.33878,0.306738
1.33879,0.306749
1.33879,0.306759
1.3388,0.306769
1.33881,0.306779
1.33882,0.306789
1.33883,0.3068
1.33884,0.30681
1.33884,0.30682
1.33885,0.30683
1.33886,0.30684
1.33887,0.306851
1.33888,0.306861
1.33888,0.306871
1.33889,0.306881
1.3389,0.306891
1.33891,0.306902
1.33892,0.306912
1.33892,0.306922
1.33893,0.306932
1.33894,0.306942
1.33895,0.306953
1.33896,0.306963
1.33896,0.306973
1.33897,0.306983
1.33898,0.306993
1.33899,0.307004
1.339,0.307014
1.33901,0.307024
1.33901,0.307034
1.33902,0.307045
1.33903,0.307055
1.33904,0.307065
1.33905,0.307075
1.33905,0.307085
1.33906,0.307096
1.33907,0.307106
1.33908,0.307116
1.33909,0.307126
1.33909,0.307136
1.3391,0.307147
1.33911,0.307157
1.33912,0.307167
1.33913,0.307177
1.33913,0.307187
1.33914,0.307198
1.33915,0.307208
1.33916,0.307218
1.33917,0.307228
1.33917,0.307238
1.33918,0.307249
1.33919,0.307259
1.3392,0.307269
1.33921,0.307279
1.33922,0.307289
1.33922,0.3073
1.33923,0.30731
1.33924,0.30732
1.33925,0.30733
1.33926,0.30734
1.33926,0.307351
1.33927,0.307361
1.33928,0.307371
1.33929,0.307381
1.3393,0.307391
1.3393,0.307402
1.33931,0.307412
1.33932,0.307422
1.33933,0.307432
1.33934,0.307442
1.33934,0.307453
1.33935,0.307463
1.33936,0.307473
1.33937,0.307483
1.33938,0.307493
1.33938,0.307504
1.33939,0.307514
1.3394,0.307524
1.33941,0.307534
1.33942,0.307545
1.33943,0.307555
1.33943,0.307565
1.33944,0.307575
1.33945,0.307585
1.33946,0.307596
1.33947,0.307606
1.33947,0.307616
1.33948,0.307626
1.33949,0.307636
1.3395,0.307647
1.33951,0.307657
1.33951,0.307667
1.33952,0.307677
1.33953,0.307687
1.33954,0.307698
1.33955,0.307708
1.33955,0.307718
1.33956,0.307728
1.33957,0.307738
1.33958,0.307749
1.33959,0.307759
1.33959,0.307769
1.3396,0.307779
1.33961,0.307789
1.33962,0.3078
1.33963,0.30781
1.33963,0.30782
1.33964,0.30783
1.33965,0.30784
1.33966,0.307851
1.33967,0.307861
1.33968,0.307871
1.33968,0.307881
1.33969,0.307891
1.3397,0.307902
1.33971,0.307912
1.33972,0.307922
1.33972,0.307932
1.33973,0.307942
1.33974,0.307953
1.33975,0.307963
1.33976,0.307973
1.33976,0.307983
1.33977,0.307993
1.33978,0.308004
1.33979,0.308014
1.3398,0.308024
1.3398,0.308034
1.33981,0.308045
1.33982,0.308055
1.33983,0.308065
1.33984,0.308075
1.33984,0.308085
1.33985,0.308096
1.33986,0.308106
1.33987,0.308116
1.33988,0.308126
1.33989,0.308136
1.33989,0.308147
1.3399,0.308157
1.33991,0.308167
1.33992,0.308177
1.33993,0.308187
1.33993,0.308198
1.33994,0.308208
1.33995,0.308218
1.33996,0.308228
1.33997,0.308238
1.33997,0.308249
1.33998,0.308259
1.33999,0.308269
1.34,0.308279
1.34001,0.308289
1.34001,0.3083
1.34002,0.30831
1.34003,0.30832
1.34004,0.30833
1.34005,0.30834
1.34005,0.308351
1.34006,0.308361
1.34007,0.308371
1.34008,0.308381
1.34009,0.308391
1.34009,0.308402
1.3401,0.308412
1.34011,0.308422
1.34012,0.308432
1.34013,0.308442
1.34014,0.308453
1.34014,0.308463
1.34015,0.308473
1.34016,0.308483
1.34017,0.308493
1.34018,0.308504
1.34018,0.308514
1.34019,0.308524
1.3402,0.308534
1.34021,0.308545
1.34022,0.308555
1.34022,0.308565
1.34023,0.308575
1.34024,0.308585
1.34025,0.308596
1.34026,0.308606
1.34026,0.308616
1.34027,0.308626
1.34028,0.308636
1.34029,0.308647
1.3403,0.308657
1.3403,0.308667
1.34031,0.308677
1.34032,0.308687
1.34033,0.308698
1.34034,0.308708
1.34034,0.308718
1.34035,0.308728
1.34036,0.308738
1.34037,0.308749
1.34038,0.308759
1.34038,0.308769
1.34039,0.308779
1.3404,0.308789
1.34041,0.3088
1.34042,0.30881
1.34043,0.30882
1.34043,0.30883
1.34044,0.30884
1.34045,0.308851
1.34046,0.308861
1.34047,0.308871
1.34047,0.308881
1.34048,0.308891
1.34049,0.308902
1.3405,0.308912
1.34051,0.308922
1.34051,0.308932
1.34052,0.308942
1.34053,0.308953
1.34054,0.308963
1.34055,0.308973
1.34055,0.308983
1.34056,0.308993
1.34057,0.309004
1.34058,0.309014
1.34059,0.309024
1.34059,0.309034
1.3406,0.309045
1.34061,0.309055
1.34062,0.309065
1.34063,0.309075
1.34063,0.309085
1.34064,0.309096
1.34065,0.309106
1.34066,0.309116
1.34067,0.309126
1.34068,0.309136
1.34068,0.309147
1.34069,0.309157
1.3407,0.309167
1.34071,0.309177
1.34072,0.309187
1.34072,0.309198
1.34073,0.309208
1.34074,0.309218
1.34075,0.309228
1.34076,0.309238
1.34076,0.309249
1.34077,0.309259
1.34078,0.309269
1.34079,0.309279
1.3408,0.309289
1.3408,0.3093
1.34081,0.30931
1.34082,0.30932
1.34083,0.30933
1.34084,0.30934
1.34084,0.309351
1.34085,0.309361
1.34086,0.309371
1.34087,0.309381
1.34088,0.309391
1.34088,0.309402
1.34089,0.309412
1.3409,0.309422
1.34091,0.309432
1.34092,0.309442
1.34092,0.309453
1.34093,0.309463
1.34094,0.309473
1.34095,0.309483
1.34096,0.309493
1.34096,0.309504
1.34097,0.309514
1.34098,0.309524
1.34099,0.309534
1.341,0.309545
1.34101,0.309555
1.34101,0.309565
1.34102,0.309575
1.34103,0.309585
1.34104,0.309596
1.34105,0.309606
1.34105,0.309616
1.34106,0.309626
1.34107,0.309636
1.34108,0.309647
1.34109,0.309657
1.34109,0.309667
1.3411,0.309677
1.34111,0.309687
1.34112,0.309698
1.34113,0.309708
1.34113,0.309718
1.34114,0.309728
1.34115,0.309738
1.34116,0.309749
1.34117,0.309759
1.34117,0.309769
1.34118,0.309779
1.34119,0.309789
1.3412,0.3098
1.34121,0.30981
1.34121,0.30982
1.34122,0.30983
1.34123,0.30984
1.34124,0.309851
1.34125,0.309861
1.34125,0.309871
1.34126,0.309881
1.34127,0.309891
1.34128,0.309902
1.34129,0.309912
1.3413,0.309922
1.3413,0.309932
1.34131,0.309942
1.34132,0.309953
1.34133,0.309963
1.34134,0.309973
1.34134,0.309983
1.34135,0.309993
1.34136,0.310004
1.34137,0.310014
1.34138,0.310024
1.34138,0.310034
1.34139,0.310045
1.3414,0.310055
1.34141,0.310065
1.34142,0.310075
1.34142,0.310085
1.34143,0.310096
1.34144,0.310106
1.34145,0.310116
1.34146,0.310126
1.34146,0.310136
1.34147,0.310147
1.34148,0.310157
1.34149,0.310167
1.3415,0.310177
1.3415,0.310187
1.34151,0.310198
1.34152,0.310208
1.34153,0.310218
1.34154,0.310228
1.34154,0.310238
1.34155,0.310249
1.34156,0.310259
1.34157,0.310269
1.34158,0.310279
1.34158,0.310289
1.34159,0.3103
1.3416,0.31031
1.34161,0.31032
1.34162,0.31033
1.34162,0.31034
1.34163,0.310351
1.34164,0.310361
1.34165,0.310371
1.34166,0.310381
1.34167,0.310391
1.34167,0.310402
1.34168,0.310412
1.34169,0.310422
1.3417,0.310432
1.34171,0.310442
1.34171,0.310453
1.34172,0.310463
1.34173,0.310473
1.34174,0.310483
1.34175,0.310493
1.34175,0.310504
1.34176,0.310514
1.34177,0.310524
1.34178,0.310534
1.34179,0.310545
1.34179,0.310555
1.3418,0.310565
1.34181,0.310575
1.34182,0.310585
1.34183,0.310596
1.34183,0.310606
1.34184,0.310616
1.34185,0.310626
1.34186,0.310636
1.34187,0.310647
1.34187,0.310657
1.34188,0.310667
1.34189,0.310677
1.3419,0.310687
1.34191,0.310698
1.34191,0.310708
1.34192,0.310718
1.34193,0.310728
1.34194,0.310738
1.34195,0.310749
1.34195,0.310759
1.34196,0.310769
1.34197,0.310779
1.34198,0.310789
1.34199,0.3108
1.34199,0.31081
1.342,0.31082
1.34201,0.31083
1.34202,0.31084
1.34203,0.310851
1.34203,0.310861
1.34204,0.310871
1.34205,0.310881
1.34206,0.310891
1.34207,0.310902
1.34208,0.310912
1.34208,0.310922
1.34209,0.310932
1.3421,0.310942
1.34211,0.310953
1.34212,0.310963
1.34212,0.310973
1.34213,0.310983
1.34214,0.310993
1.34215,0.311004
1.34216,0.311014
1.34216,0.311024
1.34217,0.311034
1.34218,0.311045
1.34219,0.311055
1.3422,0.311065
1.3422,0.311075
1.34221,0.311085
1.34222,0.311096
1.34223,0.311106
1.34224,0.311116
1.34224,0.311126
1.34225,0.311136
1.34226,0.311147
1.34227,0.311157
1.34228,0.311167
1.34228,0.311177
1.34229,0.311187
1.3423,0.311198
1.34231,0.311208
1.34232,0.311218
1.34232,0.311228
1.34233,0.311238
1.34234,0.311249
1.34235,0.311259
1.34236,0.311269
1.34236,0.311279
1.34237,0.311289
1.34238,0.3113
1.34239,0.31131
1.3424,0.31132
1.3424,0.31133
1.34241,0.31134
1.34242,0.311351
1.34243,0.311361
1.34244,0.311371
1.34244,0.311381
1.34245,0.311391
1.34246,0.311402
1.34247,0.311412
1.34248,0.311422
1.34248,0.311432
1.34249,0.311442
1.3425,0.311453
1.34251,0.311463
1.34252,0.311473
1.34252,0.311483
1.34253,0.311493
1.34254,0.311504
1.34255,0.311514
1.34256,0.311524
1.34257,0.311534
1.34257,0.311545
1.34258,0.311555
1.34259,0.311565
1.3426,0.311575
1.34261,0.311585
1.34261,0.311596
1.34262,0.311606
1.34263,0.311616
1.34264,0.311626
1.34265,0.311636
1.34265,0.311647
1.34266,0.311657
1.34267,0.311667
1.34268,0.311677
1.34269,0.311687
1.34269,0.311698
1.3427,0.311708
1.34271,0.311718
1.34272,0.311728
1.34273,0.311738
1.34273,0.311749
1.34274,0.311759
1.34275,0.311769
1.34276,0.311779
1.34277,0.311789
1.34277,0.3118
1.34278,0.31181
1.34279,0.31182
1.3428,0.31183
1.34281,0.31184
1.34281,0.311851
1.34282,0.311861
1.34283,0.311871
1.34284,0.311881
1.34285,0.311891
1.34285,0.311902
1.34286,0.311912
1.34287,0.311922
1.34288,0.311932
1.34289,0.311942
1.34289,0.311953
1.3429,0.311963
1.34291,0.311973
1.34292,0.311983
1.34293,0.311993
1.34293,0.312004
1.34294,0.312014
1.34295,0.312024
1.34296,0.312034
1.34297,0.312045
1.34297,0.312055
1.34298,0.312065
1.34299,0.312075
1.343,0.312085
1.34301,0.312096
1.34301,0.312106
1.34302,0.312116
1.34303,0.312126
1.34304,0.312136
1.34305,0.312147
1.34305,0.312157
1.34306,0.312167
1.34307,0.312177
1.34308,0.312187
1.34309,0.312198
1.34309,0.312208
1.3431,0.312218
1.34311,0.312228
1.34312,0.312238
1.34313,0.312249
1.34313,0.312259
1.34314,0.312269
1.34315,0.312279
1.34316,0.312289
1.34317,0.3123
1.34318,0.31231
1.34318,0.31232
1.34319,0.31233
1.3432,0.31234
1.34321,0.312351
1.34322,0.312361
1.34322,0.312371
1.34323,0.312381
1.34324,0.312391
1.34325,0.312402
1.34326,0.312412
1.34326,0.312422
1.34327,0.312432
1.34328,0.312442
1.34329,0.312453
1.3433,0.312463
1.3433,0.312473
1.34331,0.312483
1.34332,0.312493
1.34333,0.312504
1.34334,0.312514
1.34334,0.312524
1.34335,0.312534
1.34336,0.312545
1.34337,0.312555
1.34338,0.312565
1.34338,0.312575
1.34339,0.312585
1.3434,0.312596
1.34341,0.312606
1.34342,0.312616
1.34342,0.312626
1.34343,0.312636
1.34344,0.312647
1.34345,0.312657
1.34346,0.312667
1.34346,0.312677
1.34347,0.312687
1.34348,0.312698
1.34349,0.312708
1.3435,0.312718
1.3435,0.312728
1.34351,0.312738
1.34352,0.312749
1.34353,0.312759
1.34354,0.312769
1.34354,0.312779
1.34355,0.312789
1.34356,0.3128
1.34357,0.31281
1.34358,0.31282
1.34358,0.31283
1.34359,0.31284
1.3436,0.312851
1.34361,0.312861
1.34362,0.312871
1.34362,0.312881
1.34363,0.312891
1.34364,0.312902
1.34365,0.312912
1.34366,0.312922
1.34366,0.312932
1.34367,0.312942
1.34368,0.312953
1.34369,0.312963
1.3437,0.312973
1.3437,0.312983
1.34371,0.312993
1.34372,0.313004
1.34373,0.313014
1.34374,0.313024
1.34374,0.313034
1.34375,0.313045
1.34376,0.313055
1.34377,0.313065
1.34378,0.313075
1.34378,0.313085
1.34379,0.313096
1.3438,0.313106
1.34381,0.313116
1.34382,0.313126
1.34382,0.313136
1.34383,0.313147
1.34384,0.313157
1.34385,0.313167
1.34386,0.313177
1.34386,0.313187
1.34387,0.313198
1.34388,0.313208
1.34389,0.313218
1.3439,0.313228
1.3439,0.313238
1.34391,0.313249
1.34392,0.313259
1.34393,0.313269
1.34394,0.313279
1.34394,0.313289
1.34395,0.3133
1.34396,0.31331
1.34397,0.31332
1.34398,0.31333
1.34398,0.31334
1.34399,0.313351
1.344,0.313361
1.34401,0.313371
1.34402,0.313381
1.34402,0.313391
1.34403,0.313402
1.34404,0.313412
1.34405,0.313422
1.34406,0.313432
1.34406,0.313442
1.34407,0.313453
1.34408,0.313463
1.34409,0.313473
1.3441,0.313483
1.3441,0.313493
1.34411,0.313504
1.34412,0.313514
1.34413,0.313524
1.34414,0.313534
1.34414,0.313545
1.34415,0.313555
1.34416,0.313565
1.34417,0.313575
1.34418,0.313585
1.34418,0.313596
1.34419,0.313606
1.3442,0.313616
1.34421,0.313626
1.34422,0.313636
1.34422,0.313647
1.34423,0.313657
1.34424,0.313667
1.34425,0.313677
1.34426,0.313687
1.34426,0.313698
1.34427,0.313708
1.34428,0.313718
1.34429,0.313728
1.3443,0.313738
1.3443,0.313749
1.34431,0.313759
1.34432,0.313769
1.34433,0.313779
1.34434,0.313789
1.34435,0.3138
1.34435,0.31381
1.34436,0.31382
1.34437,0.31383
1.34438,0.31384
1.34439,0.313851
1.34439,0.313861
1.3444,0.313871
1.34441,0.313881
1.34442,0.313891
1.34443,0.313902
1.34443,0.313912
1.34444,0.313922
1.34445,0.313932
1.34446,0.313942
1.34447,0.313953
1.34447,0.313963
1.34448,0.313973
1.34449,0.313983
1.3445,0.313993
1.34451,0.314004
1.34451,0.314014
1.34452,0.314024
1.34453,0.314034
1.34454,0.314045
1.34455,0.314055
1.34455,0.314065
1.34456,0.314075
1.34457,0.314085
1.34458,0.314096
1.34459,0.314106
1.34459,0.314116
1.3446,0.314126
1.34461,0.314136
1.34462,0.314147
1.34463,0.314157
1.34463,0.314167
1.34464,0.314177
1.34465,0.314187
1.34466,0.314198
1.34467,0.314208
1.34467,0.314218
1.34468,0.314228
1.34469,0.314238
1.3447,0.314249
1.34471,0.314259
1.34471,0.314269
1.34472,0.314279
1.34473,0.314289
1.34474,0.3143
1.34475,0.31431
1.34475,0.31432
1.34476,0.31433
1.34477,0.31434
1.34478,0.314351
1.34479,0.314361
1.34479,0.314371
1.3448,0.314381
1.34481,0.314391
1.34482,0.314402
1.34483,0.314412
1.34483,0.314422
1.34484,0.314432
1.34485,0.314442
1.34486,0.314453
1.34487,0.314463
1.34487,0.314473
1.34488,0.314483
1.34489,0.314493
1.3449,0.314504
1.34491,0.314514
1.34491,0.314524
1.34492,0.314534
1.34493,0.314545
1.34494,0.314555
1.34495,0.314565
1.34495,0.314575
1.34496,0.314585
1.34497,0.314596
1.34498,0.314606
1.34499,0.314616
1.34499,0.314626
1.345,0.314636
1.34501,0.314647
1.34502,0.314657
1.34503,0.314667
1.34503,0.314677
1.34504,0.314687
1.34505,0.314698
1.34506,0.314708
1.34507,0.314718
1.34507,0.314728
1.34508,0.314738
1.34509,0.314749
1.3451,0.314759
1.34511,0.314769
1.34511,0.314779
1.34512,0.314789
1.34513,0.3148
1.34514,0.31481
1.34515,0.31482
1.34515,0.31483
1.34516,0.31484
1.34517,0.314851
1.34518,0.314861
1.34518,0.314871
1.34519,0.314881
1.3452,0.314891
1.34521,0.314902
1.34522,0.314912
1.34522,0.314922
1.34523,0.314932
1.34524,0.314942
1.34525,0.314953
1.34526,0.314963
1.34526,0.314973
1.34527,0.314983
1.34528,0.314993
1.34529,0.315004
1.3453,0.315014
1.3453,0.315024
1.34531,0.315034
1.34532,0.315045
1.34533,0.315055
1.34534,0.315065
1.34534,0.315075
1.34535,0.315085
1.34536,0.315096
1.34537,0.315106
1.34538,0.315116
1.34538,0.315126
1.34539,0.315136
1.3454,0.315147
1.34541,0.315157
1.34542,0.315167
1.34542,0.315177
1.34543,0.315187
1.34544,0.315198
1.34545,0.315208
1.34546,0.315218
1.34546,0.315228
1.34547,0.315238
1.34548,0.315249
1.34549,0.315259
1.3455,0.315269
1.3455,0.315279
1.34551,0.315289
1.34552,0.3153
1.34553,0.31531
1.34554,0.31532
1.34554,0.31533
1.34555,0.31534
1.34556,0.315351
1.34557,0.315361
1.34558,0.315371
1.34558,0.315381
1.34559,0.315391
1.3456,0.315402
1.34561,0.315412
1.34562,0.315422
1.34562,0.315432
1.34563,0.315442
1.34564,0.315453
1.34565,0.315463
1.34566,0.315473
1.34566,0.315483
1.34567,0.315494
1.34568,0.315504
1.34569,0.315514
1.3457,0.315524
1.3457,0.315534
1.34571,0.315545
1.34572,0.315555
1.34573,0.315565
1.34574,0.315575
1.34574,0.315585
1.34575,0.315596
1.34576,0.315606
1.34577,0.315616
1.34578,0.315626
1.34578,0.315636
1.34579,0.315647
1.3458,0.315657
1.34581,0.315667
1.34582,0.315677
1.34582,0.315687
1.34583,0.315698
1.34584,0.315708
1.34585,0.315718
1.34586,0.315728
1.34586,0.315738
1.34587,0.315749
1.34588,0.315759
1.34589,0.315769
1.3459,0.315779
1.3459,0.315789
1.34591,0.3158
1.34592,0.31581
1.34593,0.31582
1.34594,0.31583
1.34594,0.31584
1.34595,0.315851
1.34596,0.315861
1.34597,0.315871
1.34598,0.315881
1.34598,0.315891
1.34599,0.315902
1.346,0.315912
1.34601,0.315922
1.34602,0.315932
1.34602,0.315942
1.34603,0.315953
1.34604,0.315963
1.34605,0.315973
1.34606,0.315983
1.34606,0.315994
1.34607,0.316004
1.34608,0.316014
1.34609,0.316024
1.3461,0.316034
1.3461,0.316045
1.34611,0.316055
1.34612,0.316065
1.34613,0.316075
1.34614,0.316085
1.34614,0.316096
1.34615,0.316106
1.34616,0.316116
1.34617,0.316126
1.34618,0.316136
1.34618,0.316147
1.34619,0.316157
1.3462,0.316167
1.34621,0.316177
1.34622,0.316187
1.34622,0.316198
1.34623,0.316208
1.34624,0.316218
1.34625,0.316228
1.34626,0.316238
1.34626,0.316249
1.34627,0.316259
1.34628,0.316269
1.34629,0.316279
1.3463,0.316289
1.3463,0.3163
1.34631,0.31631
1.34632,0.31632
1.34633,0.31633
1.34633,0.31634
1.34634,0.316351
1.34635,0.316361
1.34636,0.316371
1.34637,0.316381
1.34637,0.316391
1.34638,0.316402
1.34639,0.316412
1.3464,0.316422
1.34641,0.316432
1.34641,0.316442
1.34642,0.316453
1.34643,0.316463
1.34644,0.316473
1.34645,0.316483
1.34645,0.316494
1.34646,0.316504
1.34647,0.316514
1.34648,0.316524
1.34649,0.316534
1.34649,0.316545
1.3465,0.316555
1.34651,0.316565
1.34652,0.316575
1.34653,0.316585
1.34653,0.316596
1.34654,0.316606
1.34655,0.316616
1.34656,0.316626
1.34657,0.316636
1.34657,0.316647
1.34658,0.316657
1.34659,0.316667
1.3466,0.316677
1.34661,0.316687
1.34661,0.316698
1.34662,0.316708
1.34663,0.316718
1.34664,0.316728
1.34665,0.316738
1.34665,0.316749
1.34666,0.316759
1.34667,0.316769
1.34668,0.316779
1.34669,0.316789
1.34669,0.3168
1.3467,0.31681
1.34671,0.31682
1.34672,0.31683
1.34673,0.31684
1.34673,0.316851
1.34674,0.316861
1.34675,0.316871
1.34676,0.316881
1.34677,0.316891
1.34677,0.316902
1.34678,0.316912
1.34679,0.316922
1.3468,0.316932
1.34681,0.316942
1.34681,0.316953
1.34682,0.316963
1.34683,0.316973
1.34684,0.316983
1.34685,0.316994
1.34685,0.317004
1.34686,0.317014
1.34687,0.317024
1.34688,0.317034
1.34689,0.317045
1.34689,0.317055
1.3469,0.317065
1.34691,0.317075
1.34692,0.317085
1.34693,0.317096
1.34693,0.317106
1.34694,0.317116
1.34695,0.317126
1.34696,0.317136
1.34696,0.317147
1.34697,0.317157
1.34698,0.317167
1.34699,0.317177
1.347,0.317187
1.347,0.317198
1.34701,0.317208
1.34702,0.317218
1.34703,0.317228
1.34704,0.317238
1.34704,0.317249
1.34705,0.317259
1.34706,0.317269
1.34707,0.317279
1.34708,0.317289
1.34708,0.3173
1.34709,0.31731
1.3471,0.31732
1.34711,0.31733
1.34712,0.31734
1.34712,0.317351
1.34713,0.317361
1.34714,0.317371
1.34715,0.317381
1.34716,0.317391
1.34716,0.317402
1.34717,0.317412
1.34718,0.317422
1.34719,0.317432
1.3472,0.317442
1.3472,0.317453
1.34721,0.317463
1.34722,0.317473
1.34723,0.317483
1.34724,0.317494
1.34724,0.317504
1.34725,0.317514
1.34726,0.317524
1.34727,0.317534
1.34728,0.317545
1.34728,0.317555
1.34729,0.317565
1.3473,0.317575
1.34731,0.317585
1.34732,0.317596
1.34732,0.317606
1.34733,0.317616
1.34734,0.317626
1.34735,0.317636
1.34736,0.317647
1.34736,0.317657
1.34737,0.317667
1.34738,0.317677
1.34739,0.317687
1.3474,0.317698
1.3474,0.317708
1.34741,0.317718
1.34742,0.317728
1.34743,0.317738
1.34743,0.317749
1.34744,0.317759
1.34745,0.317769
1.34746,0.317779
1.34747,0.317789
1.34747,0.3178
1.34748,0.31781
1.34749,0.31782
1.3475,0.31783
1.34751,0.31784
1.34751,0.317851
1.34752,0.317861
1.34753,0.317871
1.34754,0.317881
1.34755,0.317891
1.34755,0.317902
1.34756,0.317912
1.34757,0.317922
1.34758,0.317932
1.34759,0.317942
1.34759,0.317953
1.3476,0.317963
1.34761,0.317973
1.34762,0.317983
1.34763,0.317994
1.34763,0.318004
1.34764,0.318014
1.34765,0.318024
1.34766,0.318034
1.34767,0.318045
1.34767,0.318055
1.34768,0.318065
1.34769,0.318075
1.3477,0.318085
1.34771,0.318096
1.34771,0.318106
1.34772,0.318116
1.34773,0.318126
1.34774,0.318136
1.34775,0.318147
1.34775,0.318157
1.34776,0.318167
1.34777,0.318177
1.34778,0.318187
1.34779,0.318198
1.34779,0.318208
1.3478,0.318218
1.34781,0.318228
1.34782,0.318238
1.34783,0.318249
1.34783,0.318259
1.34784,0.318269
1.34785,0.318279
1.34786,0.318289
1.34786,0.3183
1.34787,0.31831
1.34788,0.31832
1.34789,0.31833
1.3479,0.31834
1.3479,0.318351
1.34791,0.318361
1.34792,0.318371
1.34793,0.318381
1.34794,0.318391
1.34794,0.318402
1.34795,0.318412
1.34796,0.318422
1.34797,0.318432
1.34798,0.318442
1.34798,0.318453
1.34799,0.318463
1.348,0.318473
1.34801,0.318483
1.34802,0.318494
1.34802,0.318504
1.34803,0.318514
1.34804,0.318524
1.34805,0.318534
1.34806,0.318545
1.34806,0.318555
1.34807,0.318565
1.34808,0.318575
1.34809,0.318585
1.3481,0.318596
1.3481,0.318606
1.34811,0.318616
1.34812,0.318626
1.34813,0.318636
1.34814,0.318647
1.34814,0.318657
1.34815,0.318667
1.34816,0.318677
1.34817,0.318687
1.34818,0.318698
1.34818,0.318708
1.34819,0.318718
1.3482,0.318728
1.34821,0.318738
1.34821,0.318749
1.34822,0.318759
1.34823,0.318769
1.34824,0.318779
1.34825,0.318789
1.34825,0.3188
1.34826,0.31881
1.34827,0.31882
1.34828,0.31883
1.34829,0.31884
1.34829,0.318851
1.3483,0.318861
1.34831,0.318871
1.34832,0.318881
1.34833,0.318891
1.34833,0.318902
1.34834,0.318912
1.34835,0.318922
1.34836,0.318932
1.34837,0.318942
1.34837,0.318953
1.34838,0.318963
1.34839,0.318973
1.3484,0.318983
1.34841,0.318994
1.34841,0.319004
1.34842,0.319014
1.34843,0.319024
1.34844,0.319034
1.34845,0.319045
1.34845,0.319055
1.34846,0.319065
1.34847,0.319075
1.34848,0.319085
1.34849,0.319096
1.34849,0.319106
1.3485,0.319116
1.34851,0.319126
1.34852,0.319136
1.34852,0.319147
1.34853,0.319157
1.34854,0.319167
1.34855,0.319177
1.34856,0.319187
1.34856,0.319198
1.34857,0.319208
1.34858,0.319218
1.34859,0.319228
1.3486,0.319238
1.3486,0.319249
1.34861,0.319259
1.34862,0.319269
1.34863,0.319279
1.34864,0.319289
1.34864,0.3193
1.34865,0.31931
1.34866,0.31932
1.34867,0.31933
1.34868,0.31934
1.34868,0.319351
1.34869,0.319361
1.3487,0.319371
1.34871,0.319381
1.34872,0.319391
1.34872,0.319402
1.34873,0.319412
1.34874,0.319422
1.34875,0.319432
1.34876,0.319442
1.34876,0.319453
1.34877,0.319463
1.34878,0.319473
1.34879,0.319483
1.3488,0.319494
1.3488,0.319504
1.34881,0.319514
1.34882,0.319524
1.34883,0.319534
1.34883,0.319545
1.34884,0.319555
1.34885,0.319565
1.34886,0.319575
1.34887,0.319585
1.34887,0.319596
1.34888,0.319606
1.34889,0.319616
1.3489,0.319626
1.34891,0.319636
1.34891,0.319647
1.34892,0.319657
1.34893,0.319667
1.34894,0.319677
1.34895,0.319687
1.34895,0.319698
1.34896,0.319708
1.34897,0.319718
1.34898,0.319728
1.34899,0.319738
1.34899,0.319749
1.349,0.319759
1.34901,0.319769
1.34902,0.319779
1.34903,0.319789
1.34903,0.3198
1.34904,0.31981
1.34905,0.31982
1.34906,0.31983
1.34907,0.31984
1.34907,0.319851
1.34908,0.319861
1.34909,0.319871
1.3491,0.319881
1.3491,0.319891
1.34911,0.319902
1.34912,0.319912
1.34913,0.319922
1.34914,0.319932
1.34914,0.319942
1.34915,0.319953
1.34916,0.319963
1.34917,0.319973
1.34918,0.319983
1.34918,0.319994
1.34919,0.320004
1.3492,0.320014
1.34921,0.320024
1.34922,0.320034
1.34922,0.320045
1.34923,0.320055
1.34924,0.320065
1.34925,0.320075
1.34926,0.320085
1.34926,0.320096
1.34927,0.320106
1.34928,0.320116
1.34929,0.320126
1.3493,0.320136
1.3493,0.320147
1.34931,0.320157
1.34932,0.320167
1.34933,0.320177
1.34934,0.320187
1.34934,0.320198
1.34935,0.320208
1.34936,0.320218
1.34937,0.320228
1.34937,0.320238
1.34938,0.320249
1.34939,0.320259
1.3494,0.320269
1.34941,0.320279
1.34941,0.320289
1.34942,0.3203
1.34943,0.32031
1.34944,0.32032
1.34945,0.32033
1.34945,0.32034
1.34946,0.320351
1.34947,0.320361
1.34948,0.320371
1.34949,0.320381
1.34949,0.320391
1.3495,0.320402
1.34951,0.320412
1.34952,0.320422
1.34953,0.320432
1.34953,0.320442
1.34954,0.320453
1.34955,0.320463
1.34956,0.320473
1.34957,0.320483
1.34957,0.320494
1.34958,0.320504
1.34959,0.320514
1.3496,0.320524
1.34961,0.320534
1.34961,0.320545
1.34962,0.320555
1.34963,0.320565
1.34964,0.320575
1.34964,0.320585
1.34965,0.320596
1.34966,0.320606
1.34967,0.320616
1.34968,0.320626
1.34968,0.320636
1.34969,0.320647
1.3497,0.320657
1.34971,0.320667
1.34972,0.320677
1.34972,0.320687
1.34973,0.320698
1.34974,0.320708
1.34975,0.320718
1.34976,0.320728
1.34976,0.320738
1.34977,0.320749
1.34978,0.320759
1.34979,0.320769
1.3498,0.320779
1.3498,0.320789
1.34981,0.3208
1.34982,0.32081
1.34983,0.32082
1.34984,0.32083
1.34984,0.32084
1.34985,0.320851
1.34986,0.320861
1.34987,0.320871
1.34987,0.320881
1.34988,0.320891
1.34989,0.320902
1.3499,0.320912
1.34991,0.320922
1.34991,0.320932
1.34992,0.320942
1.34993,0.320953
1.34994,0.320963
1.34995,0.320973
1.34995,0.320983
1.34996,0.320994
1.34997,0.321004
1.34998,0.321014
1.34999,0.321024
1.34999,0.321034
1.35,0.321045
1.35001,0.321055
1.35002,0.321065
1.35003,0.321075
1.35003,0.321085
1.35004,0.321096
1.35005,0.321106
1.35006,0.321116
1.35007,0.321126
1.35007,0.321136
1.35008,0.321147
1.35009,0.321157
1.3501,0.321167
1.3501,0.321177
1.35011,0.321187
1.35012,0.321198
1.35013,0.321208
1.35014,0.321218
1.35014,0.321228
1.35015,0.321238
1.35016,0.321249
1.35017,0.321259
1.35018,0.321269
1.35018,0.321279
1.35019,0.321289
1.3502,0.3213
1.35021,0.32131
1.35022,0.32132
1.35022,0.32133
1.35023,0.32134
1.35024,0.321351
1.35025,0.321361
1.35026,0.321371
1.35026,0.321381
1.35027,0.321391
1.35028,0.321402
1.35029,0.321412
1.35029,0.321422
1.3503,0.321432
1.35031,0.321442
1.35032,0.321453
1.35033,0.321463
1.35033,0.321473
1.35034,0.321483
1.35035,0.321494
1.35036,0.321504
1.35037,0.321514
1.35037,0.321524
1.35038,0.321534
1.35039,0.321545
1.3504,0.321555
1.35041,0.321565
1.35041,0.321575
1.35042,0.321585
1.35043,0.321596
1.35044,0.321606
1.35045,0.321616
1.35045,0.321626
1.35046,0.321636
1.35047,0.321647
1.35048,0.321657
1.35049,0.321667
1.35049,0.321677
1.3505,0.321687
1.35051,0.321698
1.35052,0.321708
1.35052,0.321718
1.35053,0.321728
1.35054,0.321738
1.35055,0.321749
1.35056,0.321759
1.35056,0.321769
1.35057,0.321779
1.35058,0.321789
1.35059,0.3218
1.3506,0.32181
1.3506,0.32182
1.35061,0.32183
1.35062,0.32184
1.35063,0.321851
1.35064,0.321861
1.35064,0.321871
1.35065,0.321881
1.35066,0.321891
1.35067,0.321902
1.35068,0.321912
1.35068,0.321922
1.35069,0.321932
1.3507,0.321942
1.35071,0.321953
1.35071,0.321963
1.35072,0.321973
1.35073,0.321983
1.35074,0.321994
1.35075,0.322004
1.35075,0.322014
1.35076,0.322024
1.35077,0.322034
1.35078,0.322045
1.35079,0.322055
1.35079,0.322065
1.3508,0.322075
1.35081,0.322085
1.35082,0.322096
1.35083,0.322106
1.35083,0.322116
1.35084,0.322126
1.35085,0.322136
1.35086,0.322147
1.35087,0.322157
1.35087,0.322167
1.35088,0.322177
1.35089,0.322187
1.3509,0.322198
1.3509,0.322208
1.35091,0.322218
1.35092,0.322228
1.35093,0.322238
1.35094,0.322249
1.35094,0.322259
1.35095,0.322269
1.35096,0.322279
1.35097,0.322289
1.35098,0.3223
1.35098,0.32231
1.35099,0.32232
1.351,0.32233
1.35101,0.32234
1.35102,0.322351
1.35102,0.322361
1.35103,0.322371
1.35104,0.322381
1.35105,0.322391
1.35106,0.322402
1.35106,0.322412
1.35107,0.322422
1.35108,0.322432
1.35109,0.322442
1.35109,0.322453
1.3511,0.322463
1.35111,0.322473
1.35112,0.322483
1.35113,0.322494
1.35113,0.322504
1.35114,0.322514
1.35115,0.322524
1.35116,0.322534
1.35117,0.322545
1.35117,0.322555
1.35118,0.322565
1.35119,0.322575
1.3512,0.322585
1.35121,0.322596
1.35121,0.322606
1.35122,0.322616
1.35123,0.322626
1.35124,0.322636
1.35125,0.322647
1.35125,0.322657
1.35126,0.322667
1.35127,0.322677
1.35128,0.322687
1.35128,0.322698
1.35129,0.322708
1.3513,0.322718
1.35131,0.322728
1.35132,0.322738
1.35132,0.322749
1.35133,0.322759
1.35134,0.322769
1.35135,0.322779
1.35136,0.322789
1.35136,0.3228
1.35137,0.32281
1.35138,0.32282
1.35139,0.32283
1.3514,0.32284
1.3514,0.322851
1.35141,0.322861
1.35142,0.322871
1.35143,0.322881
1.35144,0.322891
1.35144,0.322902
1.35145,0.322912
1.35146,0.322922
1.35147,0.322932
1.35147,0.322942
1.35148,0.322953
1.35149,0.322963
1.3515,0.322973
1.35151,0.322983
1.35151,0.322994
1.35152,0.323004
1.35153,0.323014
1.35154,0.323024
1.35155,0.323034
1.35155,0.323045
1.35156,0.323055
1.35157,0.323065
1.35158,0.323075
1.35159,0.323085
1.35159,0.323096
1.3516,0.323106
1.35161,0.323116
1.35162,0.323126
1.35162,0.323136
1.35163,0.323147
1.35164,0.323157
1.35165,0.323167
1.35166,0.323177
1.35166,0.323187
1.35167,0.323198
1.35168,0.323208
1.35169,0.323218
1.3517,0.323228
1.3517,0.323238
1.35171,0.323249
1.35172,0.323259
1.35173,0.323269
1.35174,0.323279
1.35174,0.323289
1.35175,0.3233
1.35176,0.32331
1.35177,0.32332
1.35178,0.32333
1.35178,0.32334
1.35179,0.323351
1.3518,0.323361
1.35181,0.323371
1.35181,0.323381
1.35182,0.323391
1.35183,0.323402
1.35184,0.323412
1.35185,0.323422
1.35185,0.323432
1.35186,0.323442
1.35187,0.323453
1.35188,0.323463
1.35189,0.323473
1.35189,0.323483
1.3519,0.323494
1.35191,0.323504
1.35192,0.323514
1.35193,0.323524
1.35193,0.323534
1.35194,0.323545
1.35195,0.323555
1.35196,0.323565
1.35196,0.323575
1.35197,0.323585
1.35198,0.323596
1.35199,0.323606
1.352,0.323616
1.352,0.323626
1.35201,0.323636
1.35202,0.323647
1.35203,0.323657
1.35204,0.323667
1.35204,0.323677
1.35205,0.323687
1.35206,0.323698
1.35207,0.323708
1.35208,0.323718
1.35208,0.323728
1.35209,0.323738
1.3521,0.323749
1.35211,0.323759
1.35212,0.323769
1.35212,0.323779
1.35213,0.323789
1.35214,0.3238
1.35215,0.32381
1.35215,0.32382
1.35216,0.32383
1.35217,0.32384
1.35218,0.323851
1.35219,0.323861
1.35219,0.323871
1.3522,0.323881
1.35221,0.323891
1.35222,0.323902
1.35223,0.323912
1.35223,0.323922
1.35224,0.323932
1.35225,0.323942
1.35226,0.323953
1.35227,0.323963
1.35227,0.323973
1.35228,0.323983
1.35229,0.323994
1.3523,0.324004
1.3523,0.324014
1.35231,0.324024
1.35232,0.324034
1.35233,0.324045
1.35234,0.324055
1.35234,0.324065
1.35235,0.324075
1.35236,0.324085
1.35237,0.324096
1.35238,0.324106
1.35238,0.324116
1.35239,0.324126
1.3524,0.324136
1.35241,0.324147
1.35242,0.324157
1.35242,0.324167
1.35243,0.324177
1.35244,0.324187
1.35245,0.324198
1.35245,0.324208
1.35246,0.324218
1.35247,0.324228
1.35248,0.324238
1.35249,0.324249
1.35249,0.324259
1.3525,0.324269
1.35251,0.324279
1.35252,0.324289
1.35253,0.3243
1.35253,0.32431
1.35254,0.32432
1.35255,0.32433
1.35256,0.32434
1.35257,0.324351
1.35257,0.324361
1.35258,0.324371
1.35259,0.324381
1.3526,0.324391
1.3526,0.324402
1.35261,0.324412
1.35262,0.324422
1.35263,0.324432
1.35264,0.324442
1.35264,0.324453
1.35265,0.324463
1.35266,0.324473
1.35267,0.324483
1.35268,0.324494
1.35268,0.324504
1.35269,0.324514
1.3527,0.324524
1.35271,0.324534
1.35272,0.324545
1.35272,0.324555
1.35273,0.324565
1.35274,0.324575
1.35275,0.324585
1.35275,0.324596
1.35276,0.324606
1.35277,0.324616
1.35278,0.324626
1.35279,0.324636
1.35279,0.324647
1.3528,0.324657
1.35281,0.324667
1.35282,0.324677
1.35283,0.324687
1.35283,0.324698
1.35284,0.324708
1.35285,0.324718
1.35286,0.324728
1.35287,0.324738
1.35287,0.324749
1.35288,0.324759
1.35289,0.324769
1.3529,0.324779
1.3529,0.324789
1.35291,0.3248
1.35292,0.32481
1.35293,0.32482
1.35294,0.32483
1.35294,0.32484
1.35295,0.324851
1.35296,0.324861
1.35297,0.324871
1.35298,0.324881
1.35298,0.324891
1.35299,0.324902
1.353,0.324912
1.35301,0.324922
1.35302,0.324932
1.35302,0.324942
1.35303,0.324953
1.35304,0.324963
1.35305,0.324973
1.35305,0.324983
1.35306,0.324994
1.35307,0.325004
1.35308,0.325014
1.35309,0.325024
1.35309,0.325034
1.3531,0.325045
1.35311,0.325055
1.35312,0.325065
1.35313,0.325075
1.35313,0.325085
1.35314,0.325096
1.35315,0.325106
1.35316,0.325116
1.35317,0.325126
1.35317,0.325136
1.35318,0.325147
1.35319,0.325157
1.3532,0.325167
1.3532,0.325177
1.35321,0.325187
1.35322,0.325198
1.35323,0.325208
1.35324,0.325218
1.35324,0.325228
1.35325,0.325238
1.35326,0.325249
1.35327,0.325259
1.35328,0.325269
1.35328,0.325279
1.35329,0.325289
1.3533,0.3253
1.35331,0.32531
1.35331,0.32532
1.35332,0.32533
1.35333,0.32534
1.35334,0.325351
1.35335,0.325361
1.35335,0.325371
1.35336,0.325381
1.35337,0.325391
1.35338,0.325402
1.35339,0.325412
1.35339,0.325422
1.3534,0.325432
1.35341,0.325442
1.35342,0.325453
1.35343,0.325463
1.35343,0.325473
1.35344,0.325483
1.35345,0.325494
1.35346,0.325504
1.35346,0.325514
1.35347,0.325524
1.35348,0.325534
1.35349,0.325545
1.3535,0.325555
1.3535,0.325565
1.35351,0.325575
1.35352,0.325585
1.35353,0.325596
1.35354,0.325606
1.35354,0.325616
1.35355,0.325626
1.35356,0.325636
1.35357,0.325647
1.35358,0.325657
1.35358,0.325667
1.35359,0.325677
1.3536,0.325687
1.35361,0.325698
1.35361,0.325708
1.35362,0.325718
1.35363,0.325728
1.35364,0.325738
1.35365,0.325749
1.35365,0.325759
1.35366,0.325769
1.35367,0.325779
1.35368,0.325789
1.35369,0.3258
1.35369,0.32581
1.3537,0.32582
1.35371,0.32583
1.35372,0.32584
1.35372,0.325851
1.35373,0.325861
1.35374,0.325871
1.35375,0.325881
1.35376,0.325891
1.35376,0.325902
1.35377,0.325912
1.35378,0.325922
1.35379,0.325932
1.3538,0.325942
1.3538,0.325953
1.35381,0.325963
1.35382,0.325973
1.35383,0.325983
1.35384,0.325994
1.35384,0.326004
1.35385,0.326014
1.35386,0.326024
1.35387,0.326034
1.35387,0.326045
1.35388,0.326055
1.35389,0.326065
1.3539,0.326075
1.35391,0.326085
1.35391,0.326096
1.35392,0.326106
1.35393,0.326116
1.35394,0.326126
1.35395,0.326136
1.35395,0.326147
1.35396,0.326157
1.35397,0.326167
1.35398,0.326177
1.35398,0.326187
1.35399,0.326198
1.354,0.326208
1.35401,0.326218
1.35402,0.326228
1.35402,0.326238
1.35403,0.326249
1.35404,0.326259
1.35405,0.326269
1.35406,0.326279
1.35406,0.326289
1.35407,0.3263
1.35408,0.32631
1.35409,0.32632
1.3541,0.32633
1.3541,0.32634
1.35411,0.326351
1.35412,0.326361
1.35413,0.326371
1.35413,0.326381
1.35414,0.326391
1.35415,0.326402
1.35416,0.326412
1.35417,0.326422
1.35417,0.326432
1.35418,0.326442
1.35419,0.326453
1.3542,0.326463
1.35421,0.326473
1.35421,0.326483
1.35422,0.326494
1.35423,0.326504
1.35424,0.326514
1.35424,0.326524
1.35425,0.326534
1.35426,0.326545
1.35427,0.326555
1.35428,0.326565
1.35428,0.326575
1.35429,0.326585
1.3543,0.326596
1.35431,0.326606
1.35432,0.326616
1.35432,0.326626
1.35433,0.326636
1.35434,0.326647
1.35435,0.326657
1.35435,0.326667
1.35436,0.326677
1.35437,0.326687
1.35438,0.326698
1.35439,0.326708
1.35439,0.326718
1.3544,0.326728
1.35441,0.326738
1.35442,0.326749
1.35443,0.326759
1.35443,0.326769
1.35444,0.326779
1.35445,0.326789
1.35446,0.3268
1.35447,0.32681
1.35447,0.32682
1.35448,0.32683
1.35449,0.32684
1.3545,0.326851
1.3545,0.326861
1.35451,0.326871
1.35452,0.326881
1.35453,0.326891
1.35454,0.326902
1.35454,0.326912
1.35455,0.326922
1.35456,0.326932
1.35457,0.326942
1.35458,0.326953
1.35458,0.326963
1.35459,0.326973
1.3546,0.326983
1.35461,0.326994
1.35461,0.327004
1.35462,0.327014
1.35463,0.327024
1.35464,0.327034
1.35465,0.327045
1.35465,0.327055
1.35466,0.327065
1.35467,0.327075
1.35468,0.327085
1.35469,0.327096
1.35469,0.327106
1.3547,0.327116
1.35471,0.327126
1.35472,0.327136
1.35472,0.327147
1.35473,0.327157
1.35474,0.327167
1.35475,0.327177
1.35476,0.327187
1.35476,0.327198
1.35477,0.327208
1.35478,0.327218
1.35479,0.327228
1.3548,0.327238
1.3548,0.327249
1.35481,0.327259
1.35482,0.327269
1.35483,0.327279
1.35483,0.327289
1.35484,0.3273
1.35485,0.32731
1.35486,0.32732
1.35487,0.32733
1.35487,0.32734
1.35488,0.327351
1.35489,0.327361
1.3549,0.327371
1.35491,0.327381
1.35491,0.327391
1.35492,0.327402
1.35493,0.327412
1.35494,0.327422
1.35494,0.327432
1.35495,0.327442
1.35496,0.327453
1.35497,0.327463
1.35498,0.327473
1.35498,0.327483
1.35499,0.327494
1.355,0.327504
1.35501,0.327514
1.35502,0.327524
1.35502,0.327534
1.35503,0.327545
1.35504,0.327555
1.35505,0.327565
1.35506,0.327575
1.35506,0.327585
1.35507,0.327596
1.35508,0.327606
1.35509,0.327616
1.35509,0.327626
1.3551,0.327636
1.35511,0.327647
1.35512,0.327657
1.35513,0.327667
1.35513,0.327677
1.35514,0.327687
1.35515,0.327698
1.35516,0.327708
1.35517,0.327718
1.35517,0.327728
1.35518,0.327738
1.35519,0.327749
1.3552,0.327759
1.3552,0.327769
1.35521,0.327779
1.35522,0.327789
1.35523,0.3278
1.35524,0.32781
1.35524,0.32782
1.35525,0.32783
1.35526,0.32784
1.35527,0.327851
1.35528,0.327861
1.35528,0.327871
1.35529,0.327881
1.3553,0.327891
1.35531,0.327902
1.35531,0.327912
1.35532,0.327922
1.35533,0.327932
1.35534,0.327942
1.35535,0.327953
1.35535,0.327963
1.35536,0.327973
1.35537,0.327983
1.35538,0.327994
1.35539,0.328004
1.35539,0.328014
1.3554,0.328024
1.35541,0.328034
1.35542,0.328045
1.35542,0.328055
1.35543,0.328065
1.35544,0.328075
1.35545,0.328085
1.35546,0.328096
1.35546,0.328106
1.35547,0.328116
1.35548,0.328126
1.35549,0.328136
1.3555,0.328147
1.3555,0.328157
1.35551,0.328167
1.35552,0.328177
1.35553,0.328187
1.35553,0.328198
1.35554,0.328208
1.35555,0.328218
1.35556,0.328228
1.35557,0.328238
1.35557,0.328249
1.35558,0.328259
1.35559,0.328269
1.3556,0.328279
1.35561,0.328289
1.35561,0.3283
1.35562,0.32831
1.35563,0.32832
1.35564,0.32833
1.35564,0.32834
1.35565,0.328351
1.35566,0.328361
1.35567,0.328371
1.35568,0.328381
1.35568,0.328391
1.35569,0.328402
1.3557,0.328412
1.35571,0.328422
1.35572,0.328432
1.35572,0.328442
1.35573,0.328453
1.35574,0.328463
1.35575,0.328473
1.35575,0.328483
1.35576,0.328494
1.35577,0.328504
1.35578,0.328514
1.35579,0.328524
1.35579,0.328534
1.3558,0.328545
1.35581,0.328555
1.35582,0.328565
1.35583,0.328575
1.35583,0.328585
1.35584,0.328596
1.35585,0.328606
1.35586,0.328616
1.35586,0.328626
1.35587,0.328636
1.35588,0.328647
1.35589,0.328657
1.3559,0.328667
1.3559,0.328677
1.35591,0.328687
1.35592,0.328698
1.35593,0.328708
1.35594,0.328718
1.35594,0.328728
1.35595,0.328738
1.35596,0.328749
1.35597,0.328759
1.35597,0.328769
1.35598,0.328779
1.35599,0.328789
1.356,0.3288
1.35601,0.32881
1.35601,0.32882
1.35602,0.32883
1.35603,0.32884
1.35604,0.328851
1.35605,0.328861
1.35605,0.328871
1.35606,0.328881
1.35607,0.328891
1.35608,0.328902
1.35608,0.328912
1.35609,0.328922
1.3561,0.328932
1.35611,0.328943
1.35612,0.328953
1.35612,0.328963
1.35613,0.328973
1.35614,0.328983
1.35615,0.328994
1.35615,0.329004
1.35616,0.329014
1.35617,0.329024
1.35618,0.329034
1.35619,0.329045
1.35619,0.329055
1.3562,0.329065
1.35621,0.329075
1.35622,0.329085
1.35623,0.329096
1.35623,0.329106
1.35624,0.329116
1.35625,0.329126
1.35626,0.329136
1.35626,0.329147
1.35627,0.329157
1.35628,0.329167
1.35629,0.329177
1.3563,0.329187
1.3563,0.329198
1.35631,0.329208
1.35632,0.329218
1.35633,0.329228
1.35634,0.329238
1.35634,0.329249
1.35635,0.329259
1.35636,0.329269
1.35637,0.329279
1.35637,0.329289
1.35638,0.3293
1.35639,0.32931
1.3564,0.32932
1.35641,0.32933
1.35641,0.32934
1.35642,0.329351
1.35643,0.329361
1.35644,0.329371
1.35645,0.329381
1.35645,0.329391
1.35646,0.329402
1.35647,0.329412
1.35648,0.329422
1.35648,0.329432
1.35649,0.329443
1.3565,0.329453
1.35651,0.329463
1.35652,0.329473
1.35652,0.329483
1.35653,0.329494
1.35654,0.329504
1.35655,0.329514
1.35656,0.329524
1.35656,0.329534
1.35657,0.329545
1.35658,0.329555
1.35659,0.329565
1.35659,0.329575
1.3566,0.329585
1.35661,0.329596
1.35662,0.329606
1.35663,0.329616
1.35663,0.329626
1.35664,0.329636
1.35665,0.329647
1.35666,0.329657
1.35666,0.329667
1.35667,0.329677
1.35668,0.329687
1.35669,0.329698
1.3567,0.329708
1.3567,0.329718
1.35671,0.329728
1.35672,0.329738
1.35673,0.329749
1.35674,0.329759
1.35674,0.329769
1.35675,0.329779
1.35676,0.329789
1.35677,0.3298
1.35677,0.32981
1.35678,0.32982
1.35679,0.32983
1.3568,0.32984
1.35681,0.329851
1.35681,0.329861
1.35682,0.329871
1.35683,0.329881
1.35684,0.329891
1.35685,0.329902
1.35685,0.329912
1.35686,0.329922
1.35687,0.329932
1.35688,0.329943
1.35688,0.329953
1.35689,0.329963
1.3569,0.329973
1.35691,0.329983
1.35692,0.329994
1.35692,0.330004
1.35693,0.330014
1.35694,0.330024
1.35695,0.330034
1.35695,0.330045
1.35696,0.330055
1.35697,0.330065
1.35698,0.330075
1.35699,0.330085
1.35699,0.330096
1.357,0.330106
1.35701,0.330116
1.35702,0.330126
1.35703,0.330136
1.35703,0.330147
1.35704,0.330157
1.35705,0.330167
1.35706,0.330177
1.35706,0.330187
1.35707,0.330198
1.35708,0.330208
1.35709,0.330218
1.3571,0.330228
1.3571,0.330238
1.35711,0.330249
1.35712,0.330259
1.35713,0.330269
1.35714,0.330279
1.35714,0.330289
1.35715,0.3303
1.35716,0.33031
1.35717,0.33032
1.35717,0.33033
1.35718,0.33034
1.35719,0.330351
1.3572,0.330361
1.35721,0.330371
1.35721,0.330381
1.35722,0.330391
1.35723,0.330402
1.35724,0.330412
1.35724,0.330422
1.35725,0.330432
1.35726,0.330443
1.35727,0.330453
1.35728,0.330463
1.35728,0.330473
1.35729,0.330483
1.3573,0.330494
1.35731,0.330504
1.35732,0.330514
1.35732,0.330524
1.35733,0.330534
1.35734,0.330545
1.35735,0.330555
1.35735,0.330565
1.35736,0.330575
1.35737,0.330585
1.35738,0.330596
1.35739,0.330606
1.35739,0.330616
1.3574,0.330626
1.35741,0.330636
1.35742,0.330647
1.35743,0.330657
1.35743,0.330667
1.35744,0.330677
1.35745,0.330687
1.35746,0.330698
1.35746,0.330708
1.35747,0.330718
1.35748,0.330728
1.35749,0.330738
1.3575,0.330749
1.3575,0.330759
1.35751,0.330769
1.35752,0.330779
1.35753,0.330789
1.35753,0.3308
1.35754,0.33081
1.35755,0.33082
1.35756,0.33083
1.35757,0.33084
1.35757,0.330851
1.35758,0.330861
1.35759,0.330871
1.3576,0.330881
1.35761,0.330891
1.35761,0.330902
1.35762,0.330912
1.35763,0.330922
1.35764,0.330932
1.35764,0.330943
1.35765,0.330953
1.35766,0.330963
1.35767,0.330973
1.35768,0.330983
1.35768,0.330994
1.35769,0.331004
1.3577,0.331014
1.35771,0.331024
1.35771,0.331034
1.35772,0.331045
1.35773,0.331055
1.35774,0.331065
1.35775,0.331075
1.35775,0.331085
1.35776,0.331096
1.35777,0.331106
1.35778,0.331116
1.35779,0.331126
1.35779,0.331136
1.3578,0.331147
1.35781,0.331157
1.35782,0.331167
1.35782,0.331177
1.35783,0.331187
1.35784,0.331198
1.35785,0.331208
1.35786,0.331218
1.35786,0.331228
1.35787,0.331238
1.35788,0.331249
1.35789,0.331259
1.35789,0.331269
1.3579,0.331279
1.35791,0.331289
1.35792,0.3313
1.35793,0.33131
1.35793,0.33132
1.35794,0.33133
1.35795,0.33134
1.35796,0.331351
1.35797,0.331361
1.35797,0.331371
1.35798,0.331381
1.35799,0.331391
1.358,0.331402
1.358,0.331412
1.35801,0.331422
1.35802,0.331432
1.35803,0.331443
1.35804,0.331453
1.35804,0.331463
1.35805,0.331473
1.35806,0.331483
1.35807,0.331494
1.35807,0.331504
1.35808,0.331514
1.35809,0.331524
1.3581,0.331534
1.35811,0.331545
1.35811,0.331555
1.35812,0.331565
1.35813,0.331575
1.35814,0.331585
1.35815,0.331596
1.35815,0.331606
1.35816,0.331616
1.35817,0.331626
1.35818,0.331636
1.35818,0.331647
1.35819,0.331657
1.3582,0.331667
1.35821,0.331677
1.35822,0.331687
1.35822,0.331698
1.35823,0.331708
1.35824,0.331718
1.35825,0.331728
1.35825,0.331738
1.35826,0.331749
1.35827,0.331759
1.35828,0.331769
1.35829,0.331779
1.35829,0.331789
1.3583,0.3318
1.35831,0.33181
1.35832,0.33182
1.35833,0.33183
1.35833,0.33184
1.35834,0.331851
1.35835,0.331861
1.35836,0.331871
1.35836,0.331881
1.35837,0.331891
1.35838,0.331902
1.35839,0.331912
1.3584,0.331922
1.3584,0.331932
1.35841,0.331943
1.35842,0.331953
1.35843,0.331963
1.35843,0.331973
1.35844,0.331983
1.35845,0.331994
1.35846,0.332004
1.35847,0.332014
1.35847,0.332024
1.35848,0.332034
1.35849,0.332045
1.3585,0.332055
1.35851,0.332065
1.35851,0.332075
1.35852,0.332085
1.35853,0.332096
1.35854,0.332106
1.35854,0.332116
1.35855,0.332126
1.35856,0.332136
1.35857,0.332147
1.35858,0.332157
1.35858,0.332167
1.35859,0.332177
1.3586,0.332187
1.35861,0.332198
1.35861,0.332208
1.35862,0.332218
1.35863,0.332228
1.35864,0.332238
1.35865,0.332249
1.35865,0.332259
1.35866,0.332269
1.35867,0.332279
1.35868,0.332289
1.35868,0.3323
1.35869,0.33231
1.3587,0.33232
1.35871,0.33233
1.35872,0.33234
1.35872,0.332351
1.35873,0.332361
1.35874,0.332371
1.35875,0.332381
1.35876,0.332391
1.35876,0.332402
1.35877,0.332412
1.35878,0.332422
1.35879,0.332432
1.35879,0.332443
1.3588,0.332453
1.35881,0.332463
1.35882,0.332473
1.35883,0.332483
1.35883,0.332494
1.35884,0.332504
1.35885,0.332514
1.35886,0.332524
1.35886,0.332534
1.35887,0.332545
1.35888,0.332555
1.35889,0.332565
1.3589,0.332575
1.3589,0.332585
1.35891,0.332596
1.35892,0.332606
1.35893,0.332616
1.35893,0.332626
1.35894,0.332636
1.35895,0.332647
1.35896,0.332657
1.35897,0.332667
1.35897,0.332677
1.35898,0.332687
1.35899,0.332698
1.359,0.332708
1.35901,0.332718
1.35901,0.332728
1.35902,0.332738
1.35903,0.332749
1.35904,0.332759
1.35904,0.332769
1.35905,0.332779
1.35906,0.332789
1.35907,0.3328
1.35908,0.33281
1.35908,0.33282
1.35909,0.33283
1.3591,0.33284
1.35911,0.332851
1.35911,0.332861
1.35912,0.332871
1.35913,0.332881
1.35914,0.332891
1.35915,0.332902
1.35915,0.332912
1.35916,0.332922
1.35917,0.332932
1.35918,0.332943
1.35918,0.332953
1.35919,0.332963
1.3592,0.332973
1.35921,0.332983
1.35922,0.332994
1.35922,0.333004
1.35923,0.333014
1.35924,0.333024
1.35925,0.333034
1.35926,0.333045
1.35926,0.333055
1.35927,0.333065
1.35928,0.333075
1.35929,0.333085
1.35929,0.333096
1.3593,0.333106
1.35931,0.333116
1.35932,0.333126
1.35933,0.333136
1.35933,0.333147
1.35934,0.333157
1.35935,0.333167
1.35936,0.333177
1.35936,0.333187
1.35937,0.333198
1.35938,0.333208
1.35939,0.333218
1.3594,0.333228
1.3594,0.333238
1.35941,0.333249
1.35942,0.333259
1.35943,0.333269
1.35943,0.333279
1.35944,0.333289
1.35945,0.3333
1.35946,0.33331
1.35947,0.33332
1.35947,0.33333
1.35948,0.33334
1.35949,0.333351
1.3595,0.333361
1.35951,0.333371
1.35951,0.333381
1.35952,0.333391
1.35953,0.333402
1.35954,0.333412
1.35954,0.333422
1.35955,0.333432
1.35956,0.333443
1.35957,0.333453
1.35958,0.333463
1.35958,0.333473
1.35959,0.333483
1.3596,0.333494
1.35961,0.333504
1.35961,0.333514
1.35962,0.333524
1.35963,0.333534
1.35964,0.333545
1.35965,0.333555
1.35965,0.333565
1.35966,0.333575
1.35967,0.333585
1.35968,0.333596
1.35968,0.333606
1.35969,0.333616
1.3597,0.333626
1.35971,0.333636
1.35972,0.333647
1.35972,0.333657
1.35973,0.333667
1.35974,0.333677
1.35975,0.333687
1.35975,0.333698
1.35976,0.333708
1.35977,0.333718
1.35978,0.333728
1.35979,0.333738
1.35979,0.333749
1.3598,0.333759
1.35981,0.333769
1.35982,0.333779
1.35983,0.333789
1.35983,0.3338
1.35984,0.33381
1.35985,0.33382
1.35986,0.33383
1.35986,0.33384
1.35987,0.333851
1.35988,0.333861
1.35989,0.333871
1.3599,0.333881
1.3599,0.333891
1.35991,0.333902
1.35992,0.333912
1.35993,0.333922
1.35993,0.333932
1.35994,0.333943
1.35995,0.333953
1.35996,0.333963
1.35997,0.333973
1.35997,0.333983
1.35998,0.333994
1.35999,0.334004
1.36,0.334014
1.36,0.334024
1.36001,0.334034
1.36002,0.334045
1.36003,0.334055
1.36004,0.334065
1.36004,0.334075
1.36005,0.334085
1.36006,0.334096
1.36007,0.334106
1.36007,0.334116
1.36008,0.334126
1.36009,0.334136
1.3601,0.334147
1.36011,0.334157
1.36011,0.334167
1.36012,0.334177
1.36013,0.334187
1.36014,0.334198
1.36014,0.334208
1.36015,0.334218
1.36016,0.334228
1.36017,0.334238
1.36018,0.334249
1.36018,0.334259
1.36019,0.334269
1.3602,0.334279
1.36021,0.334289
1.36022,0.3343
1.36022,0.33431
1.36023,0.33432
1.36024,0.33433
1.36025,0.33434
1.36025,0.334351
1.36026,0.334361
1.36027,0.334371
1.36028,0.334381
1.36029,0.334391
1.36029,0.334402
1.3603,0.334412
1.36031,0.334422
1.36032,0.334432
1.36032,0.334443
1.36033,0.334453
1.36034,0.334463
1.36035,0.334473
1.36036,0.334483
1.36036,0.334494
1.36037,0.334504
1.36038,0.334514
1.36039,0.334524
1.36039,0.334534
1.3604,0.334545
1.36041,0.334555
1.36042,0.334565
1.36043,0.334575
1.36043,0.334585
1.36044,0.334596
1.36045,0.334606
1.36046,0.334616
1.36046,0.334626
1.36047,0.334636
1.36048,0.334647
1.36049,0.334657
1.3605,0.334667
1.3605,0.334677
1.36051,0.334687
1.36052,0.334698
1.36053,0.334708
1.36053,0.334718
1.36054,0.334728
1.36055,0.334738
1.36056,0.334749
1.36057,0.334759
1.36057,0.334769
1.36058,0.334779
1.36059,0.334789
1.3606,0.3348
1.3606,0.33481
1.36061,0.33482
1.36062,0.33483
1.36063,0.33484
1.36064,0.334851
1.36064,0.334861
1.36065,0.334871
1.36066,0.334881
1.36067,0.334891
1.36067,0.334902
1.36068,0.334912
1.36069,0.334922
1.3607,0.334932
1.36071,0.334943
1.36071,0.334953
1.36072,0.334963
1.36073,0.334973
1.36074,0.334983
1.36074,0.334994
1.36075,0.335004
1.36076,0.335014
1.36077,0.335024
1.36078,0.335034
1.36078,0.335045
1.36079,0.335055
1.3608,0.335065
1.36081,0.335075
1.36082,0.335085
1.36082,0.335096
1.36083,0.335106
1.36084,0.335116
1.36085,0.335126
1.36085,0.335136
1.36086,0.335147
1.36087,0.335157
1.36088,0.335167
1.36089,0.335177
1.36089,0.335187
1.3609,0.335198
1.36091,0.335208
1.36092,0.335218
1.36092,0.335228
1.36093,0.335238
1.36094,0.335249
1.36095,0.335259
1.36096,0.335269
1.36096,0.335279
1.36097,0.335289
1.36098,0.3353
1.36099,0.33531
1.36099,0.33532
1.361,0.33533
1.36101,0.33534
1.36102,0.335351
1.36103,0.335361
1.36103,0.335371
1.36104,0.335381
1.36105,0.335391
1.36106,0.335402
1.36106,0.335412
1.36107,0.335422
1.36108,0.335432
1.36109,0.335443
1.3611,0.335453
1.3611,0.335463
1.36111,0.335473
1.36112,0.335483
1.36113,0.335494
1.36113,0.335504
1.36114,0.335514
1.36115,0.335524
1.36116,0.335534
1.36117,0.335545
1.36117,0.335555
1.36118,0.335565
1.36119,0.335575
1.3612,0.335585
1.3612,0.335596
1.36121,0.335606
1.36122,0.335616
1.36123,0.335626
1.36124,0.335636
1.36124,0.335647
1.36125,0.335657
1.36126,0.335667
1.36127,0.335677
1.36127,0.335687
1.36128,0.335698
1.36129,0.335708
1.3613,0.335718
1.36131,0.335728
1.36131,0.335738
1.36132,0.335749
1.36133,0.335759
1.36134,0.335769
1.36134,0.335779
1.36135,0.335789
1.36136,0.3358
1.36137,0.33581
1.36138,0.33582
1.36138,0.33583
1.36139,0.33584
1.3614,0.335851
1.36141,0.335861
1.36141,0.335871
1.36142,0.335881
1.36143,0.335891
1.36144,0.335902
1.36145,0.335912
1.36145,0.335922
1.36146,0.335932
1.36147,0.335943
1.36148,0.335953
1.36148,0.335963
1.36149,0.335973
1.3615,0.335983
1.36151,0.335994
1.36152,0.336004
1.36152,0.336014
1.36153,0.336024
1.36154,0.336034
1.36155,0.336045
1.36155,0.336055
1.36156,0.336065
1.36157,0.336075
1.36158,0.336085
1.36159,0.336096
1.36159,0.336106
1.3616,0.336116
1.36161,0.336126
1.36162,0.336136
1.36162,0.336147
1.36163,0.336157
1.36164,0.336167
1.36165,0.336177
1.36166,0.336187
1.36166,0.336198
1.36167,0.336208
1.36168,0.336218
1.36169,0.336228
1.36169,0.336238
1.3617,0.336249
1.36171,0.336259
1.36172,0.336269
1.36173,0.336279
1.36173,0.336289
1.36174,0.3363
1.36175,0.33631
1.36176,0.33632
1.36176,0.33633
1.36177,0.33634
1.36178,0.336351
1.36179,0.336361
1.3618,0.336371
1.3618,0.336381
1.36181,0.336391
1.36182,0.336402
1.36183,0.336412
1.36183,0.336422
1.36184,0.336432
1.36185,0.336443
1.36186,0.336453
1.36187,0.336463
1.36187,0.336473
1.36188,0.336483
1.36189,0.336494
1.3619,0.336504
1.3619,0.336514
1.36191,0.336524
1.36192,0.336534
1.36193,0.336545
1.36194,0.336555
1.36194,0.336565
1.36195,0.336575
1.36196,0.336585
1.36197,0.336596
1.36197,0.336606
1.36198,0.336616
1.36199,0.336626
1.362,0.336636
1.36201,0.336647
1.36201,0.336657
1.36202,0.336667
1.36203,0.336677
1.36204,0.336687
1.36204,0.336698
1.36205,0.336708
1.36206,0.336718
1.36207,0.336728
1.36208,0.336738
1.36208,0.336749
1.36209,0.336759
1.3621,0.336769
1.36211,0.336779
1.36211,0.336789
1.36212,0.3368
1.36213,0.33681
1.36214,0.33682
1.36215,0.33683
1.36215,0.33684
1.36216,0.336851
1.36217,0.336861
1.36218,0.336871
1.36218,0.336881
1.36219,0.336891
1.3622,0.336902
1.36221,0.336912
1.36222,0.336922
1.36222,0.336932
1.36223,0.336943
1.36224,0.336953
1.36225,0.336963
1.36225,0.336973
1.36226,0.336983
1.36227,0.336994
1.36228,0.337004
1.36229,0.337014
1.36229,0.337024
1.3623,0.337034
1.36231,0.337045
1.36232,0.337055
1.36232,0.337065
1.36233,0.337075
1.36234,0.337085
1.36235,0.337096
1.36236,0.337106
1.36236,0.337116
1.36237,0.337126
1.36238,0.337136
1.36239,0.337147
1.36239,0.337157
1.3624,0.337167
1.36241,0.337177
1.36242,0.337187
1.36243,0.337198
1.36243,0.337208
1.36244,0.337218
1.36245,0.337228
1.36246,0.337238
1.36246,0.337249
1.36247,0.337259
1.36248,0.337269
1.36249,0.337279
1.3625,0.337289
1.3625,0.3373
1.36251,0.33731
1.36252,0.33732
1.36253,0.33733
1.36253,0.33734
1.36254,0.337351
1.36255,0.337361
1.36256,0.337371
1.36257,0.337381
1.36257,0.337391
1.36258,0.337402
1.36259,0.337412
1.3626,0.337422
1.3626,0.337432
1.36261,0.337443
1.36262,0.337453
1.36263,0.337463
1.36264,0.337473
1.36264,0.337483
1.36265,0.337494
1.36266,0.337504
1.36267,0.337514
1.36267,0.337524
1.36268,0.337534
1.36269,0.337545
1.3627,0.337555
1.36271,0.337565
1.36271,0.337575
1.36272,0.337585
1.36273,0.337596
1.36274,0.337606
1.36274,0.337616
1.36275,0.337626
1.36276,0.337636
1.36277,0.337647
1.36277,0.337657
1.36278,0.337667
1.36279,0.337677
1.3628,0.337687
1.36281,0.337698
1.36281,0.337708
1.36282,0.337718
1.36283,0.337728
1.36284,0.337738
1.36284,0.337749
1.36285,0.337759
1.36286,0.337769
1.36287,0.337779
1.36288,0.337789
1.36288,0.3378
1.36289,0.33781
1.3629,0.33782
1.36291,0.33783
1.36291,0.33784
1.36292,0.337851
1.36293,0.337861
1.36294,0.337871
1.36295,0.337881
1.36295,0.337891
1.36296,0.337902
1.36297,0.337912
1.36298,0.337922
1.36298,0.337932
1.36299,0.337943
1.363,0.337953
1.36301,0.337963
1.36302,0.337973
1.36302,0.337983
1.36303,0.337994
1.36304,0.338004
1.36305,0.338014
1.36305,0.338024
1.36306,0.338034
1.36307,0.338045
1.36308,0.338055
1.36309,0.338065
1.36309,0.338075
1.3631,0.338085
1.36311,0.338096
1.36312,0.338106
1.36312,0.338116
1.36313,0.338126
1.36314,0.338136
1.36315,0.338147
1.36316,0.338157
1.36316,0.338167
1.36317,0.338177
1.36318,0.338187
1.36319,0.338198
1.36319,0.338208
1.3632,0.338218
1.36321,0.338228
1.36322,0.338238
1.36323,0.338249
1.36323,0.338259
1.36324,0.338269
1.36325,0.338279
1.36326,0.338289
1.36326,0.3383
1.36327,0.33831
1.36328,0.33832
1.36329,0.33833
1.3633,0.33834
1.3633,0.338351
1.36331,0.338361
1.36332,0.338371
1.36333,0.338381
1.36333,0.338391
1.36334,0.338402
1.36335,0.338412
1.36336,0.338422
1.36336,0.338432
1.36337,0.338443
1.36338,0.338453
1.36339,0.338463
1.3634,0.338473
1.3634,0.338483
1.36341,0.338494
1.36342,0.338504
1.36343,0.338514
1.36343,0.338524
1.36344,0.338534
1.36345,0.338545
1.36346,0.338555
1.36347,0.338565
1.36347,0.338575
1.36348,0.338585
1.36349,0.338596
1.3635,0.338606
1.3635,0.338616
1.36351,0.338626
1.36352,0.338636
1.36353,0.338647
1.36354,0.338657
1.36354,0.338667
1.36355,0.338677
1.36356,0.338687
1.36357,0.338698
1.36357,0.338708
1.36358,0.338718
1.36359,0.338728
1.3636,0.338738
1.36361,0.338749
1.36361,0.338759
1.36362,0.338769
1.36363,0.338779
1.36364,0.338789
1.36364,0.3388
1.36365,0.33881
1.36366,0.33882
1.36367,0.33883
1.36368,0.33884
1.36368,0.338851
1.36369,0.338861
1.3637,0.338871
1.36371,0.338881
1.36371,0.338891
1.36372,0.338902
1.36373,0.338912
1.36374,0.338922
1.36374,0.338932
1.36375,0.338943
1.36376,0.338953
1.36377,0.338963
1.36378,0.338973
1.36378,0.338983
1.36379,0.338994
1.3638,0.339004
1.36381,0.339014
1.36381,0.339024
1.36382,0.339034
1.36383,0.339045
1.36384,0.339055
1.36385,0.339065
1.36385,0.339075
1.36386,0.339085
1.36387,0.339096
1.36388,0.339106
1.36388,0.339116
1.36389,0.339126
1.3639,0.339136
1.36391,0.339147
1.36392,0.339157
1.36392,0.339167
1.36393,0.339177
1.36394,0.339187
1.36395,0.339198
1.36395,0.339208
1.36396,0.339218
1.36397,0.339228
1.36398,0.339238
1.36399,0.339249
1.36399,0.339259
1.364,0.339269
1.36401,0.339279
1.36402,0.339289
1.36402,0.3393
1.36403,0.33931
1.36404,0.33932
1.36405,0.33933
1.36405,0.33934
1.36406,0.339351
1.36407,0.339361
1.36408,0.339371
1.36409,0.339381
1.36409,0.339391
1.3641,0.339402
1.36411,0.339412
1.36412,0.339422
1.36412,0.339432
1.36413,0.339443
1.36414,0.339453
1.36415,0.339463
1.36416,0.339473
1.36416,0.339483
1.36417,0.339494
1.36418,0.339504
1.36419,0.339514
1.36419,0.339524
1.3642,0.339534
1.36421,0.339545
1.36422,0.339555
1.36423,0.339565
1.36423,0.339575
1.36424,0.339585
1.36425,0.339596
1.36426,0.339606
1.36426,0.339616
1.36427,0.339626
1.36428,0.339636
1.36429,0.339647
1.3643,0.339657
1.3643,0.339667
1.36431,0.339677
1.36432,0.339687
1.36433,0.339698
1.36433,0.339708
1.36434,0.339718
1.36435,0.339728
1.36436,0.339738
1.36436,0.339749
1.36437,0.339759
1.36438,0.339769
1.36439,0.339779
1.3644,0.339789
1.3644,0.3398
1.36441,0.33981
1.36442,0.33982
1.36443,0.33983
1.36443,0.33984
1.36444,0.339851
1.36445,0.339861
1.36446,0.339871
1.36447,0.339881
1.36447,0.339891
1.36448,0.339902
1.36449,0.339912
1.3645,0.339922
1.3645,0.339932
1.36451,0.339943
1.36452,0.339953
1.36453,0.339963
1.36454,0.339973
1.36454,0.339983
1.36455,0.339994
1.36456,0.340004
1.36457,0.340014
1.36457,0.340024
1.36458,0.340034
1.36459,0.340045
1.3646,0.340055
1.3646,0.340065
1.36461,0.340075
1.36462,0.340085
1.36463,0.340096
1.36464,0.340106
1.36464,0.340116
1.36465,0.340126
1.36466,0.340136
1.36467,0.340147
1.36467,0.340157
1.36468,0.340167
1.36469,0.340177
1.3647,0.340187
1.36471,0.340198
1.36471,0.340208
1.36472,0.340218
1.36473,0.340228
1.36474,0.340238
1.36474,0.340249
1.36475,0.340259
1.36476,0.340269
1.36477,0.340279
1.36478,0.340289
1.36478,0.3403
1.36479,0.34031
1.3648,0.34032
1.36481,0.34033
1.36481,0.34034
1.36482,0.340351
1.36483,0.340361
1.36484,0.340371
1.36484,0.340381
1.36485,0.340391
1.36486,0.340402
1.36487,0.340412
1.36488,0.340422
1.36488,0.340432
1.36489,0.340443
1.3649,0.340453
1.36491,0.340463
1.36491,0.340473
1.36492,0.340483
1.36493,0.340494
1.36494,0.340504
1.36495,0.340514
1.36495,0.340524
1.36496,0.340534
1.36497,0.340545
1.36498,0.340555
1.36498,0.340565
1.36499,0.340575
1.365,0.340585
1.36501,0.340596
1.36502,0.340606
1.36502,0.340616
1.36503,0.340626
1.36504,0.340636
1.36505,0.340647
1.36505,0.340657
1.36506,0.340667
1.36507,0.340677
1.36508,0.340687
1.36508,0.340698
1.36509,0.340708
1.3651,0.340718
1.36511,0.340728
1.36512,0.340738
1.36512,0.340749
1.36513,0.340759
1.36514,0.340769
1.36515,0.340779
1.36515,0.340789
1.36516,0.3408
1.36517,0.34081
1.36518,0.34082
1.36519,0.34083
1.36519,0.34084
1.3652,0.340851
1.36521,0.340861
1.36522,0.340871
1.36522,0.340881
1.36523,0.340891
1.36524,0.340902
1.36525,0.340912
1.36525,0.340922
1.36526,0.340932
1.36527,0.340943
1.36528,0.340953
1.36529,0.340963
1.36529,0.340973
1.3653,0.340983
1.36531,0.340994
1.36532,0.341004
1.36532,0.341014
1.36533,0.341024
1.36534,0.341034
1.36535,0.341045
1.36536,0.341055
1.36536,0.341065
1.36537,0.341075
1.36538,0.341085
1.36539,0.341096
1.36539,0.341106
1.3654,0.341116
1.36541,0.341126
1.36542,0.341136
1.36543,0.341147
1.36543,0.341157
1.36544,0.341167
1.36545,0.341177
1.36546,0.341187
1.36546,0.341198
1.36547,0.341208
1.36548,0.341218
1.36549,0.341228
1.36549,0.341238
1.3655,0.341249
1.36551,0.341259
1.36552,0.341269
1.36553,0.341279
1.36553,0.341289
1.36554,0.3413
1.36555,0.34131
1.36556,0.34132
1.36556,0.34133
1.36557,0.34134
1.36558,0.341351
1.36559,0.341361
1.3656,0.341371
1.3656,0.341381
1.36561,0.341391
1.36562,0.341402
1.36563,0.341412
1.36563,0.341422
1.36564,0.341432
1.36565,0.341443
1.36566,0.341453
1.36566,0.341463
1.36567,0.341473
1.36568,0.341483
1.36569,0.341494
1.3657,0.341504
1.3657,0.341514
1.36571,0.341524
1.36572,0.341534
1.36573,0.341545
1.36573,0.341555
1.36574,0.341565
1.36575,0.341575
1.36576,0.341585
1.36577,0.341596
1.36577,0.341606
1.36578,0.341616
1.36579,0.341626
1.3658,0.341636
1.3658,0.341647
1.36581,0.341657
1.36582,0.341667
1.36583,0.341677
1.36583,0.341687
1.36584,0.341698
1.36585,0.341708
1.36586,0.341718
1.36587,0.341728
1.36587,0.341738
1.36588,0.341749
1.36589,0.341759
1.3659,0.341769
1.3659,0.341779
1.36591,0.341789
1.36592,0.3418
1.36593,0.34181
1.36594,0.34182
1.36594,0.34183
1.36595,0.34184
1.36596,0.341851
1.36597,0.341861
1.36597,0.341871
1.36598,0.341881
1.36599,0.341891
1.366,0.341902
1.366,0.341912
1.36601,0.341922
1.36602,0.341932
1.36603,0.341943
1.36604,0.341953
1.36604,0.341963
1.36605,0.341973
1.36606,0.341983
1.36607,0.341994
1.36607,0.342004
1.36608,0.342014
1.36609,0.342024
1.3661,0.342034
1.36611,0.342045
1.36611,0.342055
1.36612,0.342065
1.36613,0.342075
1.36614,0.342085
1.36614,0.342096
1.36615,0.342106
1.36616,0.342116
1.36617,0.342126
1.36617,0.342136
1.36618,0.342147
1.36619,0.342157
1.3662,0.342167
1.36621,0.342177
1.36621,0.342187
1.36622,0.342198
1.36623,0.342208
1.36624,0.342218
1.36624,0.342228
1.36625,0.342238
1.36626,0.342249
1.36627,0.342259
1.36628,0.342269
1.36628,0.342279
1.36629,0.342289
1.3663,0.3423
1.36631,0.34231
1.36631,0.34232
1.36632,0.34233
1.36633,0.34234
1.36634,0.342351
1.36634,0.342361
1.36635,0.342371
1.36636,0.342381
1.36637,0.342391
1.36638,0.342402
1.36638,0.342412
1.36639,0.342422
1.3664,0.342432
1.36641,0.342443
1.36641,0.342453
1.36642,0.342463
1.36643,0.342473
1.36644,0.342483
1.36644,0.342494
1.36645,0.342504
1.36646,0.342514
1.36647,0.342524
1.36648,0.342534
1.36648,0.342545
1.36649,0.342555
1.3665,0.342565
1.36651,0.342575
1.36651,0.342585
1.36652,0.342596
1.36653,0.342606
1.36654,0.342616
1.36655,0.342626
1.36655,0.342636
1.36656,0.342647
1.36657,0.342657
1.36658,0.342667
1.36658,0.342677
1.36659,0.342687
1.3666,0.342698
1.36661,0.342708
1.36661,0.342718
1.36662,0.342728
1.36663,0.342738
1.36664,0.342749
1.36665,0.342759
1.36665,0.342769
1.36666,0.342779
1.36667,0.342789
1.36668,0.3428
1.36668,0.34281
1.36669,0.34282
1.3667,0.34283
1.36671,0.34284
1.36672,0.342851
1.36672,0.342861
1.36673,0.342871
1.36674,0.342881
1.36675,0.342891
1.36675,0.342902
1.36676,0.342912
1.36677,0.342922
1.36678,0.342932
1.36678,0.342943
1.36679,0.342953
1.3668,0.342963
1.36681,0.342973
1.36682,0.342983
1.36682,0.342994
1.36683,0.343004
1.36684,0.343014
1.36685,0.343024
1.36685,0.343034
1.36686,0.343045
1.36687,0.343055
1.36688,0.343065
1.36688,0.343075
1.36689,0.343085
1.3669,0.343096
1.36691,0.343106
1.36692,0.343116
1.36692,0.343126
1.36693,0.343136
1.36694,0.343147
1.36695,0.343157
1.36695,0.343167
1.36696,0.343177
1.36697,0.343187
1.36698,0.343198
1.36699,0.343208
1.36699,0.343218
1.367,0.343228
1.36701,0.343238
1.36702,0.343249
1.36702,0.343259
1.36703,0.343269
1.36704,0.343279
1.36705,0.343289
1.36705,0.3433
1.36706,0.34331
1.36707,0.34332
1.36708,0.34333
1.36709,0.34334
1.36709,0.343351
1.3671,0.343361
1.36711,0.343371
1.36712,0.343381
1.36712,0.343391
1.36713,0.343402
1.36714,0.343412
1.36715,0.343422
1.36715,0.343432
1.36716,0.343443
1.36717,0.343453
1.36718,0.343463
1.36719,0.343473
1.36719,0.343483
1.3672,0.343494
1.36721,0.343504
1.36722,0.343514
1.36722,0.343524
1.36723,0.343534
1.36724,0.343545
1.36725,0.343555
1.36725,0.343565
1.36726,0.343575
1.36727,0.343585
1.36728,0.343596
1.36729,0.343606
1.36729,0.343616
1.3673,0.343626
1.36731,0.343636
1.36732,0.343647
1.36732,0.343657
1.36733,0.343667
1.36734,0.343677
1.36735,0.343687
1.36736,0.343698
1.36736,0.343708
1.36737,0.343718
1.36738,0.343728
1.36739,0.343738
1.36739,0.343749
1.3674,0.343759
1.36741,0.343769
1.36742,0.343779
1.36742,0.343789
1.36743,0.3438
1.36744,0.34381
1.36745,0.34382
1.36746,0.34383
1.36746,0.34384
1.36747,0.343851
1.36748,0.343861
1.36749,0.343871
1.36749,0.343881
1.3675,0.343891
1.36751,0.343902
1.36752,0.343912
1.36752,0.343922
1.36753,0.343932
1.36754,0.343943
1.36755,0.343953
1.36756,0.343963
1.36756,0.343973
1.36757,0.343983
1.36758,0.343994
1.36759,0.344004
1.36759,0.344014
1.3676,0.344024
1.36761,0.344034
1.36762,0.344045
1.36762,0.344055
1.36763,0.344065
1.36764,0.344075
1.36765,0.344085
1.36766,0.344096
1.36766,0.344106
1.36767,0.344116
1.36768,0.344126
1.36769,0.344136
1.36769,0.344147
1.3677,0.344157
1.36771,0.344167
1.36772,0.344177
1.36773,0.344187
1.36773,0.344198
1.36774,0.344208
1.36775,0.344218
1.36776,0.344228
1.36776,0.344238
1.36777,0.344249
1.36778,0.344259
1.36779,0.344269
1.36779,0.344279
1.3678,0.344289
1.36781,0.3443
1.36782,0.34431
1.36783,0.34432
1.36783,0.34433
1.36784,0.34434
1.36785,0.344351
1.36786,0.344361
1.36786,0.344371
1.36787,0.344381
1.36788,0.344391
1.36789,0.344402
1.36789,0.344412
1.3679,0.344422
1.36791,0.344432
1.36792,0.344443
1.36793,0.344453
1.36793,0.344463
1.36794,0.344473
1.36795,0.344483
1.36796,0.344494
1.36796,0.344504
1.36797,0.344514
1.36798,0.344524
1.36799,0.344534
1.36799,0.344545
1.368,0.344555
1.36801,0.344565
1.36802,0.344575
1.36803,0.344585
1.36803,0.344596
1.36804,0.344606
1.36805,0.344616
1.36806,0.344626
1.36806,0.344636
1.36807,0.344647
1.36808,0.344657
1.36809,0.344667
1.36809,0.344677
1.3681,0.344687
1.36811,0.344698
1.36812,0.344708
1.36813,0.344718
1.36813,0.344728
1.36814,0.344738
1.36815,0.344749
1.36816,0.344759
1.36816,0.344769
1.36817,0.344779
1.36818,0.344789
1.36819,0.3448
1.36819,0.34481
1.3682,0.34482
1.36821,0.34483
1.36822,0.34484
1.36823,0.344851
1.36823,0.344861
1.36824,0.344871
1.36825,0.344881
1.36826,0.344891
1.36826,0.344902
1.36827,0.344912
1.36828,0.344922
1.36829,0.344932
1.36829,0.344943
1.3683,0.344953
1.36831,0.344963
1.36832,0.344973
1.36833,0.344983
1.36833,0.344994
1.36834,0.345004
1.36835,0.345014
1.36836,0.345024
1.36836,0.345034
1.36837,0.345045
1.36838,0.345055
1.36839,0.345065
1.3684,0.345075
1.3684,0.345085
1.36841,0.345096
1.36842,0.345106
1.36843,0.345116
1.36843,0.345126
1.36844,0.345136
1.36845,0.345147
1.36846,0.345157
1.36846,0.345167
1.36847,0.345177
1.36848,0.345187
1.36849,0.345198
1.3685,0.345208
1.3685,0.345218
1.36851,0.345228
1.36852,0.345238
1.36853,0.345249
1.36853,0.345259
1.36854,0.345269
1.36855,0.345279
1.36856,0.345289
1.36856,0.3453
1.36857,0.34531
1.36858,0.34532
1.36859,0.34533
1.3686,0.34534
1.3686,0.345351
1.36861,0.345361
1.36862,0.345371
1.36863,0.345381
1.36863,0.345391
1.36864,0.345402
1.36865,0.345412
1.36866,0.345422
1.36866,0.345432
1.36867,0.345443
1.36868,0.345453
1.36869,0.345463
1.3687,0.345473
1.3687,0.345483
1.36871,0.345494
1.36872,0.345504
1.36873,0.345514
1.36873,0.345524
1.36874,0.345534
1.36875,0.345545
1.36876,0.345555
1.36876,0.345565
1.36877,0.345575
1.36878,0.345585
1.36879,0.345596
1.3688,0.345606
1.3688,0.345616
1.36881,0.345626
1.36882,0.345636
1.36883,0.345647
1.36883,0.345657
1.36884,0.345667
1.36885,0.345677
1.36886,0.345687
1.36886,0.345698
1.36887,0.345708
1.36888,0.345718
1.36889,0.345728
1.3689,0.345738
1.3689,0.345749
1.36891,0.345759
1.36892,0.345769
1.36893,0.345779
1.36893,0.345789
1.36894,0.3458
1.36895,0.34581
1.36896,0.34582
1.36896,0.34583
1.36897,0.34584
1.36898,0.345851
1.36899,0.345861
1.369,0.345871
1.369,0.345881
1.36901,0.345891
1.36902,0.345902
1.36903,0.345912
1.36903,0.345922
1.36904,0.345932
1.36905,0.345943
1.36906,0.345953
1.36906,0.345963
1.36907,0.345973
1.36908,0.345983
1.36909,0.345994
1.36909,0.346004
1.3691,0.346014
1.36911,0.346024
1.36912,0.346034
1.36913,0.346045
1.36913,0.346055
1.36914,0.346065
1.36915,0.346075
1.36916,0.346085
1.36916,0.346096
1.36917,0.346106
1.36918,0.346116
1.36919,0.346126
1.36919,0.346136
1.3692,0.346147
1.36921,0.346157
1.36922,0.346167
1.36923,0.346177
1.36923,0.346187
1.36924,0.346198
1.36925,0.346208
1.36926,0.346218
1.36926,0.346228
1.36927,0.346238
1.36928,0.346249
1.36929,0.346259
1.36929,0.346269
1.3693,0.346279
1.36931,0.346289
1.36932,0.3463
1.36933,0.34631
1.36933,0.34632
1.36934,0.34633
1.36935,0.34634
1.36936,0.346351
1.36936,0.346361
1.36937,0.346371
1.36938,0.346381
1.36939,0.346391
1.36939,0.346402
1.3694,0.346412
1.36941,0.346422
1.36942,0.346432
1.36943,0.346443
1.36943,0.346453
1.36944,0.346463
1.36945,0.346473
1.36946,0.346483
1.36946,0.346494
1.36947,0.346504
1.36948,0.346514
1.36949,0.346524
1.36949,0.346534
1.3695,0.346545
1.36951,0.346555
1.36952,0.346565
1.36953,0.346575
1.36953,0.346585
1.36954,0.346596
1.36955,0.346606
1.36956,0.346616
1.36956,0.346626
1.36957,0.346636
1.36958,0.346647
1.36959,0.346657
1.36959,0.346667
1.3696,0.346677
1.36961,0.346687
1.36962,0.346698
1.36963,0.346708
1.36963,0.346718
1.36964,0.346728
1.36965,0.346738
1.36966,0.346749
1.36966,0.346759
1.36967,0.346769
1.36968,0.346779
1.36969,0.346789
1.36969,0.3468
1.3697,0.34681
1.36971,0.34682
1.36972,0.34683
1.36973,0.34684
1.36973,0.346851
1.36974,0.346861
1.36975,0.346871
1.36976,0.346881
1.36976,0.346891
1.36977,0.346902
1.36978,0.346912
1.36979,0.346922
1.36979,0.346932
1.3698,0.346943
1.36981,0.346953
1.36982,0.346963
1.36982,0.346973
1.36983,0.346983
1.36984,0.346994
1.36985,0.347004
1.36986,0.347014
1.36986,0.347024
1.36987,0.347034
1.36988,0.347045
1.36989,0.347055
1.36989,0.347065
1.3699,0.347075
1.36991,0.347085
1.36992,0.347096
1.36992,0.347106
1.36993,0.347116
1.36994,0.347126
1.36995,0.347136
1.36996,0.347147
1.36996,0.347157
1.36997,0.347167
1.36998,0.347177
1.36999,0.347187
1.36999,0.347198
1.37,0.347208
1.37001,0.347218
1.37002,0.347228
1.37002,0.347238
1.37003,0.347249
1.37004,0.347259
1.37005,0.347269
1.37006,0.347279
1.37006,0.347289
1.37007,0.3473
1.37008,0.34731
1.37009,0.34732
1.37009,0.34733
1.3701,0.34734
1.37011,0.347351
1.37012,0.347361
1.37012,0.347371
1.37013,0.347381
1.37014,0.347391
1.37015,0.347402
1.37016,0.347412
1.37016,0.347422
1.37017,0.347432
1.37018,0.347443
1.37019,0.347453
1.37019,0.347463
1.3702,0.347473
1.37021,0.347483
1.37022,0.347494
1.37022,0.347504
1.37023,0.347514
1.37024,0.347524
1.37025,0.347534
1.37025,0.347545
1.37026,0.347555
1.37027,0.347565
1.37028,0.347575
1.37029,0.347585
1.37029,0.347596
1.3703,0.347606
1.37031,0.347616
1.37032,0.347626
1.37032,0.347636
1.37033,0.347647
1.37034,0.347657
1.37035,0.347667
1.37035,0.347677
1.37036,0.347687
1.37037,0.347698
1.37038,0.347708
1.37039,0.347718
1.37039,0.347728
1.3704,0.347738
1.37041,0.347749
1.37042,0.347759
1.37042,0.347769
1.37043,0.347779
1.37044,0.347789
1.37045,0.3478
1.37045,0.34781
1.37046,0.34782
1.37047,0.34783
1.37048,0.34784
1.37048,0.347851
1.37049,0.347861
1.3705,0.347871
1.37051,0.347881
1.37052,0.347891
1.37052,0.347902
1.37053,0.347912
1.37054,0.347922
1.37055,0.347932
1.37055,0.347943
1.37056,0.347953
1.37057,0.347963
1.37058,0.347973
1.37058,0.347983
1.37059,0.347994
1.3706,0.348004
1.37061,0.348014
1.37062,0.348024
1.37062,0.348034
1.37063,0.348045
1.37064,0.348055
1.37065,0.348065
1.37065,0.348075
1.37066,0.348085
1.37067,0.348096
1.37068,0.348106
1.37068,0.348116
1.37069,0.348126
1.3707,0.348136
1.37071,0.348147
1.37072,0.348157
1.37072,0.348167
1.37073,0.348177
1.37074,0.348187
1.37075,0.348198
1.37075,0.348208
1.37076,0.348218
1.37077,0.348228
1.37078,0.348238
1.37078,0.348249
1.37079,0.348259
1.3708,0.348269
1.37081,0.348279
1.37081,0.348289
1.37082,0.3483
1.37083,0.34831
1.37084,0.34832
1.37085,0.34833
1.37085,0.34834
1.37086,0.348351
1.37087,0.348361
1.37088,0.348371
1.37088,0.348381
1.37089,0.348391
1.3709,0.348402
1.37091,0.348412
1.37091,0.348422
1.37092,0.348432
1.37093,0.348443
1.37094,0.348453
1.37095,0.348463
1.37095,0.348473
1.37096,0.348483
1.37097,0.348494
1.37098,0.348504
1.37098,0.348514
1.37099,0.348524
1.371,0.348534
1.37101,0.348545
1.37101,0.348555
1.37102,0.348565
1.37103,0.348575
1.37104,0.348585
1.37104,0.348596
1.37105,0.348606
1.37106,0.348616
1.37107,0.348626
1.37108,0.348636
1.37108,0.348647
1.37109,0.348657
1.3711,0.348667
1.37111,0.348677
1.37111,0.348687
1.37112,0.348698
1.37113,0.348708
1.37114,0.348718
1.37114,0.348728
1.37115,0.348738
1.37116,0.348749
1.37117,0.348759
1.37117,0.348769
1.37118,0.348779
1.37119,0.348789
1.3712,0.3488
1.37121,0.34881
1.37121,0.34882
1.37122,0.34883
1.37123,0.34884
1.37124,0.348851
1.37124,0.348861
1.37125,0.348871
1.37126,0.348881
1.37127,0.348891
1.37127,0.348902
1.37128,0.348912
1.37129,0.348922
1.3713,0.348932
1.37131,0.348943
1.37131,0.348953
1.37132,0.348963
1.37133,0.348973
1.37134,0.348983
1.37134,0.348994
1.37135,0.349004
1.37136,0.349014
1.37137,0.349024
1.37137,0.349034
1.37138,0.349045
1.37139,0.349055
1.3714,0.349065
1.3714,0.349075
1.37141,0.349085
1.37142,0.349096
1.37143,0.349106
1.37144,0.349116
1.37144,0.349126
1.37145,0.349136
1.37146,0.349147
1.37147,0.349157
1.37147,0.349167
1.37148,0.349177
1.37149,0.349187
1.3715,0.349198
1.3715,0.349208
1.37151,0.349218
1.37152,0.349228
1.37153,0.349238
1.37154,0.349249
1.37154,0.349259
1.37155,0.349269
1.37156,0.349279
1.37157,0.349289
1.37157,0.3493
1.37158,0.34931
1.37159,0.34932
1.3716,0.34933
1.3716,0.34934
1.37161,0.349351
1.37162,0.349361
1.37163,0.349371
1.37163,0.349381
1.37164,0.349391
1.37165,0.349402
1.37166,0.349412
1.37167,0.349422
1.37167,0.349432
1.37168,0.349443
1.37169,0.349453
1.3717,0.349463
1.3717,0.349473
1.37171,0.349483
1.37172,0.349494
1.37173,0.349504
1.37173,0.349514
1.37174,0.349524
1.37175,0.349534
1.37176,0.349545
1.37176,0.349555
1.37177,0.349565
1.37178,0.349575
1.37179,0.349585
1.3718,0.349596
1.3718,0.349606
1.37181,0.349616
1.37182,0.349626
1.37183,0.349636
1.37183,0.349647
1.37184,0.349657
1.37185,0.349667
1.37186,0.349677
1.37186,0.349687
1.37187,0.349698
1.37188,0.349708
1.37189,0.349718
1.37189,0.349728
1.3719,0.349738
1.37191,0.349749
1.37192,0.349759
1.37193,0.349769
1.37193,0.349779
1.37194,0.349789
1.37195,0.3498
1.37196,0.34981
1.37196,0.34982
1.37197,0.34983
1.37198,0.34984
1.37199,0.349851
1.37199,0.349861
1.372,0.349871
1.37201,0.349881
1.37202,0.349891
1.37202,0.349902
1.37203,0.349912
1.37204,0.349922
1.37205,0.349932
1.37206,0.349943
1.37206,0.349953
1.37207,0.349963
1.37208,0.349973
1.37209,0.349983
1.37209,0.349994
1.3721,0.350004
1.37211,0.350014
1.37212,0.350024
1.37212,0.350034
1.37213,0.350045
1.37214,0.350055
1.37215,0.350065
1.37216,0.350075
1.37216,0.350085
1.37217,0.350096
1.37218,0.350106
1.37219,0.350116
1.37219,0.350126
1.3722,0.350136
1.37221,0.350147
1.37222,0.350157
1.37222,0.350167
1.37223,0.350177
1.37224,0.350187
1.37225,0.350198
1.37225,0.350208
1.37226,0.350218
1.37227,0.350228
1.37228,0.350238
1.37229,0.350249
1.37229,0.350259
1.3723,0.350269
1.37231,0.350279
1.37232,0.350289
1.37232,0.3503
1.37233,0.35031
1.37234,0.35032
1.37235,0.35033
1.37235,0.35034
1.37236,0.350351
1.37237,0.350361
1.37238,0.350371
1.37238,0.350381
1.37239,0.350391
1.3724,0.350402
1.37241,0.350412
1.37242,0.350422
1.37242,0.350432
1.37243,0.350443
1.37244,0.350453
1.37245,0.350463
1.37245,0.350473
1.37246,0.350483
1.37247,0.350494
1.37248,0.350504
1.37248,0.350514
1.37249,0.350524
1.3725,0.350534
1.37251,0.350545
1.37251,0.350555
1.37252,0.350565
1.37253,0.350575
1.37254,0.350585
1.37255,0.350596
1.37255,0.350606
1.37256,0.350616
1.37257,0.350626
1.37258,0.350636
1.37258,0.350647
1.37259,0.350657
1.3726,0.350667
1.37261,0.350677
1.37261,0.350687
1.37262,0.350698
1.37263,0.350708
1.37264,0.350718
1.37264,0.350728
1.37265,0.350738
1.37266,0.350749
1.37267,0.350759
1.37268,0.350769
1.37268,0.350779
1.37269,0.350789
1.3727,0.3508
1.37271,0.35081
1.37271,0.35082
1.37272,0.35083
1.37273,0.35084
1.37274,0.350851
1.37274,0.350861
1.37275,0.350871
1.37276,0.350881
1.37277,0.350891
1.37277,0.350902
1.37278,0.350912
1.37279,0.350922
1.3728,0.350932
1.37281,0.350943
1.37281,0.350953
1.37282,0.350963
1.37283,0.350973
1.37284,0.350983
1.37284,0.350994
1.37285,0.351004
1.37286,0.351014
1.37287,0.351024
1.37287,0.351034
1.37288,0.351045
1.37289,0.351055
1.3729,0.351065
1.3729,0.351075
1.37291,0.351085
1.37292,0.351096
1.37293,0.351106
1.37293,0.351116
1.37294,0.351126
1.37295,0.351136
1.37296,0.351147
1.37297,0.351157
1.37297,0.351167
1.37298,0.351177
1.37299,0.351187
1.373,0.351198
1.373,0.351208
1.37301,0.351218
1.37302,0.351228
1.37303,0.351238
1.37303,0.351249
1.37304,0.351259
1.37305,0.351269
1.37306,0.351279
1.37306,0.351289
1.37307,0.3513
1.37308,0.35131
1.37309,0.35132
1.3731,0.35133
1.3731,0.35134
1.37311,0.351351
1.37312,0.351361
1.37313,0.351371
1.37313,0.351381
1.37314,0.351391
1.37315,0.351402
1.37316,0.351412
1.37316,0.351422
1.37317,0.351432
1.37318,0.351443
1.37319,0.351453
1.37319,0.351463
1.3732,0.351473
1.37321,0.351483
1.37322,0.351494
1.37323,0.351504
1.37323,0.351514
1.37324,0.351524
1.37325,0.351534
1.37326,0.351545
1.37326,0.351555
1.37327,0.351565
1.37328,0.351575
1.37329,0.351585
1.37329,0.351596
1.3733,0.351606
1.37331,0.351616
1.37332,0.351626
1.37332,0.351636
1.37333,0.351647
1.37334,0.351657
1.37335,0.351667
1.37336,0.351677
1.37336,0.351687
1.37337,0.351698
1.37338,0.351708
1.37339,0.351718
1.37339,0.351728
1.3734,0.351738
1.37341,0.351749
1.37342,0.351759
1.37342,0.351769
1.37343,0.351779
1.37344,0.351789
1.37345,0.3518
1.37345,0.35181
1.37346,0.35182
1.37347,0.35183
1.37348,0.35184
1.37348,0.351851
1.37349,0.351861
1.3735,0.351871
1.37351,0.351881
1.37352,0.351891
1.37352,0.351902
1.37353,0.351912
1.37354,0.351922
1.37355,0.351932
1.37355,0.351943
1.37356,0.351953
1.37357,0.351963
1.37358,0.351973
1.37358,0.351983
1.37359,0.351994
1.3736,0.352004
1.37361,0.352014
1.37361,0.352024
1.37362,0.352034
1.37363,0.352045
1.37364,0.352055
1.37365,0.352065
1.37365,0.352075
1.37366,0.352085
1.37367,0.352096
1.37368,0.352106
1.37368,0.352116
1.37369,0.352126
1.3737,0.352136
1.37371,0.352147
1.37371,0.352157
1.37372,0.352167
1.37373,0.352177
1.37374,0.352187
1.37374,0.352198
1.37375,0.352208
1.37376,0.352218
1.37377,0.352228
1.37378,0.352238
1.37378,0.352249
1.37379,0.352259
1.3738,0.352269
1.37381,0.352279
1.37381,0.352289
1.37382,0.3523
1.37383,0.35231
1.37384,0.35232
1.37384,0.35233
1.37385,0.35234
1.37386,0.352351
1.37387,0.352361
1.37387,0.352371
1.37388,0.352381
1.37389,0.352391
1.3739,0.352402
1.3739,0.352412
1.37391,0.352422
1.37392,0.352432
1.37393,0.352443
1.37394,0.352453
1.37394,0.352463
1.37395,0.352473
1.37396,0.352483
1.37397,0.352494
1.37397,0.352504
1.37398,0.352514
1.37399,0.352524
1.374,0.352534
1.374,0.352545
1.37401,0.352555
1.37402,0.352565
1.37403,0.352575
1.37403,0.352585
1.37404,0.352596
1.37405,0.352606
1.37406,0.352616
1.37406,0.352626
1.37407,0.352636
1.37408,0.352647
1.37409,0.352657
1.3741,0.352667
1.3741,0.352677
1.37411,0.352687
1.37412,0.352698
1.37413,0.352708
1.37413,0.352718
1.37414,0.352728
1.37415,0.352738
1.37416,0.352749
1.37416,0.352759
1.37417,0.352769
1.37418,0.352779
1.37419,0.352789
1.37419,0.3528
1.3742,0.35281
1.37421,0.35282
1.37422,0.35283
1.37423,0.35284
1.37423,0.352851
1.37424,0.352861
1.37425,0.352871
1.37426,0.352881
1.37426,0.352891
1.37427,0.352902
1.37428,0.352912
1.37429,0.352922
1.37429,0.352932
1.3743,0.352943
1.37431,0.352953
1.37432,0.352963
1.37432,0.352973
1.37433,0.352983
1.37434,0.352994
1.37435,0.353004
1.37435,0.353014
1.37436,0.353024
1.37437,0.353034
1.37438,0.353045
1.37439,0.353055
1.37439,0.353065
1.3744,0.353075
1.37441,0.353085
1.37442,0.353096
1.37442,0.353106
1.37443,0.353116
1.37444,0.353126
1.37445,0.353136
1.37445,0.353147
1.37446,0.353157
1.37447,0.353167
1.37448,0.353177
1.37448,0.353187
1.37449,0.353198
1.3745,0.353208
1.37451,0.353218
1.37451,0.353228
1.37452,0.353238
1.37453,0.353249
1.37454,0.353259
1.37455,0.353269
1.37455,0.353279
1.37456,0.353289
1.37457,0.3533
1.37458,0.35331
1.37458,0.35332
1.37459,0.35333
1.3746,0.35334
1.37461,0.353351
1.37461,0.353361
1.37462,0.353371
1.37463,0.353381
1.37464,0.353391
1.37464,0.353402
1.37465,0.353412
1.37466,0.353422
1.37467,0.353432
1.37467,0.353443
1.37468,0.353453
1.37469,0.353463
1.3747,0.353473
1.37471,0.353483
1.37471,0.353494
1.37472,0.353504
1.37473,0.353514
1.37474,0.353524
1.37474,0.353534
1.37475,0.353545
1.37476,0.353555
1.37477,0.353565
1.37477,0.353575
1.37478,0.353585
1.37479,0.353596
1.3748,0.353606
1.3748,0.353616
1.37481,0.353626
1.37482,0.353636
1.37483,0.353647
1.37484,0.353657
1.37484,0.353667
1.37485,0.353677
1.37486,0.353687
1.37487,0.353698
1.37487,0.353708
1.37488,0.353718
1.37489,0.353728
1.3749,0.353738
1.3749,0.353749
1.37491,0.353759
1.37492,0.353769
1.37493,0.353779
1.37493,0.353789
1.37494,0.3538
1.37495,0.35381
1.37496,0.35382
1.37496,0.35383
1.37497,0.35384
1.37498,0.353851
1.37499,0.353861
1.37499,0.353871
1.375,0.353881
1.37501,0.353891
1.37502,0.353902
1.37503,0.353912
1.37503,0.353922
1.37504,0.353932
1.37505,0.353942
1.37506,0.353953
1.37506,0.353963
1.37507,0.353973
1.37508,0.353983
1.37509,0.353994
1.37509,0.354004
1.3751,0.354014
1.37511,0.354024
1.37512,0.354034
1.37512,0.354045
1.37513,0.354055
1.37514,0.354065
1.37515,0.354075
1.37515,0.354085
1.37516,0.354096
1.37517,0.354106
1.37518,0.354116
1.37519,0.354126
1.37519,0.354136
1.3752,0.354147
1.37521,0.354157
1.37522,0.354167
1.37522,0.354177
1.37523,0.354187
1.37524,0.354198
1.37525,0.354208
1.37525,0.354218
1.37526,0.354228
1.37527,0.354238
1.37528,0.354249
1.37528,0.354259
1.37529,0.354269
1.3753,0.354279
1.37531,0.354289
1.37531,0.3543
1.37532,0.35431
1.37533,0.35432
1.37534,0.35433
1.37535,0.35434
1.37535,0.354351
1.37536,0.354361
1.37537,0.354371
1.37538,0.354381
1.37538,0.354391
1.37539,0.354402
1.3754,0.354412
1.37541,0.354422
1.37541,0.354432
1.37542,0.354442
1.37543,0.354453
1.37544,0.354463
1.37544,0.354473
1.37545,0.354483
1.37546,0.354494
1.37547,0.354504
1.37547,0.354514
1.37548,0.354524
1.37549,0.354534
1.3755,0.354545
1.37551,0.354555
1.37551,0.354565
1.37552,0.354575
1.37553,0.354585
1.37554,0.354596
1.37554,0.354606
1.37555,0.354616
1.37556,0.354626
1.37557,0.354636
1.37557,0.354647
1.37558,0.354657
1.37559,0.354667
1.3756,0.354677
1.3756,0.354687
1.37561,0.354698
1.37562,0.354708
1.37563,0.354718
1.37563,0.354728
1.37564,0.354738
1.37565,0.354749
1.37566,0.354759
1.37567,0.354769
1.37567,0.354779
1.37568,0.354789
1.37569,0.3548
1.3757,0.35481
1.3757,0.35482
1.37571,0.35483
1.37572,0.35484
1.37573,0.354851
1.37573,0.354861
1.37574,0.354871
1.37575,0.354881
1.37576,0.354891
1.37576,0.354902
1.37577,0.354912
1.37578,0.354922
1.37579,0.354932
1.37579,0.354942
1.3758,0.354953
1.37581,0.354963
1.37582,0.354973
1.37582,0.354983
1.37583,0.354994
1.37584,0.355004
1.37585,0.355014
1.37586,0.355024
1.37586,0.355034
1.37587,0.355045
1.37588,0.355055
1.37589,0.355065
1.37589,0.355075
1.3759,0.355085
1.37591,0.355096
1.37592,0.355106
1.37592,0.355116
1.37593,0.355126
1.37594,0.355136
1.37595,0.355147
1.37595,0.355157
1.37596,0.355167
1.37597,0.355177
1.37598,0.355187
1.37598,0.355198
1.37599,0.355208
1.376,0.355218
1.37601,0.355228
1.37601,0.355238
1.37602,0.355249
1.37603,0.355259
1.37604,0.355269
1.37605,0.355279
1.37605,0.355289
1.37606,0.3553
1.37607,0.35531
1.37608,0.35532
1.37608,0.35533
1.37609,0.35534
1.3761,0.355351
1.37611,0.355361
1.37611,0.355371
1.37612,0.355381
1.37613,0.355391
1.37614,0.355402
1.37614,0.355412
1.37615,0.355422
1.37616,0.355432
1.37617,0.355442
1.37617,0.355453
1.37618,0.355463
1.37619,0.355473
1.3762,0.355483
1.37621,0.355494
1.37621,0.355504
1.37622,0.355514
1.37623,0.355524
1.37624,0.355534
1.37624,0.355545
1.37625,0.355555
1.37626,0.355565
1.37627,0.355575
1.37627,0.355585
1.37628,0.355596
1.37629,0.355606
1.3763,0.355616
1.3763,0.355626
1.37631,0.355636
1.37632,0.355647
1.37633,0.355657
1.37633,0.355667
1.37634,0.355677
1.37635,0.355687
1.37636,0.355698
1.37636,0.355708
1.37637,0.355718
1.37638,0.355728
1.37639,0.355738
1.3764,0.355749
1.3764,0.355759
1.37641,0.355769
1.37642,0.355779
1.37643,0.355789
1.37643,0.3558
1.37644,0.35581
1.37645,0.35582
1.37646,0.35583
1.37646,0.35584
1.37647,0.355851
1.37648,0.355861
1.37649,0.355871
1.37649,0.355881
1.3765,0.355891
1.37651,0.355902
1.37652,0.355912
1.37652,0.355922
1.37653,0.355932
1.37654,0.355942
1.37655,0.355953
1.37655,0.355963
1.37656,0.355973
1.37657,0.355983
1.37658,0.355994
1.37659,0.356004
1.37659,0.356014
1.3766,0.356024
1.37661,0.356034
1.37662,0.356045
1.37662,0.356055
1.37663,0.356065
1.37664,0.356075
1.37665,0.356085
1.37665,0.356096
1.37666,0.356106
1.37667,0.356116
1.37668,0.356126
1.37668,0.356136
1.37669,0.356147
1.3767,0.356157
1.37671,0.356167
1.37671,0.356177
1.37672,0.356187
1.37673,0.356198
1.37674,0.356208
1.37674,0.356218
1.37675,0.356228
1.37676,0.356238
1.37677,0.356249
1.37678,0.356259
1.37678,0.356269
1.37679,0.356279
1.3768,0.356289
1.37681,0.3563
1.37681,0.35631
1.37682,0.35632
1.37683,0.35633
1.37684,0.35634
1.37684,0.356351
1.37685,0.356361
1.37686,0.356371
1.37687,0.356381
1.37687,0.356391
1.37688,0.356402
1.37689,0.356412
1.3769,0.356422
1.3769,0.356432
1.37691,0.356442
1.37692,0.356453
1.37693,0.356463
1.37693,0.356473
1.37694,0.356483
1.37695,0.356494
1.37696,0.356504
1.37696,0.356514
1.37697,0.356524
1.37698,0.356534
1.37699,0.356545
1.377,0.356555
1.377,0.356565
1.37701,0.356575
1.37702,0.356585
1.37703,0.356596
1.37703,0.356606
1.37704,0.356616
1.37705,0.356626
1.37706,0.356636
1.37706,0.356647
1.37707,0.356657
1.37708,0.356667
1.37709,0.356677
1.37709,0.356687
1.3771,0.356698
1.37711,0.356708
1.37712,0.356718
1.37712,0.356728
1.37713,0.356738
1.37714,0.356749
1.37715,0.356759
1.37715,0.356769
1.37716,0.356779
1.37717,0.356789
1.37718,0.3568
1.37719,0.35681
1.37719,0.35682
1.3772,0.35683
1.37721,0.35684
1.37722,0.356851
1.37722,0.356861
1.37723,0.356871
1.37724,0.356881
1.37725,0.356891
1.37725,0.356902
1.37726,0.356912
1.37727,0.356922
1.37728,0.356932
1.37728,0.356942
1.37729,0.356953
1.3773,0.356963
1.37731,0.356973
1.37731,0.356983
1.37732,0.356994
1.37733,0.357004
1.37734,0.357014
1.37734,0.357024
1.37735,0.357034
1.37736,0.357045
1.37737,0.357055
1.37737,0.357065
1.37738,0.357075
1.37739,0.357085
1.3774,0.357096
1.37741,0.357106
1.37741,0.357116
1.37742,0.357126
1.37743,0.357136
1.37744,0.357147
1.37744,0.357157
1.37745,0.357167
1.37746,0.357177
1.37747,0.357187
1.37747,0.357198
1.37748,0.357208
1.37749,0.357218
1.3775,0.357228
1.3775,0.357238
1.37751,0.357249
1.37752,0.357259
1.37753,0.357269
1.37753,0.357279
1.37754,0.357289
1.37755,0.3573
1.37756,0.35731
1.37756,0.35732
1.37757,0.35733
1.37758,0.35734
1.37759,0.357351
1.3776,0.357361
1.3776,0.357371
1.37761,0.357381
1.37762,0.357391
1.37763,0.357402
1.37763,0.357412
1.37764,0.357422
1.37765,0.357432
1.37766,0.357442
1.37766,0.357453
1.37767,0.357463
1.37768,0.357473
1.37769,0.357483
1.37769,0.357494
1.3777,0.357504
1.37771,0.357514
1.37772,0.357524
1.37772,0.357534
1.37773,0.357545
1.37774,0.357555
1.37775,0.357565
1.37775,0.357575
1.37776,0.357585
1.37777,0.357596
1.37778,0.357606
1.37778,0.357616
1.37779,0.357626
1.3778,0.357636
1.37781,0.357647
1.37782,0.357657
1.37782,0.357667
1.37783,0.357677
1.37784,0.357687
1.37785,0.357698
1.37785,0.357708
1.37786,0.357718
1.37787,0.357728
1.37788,0.357738
1.37788,0.357749
1.37789,0.357759
1.3779,0.357769
1.37791,0.357779
1.37791,0.357789
1.37792,0.3578
1.37793,0.35781
1.37794,0.35782
1.37794,0.35783
1.37795,0.35784
1.37796,0.357851
1.37797,0.357861
1.37797,0.357871
1.37798,0.357881
1.37799,0.357891
1.378,0.357902
1.378,0.357912
1.37801,0.357922
1.37802,0.357932
1.37803,0.357942
1.37803,0.357953
1.37804,0.357963
1.37805,0.357973
1.37806,0.357983
1.37807,0.357994
1.37807,0.358004
1.37808,0.358014
1.37809,0.358024
1.3781,0.358034
1.3781,0.358045
1.37811,0.358055
1.37812,0.358065
1.37813,0.358075
1.37813,0.358085
1.37814,0.358096
1.37815,0.358106
1.37816,0.358116
1.37816,0.358126
1.37817,0.358136
1.37818,0.358147
1.37819,0.358157
1.37819,0.358167
1.3782,0.358177
1.37821,0.358187
1.37822,0.358198
1.37822,0.358208
1.37823,0.358218
1.37824,0.358228
1.37825,0.358238
1.37825,0.358249
1.37826,0.358259
1.37827,0.358269
1.37828,0.358279
1.37829,0.358289
1.37829,0.3583
1.3783,0.35831
1.37831,0.35832
1.37832,0.35833
1.37832,0.35834
1.37833,0.358351
1.37834,0.358361
1.37835,0.358371
1.37835,0.358381
1.37836,0.358391
1.37837,0.358402
1.37838,0.358412
1.37838,0.358422
1.37839,0.358432
1.3784,0.358442
1.37841,0.358453
1.37841,0.358463
1.37842,0.358473
1.37843,0.358483
1.37844,0.358494
1.37844,0.358504
1.37845,0.358514
1.37846,0.358524
1.37847,0.358534
1.37847,0.358545
1.37848,0.358555
1.37849,0.358565
1.3785,0.358575
1.3785,0.358585
1.37851,0.358596
1.37852,0.358606
1.37853,0.358616
1.37854,0.358626
1.37854,0.358636
1.37855,0.358647
1.37856,0.358657
1.37857,0.358667
1.37857,0.358677
1.37858,0.358687
1.37859,0.358698
1.3786,0.358708
1.3786,0.358718
1.37861,0.358728
1.37862,0.358738
1.37863,0.358749
1.37863,0.358759
1.37864,0.358769
1.37865,0.358779
1.37866,0.358789
1.37866,0.3588
1.37867,0.35881
1.37868,0.35882
1.37869,0.35883
1.37869,0.35884
1.3787,0.358851
1.37871,0.358861
1.37872,0.358871
1.37872,0.358881
1.37873,0.358891
1.37874,0.358902
1.37875,0.358912
1.37875,0.358922
1.37876,0.358932
1.37877,0.358942
1.37878,0.358953
1.37879,0.358963
1.37879,0.358973
1.3788,0.358983
1.37881,0.358994
1.37882,0.359004
1.37882,0.359014
1.37883,0.359024
1.37884,0.359034
1.37885,0.359045
1.37885,0.359055
1.37886,0.359065
1.37887,0.359075
1.37888,0.359085
1.37888,0.359096
1.37889,0.359106
1.3789,0.359116
1.37891,0.359126
1.37891,0.359136
1.37892,0.359147
1.37893,0.359157
1.37894,0.359167
1.37894,0.359177
1.37895,0.359187
1.37896,0.359198
1.37897,0.359208
1.37897,0.359218
1.37898,0.359228
1.37899,0.359238
1.379,0.359249
1.379,0.359259
1.37901,0.359269
1.37902,0.359279
1.37903,0.359289
1.37904,0.3593
1.37904,0.35931
1.37905,0.35932
1.37906,0.35933
1.37907,0.35934
1.37907,0.359351
1.37908,0.359361
1.37909,0.359371
1.3791,0.359381
1.3791,0.359391
1.37911,0.359402
1.37912,0.359412
1.37913,0.359422
1.37913,0.359432
1.37914,0.359442
1.37915,0.359453
1.37916,0.359463
1.37916,0.359473
1.37917,0.359483
1.37918,0.359494
1.37919,0.359504
1.37919,0.359514
1.3792,0.359524
1.37921,0.359534
1.37922,0.359545
1.37922,0.359555
1.37923,0.359565
1.37924,0.359575
1.37925,0.359585
1.37925,0.359596
1.37926,0.359606
1.37927,0.359616
1.37928,0.359626
1.37928,0.359636
1.37929,0.359647
1.3793,0.359657
1.37931,0.359667
1.37932,0.359677
1.37932,0.359687
1.37933,0.359698
1.37934,0.359708
1.37935,0.359718
1.37935,0.359728
1.37936,0.359738
1.37937,0.359749
1.37938,0.359759
1.37938,0.359769
1.37939,0.359779
1.3794,0.359789
1.37941,0.3598
1.37941,0.35981
1.37942,0.35982
1.37943,0.35983
1.37944,0.35984
1.37944,0.359851
1.37945,0.359861
1.37946,0.359871
1.37947,0.359881
1.37947,0.359891
1.37948,0.359902
1.37949,0.359912
1.3795,0.359922
1.3795,0.359932
1.37951,0.359942
1.37952,0.359953
1.37953,0.359963
1.37953,0.359973
1.37954,0.359983
1.37955,0.359994
1.37956,0.360004
1.37956,0.360014
1.37957,0.360024
1.37958,0.360034
1.37959,0.360045
1.3796,0.360055
1.3796,0.360065
1.37961,0.360075
1.37962,0.360085
1.37963,0.360096
1.37963,0.360106
1.37964,0.360116
1.37965,0.360126
1.37966,0.360136
1.37966,0.360147
1.37967,0.360157
1.37968,0.360167
1.37969,0.360177
1.37969,0.360187
1.3797,0.360198
1.37971,0.360208
1.37972,0.360218
1.37972,0.360228
1.37973,0.360238
1.37974,0.360249
1.37975,0.360259
1.37975,0.360269
1.37976,0.360279
1.37977,0.360289
1.37978,0.3603
1.37978,0.36031
1.37979,0.36032
1.3798,0.36033
1.37981,0.36034
1.37981,0.360351
1.37982,0.360361
1.37983,0.360371
1.37984,0.360381
1.37984,0.360391
1.37985,0.360402
1.37986,0.360412
1.37987,0.360422
1.37987,0.360432
1.37988,0.360442
1.37989,0.360453
1.3799,0.360463
1.37991,0.360473
1.37991,0.360483
1.37992,0.360494
1.37993,0.360504
1.37994,0.360514
1.37994,0.360524
1.37995,0.360534
1.37996,0.360545
1.37997,0.360555
1.37997,0.360565
1.37998,0.360575
1.37999,0.360585
1.38,0.360596
1.38,0.360606
1.38001,0.360616
1.38002,0.360626
1.38003,0.360636
1.38003,0.360647
1.38004,0.360657
1.38005,0.360667
1.38006,0.360677
1.38006,0.360687
1.38007,0.360698
1.38008,0.360708
1.38009,0.360718
1.38009,0.360728
1.3801,0.360738
1.38011,0.360749
1.38012,0.360759
1.38012,0.360769
1.38013,0.360779
1.38014,0.360789
1.38015,0.3608
1.38015,0.36081
1.38016,0.36082
1.38017,0.36083
1.38018,0.36084
1.38018,0.360851
1.38019,0.360861
1.3802,0.360871
1.38021,0.360881
1.38021,0.360891
1.38022,0.360902
1.38023,0.360912
1.38024,0.360922
1.38025,0.360932
1.38025,0.360942
1.38026,0.360953
1.38027,0.360963
1.38028,0.360973
1.38028,0.360983
1.38029,0.360994
1.3803,0.361004
1.38031,0.361014
1.38031,0.361024
1.38032,0.361034
1.38033,0.361045
1.38034,0.361055
1.38034,0.361065
1.38035,0.361075
1.38036,0.361085
1.38037,0.361096
1.38037,0.361106
1.38038,0.361116
1.38039,0.361126
1.3804,0.361136
1.3804,0.361147
1.38041,0.361157
1.38042,0.361167
1.38043,0.361177
1.38043,0.361187
1.38044,0.361198
1.38045,0.361208
1.38046,0.361218
1.38046,0.361228
1.38047,0.361238
1.38048,0.361249
1.38049,0.361259
1.38049,0.361269
1.3805,0.361279
1.38051,0.361289
1.38052,0.3613
1.38052,0.36131
1.38053,0.36132
1.38054,0.36133
1.38055,0.36134
1.38055,0.361351
1.38056,0.361361
1.38057,0.361371
1.38058,0.361381
1.38059,0.361391
1.38059,0.361402
1.3806,0.361412
1.38061,0.361422
1.38062,0.361432
1.38062,0.361442
1.38063,0.361453
1.38064,0.361463
1.38065,0.361473
1.38065,0.361483
1.38066,0.361494
1.38067,0.361504
1.38068,0.361514
1.38068,0.361524
1.38069,0.361534
1.3807,0.361545
1.38071,0.361555
1.38071,0.361565
1.38072,0.361575
1.38073,0.361585
1.38074,0.361596
1.38074,0.361606
1.38075,0.361616
1.38076,0.361626
1.38077,0.361636
1.38077,0.361647
1.38078,0.361657
1.38079,0.361667
1.3808,0.361677
1.3808,0.361687
1.38081,0.361698
1.38082,0.361708
1.38083,0.361718
1.38083,0.361728
1.38084,0.361738
1.38085,0.361749
1.38086,0.361759
1.38086,0.361769
1.38087,0.361779
1.38088,0.361789
1.38089,0.3618
1.38089,0.36181
1.3809,0.36182
1.38091,0.36183
1.38092,0.36184
1.38092,0.361851
1.38093,0.361861
1.38094,0.361871
1.38095,0.361881
1.38096,0.361891
1.38096,0.361902
1.38097,0.361912
1.38098,0.361922
1.38099,0.361932
1.38099,0.361942
1.381,0.361953
1.38101,0.361963
1.38102,0.361973
1.38102,0.361983
1.38103,0.361994
1.38104,0.362004
1.38105,0.362014
1.38105,0.362024
1.38106,0.362034
1.38107,0.362045
1.38108,0.362055
1.38108,0.362065
1.38109,0.362075
1.3811,0.362085
1.38111,0.362096
1.38111,0.362106
1.38112,0.362116
1.38113,0.362126
1.38114,0.362136
1.38114,0.362147
1.38115,0.362157
1.38116,0.362167
1.38117,0.362177
1.38117,0.362187
1.38118,0.362198
1.38119,0.362208
1.3812,0.362218
1.3812,0.362228
1.38121,0.362238
1.38122,0.362249
1.38123,0.362259
1.38123,0.362269
1.38124,0.362279
1.38125,0.362289
1.38126,0.3623
1.38126,0.36231
1.38127,0.36232
1.38128,0.36233
1.38129,0.36234
1.38129,0.362351
1.3813,0.362361
1.38131,0.362371
1.38132,0.362381
1.38132,0.362391
1.38133,0.362402
1.38134,0.362412
1.38135,0.362422
1.38136,0.362432
1.38136,0.362442
1.38137,0.362453
1.38138,0.362463
1.38139,0.362473
1.38139,0.362483
1.3814,0.362494
1.38141,0.362504
1.38142,0.362514
1.38142,0.362524
1.38143,0.362534
1.38144,0.362545
1.38145,0.362555
1.38145,0.362565
1.38146,0.362575
1.38147,0.362585
1.38148,0.362596
1.38148,0.362606
1.38149,0.362616
1.3815,0.362626
1.38151,0.362636
1.38151,0.362647
1.38152,0.362657
1.38153,0.362667
1.38154,0.362677
1.38154,0.362687
1.38155,0.362698
1.38156,0.362708
1.38157,0.362718
1.38157,0.362728
1.38158,0.362738
1.38159,0.362749
1.3816,0.362759
1.3816,0.362769
1.38161,0.362779
1.38162,0.362789
1.38163,0.3628
1.38163,0.36281
1.38164,0.36282
1.38165,0.36283
1.38166,0.36284
1.38166,0.362851
1.38167,0.362861
1.38168,0.362871
1.38169,0.362881
1.38169,0.362891
1.3817,0.362902
1.38171,0.362912
1.38172,0.362922
1.38172,0.362932
1.38173,0.362942
1.38174,0.362953
1.38175,0.362963
1.38175,0.362973
1.38176,0.362983
1.38177,0.362994
1.38178,0.363004
1.38179,0.363014
1.38179,0.363024
1.3818,0.363034
1.38181,0.363045
1.38182,0.363055
1.38182,0.363065
1.38183,0.363075
1.38184,0.363085
1.38185,0.363096
1.38185,0.363106
1.38186,0.363116
1.38187,0.363126
1.38188,0.363136
1.38188,0.363147
1.38189,0.363157
1.3819,0.363167
1.38191,0.363177
1.38191,0.363187
1.38192,0.363198
1.38193,0.363208
1.38194,0.363218
1.38194,0.363228
1.38195,0.363238
1.38196,0.363249
1.38197,0.363259
1.38197,0.363269
1.38198,0.363279
1.38199,0.363289
1.382,0.3633
1.382,0.36331
1.38201,0.36332
1.38202,0.36333
1.38203,0.36334
1.38203,0.363351
1.38204,0.363361
1.38205,0.363371
1.38206,0.363381
1.38206,0.363391
1.38207,0.363402
1.38208,0.363412
1.38209,0.363422
1.38209,0.363432
1.3821,0.363442
1.38211,0.363453
1.38212,0.363463
1.38212,0.363473
1.38213,0.363483
1.38214,0.363494
1.38215,0.363504
1.38215,0.363514
1.38216,0.363524
1.38217,0.363534
1.38218,0.363545
1.38218,0.363555
1.38219,0.363565
1.3822,0.363575
1.38221,0.363585
1.38221,0.363596
1.38222,0.363606
1.38223,0.363616
1.38224,0.363626
1.38224,0.363636
1.38225,0.363647
1.38226,0.363657
1.38227,0.363667
1.38227,0.363677
1.38228,0.363687
1.38229,0.363698
1.3823,0.363708
1.38231,0.363718
1.38231,0.363728
1.38232,0.363738
1.38233,0.363749
1.38234,0.363759
1.38234,0.363769
1.38235,0.363779
1.38236,0.363789
1.38237,0.3638
1.38237,0.36381
1.38238,0.36382
1.38239,0.36383
1.3824,0.36384
1.3824,0.363851
1.38241,0.363861
1.38242,0.363871
1.38243,0.363881
1.38243,0.363891
1.38244,0.363902
1.38245,0.363912
1.38246,0.363922
1.38246,0.363932
1.38247,0.363942
1.38248,0.363953
1.38249,0.363963
1.38249,0.363973
1.3825,0.363983
1.38251,0.363994
1.38252,0.364004
1.38252,0.364014
1.38253,0.364024
1.38254,0.364034
1.38255,0.364045
1.38255,0.364055
1.38256,0.364065
1.38257,0.364075
1.38258,0.364085
1.38258,0.364096
1.38259,0.364106
1.3826,0.364116
1.38261,0.364126
1.38261,0.364136
1.38262,0.364147
1.38263,0.364157
1.38264,0.364167
1.38264,0.364177
1.38265,0.364187
1.38266,0.364198
1.38267,0.364208
1.38267,0.364218
1.38268,0.364228
1.38269,0.364238
1.3827,0.364249
1.3827,0.364259
1.38271,0.364269
1.38272,0.364279
1.38273,0.364289
1.38273,0.3643
1.38274,0.36431
1.38275,0.36432
1.38276,0.36433
1.38276,0.36434
1.38277,0.364351
1.38278,0.364361
1.38279,0.364371
1.38279,0.364381
1.3828,0.364391
1.38281,0.364402
1.38282,0.364412
1.38282,0.364422
1.38283,0.364432
1.38284,0.364442
1.38285,0.364453
1.38285,0.364463
1.38286,0.364473
1.38287,0.364483
1.38288,0.364494
1.38288,0.364504
1.38289,0.364514
1.3829,0.364524
1.38291,0.364534
1.38291,0.364545
1.38292,0.364555
1.38293,0.364565
1.38294,0.364575
1.38295,0.364585
1.38295,0.364596
1.38296,0.364606
1.38297,0.364616
1.38298,0.364626
1.38298,0.364636
1.38299,0.364647
1.383,0.364657
1.38301,0.364667
1.38301,0.364677
1.38302,0.364687
1.38303,0.364698
1.38304,0.364708
1.38304,0.364718
1.38305,0.364728
1.38306,0.364738
1.38307,0.364749
1.38307,0.364759
1.38308,0.364769
1.38309,0.364779
1.3831,0.364789
1.3831,0.3648
1.38311,0.36481
1.38312,0.36482
1.38313,0.36483
1.38313,0.36484
1.38314,0.364851
1.38315,0.364861
1.38316,0.364871
1.38316,0.364881
1.38317,0.364891
1.38318,0.364902
1.38319,0.364912
1.38319,0.364922
1.3832,0.364932
1.38321,0.364942
1.38322,0.364953
1.38322,0.364963
1.38323,0.364973
1.38324,0.364983
1.38325,0.364994
1.38325,0.365004
1.38326,0.365014
1.38327,0.365024
1.38328,0.365034
1.38328,0.365045
1.38329,0.365055
1.3833,0.365065
1.38331,0.365075
1.38331,0.365085
1.38332,0.365096
1.38333,0.365106
1.38334,0.365116
1.38334,0.365126
1.38335,0.365136
1.38336,0.365147
1.38337,0.365157
1.38337,0.365167
1.38338,0.365177
1.38339,0.365187
1.3834,0.365198
1.3834,0.365208
1.38341,0.365218
1.38342,0.365228
1.38343,0.365238
1.38343,0.365249
1.38344,0.365259
1.38345,0.365269
1.38346,0.365279
1.38346,0.365289
1.38347,0.3653
1.38348,0.36531
1.38349,0.36532
1.38349,0.36533
1.3835,0.36534
1.38351,0.365351
1.38352,0.365361
1.38352,0.365371
1.38353,0.365381
1.38354,0.365391
1.38355,0.365402
1.38355,0.365412
1.38356,0.365422
1.38357,0.365432
1.38358,0.365442
1.38358,0.365453
1.38359,0.365463
1.3836,0.365473
1.38361,0.365483
1.38361,0.365494
1.38362,0.365504
1.38363,0.365514
1.38364,0.365524
1.38364,0.365534
1.38365,0.365545
1.38366,0.365555
1.38367,0.365565
1.38367,0.365575
1.38368,0.365585
1.38369,0.365596
1.3837,0.365606
1.3837,0.365616
1.38371,0.365626
1.38372,0.365636
1.38373,0.365647
1.38373,0.365657
1.38374,0.365667
1.38375,0.365677
1.38376,0.365687
1.38376,0.365698
1.38377,0.365708
1.38378,0.365718
1.38379,0.365728
1.38379,0.365738
1.3838,0.365749
1.38381,0.365759
1.38382,0.365769
1.38383,0.365779
1.38383,0.365789
1.38384,0.3658
1.38385,0.36581
1.38386,0.36582
1.38386,0.36583
1.38387,0.36584
1.38388,0.365851
1.38389,0.365861
1.38389,0.365871
1.3839,0.365881
1.38391,0.365891
1.38392,0.365902
1.38392,0.365912
1.38393,0.365922
1.38394,0.365932
1.38395,0.365942
1.38395,0.365953
1.38396,0.365963
1.38397,0.365973
1.38398,0.365983
1.38398,0.365994
1.38399,0.366004
1.384,0.366014
1.38401,0.366024
1.38401,0.366034
1.38402,0.366045
1.38403,0.366055
1.38404,0.366065
1.38404,0.366075
1.38405,0.366085
1.38406,0.366096
1.38407,0.366106
1.38407,0.366116
1.38408,0.366126
1.38409,0.366136
1.3841,0.366147
1.3841,0.366157
1.38411,0.366167
1.38412,0.366177
1.38413,0.366187
1.38413,0.366198
1.38414,0.366208
1.38415,0.366218
1.38416,0.366228
1.38416,0.366238
1.38417,0.366249
1.38418,0.366259
1.38419,0.366269
1.38419,0.366279
1.3842,0.366289
1.38421,0.3663
1.38422,0.36631
1.38422,0.36632
1.38423,0.36633
1.38424,0.36634
1.38425,0.366351
1.38425,0.366361
1.38426,0.366371
1.38427,0.366381
1.38428,0.366391
1.38428,0.366402
1.38429,0.366412
1.3843,0.366422
1.38431,0.366432
1.38431,0.366442
1.38432,0.366453
1.38433,0.366463
1.38434,0.366473
1.38434,0.366483
1.38435,0.366494
1.38436,0.366504
1.38437,0.366514
1.38437,0.366524
1.38438,0.366534
1.38439,0.366545
1.3844,0.366555
1.3844,0.366565
1.38441,0.366575
1.38442,0.366585
1.38443,0.366596
1.38443,0.366606
1.38444,0.366616
1.38445,0.366626
1.38446,0.366636
1.38446,0.366647
1.38447,0.366657
1.38448,0.366667
1.38449,0.366677
1.38449,0.366687
1.3845,0.366698
1.38451,0.366708
1.38452,0.366718
1.38452,0.366728
1.38453,0.366738
1.38454,0.366749
1.38455,0.366759
1.38455,0.366769
1.38456,0.366779
1.38457,0.366789
1.38458,0.3668
1.38458,0.36681
1.38459,0.36682
1.3846,0.36683
1.38461,0.36684
1.38461,0.366851
1.38462,0.366861
1.38463,0.366871
1.38464,0.366881
1.38464,0.366891
1.38465,0.366902
1.38466,0.366912
1.38467,0.366922
1.38467,0.366932
1.38468,0.366942
1.38469,0.366953
1.3847,0.366963
1.3847,0.366973
1.38471,0.366983
1.38472,0.366994
1.38473,0.367004
1.38473,0.367014
1.38474,0.367024
1.38475,0.367034
1.38476,0.367045
1.38476,0.367055
1.38477,0.367065
1.38478,0.367075
1.38479,0.367085
1.38479,0.367096
1.3848,0.367106
1.38481,0.367116
1.38482,0.367126
1.38482,0.367136
1.38483,0.367147
1.38484,0.367157
1.38485,0.367167
1.38485,0.367177
1.38486,0.367187
1.38487,0.367198
1.38488,0.367208
1.38488,0.367218
1.38489,0.367228
1.3849,0.367238
1.38491,0.367249
1.38491,0.367259
1.38492,0.367269
1.38493,0.367279
1.38494,0.367289
1.38494,0.3673
1.38495,0.36731
1.38496,0.36732
1.38497,0.36733
1.38497,0.36734
1.38498,0.367351
1.38499,0.367361
1.385,0.367371
1.385,0.367381
1.38501,0.367391
1.38502,0.367402
1.38503,0.367412
1.38503,0.367422
1.38504,0.367432
1.38505,0.367442
1.38506,0.367453
1.38506,0.367463
1.38507,0.367473
1.38508,0.367483
1.38509,0.367494
1.38509,0.367504
1.3851,0.367514
1.38511,0.367524
1.38512,0.367534
1.38512,0.367545
1.38513,0.367555
1.38514,0.367565
1.38515,0.367575
1.38515,0.367585
1.38516,0.367596
1.38517,0.367606
1.38518,0.367616
1.38518,0.367626
1.38519,0.367636
1.3852,0.367647
1.38521,0.367657
1.38521,0.367667
1.38522,0.367677
1.38523,0.367687
1.38524,0.367698
1.38524,0.367708
1.38525,0.367718
1.38526,0.367728
1.38527,0.367738
1.38527,0.367749
1.38528,0.367759
1.38529,0.367769
1.3853,0.367779
1.3853,0.367789
1.38531,0.3678
1.38532,0.36781
1.38533,0.36782
1.38533,0.36783
1.38534,0.36784
1.38535,0.367851
1.38536,0.367861
1.38536,0.367871
1.38537,0.367881
1.38538,0.367891
1.38539,0.367902
1.38539,0.367912
1.3854,0.367922
1.38541,0.367932
1.38542,0.367942
1.38542,0.367953
1.38543,0.367963
1.38544,0.367973
1.38545,0.367983
1.38545,0.367994
1.38546,0.368004
1.38547,0.368014
1.38548,0.368024
1.38548,0.368034
1.38549,0.368045
1.3855,0.368055
1.38551,0.368065
1.38551,0.368075
1.38552,0.368085
1.38553,0.368096
1.38554,0.368106
1.38554,0.368116
1.38555,0.368126
1.38556,0.368136
1.38557,0.368147
1.38557,0.368157
1.38558,0.368167
1.38559,0.368177
1.3856,0.368187
1.3856,0.368198
1.38561,0.368208
1.38562,0.368218
1.38563,0.368228
1.38563,0.368238
1.38564,0.368249
1.38565,0.368259
1.38566,0.368269
1.38566,0.368279
1.38567,0.368289
1.38568,0.3683
1.38569,0.36831
1.38569,0.36832
1.3857,0.36833
1.38571,0.36834
1.38572,0.368351
1.38572,0.368361
1.38573,0.368371
1.38574,0.368381
1.38575,0.368391
1.38575,0.368402
1.38576,0.368412
1.38577,0.368422
1.38578,0.368432
1.38578,0.368442
1.38579,0.368453
1.3858,0.368463
1.38581,0.368473
1.38581,0.368483
1.38582,0.368493
1.38583,0.368504
1.38584,0.368514
1.38584,0.368524
1.38585,0.368534
1.38586,0.368545
1.38587,0.368555
1.38587,0.368565
1.38588,0.368575
1.38589,0.368585
1.3859,0.368596
1.3859,0.368606
1.38591,0.368616
1.38592,0.368626
1.38593,0.368636
1.38593,0.368647
1.38594,0.368657
1.38595,0.368667
1.38596,0.368677
1.38596,0.368687
1.38597,0.368698
1.38598,0.368708
1.38599,0.368718
1.38599,0.368728
1.386,0.368738
1.38601,0.368749
1.38602,0.368759
1.38602,0.368769
1.38603,0.368779
1.38604,0.368789
1.38605,0.3688
1.38605,0.36881
1.38606,0.36882
1.38607,0.36883
1.38608,0.36884
1.38608,0.368851
1.38609,0.368861
1.3861,0.368871
1.38611,0.368881
1.38611,0.368891
1.38612,0.368902
1.38613,0.368912
1.38614,0.368922
1.38614,0.368932
1.38615,0.368942
1.38616,0.368953
1.38617,0.368963
1.38617,0.368973
1.38618,0.368983
1.38619,0.368993
1.3862,0.369004
1.3862,0.369014
1.38621,0.369024
1.38622,0.369034
1.38623,0.369045
1.38623,0.369055
1.38624,0.369065
1.38625,0.369075
1.38626,0.369085
1.38626,0.369096
1.38627,0.369106
1.38628,0.369116
1.38629,0.369126
1.38629,0.369136
1.3863,0.369147
1.38631,0.369157
1.38632,0.369167
1.38632,0.369177
1.38633,0.369187
1.38634,0.369198
1.38635,0.369208
1.38635,0.369218
1.38636,0.369228
1.38637,0.369238
1.38638,0.369249
1.38638,0.369259
1.38639,0.369269
1.3864,0.369279
1.38641,0.369289
1.38641,0.3693
1.38642,0.36931
1.38643,0.36932
1.38644,0.36933
1.38644,0.36934
1.38645,0.369351
1.38646,0.369361
1.38647,0.369371
1.38647,0.369381
1.38648,0.369391
1.38649,0.369402
1.3865,0.369412
1.3865,0.369422
1.38651,0.369432
1.38652,0.369442
1.38653,0.369453
1.38653,0.369463
1.38654,0.369473
1.38655,0.369483
1.38656,0.369493
1.38656,0.369504
1.38657,0.369514
1.38658,0.369524
1.38659,0.369534
1.38659,0.369545
1.3866,0.369555
1.38661,0.369565
1.38662,0.369575
1.38662,0.369585
1.38663,0.369596
1.38664,0.369606
1.38665,0.369616
1.38665,0.369626
1.38666,0.369636
1.38667,0.369647
1.38668,0.369657
1.38668,0.369667
1.38669,0.369677
1.3867,0.369687
1.38671,0.369698
1.38671,0.369708
1.38672,0.369718
1.38673,0.369728
1.38674,0.369738
1.38674,0.369749
1.38675,0.369759
1.38676,0.369769
1.38677,0.369779
1.38677,0.369789
1.38678,0.3698
1.38679,0.36981
1.38679,0.36982
1.3868,0.36983
1.38681,0.36984
1.38682,0.369851
1.38682,0.369861
1.38683,0.369871
1.38684,0.369881
1.38685,0.369891
1.38685,0.369902
1.38686,0.369912
1.38687,0.369922
1.38688,0.369932
1.38688,0.369942
1.38689,0.369953
1.3869,0.369963
1.38691,0.369973
1.38691,0.369983
1.38692,0.369993
1.38693,0.370004
1.38694,0.370014
1.38694,0.370024
1.38695,0.370034
1.38696,0.370045
1.38697,0.370055
1.38697,0.370065
1.38698,0.370075
1.38699,0.370085
1.387,0.370096
1.387,0.370106
1.38701,0.370116
1.38702,0.370126
1.38703,0.370136
1.38703,0.370147
1.38704,0.370157
1.38705,0.370167
1.38706,0.370177
1.38706,0.370187
1.38707,0.370198
1.38708,0.370208
1.38709,0.370218
1.38709,0.370228
1.3871,0.370238
1.38711,0.370249
1.38712,0.370259
1.38712,0.370269
1.38713,0.370279
1.38714,0.370289
1.38715,0.3703
1.38715,0.37031
1.38716,0.37032
1.38717,0.37033
1.38718,0.37034
1.38718,0.370351
1.38719,0.370361
1.3872,0.370371
1.38721,0.370381
1.38721,0.370391
1.38722,0.370402
1.38723,0.370412
1.38724,0.370422
1.38724,0.370432
1.38725,0.370442
1.38726,0.370453
1.38727,0.370463
1.38727,0.370473
1.38728,0.370483
1.38729,0.370493
1.3873,0.370504
1.3873,0.370514
1.38731,0.370524
1.38732,0.370534
1.38733,0.370545
1.38733,0.370555
1.38734,0.370565
1.38735,0.370575
1.38736,0.370585
1.38736,0.370596
1.38737,0.370606
1.38738,0.370616
1.38739,0.370626
1.38739,0.370636
1.3874,0.370647
1.38741,0.370657
1.38742,0.370667
1.38742,0.370677
1.38743,0.370687
1.38744,0.370698
1.38745,0.370708
1.38745,0.370718
1.38746,0.370728
1.38747,0.370738
1.38748,0.370749
1.38748,0.370759
1.38749,0.370769
1.3875,0.370779
1.38751,0.370789
1.38751,0.3708
1.38752,0.37081
1.38753,0.37082
1.38754,0.37083
1.38754,0.37084
1.38755,0.370851
1.38756,0.370861
1.38757,0.370871
1.38757,0.370881
1.38758,0.370891
1.38759,0.370902
1.3876,0.370912
1.3876,0.370922
1.38761,0.370932
1.38762,0.370942
1.38763,0.370953
1.38763,0.370963
1.38764,0.370973
1.38765,0.370983
1.38765,0.370993
1.38766,0.371004
1.38767,0.371014
1.38768,0.371024
1.38768,0.371034
1.38769,0.371045
1.3877,0.371055
1.38771,0.371065
1.38771,0.371075
1.38772,0.371085
1.38773,0.371096
1.38774,0.371106
1.38774,0.371116
1.38775,0.371126
1.38776,0.371136
1.38777,0.371147
1.38777,0.371157
1.38778,0.371167
1.38779,0.371177
1.3878,0.371187
1.3878,0.371198
1.38781,0.371208
1.38782,0.371218
1.38783,0.371228
1.38783,0.371238
1.38784,0.371249
1.38785,0.371259
1.38786,0.371269
1.38786,0.371279
1.38787,0.371289
1.38788,0.3713
1.38789,0.37131
1.38789,0.37132
1.3879,0.37133
1.38791,0.37134
1.38792,0.371351
1.38792,0.371361
1.38793,0.371371
1.38794,0.371381
1.38795,0.371391
1.38795,0.371402
1.38796,0.371412
1.38797,0.371422
1.38798,0.371432
1.38798,0.371442
1.38799,0.371453
1.388,0.371463
1.38801,0.371473
1.38801,0.371483
1.38802,0.371493
1.38803,0.371504
1.38804,0.371514
1.38804,0.371524
1.38805,0.371534
1.38806,0.371545
1.38807,0.371555
1.38807,0.371565
1.38808,0.371575
1.38809,0.371585
1.3881,0.371596
1.3881,0.371606
1.38811,0.371616
1.38812,0.371626
1.38813,0.371636
1.38813,0.371647
1.38814,0.371657
1.38815,0.371667
1.38816,0.371677
1.38816,0.371687
1.38817,0.371698
1.38818,0.371708
1.38819,0.371718
1.38819,0.371728
1.3882,0.371738
1.38821,0.371749
1.38822,0.371759
1.38822,0.371769
1.38823,0.371779
1.38824,0.371789
1.38825,0.3718
1.38825,0.37181
1.38826,0.37182
1.38827,0.37183
1.38827,0.37184
1.38828,0.371851
1.38829,0.371861
1.3883,0.371871
1.3883,0.371881
1.38831,0.371891
1.38832,0.371902
1.38833,0.371912
1.38833,0.371922
1.38834,0.371932
1.38835,0.371942
1.38836,0.371953
1.38836,0.371963
1.38837,0.371973
1.38838,0.371983
1.38839,0.371993
1.38839,0.372004
1.3884,0.372014
1.38841,0.372024
1.38842,0.372034
1.38842,0.372045
1.38843,0.372055
1.38844,0.372065
1.38845,0.372075
1.38845,0.372085
1.38846,0.372096
1.38847,0.372106
1.38848,0.372116
1.38848,0.372126
1.38849,0.372136
1.3885,0.372147
1.38851,0.372157
1.38851,0.372167
1.38852,0.372177
1.38853,0.372187
1.38854,0.372198
1.38854,0.372208
1.38855,0.372218
1.38856,0.372228
1.38857,0.372238
1.38857,0.372249
1.38858,0.372259
1.38859,0.372269
1.3886,0.372279
1.3886,0.372289
1.38861,0.3723
1.38862,0.37231
1.38863,0.37232
1.38863,0.37233
1.38864,0.37234
1.38865,0.372351
1.38866,0.372361
1.38866,0.372371
1.38867,0.372381
1.38868,0.372391
1.38869,0.372402
1.38869,0.372412
1.3887,0.372422
1.38871,0.372432
1.38872,0.372442
1.38872,0.372453
1.38873,0.372463
1.38874,0.372473
1.38875,0.372483
1.38875,0.372493
1.38876,0.372504
1.38877,0.372514
1.38878,0.372524
1.38878,0.372534
1.38879,0.372545
1.3888,0.372555
1.3888,0.372565
1.38881,0.372575
1.38882,0.372585
1.38883,0.372596
1.38883,0.372606
1.38884,0.372616
1.38885,0.372626
1.38886,0.372636
1.38886,0.372647
1.38887,0.372657
1.38888,0.372667
1.38889,0.372677
1.38889,0.372687
1.3889,0.372698
1.38891,0.372708
1.38892,0.372718
1.38892,0.372728
1.38893,0.372738
1.38894,0.372749
1.38895,0.372759
1.38895,0.372769
1.38896,0.372779
1.38897,0.372789
1.38898,0.3728
1.38898,0.37281
1.38899,0.37282
1.389,0.37283
1.38901,0.37284
1.38901,0.372851
1.38902,0.372861
1.38903,0.372871
1.38904,0.372881
1.38904,0.372891
1.38905,0.372902
1.38906,0.372912
1.38907,0.372922
1.38907,0.372932
1.38908,0.372942
1.38909,0.372953
1.3891,0.372963
1.3891,0.372973
1.38911,0.372983
1.38912,0.372993
1.38913,0.373004
1.38913,0.373014
1.38914,0.373024
1.38915,0.373034
1.38916,0.373045
1.38916,0.373055
1.38917,0.373065
1.38918,0.373075
1.38919,0.373085
1.38919,0.373096
1.3892,0.373106
1.38921,0.373116
1.38922,0.373126
1.38922,0.373136
1.38923,0.373147
1.38924,0.373157
1.38924,0.373167
1.38925,0.373177
1.38926,0.373187
1.38927,0.373198
1.38927,0.373208
1.38928,0.373218
1.38929,0.373228
1.3893,0.373238
1.3893,0.373249
1.38931,0.373259
1.38932,0.373269
1.38933,0.373279
1.38933,0.373289
1.38934,0.3733
1.38935,0.37331
1.38936,0.37332
1.38936,0.37333
1.38937,0.37334
1.38938,0.373351
1.38939,0.373361
1.38939,0.373371
1.3894,0.373381
1.38941,0.373391
1.38942,0.373402
1.38942,0.373412
1.38943,0.373422
1.38944,0.373432
1.38945,0.373442
1.38945,0.373453
1.38946,0.373463
1.38947,0.373473
1.38948,0.373483
1.38948,0.373493
1.38949,0.373504
1.3895,0.373514
1.38951,0.373524
1.38951,0.373534
1.38952,0.373545
1.38953,0.373555
1.38954,0.373565
1.38954,0.373575
1.38955,0.373585
1.38956,0.373596
1.38957,0.373606
1.38957,0.373616
1.38958,0.373626
1.38959,0.373636
1.3896,0.373647
1.3896,0.373657
1.38961,0.373667
1.38962,0.373677
1.38963,0.373687
1.38963,0.373698
1.38964,0.373708
1.38965,0.373718
1.38965,0.373728
1.38966,0.373738
1.38967,0.373749
1.38968,0.373759
1.38968,0.373769
1.38969,0.373779
1.3897,0.373789
1.38971,0.3738
1.38971,0.37381
1.38972,0.37382
1.38973,0.37383
1.38974,0.37384
1.38974,0.373851
1.38975,0.373861
1.38976,0.373871
1.38977,0.373881
1.38977,0.373891
1.38978,0.373902
1.38979,0.373912
1.3898,0.373922
1.3898,0.373932
1.38981,0.373942
1.38982,0.373953
1.38983,0.373963
1.38983,0.373973
1.38984,0.373983
1.38985,0.373993
1.38986,0.374004
1.38986,0.374014
1.38987,0.374024
1.38988,0.374034
1.38989,0.374045
1.38989,0.374055
1.3899,0.374065
1.38991,0.374075
1.38992,0.374085
1.38992,0.374096
1.38993,0.374106
1.38994,0.374116
1.38995,0.374126
1.38995,0.374136
1.38996,0.374147
1.38997,0.374157
1.38998,0.374167
1.38998,0.374177
1.38999,0.374187
1.39,0.374198
1.39001,0.374208
1.39001,0.374218
1.39002,0.374228
1.39003,0.374238
1.39003,0.374249
1.39004,0.374259
1.39005,0.374269
1.39006,0.374279
1.39006,0.374289
1.39007,0.3743
1.39008,0.37431
1.39009,0.37432
1.39009,0.37433
1.3901,0.37434
1.39011,0.374351
1.39012,0.374361
1.39012,0.374371
1.39013,0.374381
1.39014,0.374391
1.39015,0.374402
1.39015,0.374412
1.39016,0.374422
1.39017,0.374432
1.39018,0.374442
1.39018,0.374453
1.39019,0.374463
1.3902,0.374473
1.39021,0.374483
1.39021,0.374493
1.39022,0.374504
1.39023,0.374514
1.39024,0.374524
1.39024,0.374534
1.39025,0.374545
1.39026,0.374555
1.39027,0.374565
1.39027,0.374575
1.39028,0.374585
1.39029,0.374596
1.3903,0.374606
1.3903,0.374616
1.39031,0.374626
1.39032,0.374636
1.39033,0.374647
1.39033,0.374657
1.39034,0.374667
1.39035,0.374677
1.39036,0.374687
1.39036,0.374698
1.39037,0.374708
1.39038,0.374718
1.39038,0.374728
1.39039,0.374738
1.3904,0.374749
1.39041,0.374759
1.39041,0.374769
1.39042,0.374779
1.39043,0.374789
1.39044,0.3748
1.39044,0.37481
1.39045,0.37482
1.39046,0.37483
1.39047,0.37484
1.39047,0.374851
1.39048,0.374861
1.39049,0.374871
1.3905,0.374881
1.3905,0.374891
1.39051,0.374902
1.39052,0.374912
1.39053,0.374922
1.39053,0.374932
1.39054,0.374942
1.39055,0.374953
1.39056,0.374963
1.39056,0.374973
1.39057,0.374983
1.39058,0.374993
1.39059,0.375004
1.39059,0.375014
1.3906,0.375024
1.39061,0.375034
1.39062,0.375045
1.39062,0.375055
1.39063,0.375065
1.39064,0.375075
1.39065,0.375085
1.39065,0.375096
1.39066,0.375106
1.39067,0.375116
1.39068,0.375126
1.39068,0.375136
1.39069,0.375147
1.3907,0.375157
1.3907,0.375167
1.39071,0.375177
1.39072,0.375187
1.39073,0.375198
1.39073,0.375208
1.39074,0.375218
1.39075,0.375228
1.39076,0.375238
1.39076,0.375249
1.39077,0.375259
1.39078,0.375269
1.39079,0.375279
1.39079,0.375289
1.3908,0.3753
1.39081,0.37531
1.39082,0.37532
1.39082,0.37533
1.39083,0.37534
1.39084,0.375351
1.39085,0.375361
1.39085,0.375371
1.39086,0.375381
1.39087,0.375391
1.39088,0.375402
1.39088,0.375412
1.39089,0.375422
1.3909,0.375432
1.39091,0.375442
1.39091,0.375453
1.39092,0.375463
1.39093,0.375473
1.39094,0.375483
1.39094,0.375493
1.39095,0.375504
1.39096,0.375514
1.39097,0.375524
1.39097,0.375534
1.39098,0.375545
1.39099,0.375555
1.39099,0.375565
1.391,0.375575
1.39101,0.375585
1.39102,0.375596
1.39102,0.375606
1.39103,0.375616
1.39104,0.375626
1.39105,0.375636
1.39105,0.375647
1.39106,0.375657
1.39107,0.375667
1.39108,0.375677
1.39108,0.375687
1.39109,0.375698
1.3911,0.375708
1.39111,0.375718
1.39111,0.375728
1.39112,0.375738
1.39113,0.375749
1.39114,0.375759
1.39114,0.375769
1.39115,0.375779
1.39116,0.375789
1.39117,0.3758
1.39117,0.37581
1.39118,0.37582
1.39119,0.37583
1.3912,0.37584
1.3912,0.375851
1.39121,0.375861
1.39122,0.375871
1.39123,0.375881
1.39123,0.375891
1.39124,0.375902
1.39125,0.375912
1.39126,0.375922
1.39126,0.375932
1.39127,0.375942
1.39128,0.375953
1.39128,0.375963
1.39129,0.375973
1.3913,0.375983
1.39131,0.375993
1.39131,0.376004
1.39132,0.376014
1.39133,0.376024
1.39134,0.376034
1.39134,0.376045
1.39135,0.376055
1.39136,0.376065
1.39137,0.376075
1.39137,0.376085
1.39138,0.376096
1.39139,0.376106
1.3914,0.376116
1.3914,0.376126
1.39141,0.376136
1.39142,0.376147
1.39143,0.376157
1.39143,0.376167
1.39144,0.376177
1.39145,0.376187
1.39146,0.376198
1.39146,0.376208
1.39147,0.376218
1.39148,0.376228
1.39149,0.376238
1.39149,0.376249
1.3915,0.376259
1.39151,0.376269
1.39152,0.376279
1.39152,0.376289
1.39153,0.3763
1.39154,0.37631
1.39155,0.37632
1.39155,0.37633
1.39156,0.37634
1.39157,0.376351
1.39157,0.376361
1.39158,0.376371
1.39159,0.376381
1.3916,0.376391
1.3916,0.376402
1.39161,0.376412
1.39162,0.376422
1.39163,0.376432
1.39163,0.376442
1.39164,0.376453
1.39165,0.376463
1.39166,0.376473
1.39166,0.376483
1.39167,0.376493
1.39168,0.376504
1.39169,0.376514
1.39169,0.376524
1.3917,0.376534
1.39171,0.376545
1.39172,0.376555
1.39172,0.376565
1.39173,0.376575
1.39174,0.376585
1.39175,0.376596
1.39175,0.376606
1.39176,0.376616
1.39177,0.376626
1.39178,0.376636
1.39178,0.376647
1.39179,0.376657
1.3918,0.376667
1.39181,0.376677
1.39181,0.376687
1.39182,0.376698
1.39183,0.376708
1.39183,0.376718
1.39184,0.376728
1.39185,0.376738
1.39186,0.376749
1.39186,0.376759
1.39187,0.376769
1.39188,0.376779
1.39189,0.376789
1.39189,0.3768
1.3919,0.37681
1.39191,0.37682
1.39192,0.37683
1.39192,0.37684
1.39193,0.376851
1.39194,0.376861
1.39195,0.376871
1.39195,0.376881
1.39196,0.376891
1.39197,0.376902
1.39198,0.376912
1.39198,0.376922
1.39199,0.376932
1.392,0.376942
1.39201,0.376953
1.39201,0.376963
1.39202,0.376973
1.39203,0.376983
1.39204,0.376993
1.39204,0.377004
1.39205,0.377014
1.39206,0.377024
1.39207,0.377034
1.39207,0.377045
1.39208,0.377055
1.39209,0.377065
1.39209,0.377075
1.3921,0.377085
1.39211,0.377096
1.39212,0.377106
1.39212,0.377116
1.39213,0.377126
1.39214,0.377136
1.39215,0.377147
1.39215,0.377157
1.39216,0.377167
1.39217,0.377177
1.39218,0.377187
1.39218,0.377198
1.39219,0.377208
1.3922,0.377218
1.39221,0.377228
1.39221,0.377238
1.39222,0.377249
1.39223,0.377259
1.39224,0.377269
1.39224,0.377279
1.39225,0.377289
1.39226,0.3773
1.39227,0.37731
1.39227,0.37732
1.39228,0.37733
1.39229,0.37734
1.3923,0.377351
1.3923,0.377361
1.39231,0.377371
1.39232,0.377381
1.39232,0.377391
1.39233,0.377402
1.39234,0.377412
1.39235,0.377422
1.39235,0.377432
1.39236,0.377442
1.39237,0.377453
1.39238,0.377463
1.39238,0.377473
1.39239,0.377483
1.3924,0.377493
1.39241,0.377504
1.39241,0.377514
1.39242,0.377524
1.39243,0.377534
1.39244,0.377544
1.39244,0.377555
1.39245,0.377565
1.39246,0.377575
1.39247,0.377585
1.39247,0.377596
1.39248,0.377606
1.39249,0.377616
1.3925,0.377626
1.3925,0.377636
1.39251,0.377647
1.39252,0.377657
1.39253,0.377667
1.39253,0.377677
1.39254,0.377687
1.39255,0.377698
1.39256,0.377708
1.39256,0.377718
1.39257,0.377728
1.39258,0.377738
1.39258,0.377749
1.39259,0.377759
1.3926,0.377769
1.39261,0.377779
1.39261,0.377789
1.39262,0.3778
1.39263,0.37781
1.39264,0.37782
1.39264,0.37783
1.39265,0.37784
1.39266,0.377851
1.39267,0.377861
1.39267,0.377871
1.39268,0.377881
1.39269,0.377891
1.3927,0.377902
1.3927,0.377912
1.39271,0.377922
1.39272,0.377932
1.39273,0.377942
1.39273,0.377953
1.39274,0.377963
1.39275,0.377973
1.39276,0.377983
1.39276,0.377993
1.39277,0.378004
1.39278,0.378014
1.39279,0.378024
1.39279,0.378034
1.3928,0.378044
1.39281,0.378055
1.39281,0.378065
1.39282,0.378075
1.39283,0.378085
1.39284,0.378096
1.39284,0.378106
1.39285,0.378116
1.39286,0.378126
1.39287,0.378136
1.39287,0.378147
1.39288,0.378157
1.39289,0.378167
1.3929,0.378177
1.3929,0.378187
1.39291,0.378198
1.39292,0.378208
1.39293,0.378218
1.39293,0.378228
1.39294,0.378238
1.39295,0.378249
1.39296,0.378259
1.39296,0.378269
1.39297,0.378279
1.39298,0.378289
1.39299,0.3783
1.39299,0.37831
1.393,0.37832
1.39301,0.37833
1.39301,0.37834
1.39302,0.378351
1.39303,0.378361
1.39304,0.378371
1.39304,0.378381
1.39305,0.378391
1.39306,0.378402
1.39307,0.378412
1.39307,0.378422
1.39308,0.378432
1.39309,0.378442
1.3931,0.378453
1.3931,0.378463
1.39311,0.378473
1.39312,0.378483
1.39313,0.378493
1.39313,0.378504
1.39314,0.378514
1.39315,0.378524
1.39316,0.378534
1.39316,0.378544
1.39317,0.378555
1.39318,0.378565
1.39319,0.378575
1.39319,0.378585
1.3932,0.378596
1.39321,0.378606
1.39322,0.378616
1.39322,0.378626
1.39323,0.378636
1.39324,0.378647
1.39324,0.378657
1.39325,0.378667
1.39326,0.378677
1.39327,0.378687
1.39327,0.378698
1.39328,0.378708
1.39329,0.378718
1.3933,0.378728
1.3933,0.378738
1.39331,0.378749
1.39332,0.378759
1.39333,0.378769
1.39333,0.378779
1.39334,0.378789
1.39335,0.3788
1.39336,0.37881
1.39336,0.37882
1.39337,0.37883
1.39338,0.37884
1.39339,0.378851
1.39339,0.378861
1.3934,0.378871
1.39341,0.378881
1.39342,0.378891
1.39342,0.378902
1.39343,0.378912
1.39344,0.378922
1.39344,0.378932
1.39345,0.378942
1.39346,0.378953
1.39347,0.378963
1.39347,0.378973
1.39348,0.378983
1.39349,0.378993
1.3935,0.379004
1.3935,0.379014
1.39351,0.379024
1.39352,0.379034
1.39353,0.379044
1.39353,0.379055
1.39354,0.379065
1.39355,0.379075
1.39356,0.379085
1.39356,0.379096
1.39357,0.379106
1.39358,0.379116
1.39359,0.379126
1.39359,0.379136
1.3936,0.379147
1.39361,0.379157
1.39362,0.379167
1.39362,0.379177
1.39363,0.379187
1.39364,0.379198
1.39364,0.379208
1.39365,0.379218
1.39366,0.379228
1.39367,0.379238
1.39367,0.379249
1.39368,0.379259
1.39369,0.379269
1.3937,0.379279
1.3937,0.379289
1.39371,0.3793
1.39372,0.37931
1.39373,0.37932
1.39373,0.37933
1.39374,0.37934
1.39375,0.379351
1.39376,0.379361
1.39376,0.379371
1.39377,0.379381
1.39378,0.379391
1.39379,0.379402
1.39379,0.379412
1.3938,0.379422
1.39381,0.379432
1.39382,0.379442
1.39382,0.379453
1.39383,0.379463
1.39384,0.379473
1.39384,0.379483
1.39385,0.379493
1.39386,0.379504
1.39387,0.379514
1.39387,0.379524
1.39388,0.379534
1.39389,0.379544
1.3939,0.379555
1.3939,0.379565
1.39391,0.379575
1.39392,0.379585
1.39393,0.379596
1.39393,0.379606
1.39394,0.379616
1.39395,0.379626
1.39396,0.379636
1.39396,0.379647
1.39397,0.379657
1.39398,0.379667
1.39399,0.379677
1.39399,0.379687
1.394,0.379698
1.39401,0.379708
1.39402,0.379718
1.39402,0.379728
1.39403,0.379738
1.39404,0.379749
1.39404,0.379759
1.39405,0.379769
1.39406,0.379779
1.39407,0.379789
1.39407,0.3798
1.39408,0.37981
1.39409,0.37982
1.3941,0.37983
1.3941,0.37984
1.39411,0.379851
1.39412,0.379861
1.39413,0.379871
1.39413,0.379881
1.39414,0.379891
1.39415,0.379902
1.39416,0.379912
1.39416,0.379922
1.39417,0.379932
1.39418,0.379942
1.39419,0.379953
1.39419,0.379963
1.3942,0.379973
1.39421,0.379983
1.39422,0.379993
1.39422,0.380004
1.39423,0.380014
1.39424,0.380024
1.39424,0.380034
1.39425,0.380044
1.39426,0.380055
1.39427,0.380065
1.39427,0.380075
1.39428,0.380085
1.39429,0.380096
1.3943,0.380106
1.3943,0.380116
1.39431,0.380126
1.39432,0.380136
1.39433,0.380147
1.39433,0.380157
1.39434,0.380167
1.39435,0.380177
1.39436,0.380187
1.39436,0.380198
1.39437,0.380208
1.39438,0.380218
1.39439,0.380228
1.39439,0.380238
1.3944,0.380249
1.39441,0.380259
1.39442,0.380269
1.39442,0.380279
1.39443,0.380289
1.39444,0.3803
1.39444,0.38031
1.39445,0.38032
1.39446,0.38033
1.39447,0.38034
1.39447,0.380351
1.39448,0.380361
1.39449,0.380371
1.3945,0.380381
1.3945,0.380391
1.39451,0.380402
1.39452,0.380412
1.39453,0.380422
1.39453,0.380432
1.39454,0.380442
1.39455,0.380453
1.39456,0.380463
1.39456,0.380473
1.39457,0.380483
1.39458,0.380493
1.39459,0.380504
1.39459,0.380514
1.3946,0.380524
1.39461,0.380534
1.39461,0.380544
1.39462,0.380555
1.39463,0.380565
1.39464,0.380575
1.39464,0.380585
1.39465,0.380596
1.39466,0.380606
1.39467,0.380616
1.39467,0.380626
1.39468,0.380636
1.39469,0.380647
1.3947,0.380657
1.3947,0.380667
1.39471,0.380677
1.39472,0.380687
1.39473,0.380698
1.39473,0.380708
1.39474,0.380718
1.39475,0.380728
1.39476,0.380738
1.39476,0.380749
1.39477,0.380759
1.39478,0.380769
1.39478,0.380779
1.39479,0.380789
1.3948,0.3808
1.39481,0.38081
1.39481,0.38082
1.39482,0.38083
1.39483,0.38084
1.39484,0.380851
1.39484,0.380861
1.39485,0.380871
1.39486,0.380881
1.39487,0.380891
1.39487,0.380902
1.39488,0.380912
1.39489,0.380922
1.3949,0.380932
1.3949,0.380942
1.39491,0.380953
1.39492,0.380963
1.39493,0.380973
1.39493,0.380983
1.39494,0.380993
1.39495,0.381004
1.39496,0.381014
1.39496,0.381024
1.39497,0.381034
1.39498,0.381044
1.39498,0.381055
1.39499,0.381065
1.395,0.381075
1.39501,0.381085
1.39501,0.381096
1.39502,0.381106
1.39503,0.381116
1.39504,0.381126
1.39504,0.381136
1.39505,0.381147
1.39506,0.381157
1.39507,0.381167
1.39507,0.381177
1.39508,0.381187
1.39509,0.381198
1.3951,0.381208
1.3951,0.381218
1.39511,0.381228
1.39512,0.381238
1.39513,0.381249
1.39513,0.381259
1.39514,0.381269
1.39515,0.381279
1.39515,0.381289
1.39516,0.3813
1.39517,0.38131
1.39518,0.38132
1.39518,0.38133
1.39519,0.38134
1.3952,0.381351
1.39521,0.381361
1.39521,0.381371
1.39522,0.381381
1.39523,0.381391
1.39524,0.381402
1.39524,0.381412
1.39525,0.381422
1.39526,0.381432
1.39527,0.381442
1.39527,0.381453
1.39528,0.381463
1.39529,0.381473
1.3953,0.381483
1.3953,0.381493
1.39531,0.381504
1.39532,0.381514
1.39532,0.381524
1.39533,0.381534
1.39534,0.381544
1.39535,0.381555
1.39535,0.381565
1.39536,0.381575
1.39537,0.381585
1.39538,0.381596
1.39538,0.381606
1.39539,0.381616
1.3954,0.381626
1.39541,0.381636
1.39541,0.381647
1.39542,0.381657
1.39543,0.381667
1.39544,0.381677
1.39544,0.381687
1.39545,0.381698
1.39546,0.381708
1.39547,0.381718
1.39547,0.381728
1.39548,0.381738
1.39549,0.381749
1.39549,0.381759
1.3955,0.381769
1.39551,0.381779
1.39552,0.381789
1.39552,0.3818
1.39553,0.38181
1.39554,0.38182
1.39555,0.38183
1.39555,0.38184
1.39556,0.381851
1.39557,0.381861
1.39558,0.381871
1.39558,0.381881
1.39559,0.381891
1.3956,0.381902
1.39561,0.381912
1.39561,0.381922
1.39562,0.381932
1.39563,0.381942
1.39564,0.381953
1.39564,0.381963
1.39565,0.381973
1.39566,0.381983
1.39566,0.381993
1.39567,0.382004
1.39568,0.382014
1.39569,0.382024
1.39569,0.382034
1.3957,0.382044
1.39571,0.382055
1.39572,0.382065
1.39572,0.382075
1.39573,0.382085
1.39574,0.382096
1.39575,0.382106
1.39575,0.382116
1.39576,0.382126
1.39577,0.382136
1.39578,0.382147
1.39578,0.382157
1.39579,0.382167
1.3958,0.382177
1.3958,0.382187
1.39581,0.382198
1.39582,0.382208
1.39583,0.382218
1.39583,0.382228
1.39584,0.382238
1.39585,0.382249
1.39586,0.382259
1.39586,0.382269
1.39587,0.382279
1.39588,0.382289
1.39589,0.3823
1.39589,0.38231
1.3959,0.38232
1.39591,0.38233
1.39592,0.38234
1.39592,0.382351
1.39593,0.382361
1.39594,0.382371
1.39595,0.382381
1.39595,0.382391
1.39596,0.382402
1.39597,0.382412
1.39597,0.382422
1.39598,0.382432
1.39599,0.382442
1.396,0.382453
1.396,0.382463
1.39601,0.382473
1.39602,0.382483
1.39603,0.382493
1.39603,0.382504
1.39604,0.382514
1.39605,0.382524
1.39606,0.382534
1.39606,0.382544
1.39607,0.382555
1.39608,0.382565
1.39609,0.382575
1.39609,0.382585
1.3961,0.382596
1.39611,0.382606
1.39612,0.382616
1.39612,0.382626
1.39613,0.382636
1.39614,0.382647
1.39614,0.382657
1.39615,0.382667
1.39616,0.382677
1.39617,0.382687
1.39617,0.382698
1.39618,0.382708
1.39619,0.382718
1.3962,0.382728
1.3962,0.382738
1.39621,0.382749
1.39622,0.382759
1.39623,0.382769
1.39623,0.382779
1.39624,0.382789
1.39625,0.3828
1.39626,0.38281
1.39626,0.38282
1.39627,0.38283
1.39628,0.38284
1.39628,0.382851
1.39629,0.382861
1.3963,0.382871
1.39631,0.382881
1.39631,0.382891
1.39632,0.382902
1.39633,0.382912
1.39634,0.382922
1.39634,0.382932
1.39635,0.382942
1.39636,0.382953
1.39637,0.382963
1.39637,0.382973
1.39638,0.382983
1.39639,0.382993
1.3964,0.383004
1.3964,0.383014
1.39641,0.383024
1.39642,0.383034
1.39643,0.383044
1.39643,0.383055
1.39644,0.383065
1.39645,0.383075
1.39645,0.383085
1.39646,0.383096
1.39647,0.383106
1.39648,0.383116
1.39648,0.383126
1.39649,0.383136
1.3965,0.383147
1.39651,0.383157
1.39651,0.383167
1.39652,0.383177
1.39653,0.383187
1.39654,0.383198
1.39654,0.383208
1.39655,0.383218
1.39656,0.383228
1.39657,0.383238
1.39657,0.383249
1.39658,0.383259
1.39659,0.383269
1.39659,0.383279
1.3966,0.383289
1.39661,0.3833
1.39662,0.38331
1.39662,0.38332
1.39663,0.38333
1.39664,0.38334
1.39665,0.383351
1.39665,0.383361
1.39666,0.383371
1.39667,0.383381
1.39668,0.383391
1.39668,0.383402
1.39669,0.383412
1.3967,0.383422
1.39671,0.383432
1.39671,0.383442
1.39672,0.383453
1.39673,0.383463
1.39673,0.383473
1.39674,0.383483
1.39675,0.383493
1.39676,0.383504
1.39676,0.383514
1.39677,0.383524
1.39678,0.383534
1.39679,0.383544
1.39679,0.383555
1.3968,0.383565
1.39681,0.383575
1.39682,0.383585
1.39682,0.383596
1.39683,0.383606
1.39684,0.383616
1.39685,0.383626
1.39685,0.383636
1.39686,0.383647
1.39687,0.383657
1.39687,0.383667
1.39688,0.383677
1.39689,0.383687
1.3969,0.383698
1.3969,0.383708
1.39691,0.383718
1.39692,0.383728
1.39693,0.383738
1.39693,0.383749
1.39694,0.383759
1.39695,0.383769
1.39696,0.383779
1.39696,0.383789
1.39697,0.3838
1.39698,0.38381
1.39699,0.38382
1.39699,0.38383
1.397,0.38384
1.39701,0.383851
1.39702,0.383861
1.39702,0.383871
1.39703,0.383881
1.39704,0.383891
1.39704,0.383902
1.39705,0.383912
1.39706,0.383922
1.39707,0.383932
1.39707,0.383942
1.39708,0.383953
1.39709,0.383963
1.3971,0.383973
1.3971,0.383983
1.39711,0.383993
1.39712,0.384004
1.39713,0.384014
1.39713,0.384024
1.39714,0.384034
1.39715,0.384044
1.39716,0.384055
1.39716,0.384065
1.39717,0.384075
1.39718,0.384085
1.39718,0.384096
1.39719,0.384106
1.3972,0.384116
1.39721,0.384126
1.39721,0.384136
1.39722,0.384147
1.39723,0.384157
1.39724,0.384167
1.39724,0.384177
1.39725,0.384187
1.39726,0.384198
1.39727,0.384208
1.39727,0.384218
1.39728,0.384228
1.39729,0.384238
1.3973,0.384249
1.3973,0.384259
1.39731,0.384269
1.39732,0.384279
1.39732,0.384289
1.39733,0.3843
1.39734,0.38431
1.39735,0.38432
1.39735,0.38433
1.39736,0.38434
1.39737,0.384351
1.39738,0.384361
1.39738,0.384371
1.39739,0.384381
1.3974,0.384391
1.39741,0.384402
1.39741,0.384412
1.39742,0.384422
1.39743,0.384432
1.39744,0.384442
1.39744,0.384453
1.39745,0.384463
1.39746,0.384473
1.39746,0.384483
1.39747,0.384493
1.39748,0.384504
1.39749,0.384514
1.39749,0.384524
1.3975,0.384534
1.39751,0.384544
1.39752,0.384555
1.39752,0.384565
1.39753,0.384575
1.39754,0.384585
1.39755,0.384595
1.39755,0.384606
1.39756,0.384616
1.39757,0.384626
1.39758,0.384636
1.39758,0.384647
1.39759,0.384657
1.3976,0.384667
1.3976,0.384677
1.39761,0.384687
1.39762,0.384698
1.39763,0.384708
1.39763,0.384718
1.39764,0.384728
1.39765,0.384738
1.39766,0.384749
1.39766,0.384759
1.39767,0.384769
1.39768,0.384779
1.39769,0.384789
1.39769,0.3848
1.3977,0.38481
1.39771,0.38482
1.39772,0.38483
1.39772,0.38484
1.39773,0.384851
1.39774,0.384861
1.39774,0.384871
1.39775,0.384881
1.39776,0.384891
1.39777,0.384902
1.39777,0.384912
1.39778,0.384922
1.39779,0.384932
1.3978,0.384942
1.3978,0.384953
1.39781,0.384963
1.39782,0.384973
1.39783,0.384983
1.39783,0.384993
1.39784,0.385004
1.39785,0.385014
1.39786,0.385024
1.39786,0.385034
1.39787,0.385044
1.39788,0.385055
1.39788,0.385065
1.39789,0.385075
1.3979,0.385085
1.39791,0.385095
1.39791,0.385106
1.39792,0.385116
1.39793,0.385126
1.39794,0.385136
1.39794,0.385147
1.39795,0.385157
1.39796,0.385167
1.39797,0.385177
1.39797,0.385187
1.39798,0.385198
1.39799,0.385208
1.39799,0.385218
1.398,0.385228
1.39801,0.385238
1.39802,0.385249
1.39802,0.385259
1.39803,0.385269
1.39804,0.385279
1.39805,0.385289
1.39805,0.3853
1.39806,0.38531
1.39807,0.38532
1.39808,0.38533
1.39808,0.38534
1.39809,0.385351
1.3981,0.385361
1.39811,0.385371
1.39811,0.385381
1.39812,0.385391
1.39813,0.385402
1.39813,0.385412
1.39814,0.385422
1.39815,0.385432
1.39816,0.385442
1.39816,0.385453
1.39817,0.385463
1.39818,0.385473
1.39819,0.385483
1.39819,0.385493
1.3982,0.385504
1.39821,0.385514
1.39822,0.385524
1.39822,0.385534
1.39823,0.385544
1.39824,0.385555
1.39825,0.385565
1.39825,0.385575
1.39826,0.385585
1.39827,0.385595
1.39827,0.385606
1.39828,0.385616
1.39829,0.385626
1.3983,0.385636
1.3983,0.385647
1.39831,0.385657
1.39832,0.385667
1.39833,0.385677
1.39833,0.385687
1.39834,0.385698
1.39835,0.385708
1.39836,0.385718
1.39836,0.385728
1.39837,0.385738
1.39838,0.385749
1.39839,0.385759
1.39839,0.385769
1.3984,0.385779
1.39841,0.385789
1.39841,0.3858
1.39842,0.38581
1.39843,0.38582
1.39844,0.38583
1.39844,0.38584
1.39845,0.385851
1.39846,0.385861
1.39847,0.385871
1.39847,0.385881
1.39848,0.385891
1.39849,0.385902
1.3985,0.385912
1.3985,0.385922
1.39851,0.385932
1.39852,0.385942
1.39852,0.385953
1.39853,0.385963
1.39854,0.385973
1.39855,0.385983
1.39855,0.385993
1.39856,0.386004
1.39857,0.386014
1.39858,0.386024
1.39858,0.386034
1.39859,0.386044
1.3986,0.386055
1.39861,0.386065
1.39861,0.386075
1.39862,0.386085
1.39863,0.386095
1.39864,0.386106
1.39864,0.386116
1.39865,0.386126
1.39866,0.386136
1.39866,0.386147
1.39867,0.386157
1.39868,0.386167
1.39869,0.386177
1.39869,0.386187
1.3987,0.386198
1.39871,0.386208
1.39872,0.386218
1.39872,0.386228
1.39873,0.386238
1.39874,0.386249
1.39875,0.386259
1.39875,0.386269
1.39876,0.386279
1.39877,0.386289
1.39877,0.3863
1.39878,0.38631
1.39879,0.38632
1.3988,0.38633
1.3988,0.38634
1.39881,0.386351
1.39882,0.386361
1.39883,0.386371
1.39883,0.386381
1.39884,0.386391
1.39885,0.386402
1.39886,0.386412
1.39886,0.386422
1.39887,0.386432
1.39888,0.386442
1.39889,0.386453
1.39889,0.386463
1.3989,0.386473
1.39891,0.386483
1.39891,0.386493
1.39892,0.386504
1.39893,0.386514
1.39894,0.386524
1.39894,0.386534
1.39895,0.386544
1.39896,0.386555
1.39897,0.386565
1.39897,0.386575
1.39898,0.386585
1.39899,0.386595
1.399,0.386606
1.399,0.386616
1.39901,0.386626
1.39902,0.386636
1.39902,0.386647
1.39903,0.386657
1.39904,0.386667
1.39905,0.386677
1.39905,0.386687
1.39906,0.386698
1.39907,0.386708
1.39908,0.386718
1.39908,0.386728
1.39909,0.386738
1.3991,0.386749
1.39911,0.386759
1.39911,0.386769
1.39912,0.386779
1.39913,0.386789
1.39914,0.3868
1.39914,0.38681
1.39915,0.38682
1.39916,0.38683
1.39916,0.38684
1.39917,0.386851
1.39918,0.386861
1.39919,0.386871
1.39919,0.386881
1.3992,0.386891
1.39921,0.386902
1.39922,0.386912
1.39922,0.386922
1.39923,0.386932
1.39924,0.386942
1.39925,0.386953
1.39925,0.386963
1.39926,0.386973
1.39927,0.386983
1.39927,0.386993
1.39928,0.387004
1.39929,0.387014
1.3993,0.387024
1.3993,0.387034
1.39931,0.387044
1.39932,0.387055
1.39933,0.387065
1.39933,0.387075
1.39934,0.387085
1.39935,0.387095
1.39936,0.387106
1.39936,0.387116
1.39937,0.387126
1.39938,0.387136
1.39939,0.387147
1.39939,0.387157
1.3994,0.387167
1.39941,0.387177
1.39941,0.387187
1.39942,0.387198
1.39943,0.387208
1.39944,0.387218
1.39944,0.387228
1.39945,0.387238
1.39946,0.387249
1.39947,0.387259
1.39947,0.387269
1.39948,0.387279
1.39949,0.387289
1.3995,0.3873
1.3995,0.38731
1.39951,0.38732
1.39952,0.38733
1.39952,0.38734
1.39953,0.387351
1.39954,0.387361
1.39955,0.387371
1.39955,0.387381
1.39956,0.387391
1.39957,0.387402
1.39958,0.387412
1.39958,0.387422
1.39959,0.387432
1.3996,0.387442
1.39961,0.387453
1.39961,0.387463
1.39962,0.387473
1.39963,0.387483
1.39963,0.387493
1.39964,0.387504
1.39965,0.387514
1.39966,0.387524
1.39966,0.387534
1.39967,0.387544
1.39968,0.387555
1.39969,0.387565
1.39969,0.387575
1.3997,0.387585
1.39971,0.387595
1.39972,0.387606
1.39972,0.387616
1.39973,0.387626
1.39974,0.387636
1.39975,0.387647
1.39975,0.387657
1.39976,0.387667
1.39977,0.387677
1.39977,0.387687
1.39978,0.387698
1.39979,0.387708
1.3998,0.387718
1.3998,0.387728
1.39981,0.387738
1.39982,0.387749
1.39983,0.387759
1.39983,0.387769
1.39984,0.387779
1.39985,0.387789
1.39986,0.3878
1.39986,0.38781
1.39987,0.38782
1.39988,0.38783
1.39988,0.38784
1.39989,0.387851
1.3999,0.387861
1.39991,0.387871
1.39991,0.387881
1.39992,0.387891
1.39993,0.387902
1.39994,0.387912
1.39994,0.387922
1.39995,0.387932
1.39996,0.387942
1.39997,0.387953
1.39997,0.387963
1.39998,0.387973
1.39999,0.387983
1.39999,0.387993
1.4,0.388004
1.40001,0.388014
1.40002,0.388024
1.40002,0.388034
1.40003,0.388044
1.40004,0.388055
1.40005,0.388065
1.40005,0.388075
1.40006,0.388085
1.40007,0.388095
1.40008,0.388106
1.40008,0.388116
1.40009,0.388126
1.4001,0.388136
1.4001,0.388147
1.40011,0.388157
1.40012,0.388167
1.40013,0.388177
1.40013,0.388187
1.40014,0.388198
1.40015,0.388208
1.40016,0.388218
1.40016,0.388228
1.40017,0.388238
1.40018,0.388249
1.40019,0.388259
1.40019,0.388269
1.4002,0.388279
1.40021,0.388289
1.40021,0.3883
1.40022,0.38831
1.40023,0.38832
1.40024,0.38833
1.40024,0.38834
1.40025,0.388351
1.40026,0.388361
1.40027,0.388371
1.40027,0.388381
1.40028,0.388391
1.40029,0.388402
1.4003,0.388412
1.4003,0.388422
1.40031,0.388432
1.40032,0.388442
1.40033,0.388453
1.40033,0.388463
1.40034,0.388473
1.40035,0.388483
1.40035,0.388493
1.40036,0.388504
1.40037,0.388514
1.40038,0.388524
1.40038,0.388534
1.40039,0.388544
1.4004,0.388555
1.40041,0.388565
1.40041,0.388575
1.40042,0.388585
1.40043,0.388595
1.40044,0.388606
1.40044,0.388616
1.40045,0.388626
1.40046,0.388636
1.40046,0.388647
1.40047,0.388657
1.40048,0.388667
1.40049,0.388677
1.40049,0.388687
1.4005,0.388698
1.40051,0.388708
1.40052,0.388718
1.40052,0.388728
1.40053,0.388738
1.40054,0.388749
1.40055,0.388759
1.40055,0.388769
1.40056,0.388779
1.40057,0.388789
1.40057,0.3888
1.40058,0.38881
1.40059,0.38882
1.4006,0.38883
1.4006,0.38884
1.40061,0.388851
1.40062,0.388861
1.40063,0.388871
1.40063,0.388881
1.40064,0.388891
1.40065,0.388902
1.40066,0.388912
1.40066,0.388922
1.40067,0.388932
1.40068,0.388942
1.40068,0.388953
1.40069,0.388963
1.4007,0.388973
1.40071,0.388983
1.40071,0.388993
1.40072,0.389004
1.40073,0.389014
1.40074,0.389024
1.40074,0.389034
1.40075,0.389044
1.40076,0.389055
1.40077,0.389065
1.40077,0.389075
1.40078,0.389085
1.40079,0.389095
1.40079,0.389106
1.4008,0.389116
1.40081,0.389126
1.40082,0.389136
1.40082,0.389147
1.40083,0.389157
1.40084,0.389167
1.40085,0.389177
1.40085,0.389187
1.40086,0.389198
1.40087,0.389208
1.40088,0.389218
1.40088,0.389228
1.40089,0.389238
1.4009,0.389249
1.4009,0.389259
1.40091,0.389269
1.40092,0.389279
1.40093,0.389289
1.40093,0.3893
1.40094,0.38931
1.40095,0.38932
1.40096,0.38933
1.40096,0.38934
1.40097,0.389351
1.40098,0.389361
1.40099,0.389371
1.40099,0.389381
1.401,0.389391
1.40101,0.389402
1.40101,0.389412
1.40102,0.389422
1.40103,0.389432
1.40104,0.389442
1.40104,0.389453
1.40105,0.389463
1.40106,0.389473
1.40107,0.389483
1.40107,0.389493
1.40108,0.389504
1.40109,0.389514
1.4011,0.389524
1.4011,0.389534
1.40111,0.389544
1.40112,0.389555
1.40112,0.389565
1.40113,0.389575
1.40114,0.389585
1.40115,0.389595
1.40115,0.389606
1.40116,0.389616
1.40117,0.389626
1.40118,0.389636
1.40118,0.389647
1.40119,0.389657
1.4012,0.389667
1.40121,0.389677
1.40121,0.389687
1.40122,0.389698
1.40123,0.389708
1.40123,0.389718
1.40124,0.389728
1.40125,0.389738
1.40126,0.389749
1.40126,0.389759
1.40127,0.389769
1.40128,0.389779
1.40129,0.389789
1.40129,0.3898
1.4013,0.38981
1.40131,0.38982
1.40132,0.38983
1.40132,0.38984
1.40133,0.389851
1.40134,0.389861
1.40134,0.389871
1.40135,0.389881
1.40136,0.389891
1.40137,0.389902
1.40137,0.389912
1.40138,0.389922
1.40139,0.389932
1.4014,0.389942
1.4014,0.389953
1.40141,0.389963
1.40142,0.389973
1.40142,0.389983
1.40143,0.389993
1.40144,0.390004
1.40145,0.390014
1.40145,0.390024
1.40146,0.390034
1.40147,0.390044
1.40148,0.390055
1.40148,0.390065
1.40149,0.390075
1.4015,0.390085
1.40151,0.390095
1.40151,0.390106
1.40152,0.390116
1.40153,0.390126
1.40153,0.390136
1.40154,0.390147
1.40155,0.390157
1.40156,0.390167
1.40156,0.390177
1.40157,0.390187
1.40158,0.390198
1.40159,0.390208
1.40159,0.390218
1.4016,0.390228
1.40161,0.390238
1.40162,0.390249
1.40162,0.390259
1.40163,0.390269
1.40164,0.390279
1.40164,0.390289
1.40165,0.3903
1.40166,0.39031
1.40167,0.39032
1.40167,0.39033
1.40168,0.39034
1.40169,0.390351
1.4017,0.390361
1.4017,0.390371
1.40171,0.390381
1.40172,0.390391
1.40173,0.390402
1.40173,0.390412
1.40174,0.390422
1.40175,0.390432
1.40175,0.390442
1.40176,0.390453
1.40177,0.390463
1.40178,0.390473
1.40178,0.390483
1.40179,0.390493
1.4018,0.390504
1.40181,0.390514
1.40181,0.390524
1.40182,0.390534
1.40183,0.390544
1.40184,0.390555
1.40184,0.390565
1.40185,0.390575
1.40186,0.390585
1.40186,0.390595
1.40187,0.390606
1.40188,0.390616
1.40189,0.390626
1.40189,0.390636
1.4019,0.390647
1.40191,0.390657
1.40192,0.390667
1.40192,0.390677
1.40193,0.390687
1.40194,0.390698
1.40194,0.390708
1.40195,0.390718
1.40196,0.390728
1.40197,0.390738
1.40197,0.390749
1.40198,0.390759
1.40199,0.390769
1.402,0.390779
1.402,0.390789
1.40201,0.3908
1.40202,0.39081
1.40203,0.39082
1.40203,0.39083
1.40204,0.39084
1.40205,0.390851
1.40205,0.390861
1.40206,0.390871
1.40207,0.390881
1.40208,0.390891
1.40208,0.390902
1.40209,0.390912
1.4021,0.390922
1.40211,0.390932
1.40211,0.390942
1.40212,0.390953
1.40213,0.390963
1.40214,0.390973
1.40214,0.390983
1.40215,0.390993
1.40216,0.391004
1.40216,0.391014
1.40217,0.391024
1.40218,0.391034
1.40219,0.391044
1.40219,0.391055
1.4022,0.391065
1.40221,0.391075
1.40222,0.391085
1.40222,0.391095
1.40223,0.391106
1.40224,0.391116
1.40225,0.391126
1.40225,0.391136
1.40226,0.391146
1.40227,0.391157
1.40227,0.391167
1.40228,0.391177
1.40229,0.391187
1.4023,0.391198
1.4023,0.391208
1.40231,0.391218
1.40232,0.391228
1.40233,0.391238
1.40233,0.391249
1.40234,0.391259
1.40235,0.391269
1.40235,0.391279
1.40236,0.391289
1.40237,0.3913
1.40238,0.39131
1.40238,0.39132
1.40239,0.39133
1.4024,0.39134
1.40241,0.391351
1.40241,0.391361
1.40242,0.391371
1.40243,0.391381
1.40244,0.391391
1.40244,0.391402
1.40245,0.391412
1.40246,0.391422
1.40246,0.391432
1.40247,0.391442
1.40248,0.391453
1.40249,0.391463
1.40249,0.391473
1.4025,0.391483
1.40251,0.391493
1.40252,0.391504
1.40252,0.391514
1.40253,0.391524
1.40254,0.391534
1.40255,0.391544
1.40255,0.391555
1.40256,0.391565
1.40257,0.391575
1.40257,0.391585
1.40258,0.391595
1.40259,0.391606
1.4026,0.391616
1.4026,0.391626
1.40261,0.391636
1.40262,0.391646
1.40263,0.391657
1.40263,0.391667
1.40264,0.391677
1.40265,0.391687
1.40265,0.391698
1.40266,0.391708
1.40267,0.391718
1.40268,0.391728
1.40268,0.391738
1.40269,0.391749
1.4027,0.391759
1.40271,0.391769
1.40271,0.391779
1.40272,0.391789
1.40273,0.3918
1.40274,0.39181
1.40274,0.39182
1.40275,0.39183
1.40276,0.39184
1.40276,0.391851
1.40277,0.391861
1.40278,0.391871
1.40279,0.391881
1.40279,0.391891
1.4028,0.391902
1.40281,0.391912
1.40282,0.391922
1.40282,0.391932
1.40283,0.391942
1.40284,0.391953
1.40284,0.391963
1.40285,0.391973
1.40286,0.391983
1.40287,0.391993
1.40287,0.392004
1.40288,0.392014
1.40289,0.392024
1.4029,0.392034
1.4029,0.392044
1.40291,0.392055
1.40292,0.392065
1.40293,0.392075
1.40293,0.392085
1.40294,0.392095
1.40295,0.392106
1.40295,0.392116
1.40296,0.392126
1.40297,0.392136
1.40298,0.392146
1.40298,0.392157
1.40299,0.392167
1.403,0.392177
1.40301,0.392187
1.40301,0.392198
1.40302,0.392208
1.40303,0.392218
1.40304,0.392228
1.40304,0.392238
1.40305,0.392249
1.40306,0.392259
1.40306,0.392269
1.40307,0.392279
1.40308,0.392289
1.40309,0.3923
1.40309,0.39231
1.4031,0.39232
1.40311,0.39233
1.40312,0.39234
1.40312,0.392351
1.40313,0.392361
1.40314,0.392371
1.40314,0.392381
1.40315,0.392391
1.40316,0.392402
1.40317,0.392412
1.40317,0.392422
1.40318,0.392432
1.40319,0.392442
1.4032,0.392453
1.4032,0.392463
1.40321,0.392473
1.40322,0.392483
1.40323,0.392493
1.40323,0.392504
1.40324,0.392514
1.40325,0.392524
1.40325,0.392534
1.40326,0.392544
1.40327,0.392555
1.40328,0.392565
1.40328,0.392575
1.40329,0.392585
1.4033,0.392595
1.40331,0.392606
1.40331,0.392616
1.40332,0.392626
1.40333,0.392636
1.40333,0.392646
1.40334,0.392657
1.40335,0.392667
1.40336,0.392677
1.40336,0.392687
1.40337,0.392698
1.40338,0.392708
1.40339,0.392718
1.40339,0.392728
1.4034,0.392738
1.40341,0.392749
1.40342,0.392759
1.40342,0.392769
1.40343,0.392779
1.40344,0.392789
1.40344,0.3928
1.40345,0.39281
1.40346,0.39282
1.40347,0.39283
1.40347,0.39284
1.40348,0.392851
1.40349,0.392861
1.4035,0.392871
1.4035,0.392881
1.40351,0.392891
1.40352,0.392902
1.40352,0.392912
1.40353,0.392922
1.40354,0.392932
1.40355,0.392942
1.40355,0.392953
1.40356,0.392963
1.40357,0.392973
1.40358,0.392983
1.40358,0.392993
1.40359,0.393004
1.4036,0.393014
1.4036,0.393024
1.40361,0.393034
1.40362,0.393044
1.40363,0.393055
1.40363,0.393065
1.40364,0.393075
1.40365,0.393085
1.40366,0.393095
1.40366,0.393106
1.40367,0.393116
1.40368,0.393126
1.40369,0.393136
1.40369,0.393146
1.4037,0.393157
1.40371,0.393167
1.40371,0.393177
1.40372,0.393187
1.40373,0.393198
1.40374,0.393208
1.40374,0.393218
1.40375,0.393228
1.40376,0.393238
1.40377,0.393249
1.40377,0.393259
1.40378,0.393269
1.40379,0.393279
1.40379,0.393289
1.4038,0.3933
1.40381,0.39331
1.40382,0.39332
1.40382,0.39333
1.40383,0.39334
1.40384,0.393351
1.40385,0.393361
1.40385,0.393371
1.40386,0.393381
1.40387,0.393391
1.40388,0.393402
1.40388,0.393412
1.40389,0.393422
1.4039,0.393432
1.4039,0.393442
1.40391,0.393453
1.40392,0.393463
1.40393,0.393473
1.40393,0.393483
1.40394,0.393493
1.40395,0.393504
1.40396,0.393514
1.40396,0.393524
1.40397,0.393534
1.40398,0.393544
1.40398,0.393555
1.40399,0.393565
1.404,0.393575
1.40401,0.393585
1.40401,0.393595
1.40402,0.393606
1.40403,0.393616
1.40404,0.393626
1.40404,0.393636
1.40405,0.393646
1.40406,0.393657
1.40407,0.393667
1.40407,0.393677
1.40408,0.393687
1.40409,0.393698
1.40409,0.393708
1.4041,0.393718
1.40411,0.393728
1.40412,0.393738
1.40412,0.393749
1.40413,0.393759
1.40414,0.393769
1.40415,0.393779
1.40415,0.393789
1.40416,0.3938
1.40417,0.39381
1.40417,0.39382
1.40418,0.39383
1.40419,0.39384
1.4042,0.393851
1.4042,0.393861
1.40421,0.393871
1.40422,0.393881
1.40423,0.393891
1.40423,0.393902
1.40424,0.393912
1.40425,0.393922
1.40425,0.393932
1.40426,0.393942
1.40427,0.393953
1.40428,0.393963
1.40428,0.393973
1.40429,0.393983
1.4043,0.393993
1.40431,0.394004
1.40431,0.394014
1.40432,0.394024
1.40433,0.394034
1.40434,0.394044
1.40434,0.394055
1.40435,0.394065
1.40436,0.394075
1.40436,0.394085
1.40437,0.394095
1.40438,0.394106
1.40439,0.394116
1.40439,0.394126
1.4044,0.394136
1.40441,0.394146
1.40442,0.394157
1.40442,0.394167
1.40443,0.394177
1.40444,0.394187
1.40444,0.394198
1.40445,0.394208
1.40446,0.394218
1.40447,0.394228
1.40447,0.394238
1.40448,0.394249
1.40449,0.394259
1.4045,0.394269
1.4045,0.394279
1.40451,0.394289
1.40452,0.3943
1.40452,0.39431
1.40453,0.39432
1.40454,0.39433
1.40455,0.39434
1.40455,0.394351
1.40456,0.394361
1.40457,0.394371
1.40458,0.394381
1.40458,0.394391
1.40459,0.394402
1.4046,0.394412
1.4046,0.394422
1.40461,0.394432
1.40462,0.394442
1.40463,0.394453
1.40463,0.394463
1.40464,0.394473
1.40465,0.394483
1.40466,0.394493
1.40466,0.394504
1.40467,0.394514
1.40468,0.394524
1.40469,0.394534
1.40469,0.394544
1.4047,0.394555
1.40471,0.394565
1.40471,0.394575
1.40472,0.394585
1.40473,0.394595
1.40474,0.394606
1.40474,0.394616
1.40475,0.394626
1.40476,0.394636
1.40477,0.394646
1.40477,0.394657
1.40478,0.394667
1.40479,0.394677
1.40479,0.394687
1.4048,0.394698
1.40481,0.394708
1.40482,0.394718
1.40482,0.394728
1.40483,0.394738
1.40484,0.394749
1.40485,0.394759
1.40485,0.394769
1.40486,0.394779
1.40487,0.394789
1.40487,0.3948
1.40488,0.39481
1.40489,0.39482
1.4049,0.39483
1.4049,0.39484
1.40491,0.394851
1.40492,0.394861
1.40493,0.394871
1.40493,0.394881
1.40494,0.394891
1.40495,0.394902
1.40496,0.394912
1.40496,0.394922
1.40497,0.394932
1.40498,0.394942
1.40498,0.394953
1.40499,0.394963
1.405,0.394973
1.40501,0.394983
1.40501,0.394993
1.40502,0.395004
1.40503,0.395014
1.40504,0.395024
1.40504,0.395034
1.40505,0.395044
1.40506,0.395055
1.40506,0.395065
1.40507,0.395075
1.40508,0.395085
1.40509,0.395095
1.40509,0.395106
1.4051,0.395116
1.40511,0.395126
1.40512,0.395136
1.40512,0.395146
1.40513,0.395157
1.40514,0.395167
1.40514,0.395177
1.40515,0.395187
1.40516,0.395198
1.40517,0.395208
1.40517,0.395218
1.40518,0.395228
1.40519,0.395238
1.4052,0.395249
1.4052,0.395259
1.40521,0.395269
1.40522,0.395279
1.40522,0.395289
1.40523,0.3953
1.40524,0.39531
1.40525,0.39532
1.40525,0.39533
1.40526,0.39534
1.40527,0.395351
1.40528,0.395361
1.40528,0.395371
1.40529,0.395381
1.4053,0.395391
1.4053,0.395402
1.40531,0.395412
1.40532,0.395422
1.40533,0.395432
1.40533,0.395442
1.40534,0.395453
1.40535,0.395463
1.40536,0.395473
1.40536,0.395483
1.40537,0.395493
1.40538,0.395504
1.40539,0.395514
1.40539,0.395524
1.4054,0.395534
1.40541,0.395544
1.40541,0.395555
1.40542,0.395565
1.40543,0.395575
1.40544,0.395585
1.40544,0.395595
1.40545,0.395606
1.40546,0.395616
1.40547,0.395626
1.40547,0.395636
1.40548,0.395646
1.40549,0.395657
1.40549,0.395667
1.4055,0.395677
1.40551,0.395687
1.40552,0.395698
1.40552,0.395708
1.40553,0.395718
1.40554,0.395728
1.40555,0.395738
1.40555,0.395749
1.40556,0.395759
1.40557,0.395769
1.40557,0.395779
1.40558,0.395789
1.40559,0.3958
1.4056,0.39581
1.4056,0.39582
1.40561,0.39583
1.40562,0.39584
1.40563,0.395851
1.40563,0.395861
1.40564,0.395871
1.40565,0.395881
1.40565,0.395891
1.40566,0.395902
1.40567,0.395912
1.40568,0.395922
1.40568,0.395932
1.40569,0.395942
1.4057,0.395953
1.40571,0.395963
1.40571,0.395973
1.40572,0.395983
1.40573,0.395993
1.40573,0.396004
1.40574,0.396014
1.40575,0.396024
1.40576,0.396034
1.40576,0.396044
1.40577,0.396055
1.40578,0.396065
1.40579,0.396075
1.40579,0.396085
1.4058,0.396095
1.40581,0.396106
1.40581,0.396116
1.40582,0.396126
1.40583,0.396136
1.40584,0.396146
1.40584,0.396157
1.40585,0.396167
1.40586,0.396177
1.40587,0.396187
1.40587,0.396198
1.40588,0.396208
1.40589,0.396218
1.40589,0.396228
1.4059,0.396238
1.40591,0.396249
1.40592,0.396259
1.40592,0.396269
1.40593,0.396279
1.40594,0.396289
1.40595,0.3963
1.40595,0.39631
1.40596,0.39632
1.40597,0.39633
1.40598,0.39634
1.40598,0.396351
1.40599,0.396361
1.406,0.396371
1.406,0.396381
1.40601,0.396391
1.40602,0.396402
1.40603,0.396412
1.40603,0.396422
1.40604,0.396432
1.40605,0.396442
1.40606,0.396453
1.40606,0.396463
1.40607,0.396473
1.40608,0.396483
1.40608,0.396493
1.40609,0.396504
1.4061,0.396514
1.40611,0.396524
1.40611,0.396534
1.40612,0.396544
1.40613,0.396555
1.40614,0.396565
1.40614,0.396575
1.40615,0.396585
1.40616,0.396595
1.40616,0.396606
1.40617,0.396616
1.40618,0.396626
1.40619,0.396636
1.40619,0.396646
1.4062,0.396657
1.40621,0.396667
1.40622,0.396677
1.40622,0.396687
1.40623,0.396697
1.40624,0.396708
1.40624,0.396718
1.40625,0.396728
1.40626,0.396738
1.40627,0.396749
1.40627,0.396759
1.40628,0.396769
1.40629,0.396779
1.4063,0.396789
1.4063,0.3968
1.40631,0.39681
1.40632,0.39682
1.40632,0.39683
1.40633,0.39684
1.40634,0.396851
1.40635,0.396861
1.40635,0.396871
1.40636,0.396881
1.40637,0.396891
1.40638,0.396902
1.40638,0.396912
1.40639,0.396922
1.4064,0.396932
1.4064,0.396942
1.40641,0.396953
1.40642,0.396963
1.40643,0.396973
1.40643,0.396983
1.40644,0.396993
1.40645,0.397004
1.40646,0.397014
1.40646,0.397024
1.40647,0.397034
1.40648,0.397044
1.40648,0.397055
1.40649,0.397065
1.4065,0.397075
1.40651,0.397085
1.40651,0.397095
1.40652,0.397106
1.40653,0.397116
1.40654,0.397126
1.40654,0.397136
1.40655,0.397146
1.40656,0.397157
1.40656,0.397167
1.40657,0.397177
1.40658,0.397187
1.40659,0.397197
1.40659,0.397208
1.4066,0.397218
1.40661,0.397228
1.40662,0.397238
1.40662,0.397249
1.40663,0.397259
1.40664,0.397269
1.40664,0.397279
1.40665,0.397289
1.40666,0.3973
1.40667,0.39731
1.40667,0.39732
1.40668,0.39733
1.40669,0.39734
1.4067,0.397351
1.4067,0.397361
1.40671,0.397371
1.40672,0.397381
1.40672,0.397391
1.40673,0.397402
1.40674,0.397412
1.40675,0.397422
1.40675,0.397432
1.40676,0.397442
1.40677,0.397453
1.40678,0.397463
1.40678,0.397473
1.40679,0.397483
1.4068,0.397493
1.4068,0.397504
1.40681,0.397514
1.40682,0.397524
1.40683,0.397534
1.40683,0.397544
1.40684,0.397555
1.40685,0.397565
1.40686,0.397575
1.40686,0.397585
1.40687,0.397595
1.40688,0.397606
1.40688,0.397616
1.40689,0.397626
1.4069,0.397636
1.40691,0.397646
1.40691,0.397657
1.40692,0.397667
1.40693,0.397677
1.40694,0.397687
1.40694,0.397697
1.40695,0.397708
1.40696,0.397718
1.40696,0.397728
1.40697,0.397738
1.40698,0.397749
1.40699,0.397759
1.40699,0.397769
1.407,0.397779
1.40701,0.397789
1.40702,0.3978
1.40702,0.39781
1.40703,0.39782
1.40704,0.39783
1.40704,0.39784
1.40705,0.397851
1.40706,0.397861
1.40707,0.397871
1.40707,0.397881
1.40708,0.397891
1.40709,0.397902
1.4071,0.397912
1.4071,0.397922
1.40711,0.397932
1.40712,0.397942
1.40712,0.397953
1.40713,0.397963
1.40714,0.397973
1.40715,0.397983
1.40715,0.397993
1.40716,0.398004
1.40717,0.398014
1.40718,0.398024
1.40718,0.398034
1.40719,0.398044
1.4072,0.398055
1.4072,0.398065
1.40721,0.398075
1.40722,0.398085
1.40723,0.398095
1.40723,0.398106
1.40724,0.398116
1.40725,0.398126
1.40726,0.398136
1.40726,0.398146
1.40727,0.398157
1.40728,0.398167
1.40728,0.398177
1.40729,0.398187
1.4073,0.398197
1.40731,0.398208
1.40731,0.398218
1.40732,0.398228
1.40733,0.398238
1.40734,0.398249
1.40734,0.398259
1.40735,0.398269
1.40736,0.398279
1.40736,0.398289
1.40737,0.3983
1.40738,0.39831
1.40739,0.39832
1.40739,0.39833
1.4074,0.39834
1.40741,0.398351
1.40742,0.398361
1.40742,0.398371
1.40743,0.398381
1.40744,0.398391
1.40744,0.398402
1.40745,0.398412
1.40746,0.398422
1.40747,0.398432
1.40747,0.398442
1.40748,0.398453
1.40749,0.398463
1.4075,0.398473
1.4075,0.398483
1.40751,0.398493
1.40752,0.398504
1.40752,0.398514
1.40753,0.398524
1.40754,0.398534
1.40755,0.398544
1.40755,0.398555
1.40756,0.398565
1.40757,0.398575
1.40757,0.398585
1.40758,0.398595
1.40759,0.398606
1.4076,0.398616
1.4076,0.398626
1.40761,0.398636
1.40762,0.398646
1.40763,0.398657
1.40763,0.398667
1.40764,0.398677
1.40765,0.398687
1.40765,0.398697
1.40766,0.398708
1.40767,0.398718
1.40768,0.398728
1.40768,0.398738
1.40769,0.398749
1.4077,0.398759
1.40771,0.398769
1.40771,0.398779
1.40772,0.398789
1.40773,0.3988
1.40773,0.39881
1.40774,0.39882
1.40775,0.39883
1.40776,0.39884
1.40776,0.398851
1.40777,0.398861
1.40778,0.398871
1.40779,0.398881
1.40779,0.398891
1.4078,0.398902
1.40781,0.398912
1.40781,0.398922
1.40782,0.398932
1.40783,0.398942
1.40784,0.398953
1.40784,0.398963
1.40785,0.398973
1.40786,0.398983
1.40787,0.398993
1.40787,0.399004
1.40788,0.399014
1.40789,0.399024
1.40789,0.399034
1.4079,0.399044
1.40791,0.399055
1.40792,0.399065
1.40792,0.399075
1.40793,0.399085
1.40794,0.399095
1.40795,0.399106
1.40795,0.399116
1.40796,0.399126
1.40797,0.399136
1.40797,0.399146
1.40798,0.399157
1.40799,0.399167
1.408,0.399177
1.408,0.399187
1.40801,0.399197
1.40802,0.399208
1.40803,0.399218
1.40803,0.399228
1.40804,0.399238
1.40805,0.399249
1.40805,0.399259
1.40806,0.399269
1.40807,0.399279
1.40808,0.399289
1.40808,0.3993
1.40809,0.39931
1.4081,0.39932
1.40811,0.39933
1.40811,0.39934
1.40812,0.399351
1.40813,0.399361
1.40813,0.399371
1.40814,0.399381
1.40815,0.399391
1.40816,0.399402
1.40816,0.399412
1.40817,0.399422
1.40818,0.399432
1.40818,0.399442
1.40819,0.399453
1.4082,0.399463
1.40821,0.399473
1.40821,0.399483
1.40822,0.399493
1.40823,0.399504
1.40824,0.399514
1.40824,0.399524
1.40825,0.399534
1.40826,0.399544
1.40826,0.399555
1.40827,0.399565
1.40828,0.399575
1.40829,0.399585
1.40829,0.399595
1.4083,0.399606
1.40831,0.399616
1.40832,0.399626
1.40832,0.399636
1.40833,0.399646
1.40834,0.399657
1.40834,0.399667
1.40835,0.399677
1.40836,0.399687
1.40837,0.399697
1.40837,0.399708
1.40838,0.399718
1.40839,0.399728
1.4084,0.399738
1.4084,0.399749
1.40841,0.399759
1.40842,0.399769
1.40842,0.399779
1.40843,0.399789
1.40844,0.3998
1.40845,0.39981
1.40845,0.39982
1.40846,0.39983
1.40847,0.39984
1.40848,0.399851
1.40848,0.399861
1.40849,0.399871
1.4085,0.399881
1.4085,0.399891
1.40851,0.399902
1.40852,0.399912
1.40853,0.399922
1.40853,0.399932
1.40854,0.399942
1.40855,0.399953
1.40855,0.399963
1.40856,0.399973
1.40857,0.399983
1.40858,0.399993
1.40858,0.400004
1.40859,0.400014
1.4086,0.400024
1.40861,0.400034
1.40861,0.400044
1.40862,0.400055
1.40863,0.400065
1.40863,0.400075
1.40864,0.400085
1.40865,0.400095
1.40866,0.400106
1.40866,0.400116
1.40867,0.400126
1.40868,0.400136
1.40869,0.400146
1.40869,0.400157
1.4087,0.400167
1.40871,0.400177
1.40871,0.400187
1.40872,0.400197
1.40873,0.400208
1.40874,0.400218
1.40874,0.400228
1.40875,0.400238
1.40876,0.400249
1.40877,0.400259
1.40877,0.400269
1.40878,0.400279
1.40879,0.400289
1.40879,0.4003
1.4088,0.40031
1.40881,0.40032
1.40882,0.40033
1.40882,0.40034
1.40883,0.400351
1.40884,0.400361
1.40885,0.400371
1.40885,0.400381
1.40886,0.400391
1.40887,0.400402
1.40887,0.400412
1.40888,0.400422
1.40889,0.400432
1.4089,0.400442
1.4089,0.400453
1.40891,0.400463
1.40892,0.400473
1.40892,0.400483
1.40893,0.400493
1.40894,0.400504
1.40895,0.400514
1.40895,0.400524
1.40896,0.400534
1.40897,0.400544
1.40898,0.400555
1.40898,0.400565
1.40899,0.400575
1.409,0.400585
1.409,0.400595
1.40901,0.400606
1.40902,0.400616
1.40903,0.400626
1.40903,0.400636
1.40904,0.400646
1.40905,0.400657
1.40906,0.400667
1.40906,0.400677
1.40907,0.400687
1.40908,0.400697
1.40908,0.400708
1.40909,0.400718
1.4091,0.400728
1.40911,0.400738
1.40911,0.400749
1.40912,0.400759
1.40913,0.400769
1.40914,0.400779
1.40914,0.400789
1.40915,0.4008
1.40916,0.40081
1.40916,0.40082
1.40917,0.40083
1.40918,0.40084
1.40919,0.400851
1.40919,0.400861
1.4092,0.400871
1.40921,0.400881
1.40921,0.400891
1.40922,0.400902
1.40923,0.400912
1.40924,0.400922
1.40924,0.400932
1.40925,0.400942
1.40926,0.400953
1.40927,0.400963
1.40927,0.400973
1.40928,0.400983
1.40929,0.400993
1.40929,0.401004
1.4093,0.401014
1.40931,0.401024
1.40932,0.401034
1.40932,0.401044
1.40933,0.401055
1.40934,0.401065
1.40935,0.401075
1.40935,0.401085
1.40936,0.401095
1.40937,0.401106
1.40937,0.401116
1.40938,0.401126
1.40939,0.401136
1.4094,0.401146
1.4094,0.401157
1.40941,0.401167
1.40942,0.401177
1.40942,0.401187
1.40943,0.401197
1.40944,0.401208
1.40945,0.401218
1.40945,0.401228
1.40946,0.401238
1.40947,0.401249
1.40948,0.401259
1.40948,0.401269
1.40949,0.401279
1.4095,0.401289
1.4095,0.4013
1.40951,0.40131
1.40952,0.40132
1.40953,0.40133
1.40953,0.40134
1.40954,0.401351
1.40955,0.401361
1.40956,0.401371
1.40956,0.401381
1.40957,0.401391
1.40958,0.401402
1.40958,0.401412
1.40959,0.401422
1.4096,0.401432
1.40961,0.401442
1.40961,0.401453
1.40962,0.401463
1.40963,0.401473
1.40964,0.401483
1.40964,0.401493
1.40965,0.401504
1.40966,0.401514
1.40966,0.401524
1.40967,0.401534
1.40968,0.401544
1.40969,0.401555
1.40969,0.401565
1.4097,0.401575
1.40971,0.401585
1.40971,0.401595
1.40972,0.401606
1.40973,0.401616
1.40974,0.401626
1.40974,0.401636
1.40975,0.401646
1.40976,0.401657
1.40977,0.401667
1.40977,0.401677
1.40978,0.401687
1.40979,0.401697
1.40979,0.401708
1.4098,0.401718
1.40981,0.401728
1.40982,0.401738
1.40982,0.401748
1.40983,0.401759
1.40984,0.401769
1.40985,0.401779
1.40985,0.401789
1.40986,0.4018
1.40987,0.40181
1.40987,0.40182
1.40988,0.40183
1.40989,0.40184
1.4099,0.401851
1.4099,0.401861
1.40991,0.401871
1.40992,0.401881
1.40992,0.401891
1.40993,0.401902
1.40994,0.401912
1.40995,0.401922
1.40995,0.401932
1.40996,0.401942
1.40997,0.401953
1.40998,0.401963
1.40998,0.401973
1.40999,0.401983
1.41,0.401993
1.41,0.402004
1.41001,0.402014
1.41002,0.402024
1.41003,0.402034
1.41003,0.402044
1.41004,0.402055
1.41005,0.402065
1.41006,0.402075
1.41006,0.402085
1.41007,0.402095
1.41008,0.402106
1.41008,0.402116
1.41009,0.402126
1.4101,0.402136
1.41011,0.402146
1.41011,0.402157
1.41012,0.402167
1.41013,0.402177
1.41013,0.402187
1.41014,0.402197
1.41015,0.402208
1.41016,0.402218
1.41016,0.402228
1.41017,0.402238
1.41018,0.402248
1.41019,0.402259
1.41019,0.402269
1.4102,0.402279
1.41021,0.402289
1.41021,0.4023
1.41022,0.40231
1.41023,0.40232
1.41024,0.40233
1.41024,0.40234
1.41025,0.402351
1.41026,0.402361
1.41026,0.402371
1.41027,0.402381
1.41028,0.402391
1.41029,0.402402
1.41029,0.402412
1.4103,0.402422
1.41031,0.402432
1.41032,0.402442
1.41032,0.402453
1.41033,0.402463
1.41034,0.402473
1.41034,0.402483
1.41035,0.402493
1.41036,0.402504
1.41037,0.402514
1.41037,0.402524
1.41038,0.402534
1.41039,0.402544
1.4104,0.402555
1.4104,0.402565
1.41041,0.402575
1.41042,0.402585
1.41042,0.402595
1.41043,0.402606
1.41044,0.402616
1.41045,0.402626
1.41045,0.402636
1.41046,0.402646
1.41047,0.402657
1.41047,0.402667
1.41048,0.402677
1.41049,0.402687
1.4105,0.402697
1.4105,0.402708
1.41051,0.402718
1.41052,0.402728
1.41053,0.402738
1.41053,0.402748
1.41054,0.402759
1.41055,0.402769
1.41055,0.402779
1.41056,0.402789
1.41057,0.4028
1.41058,0.40281
1.41058,0.40282
1.41059,0.40283
1.4106,0.40284
1.41061,0.402851
1.41061,0.402861
1.41062,0.402871
1.41063,0.402881
1.41063,0.402891
1.41064,0.402902
1.41065,0.402912
1.41066,0.402922
1.41066,0.402932
1.41067,0.402942
1.41068,0.402953
1.41068,0.402963
1.41069,0.402973
1.4107,0.402983
1.41071,0.402993
1.41071,0.403004
1.41072,0.403014
1.41073,0.403024
1.41074,0.403034
1.41074,0.403044
1.41075,0.403055
1.41076,0.403065
1.41076,0.403075
1.41077,0.403085
1.41078,0.403095
1.41079,0.403106
1.41079,0.403116
1.4108,0.403126
1.41081,0.403136
1.41081,0.403146
1.41082,0.403157
1.41083,0.403167
1.41084,0.403177
1.41084,0.403187
1.41085,0.403197
1.41086,0.403208
1.41087,0.403218
1.41087,0.403228
1.41088,0.403238
1.41089,0.403248
1.41089,0.403259
1.4109,0.403269
1.41091,0.403279
1.41092,0.403289
1.41092,0.4033
1.41093,0.40331
1.41094,0.40332
1.41095,0.40333
1.41095,0.40334
1.41096,0.403351
1.41097,0.403361
1.41097,0.403371
1.41098,0.403381
1.41099,0.403391
1.411,0.403402
1.411,0.403412
1.41101,0.403422
1.41102,0.403432
1.41102,0.403442
1.41103,0.403453
1.41104,0.403463
1.41105,0.403473
1.41105,0.403483
1.41106,0.403493
1.41107,0.403504
1.41108,0.403514
1.41108,0.403524
1.41109,0.403534
1.4111,0.403544
1.4111,0.403555
1.41111,0.403565
1.41112,0.403575
1.41113,0.403585
1.41113,0.403595
1.41114,0.403606
1.41115,0.403616
1.41115,0.403626
1.41116,0.403636
1.41117,0.403646
1.41118,0.403657
1.41118,0.403667
1.41119,0.403677
1.4112,0.403687
1.41121,0.403697
1.41121,0.403708
1.41122,0.403718
1.41123,0.403728
1.41123,0.403738
1.41124,0.403748
1.41125,0.403759
1.41126,0.403769
1.41126,0.403779
1.41127,0.403789
1.41128,0.4038
1.41128,0.40381
1.41129,0.40382
1.4113,0.40383
1.41131,0.40384
1.41131,0.403851
1.41132,0.403861
1.41133,0.403871
1.41134,0.403881
1.41134,0.403891
1.41135,0.403902
1.41136,0.403912
1.41136,0.403922
1.41137,0.403932
1.41138,0.403942
1.41139,0.403953
1.41139,0.403963
1.4114,0.403973
1.41141,0.403983
1.41141,0.403993
1.41142,0.404004
1.41143,0.404014
1.41144,0.404024
1.41144,0.404034
1.41145,0.404044
1.41146,0.404055
1.41147,0.404065
1.41147,0.404075
1.41148,0.404085
1.41149,0.404095
1.41149,0.404106
1.4115,0.404116
1.41151,0.404126
1.41152,0.404136
1.41152,0.404146
1.41153,0.404157
1.41154,0.404167
1.41154,0.404177
1.41155,0.404187
1.41156,0.404197
1.41157,0.404208
1.41157,0.404218
1.41158,0.404228
1.41159,0.404238
1.4116,0.404248
1.4116,0.404259
1.41161,0.404269
1.41162,0.404279
1.41162,0.404289
1.41163,0.4043
1.41164,0.40431
1.41165,0.40432
1.41165,0.40433
1.41166,0.40434
1.41167,0.404351
1.41167,0.404361
1.41168,0.404371
1.41169,0.404381
1.4117,0.404391
1.4117,0.404402
1.41171,0.404412
1.41172,0.404422
1.41173,0.404432
1.41173,0.404442
1.41174,0.404453
1.41175,0.404463
1.41175,0.404473
1.41176,0.404483
1.41177,0.404493
1.41178,0.404504
1.41178,0.404514
1.41179,0.404524
1.4118,0.404534
1.4118,0.404544
1.41181,0.404555
1.41182,0.404565
1.41183,0.404575
1.41183,0.404585
1.41184,0.404595
1.41185,0.404606
1.41186,0.404616
1.41186,0.404626
1.41187,0.404636
1.41188,0.404646
1.41188,0.404657
1.41189,0.404667
1.4119,0.404677
1.41191,0.404687
1.41191,0.404697
1.41192,0.404708
1.41193,0.404718
1.41193,0.404728
1.41194,0.404738
1.41195,0.404748
1.41196,0.404759
1.41196,0.404769
1.41197,0.404779
1.41198,0.404789
1.41199,0.4048
1.41199,0.40481
1.412,0.40482
1.41201,0.40483
1.41201,0.40484
1.41202,0.404851
1.41203,0.404861
1.41204,0.404871
1.41204,0.404881
1.41205,0.404891
1.41206,0.404902
1.41206,0.404912
1.41207,0.404922
1.41208,0.404932
1.41209,0.404942
1.41209,0.404953
1.4121,0.404963
1.41211,0.404973
1.41212,0.404983
1.41212,0.404993
1.41213,0.405004
1.41214,0.405014
1.41214,0.405024
1.41215,0.405034
1.41216,0.405044
1.41217,0.405055
1.41217,0.405065
1.41218,0.405075
1.41219,0.405085
1.41219,0.405095
1.4122,0.405106
1.41221,0.405116
1.41222,0.405126
1.41222,0.405136
1.41223,0.405146
1.41224,0.405157
1.41225,0.405167
1.41225,0.405177
1.41226,0.405187
1.41227,0.405197
1.41227,0.405208
1.41228,0.405218
1.41229,0.405228
1.4123,0.405238
1.4123,0.405248
1.41231,0.405259
1.41232,0.405269
1.41232,0.405279
1.41233,0.405289
1.41234,0.4053
1.41235,0.40531
1.41235,0.40532
1.41236,0.40533
1.41237,0.40534
1.41238,0.405351
1.41238,0.405361
1.41239,0.405371
1.4124,0.405381
1.4124,0.405391
1.41241,0.405402
1.41242,0.405412
1.41243,0.405422
1.41243,0.405432
1.41244,0.405442
1.41245,0.405453
1.41245,0.405463
1.41246,0.405473
1.41247,0.405483
1.41248,0.405493
1.41248,0.405504
1.41249,0.405514
1.4125,0.405524
1.41251,0.405534
1.41251,0.405544
1.41252,0.405555
1.41253,0.405565
1.41253,0.405575
1.41254,0.405585
1.41255,0.405595
1.41256,0.405606
1.41256,0.405616
1.41257,0.405626
1.41258,0.405636
1.41258,0.405646
1.41259,0.405657
1.4126,0.405667
1.41261,0.405677
1.41261,0.405687
1.41262,0.405697
1.41263,0.405708
1.41264,0.405718
1.41264,0.405728
1.41265,0.405738
1.41266,0.405748
1.41266,0.405759
1.41267,0.405769
1.41268,0.405779
1.41269,0.405789
1.41269,0.4058
1.4127,0.40581
1.41271,0.40582
1.41271,0.40583
1.41272,0.40584
1.41273,0.405851
1.41274,0.405861
1.41274,0.405871
1.41275,0.405881
1.41276,0.405891
1.41276,0.405902
1.41277,0.405912
1.41278,0.405922
1.41279,0.405932
1.41279,0.405942
1.4128,0.405953
1.41281,0.405963
1.41282,0.405973
1.41282,0.405983
1.41283,0.405993
1.41284,0.406004
1.41284,0.406014
1.41285,0.406024
1.41286,0.406034
1.41287,0.406044
1.41287,0.406055
1.41288,0.406065
1.41289,0.406075
1.41289,0.406085
1.4129,0.406095
1.41291,0.406106
1.41292,0.406116
1.41292,0.406126
1.41293,0.406136
1.41294,0.406146
1.41295,0.406157
1.41295,0.406167
1.41296,0.406177
1.41297,0.406187
1.41297,0.406197
1.41298,0.406208
1.41299,0.406218
1.413,0.406228
1.413,0.406238
1.41301,0.406248
1.41302,0.406259
1.41302,0.406269
1.41303,0.406279
1.41304,0.406289
1.41305,0.406299
1.41305,0.40631
1.41306,0.40632
1.41307,0.40633
1.41307,0.40634
1.41308,0.406351
1.41309,0.406361
1.4131,0.406371
1.4131,0.406381
1.41311,0.406391
1.41312,0.406402
1.41313,0.406412
1.41313,0.406422
1.41314,0.406432
1.41315,0.406442
1.41315,0.406453
1.41316,0.406463
1.41317,0.406473
1.41318,0.406483
1.41318,0.406493
1.41319,0.406504
1.4132,0.406514
1.4132,0.406524
1.41321,0.406534
1.41322,0.406544
1.41323,0.406555
1.41323,0.406565
1.41324,0.406575
1.41325,0.406585
1.41326,0.406595
1.41326,0.406606
1.41327,0.406616
1.41328,0.406626
1.41328,0.406636
1.41329,0.406646
1.4133,0.406657
1.41331,0.406667
1.41331,0.406677
1.41332,0.406687
1.41333,0.406697
1.41333,0.406708
1.41334,0.406718
1.41335,0.406728
1.41336,0.406738
1.41336,0.406748
1.41337,0.406759
1.41338,0.406769
1.41338,0.406779
1.41339,0.406789
1.4134,0.406799
1.41341,0.40681
1.41341,0.40682
1.41342,0.40683
1.41343,0.40684
1.41344,0.406851
1.41344,0.406861
1.41345,0.406871
1.41346,0.406881
1.41346,0.406891
1.41347,0.406902
1.41348,0.406912
1.41349,0.406922
1.41349,0.406932
1.4135,0.406942
1.41351,0.406953
1.41351,0.406963
1.41352,0.406973
1.41353,0.406983
1.41354,0.406993
1.41354,0.407004
1.41355,0.407014
1.41356,0.407024
1.41357,0.407034
1.41357,0.407044
1.41358,0.407055
1.41359,0.407065
1.41359,0.407075
1.4136,0.407085
1.41361,0.407095
1.41362,0.407106
1.41362,0.407116
1.41363,0.407126
1.41364,0.407136
1.41364,0.407146
1.41365,0.407157
1.41366,0.407167
1.41367,0.407177
1.41367,0.407187
1.41368,0.407197
1.41369,0.407208
1.41369,0.407218
1.4137,0.407228
1.41371,0.407238
1.41372,0.407248
1.41372,0.407259
1.41373,0.407269
1.41374,0.407279
1.41375,0.407289
1.41375,0.407299
1.41376,0.40731
1.41377,0.40732
1.41377,0.40733
1.41378,0.40734
1.41379,0.407351
1.4138,0.407361
1.4138,0.407371
1.41381,0.407381
1.41382,0.407391
1.41382,0.407402
1.41383,0.407412
1.41384,0.407422
1.41385,0.407432
1.41385,0.407442
1.41386,0.407453
1.41387,0.407463
1.41387,0.407473
1.41388,0.407483
1.41389,0.407493
1.4139,0.407504
1.4139,0.407514
1.41391,0.407524
1.41392,0.407534
1.41393,0.407544
1.41393,0.407555
1.41394,0.407565
1.41395,0.407575
1.41395,0.407585
1.41396,0.407595
1.41397,0.407606
1.41398,0.407616
1.41398,0.407626
1.41399,0.407636
1.414,0.407646
1.414,0.407657
1.41401,0.407667
1.41402,0.407677
1.41403,0.407687
1.41403,0.407697
1.41404,0.407708
1.41405,0.407718
1.41405,0.407728
1.41406,0.407738
1.41407,0.407748
1.41408,0.407759
1.41408,0.407769
1.41409,0.407779
1.4141,0.407789
1.41411,0.407799
1.41411,0.40781
1.41412,0.40782
1.41413,0.40783
1.41413,0.40784
1.41414,0.407851
1.41415,0.407861
1.41416,0.407871
1.41416,0.407881
1.41417,0.407891
1.41418,0.407902
1.41418,0.407912
1.41419,0.407922
1.4142,0.407932
1.41421,0.407942
1.41421,0.407953
1.41422,0.407963
1.41423,0.407973
1.41423,0.407983
1.41424,0.407993
1.41425,0.408004
1.41426,0.408014
1.41426,0.408024
1.41427,0.408034
1.41428,0.408044
1.41429,0.408055
1.41429,0.408065
1.4143,0.408075
1.41431,0.408085
1.41431,0.408095
1.41432,0.408106
1.41433,0.408116
1.41434,0.408126
1.41434,0.408136
1.41435,0.408146
1.41436,0.408157
1.41436,0.408167
1.41437,0.408177
1.41438,0.408187
1.41439,0.408197
1.41439,0.408208
1.4144,0.408218
1.41441,0.408228
1.41441,0.408238
1.41442,0.408248
1.41443,0.408259
1.41444,0.408269
1.41444,0.408279
1.41445,0.408289
1.41446,0.408299
1.41447,0.40831
1.41447,0.40832
1.41448,0.40833
1.41449,0.40834
1.41449,0.408351
1.4145,0.408361
1.41451,0.408371
1.41452,0.408381
1.41452,0.408391
1.41453,0.408402
1.41454,0.408412
1.41454,0.408422
1.41455,0.408432
1.41456,0.408442
1.41457,0.408453
1.41457,0.408463
1.41458,0.408473
1.41459,0.408483
1.41459,0.408493
1.4146,0.408504
1.41461,0.408514
1.41462,0.408524
1.41462,0.408534
1.41463,0.408544
1.41464,0.408555
1.41465,0.408565
1.41465,0.408575
1.41466,0.408585
1.41467,0.408595
1.41467,0.408606
1.41468,0.408616
1.41469,0.408626
1.4147,0.408636
1.4147,0.408646
1.41471,0.408657
1.41472,0.408667
1.41472,0.408677
1.41473,0.408687
1.41474,0.408697
1.41475,0.408708
1.41475,0.408718
1.41476,0.408728
1.41477,0.408738
1.41477,0.408748
1.41478,0.408759
1.41479,0.408769
1.4148,0.408779
1.4148,0.408789
1.41481,0.408799
1.41482,0.40881
1.41482,0.40882
1.41483,0.40883
1.41484,0.40884
1.41485,0.408851
1.41485,0.408861
1.41486,0.408871
1.41487,0.408881
1.41488,0.408891
1.41488,0.408902
1.41489,0.408912
1.4149,0.408922
1.4149,0.408932
1.41491,0.408942
1.41492,0.408953
1.41493,0.408963
1.41493,0.408973
1.41494,0.408983
1.41495,0.408993
1.41495,0.409004
1.41496,0.409014
1.41497,0.409024
1.41498,0.409034
1.41498,0.409044
1.41499,0.409055
1.415,0.409065
1.415,0.409075
1.41501,0.409085
1.41502,0.409095
1.41503,0.409106
1.41503,0.409116
1.41504,0.409126
1.41505,0.409136
1.41506,0.409146
1.41506,0.409157
1.41507,0.409167
1.41508,0.409177
1.41508,0.409187
1.41509,0.409197
1.4151,0.409208
1.41511,0.409218
1.41511,0.409228
1.41512,0.409238
1.41513,0.409248
1.41513,0.409259
1.41514,0.409269
1.41515,0.409279
1.41516,0.409289
1.41516,0.409299
1.41517,0.40931
1.41518,0.40932
1.41518,0.40933
1.41519,0.40934
1.4152,0.409351
1.41521,0.409361
1.41521,0.409371
1.41522,0.409381
1.41523,0.409391
1.41523,0.409402
1.41524,0.409412
1.41525,0.409422
1.41526,0.409432
1.41526,0.409442
1.41527,0.409453
1.41528,0.409463
1.41529,0.409473
1.41529,0.409483
1.4153,0.409493
1.41531,0.409504
1.41531,0.409514
1.41532,0.409524
1.41533,0.409534
1.41534,0.409544
1.41534,0.409555
1.41535,0.409565
1.41536,0.409575
1.41536,0.409585
1.41537,0.409595
1.41538,0.409606
1.41539,0.409616
1.41539,0.409626
1.4154,0.409636
1.41541,0.409646
1.41541,0.409657
1.41542,0.409667
1.41543,0.409677
1.41544,0.409687
1.41544,0.409697
1.41545,0.409708
1.41546,0.409718
1.41546,0.409728
1.41547,0.409738
1.41548,0.409748
1.41549,0.409759
1.41549,0.409769
1.4155,0.409779
1.41551,0.409789
1.41552,0.409799
1.41552,0.40981
1.41553,0.40982
1.41554,0.40983
1.41554,0.40984
1.41555,0.409851
1.41556,0.409861
1.41557,0.409871
1.41557,0.409881
1.41558,0.409891
1.41559,0.409902
1.41559,0.409912
1.4156,0.409922
1.41561,0.409932
1.41562,0.409942
1.41562,0.409953
1.41563,0.409963
1.41564,0.409973
1.41564,0.409983
1.41565,0.409993
1.41566,0.410004
1.41567,0.410014
1.41567,0.410024
1.41568,0.410034
1.41569,0.410044
1.41569,0.410055
1.4157,0.410065
1.41571,0.410075
1.41572,0.410085
1.41572,0.410095
1.41573,0.410106
1.41574,0.410116
1.41575,0.410126
1.41575,0.410136
1.41576,0.410146
1.41577,0.410157
1.41577,0.410167
1.41578,0.410177
1.41579,0.410187
1.4158,0.410197
1.4158,0.410208
1.41581,0.410218
1.41582,0.410228
1.41582,0.410238
1.41583,0.410248
1.41584,0.410259
1.41585,0.410269
1.41585,0.410279
1.41586,0.410289
1.41587,0.410299
1.41587,0.41031
1.41588,0.41032
1.41589,0.41033
1.4159,0.41034
1.4159,0.410351
1.41591,0.410361
1.41592,0.410371
1.41592,0.410381
1.41593,0.410391
1.41594,0.410402
1.41595,0.410412
1.41595,0.410422
1.41596,0.410432
1.41597,0.410442
1.41597,0.410453
1.41598,0.410463
1.41599,0.410473
1.416,0.410483
1.416,0.410493
1.41601,0.410504
1.41602,0.410514
1.41603,0.410524
1.41603,0.410534
1.41604,0.410544
1.41605,0.410555
1.41605,0.410565
1.41606,0.410575
1.41607,0.410585
1.41608,0.410595
1.41608,0.410606
1.41609,0.410616
1.4161,0.410626
1.4161,0.410636
1.41611,0.410646
1.41612,0.410657
1.41613,0.410667
1.41613,0.410677
1.41614,0.410687
1.41615,0.410697
1.41615,0.410708
1.41616,0.410718
1.41617,0.410728
1.41618,0.410738
1.41618,0.410748
1.41619,0.410759
1.4162,0.410769
1.4162,0.410779
1.41621,0.410789
1.41622,0.410799
1.41623,0.41081
1.41623,0.41082
1.41624,0.41083
1.41625,0.41084
1.41625,0.41085
1.41626,0.410861
1.41627,0.410871
1.41628,0.410881
1.41628,0.410891
1.41629,0.410902
1.4163,0.410912
1.41631,0.410922
1.41631,0.410932
1.41632,0.410942
1.41633,0.410953
1.41633,0.410963
1.41634,0.410973
1.41635,0.410983
1.41636,0.410993
1.41636,0.411004
1.41637,0.411014
1.41638,0.411024
1.41638,0.411034
1.41639,0.411044
1.4164,0.411055
1.41641,0.411065
1.41641,0.411075
1.41642,0.411085
1.41643,0.411095
1.41643,0.411106
1.41644,0.411116
1.41645,0.411126
1.41646,0.411136
1.41646,0.411146
1.41647,0.411157
1.41648,0.411167
1.41648,0.411177
1.41649,0.411187
1.4165,0.411197
1.41651,0.411208
1.41651,0.411218
1.41652,0.411228
1.41653,0.411238
1.41653,0.411248
1.41654,0.411259
1.41655,0.411269
1.41656,0.411279
1.41656,0.411289
1.41657,0.411299
1.41658,0.41131
1.41659,0.41132
1.41659,0.41133
1.4166,0.41134
1.41661,0.41135
1.41661,0.411361
1.41662,0.411371
1.41663,0.411381
1.41664,0.411391
1.41664,0.411402
1.41665,0.411412
1.41666,0.411422
1.41666,0.411432
1.41667,0.411442
1.41668,0.411453
1.41669,0.411463
1.41669,0.411473
1.4167,0.411483
1.41671,0.411493
1.41671,0.411504
1.41672,0.411514
1.41673,0.411524
1.41674,0.411534
1.41674,0.411544
1.41675,0.411555
1.41676,0.411565
1.41676,0.411575
1.41677,0.411585
1.41678,0.411595
1.41679,0.411606
1.41679,0.411616
1.4168,0.411626
1.41681,0.411636
1.41681,0.411646
1.41682,0.411657
1.41683,0.411667
1.41684,0.411677
1.41684,0.411687
1.41685,0.411697
1.41686,0.411708
1.41686,0.411718
1.41687,0.411728
1.41688,0.411738
1.41689,0.411748
1.41689,0.411759
1.4169,0.411769
1.41691,0.411779
1.41692,0.411789
1.41692,0.411799
1.41693,0.41181
1.41694,0.41182
1.41694,0.41183
1.41695,0.41184
1.41696,0.41185
1.41697,0.411861
1.41697,0.411871
1.41698,0.411881
1.41699,0.411891
1.41699,0.411902
1.417,0.411912
1.41701,0.411922
1.41702,0.411932
1.41702,0.411942
1.41703,0.411953
1.41704,0.411963
1.41704,0.411973
1.41705,0.411983
1.41706,0.411993
1.41707,0.412004
1.41707,0.412014
1.41708,0.412024
1.41709,0.412034
1.41709,0.412044
1.4171,0.412055
1.41711,0.412065
1.41712,0.412075
1.41712,0.412085
1.41713,0.412095
1.41714,0.412106
1.41714,0.412116
1.41715,0.412126
1.41716,0.412136
1.41717,0.412146
1.41717,0.412157
1.41718,0.412167
1.41719,0.412177
1.41719,0.412187
1.4172,0.412197
1.41721,0.412208
1.41722,0.412218
1.41722,0.412228
1.41723,0.412238
1.41724,0.412248
1.41724,0.412259
1.41725,0.412269
1.41726,0.412279
1.41727,0.412289
1.41727,0.412299
1.41728,0.41231
1.41729,0.41232
1.4173,0.41233
1.4173,0.41234
1.41731,0.41235
1.41732,0.412361
1.41732,0.412371
1.41733,0.412381
1.41734,0.412391
1.41735,0.412402
1.41735,0.412412
1.41736,0.412422
1.41737,0.412432
1.41737,0.412442
1.41738,0.412453
1.41739,0.412463
1.4174,0.412473
1.4174,0.412483
1.41741,0.412493
1.41742,0.412504
1.41742,0.412514
1.41743,0.412524
1.41744,0.412534
1.41745,0.412544
1.41745,0.412555
1.41746,0.412565
1.41747,0.412575
1.41747,0.412585
1.41748,0.412595
1.41749,0.412606
1.4175,0.412616
1.4175,0.412626
1.41751,0.412636
1.41752,0.412646
1.41752,0.412657
1.41753,0.412667
1.41754,0.412677
1.41755,0.412687
1.41755,0.412697
1.41756,0.412708
1.41757,0.412718
1.41757,0.412728
1.41758,0.412738
1.41759,0.412748
1.4176,0.412759
1.4176,0.412769
1.41761,0.412779
1.41762,0.412789
1.41762,0.412799
1.41763,0.41281
1.41764,0.41282
1.41765,0.41283
1.41765,0.41284
1.41766,0.41285
1.41767,0.412861
1.41768,0.412871
1.41768,0.412881
1.41769,0.412891
1.4177,0.412902
1.4177,0.412912
1.41771,0.412922
1.41772,0.412932
1.41773,0.412942
1.41773,0.412953
1.41774,0.412963
1.41775,0.412973
1.41775,0.412983
1.41776,0.412993
1.41777,0.413004
1.41778,0.413014
1.41778,0.413024
1.41779,0.413034
1.4178,0.413044
1.4178,0.413055
1.41781,0.413065
1.41782,0.413075
1.41783,0.413085
1.41783,0.413095
1.41784,0.413106
1.41785,0.413116
1.41785,0.413126
1.41786,0.413136
1.41787,0.413146
1.41788,0.413157
1.41788,0.413167
1.41789,0.413177
1.4179,0.413187
1.4179,0.413197
1.41791,0.413208
1.41792,0.413218
1.41793,0.413228
1.41793,0.413238
1.41794,0.413248
1.41795,0.413259
1.41795,0.413269
1.41796,0.413279
1.41797,0.413289
1.41798,0.413299
1.41798,0.41331
1.41799,0.41332
1.418,0.41333
1.418,0.41334
1.41801,0.41335
1.41802,0.413361
1.41803,0.413371
1.41803,0.413381
1.41804,0.413391
1.41805,0.413402
1.41805,0.413412
1.41806,0.413422
1.41807,0.413432
1.41808,0.413442
1.41808,0.413453
1.41809,0.413463
1.4181,0.413473
1.4181,0.413483
1.41811,0.413493
1.41812,0.413504
1.41813,0.413514
1.41813,0.413524
1.41814,0.413534
1.41815,0.413544
1.41815,0.413555
1.41816,0.413565
1.41817,0.413575
1.41818,0.413585
1.41818,0.413595
1.41819,0.413606
1.4182,0.413616
1.41821,0.413626
1.41821,0.413636
1.41822,0.413646
1.41823,0.413657
1.41823,0.413667
1.41824,0.413677
1.41825,0.413687
1.41826,0.413697
1.41826,0.413708
1.41827,0.413718
1.41828,0.413728
1.41828,0.413738
1.41829,0.413748
1.4183,0.413759
1.41831,0.413769
1.41831,0.413779
1.41832,0.413789
1.41833,0.413799
1.41833,0.41381
1.41834,0.41382
1.41835,0.41383
1.41836,0.41384
1.41836,0.41385
1.41837,0.413861
1.41838,0.413871
1.41838,0.413881
1.41839,0.413891
1.4184,0.413902
1.41841,0.413912
1.41841,0.413922
1.41842,0.413932
1.41843,0.413942
1.41843,0.413953
1.41844,0.413963
1.41845,0.413973
1.41846,0.413983
1.41846,0.413993
1.41847,0.414004
1.41848,0.414014
1.41848,0.414024
1.41849,0.414034
1.4185,0.414044
1.41851,0.414055
1.41851,0.414065
1.41852,0.414075
1.41853,0.414085
1.41853,0.414095
1.41854,0.414106
1.41855,0.414116
1.41856,0.414126
1.41856,0.414136
1.41857,0.414146
1.41858,0.414157
1.41858,0.414167
1.41859,0.414177
1.4186,0.414187
1.41861,0.414197
1.41861,0.414208
1.41862,0.414218
1.41863,0.414228
1.41863,0.414238
1.41864,0.414248
1.41865,0.414259
1.41866,0.414269
1.41866,0.414279
1.41867,0.414289
1.41868,0.414299
1.41868,0.41431
1.41869,0.41432
1.4187,0.41433
1.41871,0.41434
1.41871,0.41435
1.41872,0.414361
1.41873,0.414371
1.41873,0.414381
1.41874,0.414391
1.41875,0.414402
1.41876,0.414412
1.41876,0.414422
1.41877,0.414432
1.41878,0.414442
1.41878,0.414453
1.41879,0.414463
1.4188,0.414473
1.41881,0.414483
1.41881,0.414493
1.41882,0.414504
1.41883,0.414514
1.41883,0.414524
1.41884,0.414534
1.41885,0.414544
1.41886,0.414555
1.41886,0.414565
1.41887,0.414575
1.41888,0.414585
1.41888,0.414595
1.41889,0.414606
1.4189,0.414616
1.41891,0.414626
1.41891,0.414636
1.41892,0.414646
1.41893,0.414657
1.41894,0.414667
1.41894,0.414677
1.41895,0.414687
1.41896,0.414697
1.41896,0.414708
1.41897,0.414718
1.41898,0.414728
1.41899,0.414738
1.41899,0.414748
1.419,0.414759
1.41901,0.414769
1.41901,0.414779
1.41902,0.414789
1.41903,0.414799
1.41904,0.41481
1.41904,0.41482
1.41905,0.41483
1.41906,0.41484
1.41906,0.41485
1.41907,0.414861
1.41908,0.414871
1.41909,0.414881
1.41909,0.414891
1.4191,0.414901
1.41911,0.414912
1.41911,0.414922
1.41912,0.414932
1.41913,0.414942
1.41914,0.414953
1.41914,0.414963
1.41915,0.414973
1.41916,0.414983
1.41916,0.414993
1.41917,0.415004
1.41918,0.415014
1.41919,0.415024
1.41919,0.415034
1.4192,0.415044
1.41921,0.415055
1.41921,0.415065
1.41922,0.415075
1.41923,0.415085
1.41924,0.415095
1.41924,0.415106
1.41925,0.415116
1.41926,0.415126
1.41926,0.415136
1.41927,0.415146
1.41928,0.415157
1.41929,0.415167
1.41929,0.415177
1.4193,0.415187
1.41931,0.415197
1.41931,0.415208
1.41932,0.415218
1.41933,0.415228
1.41934,0.415238
1.41934,0.415248
1.41935,0.415259
1.41936,0.415269
1.41936,0.415279
1.41937,0.415289
1.41938,0.415299
1.41939,0.41531
1.41939,0.41532
1.4194,0.41533
1.41941,0.41534
1.41941,0.41535
1.41942,0.415361
1.41943,0.415371
1.41944,0.415381
1.41944,0.415391
1.41945,0.415401
1.41946,0.415412
1.41946,0.415422
1.41947,0.415432
1.41948,0.415442
1.41949,0.415453
1.41949,0.415463
1.4195,0.415473
1.41951,0.415483
1.41951,0.415493
1.41952,0.415504
1.41953,0.415514
1.41954,0.415524
1.41954,0.415534
1.41955,0.415544
1.41956,0.415555
1.41956,0.415565
1.41957,0.415575
1.41958,0.415585
1.41959,0.415595
1.41959,0.415606
1.4196,0.415616
1.41961,0.415626
1.41961,0.415636
1.41962,0.415646
1.41963,0.415657
1.41964,0.415667
1.41964,0.415677
1.41965,0.415687
1.41966,0.415697
1.41966,0.415708
1.41967,0.415718
1.41968,0.415728
1.41969,0.415738
1.41969,0.415748
1.4197,0.415759
1.41971,0.415769
1.41971,0.415779
1.41972,0.415789
1.41973,0.415799
1.41974,0.41581
1.41974,0.41582
1.41975,0.41583
1.41976,0.41584
1.41976,0.41585
1.41977,0.415861
1.41978,0.415871
1.41979,0.415881
1.41979,0.415891
1.4198,0.415901
1.41981,0.415912
1.41981,0.415922
1.41982,0.415932
1.41983,0.415942
1.41984,0.415953
1.41984,0.415963
1.41985,0.415973
1.41986,0.415983
1.41986,0.415993
1.41987,0.416004
1.41988,0.416014
1.41989,0.416024
1.41989,0.416034
1.4199,0.416044
1.41991,0.416055
1.41991,0.416065
1.41992,0.416075
1.41993,0.416085
1.41994,0.416095
1.41994,0.416106
1.41995,0.416116
1.41996,0.416126
1.41996,0.416136
1.41997,0.416146
1.41998,0.416157
1.41999,0.416167
1.41999,0.416177
1.42,0.416187
1.42001,0.416197
1.42001,0.416208
1.42002,0.416218
1.42003,0.416228
1.42004,0.416238
1.42004,0.416248
1.42005,0.416259
1.42006,0.416269
1.42006,0.416279
1.42007,0.416289
1.42008,0.416299
1.42009,0.41631
1.42009,0.41632
1.4201,0.41633
1.42011,0.41634
1.42011,0.41635
1.42012,0.416361
1.42013,0.416371
1.42014,0.416381
1.42014,0.416391
1.42015,0.416401
1.42016,0.416412
1.42016,0.416422
1.42017,0.416432
1.42018,0.416442
1.42019,0.416453
1.42019,0.416463
1.4202,0.416473
1.42021,0.416483
1.42021,0.416493
1.42022,0.416504
1.42023,0.416514
1.42024,0.416524
1.42024,0.416534
1.42025,0.416544
1.42026,0.416555
1.42026,0.416565
1.42027,0.416575
1.42028,0.416585
1.42029,0.416595
1.42029,0.416606
1.4203,0.416616
1.42031,0.416626
1.42031,0.416636
1.42032,0.416646
1.42033,0.416657
1.42034,0.416667
1.42034,0.416677
1.42035,0.416687
1.42036,0.416697
1.42036,0.416708
1.42037,0.416718
1.42038,0.416728
1.42039,0.416738
1.42039,0.416748
1.4204,0.416759
1.42041,0.416769
1.42041,0.416779
1.42042,0.416789
1.42043,0.416799
1.42044,0.41681
1.42044,0.41682
1.42045,0.41683
1.42046,0.41684
1.42046,0.41685
1.42047,0.416861
1.42048,0.416871
1.42049,0.416881
1.42049,0.416891
1.4205,0.416901
1.42051,0.416912
1.42051,0.416922
1.42052,0.416932
1.42053,0.416942
1.42054,0.416953
1.42054,0.416963
1.42055,0.416973
1.42056,0.416983
1.42056,0.416993
1.42057,0.417004
1.42058,0.417014
1.42059,0.417024
1.42059,0.417034
1.4206,0.417044
1.42061,0.417055
1.42061,0.417065
1.42062,0.417075
1.42063,0.417085
1.42064,0.417095
1.42064,0.417106
1.42065,0.417116
1.42066,0.417126
1.42066,0.417136
1.42067,0.417146
1.42068,0.417157
1.42069,0.417167
1.42069,0.417177
1.4207,0.417187
1.42071,0.417197
1.42071,0.417208
1.42072,0.417218
1.42073,0.417228
1.42074,0.417238
1.42074,0.417248
1.42075,0.417259
1.42076,0.417269
1.42076,0.417279
1.42077,0.417289
1.42078,0.417299
1.42079,0.41731
1.42079,0.41732
1.4208,0.41733
1.42081,0.41734
1.42081,0.41735
1.42082,0.417361
1.42083,0.417371
1.42084,0.417381
1.42084,0.417391
1.42085,0.417401
1.42086,0.417412
1.42086,0.417422
1.42087,0.417432
1.42088,0.417442
1.42089,0.417453
1.42089,0.417463
1.4209,0.417473
1.42091,0.417483
1.42091,0.417493
1.42092,0.417504
1.42093,0.417514
1.42094,0.417524
1.42094,0.417534
1.42095,0.417544
1.42096,0.417555
1.42096,0.417565
1.42097,0.417575
1.42098,0.417585
1.42099,0.417595
1.42099,0.417606
1.421,0.417616
1.42101,0.417626
1.42101,0.417636
1.42102,0.417646
1.42103,0.417657
1.42104,0.417667
1.42104,0.417677
1.42105,0.417687
1.42106,0.417697
1.42106,0.417708
1.42107,0.417718
1.42108,0.417728
1.42109,0.417738
1.42109,0.417748
1.4211,0.417759
1.42111,0.417769
1.42111,0.417779
1.42112,0.417789
1.42113,0.417799
1.42114,0.41781
1.42114,0.41782
1.42115,0.41783
1.42116,0.41784
1.42116,0.41785
1.42117,0.417861
1.42118,0.417871
1.42119,0.417881
1.42119,0.417891
1.4212,0.417901
1.42121,0.417912
1.42121,0.417922
1.42122,0.417932
1.42123,0.417942
1.42123,0.417953
1.42124,0.417963
1.42125,0.417973
1.42126,0.417983
1.42126,0.417993
1.42127,0.418004
1.42128,0.418014
1.42128,0.418024
1.42129,0.418034
1.4213,0.418044
1.42131,0.418055
1.42131,0.418065
1.42132,0.418075
1.42133,0.418085
1.42133,0.418095
1.42134,0.418106
1.42135,0.418116
1.42136,0.418126
1.42136,0.418136
1.42137,0.418146
1.42138,0.418157
1.42138,0.418167
1.42139,0.418177
1.4214,0.418187
1.42141,0.418197
1.42141,0.418208
1.42142,0.418218
1.42143,0.418228
1.42143,0.418238
1.42144,0.418248
1.42145,0.418259
1.42146,0.418269
1.42146,0.418279
1.42147,0.418289
1.42148,0.418299
1.42148,0.41831
1.42149,0.41832
1.4215,0.41833
1.42151,0.41834
1.42151,0.41835
1.42152,0.418361
1.42153,0.418371
1.42153,0.418381
1.42154,0.418391
1.42155,0.418401
1.42156,0.418412
1.42156,0.418422
1.42157,0.418432
1.42158,0.418442
1.42158,0.418453
1.42159,0.418463
1.4216,0.418473
1.42161,0.418483
1.42161,0.418493
1.42162,0.418504
1.42163,0.418514
1.42163,0.418524
1.42164,0.418534
1.42165,0.418544
1.42166,0.418555
1.42166,0.418565
1.42167,0.418575
1.42168,0.418585
1.42168,0.418595
1.42169,0.418606
1.4217,0.418616
1.42171,0.418626
1.42171,0.418636
1.42172,0.418646
1.42173,0.418657
1.42173,0.418667
1.42174,0.418677
1.42175,0.418687
1.42176,0.418697
1.42176,0.418708
1.42177,0.418718
1.42178,0.418728
1.42178,0.418738
1.42179,0.418748
1.4218,0.418759
1.42181,0.418769
1.42181,0.418779
1.42182,0.418789
1.42183,0.418799
1.42183,0.41881
1.42184,0.41882
1.42185,0.41883
1.42186,0.41884
1.42186,0.41885
1.42187,0.418861
1.42188,0.418871
1.42188,0.418881
1.42189,0.418891
1.4219,0.418901
1.42191,0.418912
1.42191,0.418922
1.42192,0.418932
1.42193,0.418942
1.42193,0.418952
1.42194,0.418963
1.42195,0.418973
1.42195,0.418983
1.42196,0.418993
1.42197,0.419004
1.42198,0.419014
1.42198,0.419024
1.42199,0.419034
1.422,0.419044
1.422,0.419055
1.42201,0.419065
1.42202,0.419075
1.42203,0.419085
1.42203,0.419095
1.42204,0.419106
1.42205,0.419116
1.42205,0.419126
1.42206,0.419136
1.42207,0.419146
1.42208,0.419157
1.42208,0.419167
1.42209,0.419177
1.4221,0.419187
1.4221,0.419197
1.42211,0.419208
1.42212,0.419218
1.42213,0.419228
1.42213,0.419238
1.42214,0.419248
1.42215,0.419259
1.42215,0.419269
1.42216,0.419279
1.42217,0.419289
1.42218,0.419299
1.42218,0.41931
1.42219,0.41932
1.4222,0.41933
1.4222,0.41934
1.42221,0.41935
1.42222,0.419361
1.42223,0.419371
1.42223,0.419381
1.42224,0.419391
1.42225,0.419401
1.42225,0.419412
1.42226,0.419422
1.42227,0.419432
1.42228,0.419442
1.42228,0.419452
1.42229,0.419463
1.4223,0.419473
1.4223,0.419483
1.42231,0.419493
1.42232,0.419504
1.42233,0.419514
1.42233,0.419524
1.42234,0.419534
1.42235,0.419544
1.42235,0.419555
1.42236,0.419565
1.42237,0.419575
1.42238,0.419585
1.42238,0.419595
1.42239,0.419606
1.4224,0.419616
1.4224,0.419626
1.42241,0.419636
1.42242,0.419646
1.42242,0.419657
1.42243,0.419667
1.42244,0.419677
1.42245,0.419687
1.42245,0.419697
1.42246,0.419708
1.42247,0.419718
1.42247,0.419728
1.42248,0.419738
1.42249,0.419748
1.4225,0.419759
1.4225,0.419769
1.42251,0.419779
1.42252,0.419789
1.42252,0.419799
1.42253,0.41981
1.42254,0.41982
1.42255,0.41983
1.42255,0.41984
1.42256,0.41985
1.42257,0.419861
1.42257,0.419871
1.42258,0.419881
1.42259,0.419891
1.4226,0.419901
1.4226,0.419912
1.42261,0.419922
1.42262,0.419932
1.42262,0.419942
1.42263,0.419952
1.42264,0.419963
1.42265,0.419973
1.42265,0.419983
1.42266,0.419993
1.42267,0.420004
1.42267,0.420014
1.42268,0.420024
1.42269,0.420034
1.4227,0.420044
1.4227,0.420055
1.42271,0.420065
1.42272,0.420075
1.42272,0.420085
1.42273,0.420095
1.42274,0.420106
1.42275,0.420116
1.42275,0.420126
1.42276,0.420136
1.42277,0.420146
1.42277,0.420157
1.42278,0.420167
1.42279,0.420177
1.4228,0.420187
1.4228,0.420197
1.42281,0.420208
1.42282,0.420218
1.42282,0.420228
1.42283,0.420238
1.42284,0.420248
1.42284,0.420259
1.42285,0.420269
1.42286,0.420279
1.42287,0.420289
1.42287,0.420299
1.42288,0.42031
1.42289,0.42032
1.42289,0.42033
1.4229,0.42034
1.42291,0.42035
1.42292,0.420361
1.42292,0.420371
1.42293,0.420381
1.42294,0.420391
1.42294,0.420401
1.42295,0.420412
1.42296,0.420422
1.42297,0.420432
1.42297,0.420442
1.42298,0.420452
1.42299,0.420463
1.42299,0.420473
1.423,0.420483
1.42301,0.420493
1.42302,0.420504
1.42302,0.420514
1.42303,0.420524
1.42304,0.420534
1.42304,0.420544
1.42305,0.420555
1.42306,0.420565
1.42307,0.420575
1.42307,0.420585
1.42308,0.420595
1.42309,0.420606
1.42309,0.420616
1.4231,0.420626
1.42311,0.420636
1.42312,0.420646
1.42312,0.420657
1.42313,0.420667
1.42314,0.420677
1.42314,0.420687
1.42315,0.420697
1.42316,0.420708
1.42317,0.420718
1.42317,0.420728
1.42318,0.420738
1.42319,0.420748
1.42319,0.420759
1.4232,0.420769
1.42321,0.420779
1.42321,0.420789
1.42322,0.420799
1.42323,0.42081
1.42324,0.42082
1.42324,0.42083
1.42325,0.42084
1.42326,0.42085
1.42326,0.420861
1.42327,0.420871
1.42328,0.420881
1.42329,0.420891
1.42329,0.420901
1.4233,0.420912
1.42331,0.420922
1.42331,0.420932
1.42332,0.420942
1.42333,0.420952
1.42334,0.420963
1.42334,0.420973
1.42335,0.420983
1.42336,0.420993
1.42336,0.421004
1.42337,0.421014
1.42338,0.421024
1.42339,0.421034
1.42339,0.421044
1.4234,0.421055
1.42341,0.421065
1.42341,0.421075
1.42342,0.421085
1.42343,0.421095
1.42344,0.421106
1.42344,0.421116
1.42345,0.421126
1.42346,0.421136
1.42346,0.421146
1.42347,0.421157
1.42348,0.421167
1.42349,0.421177
1.42349,0.421187
1.4235,0.421197
1.42351,0.421208
1.42351,0.421218
1.42352,0.421228
1.42353,0.421238
1.42353,0.421248
1.42354,0.421259
1.42355,0.421269
1.42356,0.421279
1.42356,0.421289
1.42357,0.421299
1.42358,0.42131
1.42358,0.42132
1.42359,0.42133
1.4236,0.42134
1.42361,0.42135
1.42361,0.421361
1.42362,0.421371
1.42363,0.421381
1.42363,0.421391
1.42364,0.421401
1.42365,0.421412
1.42366,0.421422
1.42366,0.421432
1.42367,0.421442
1.42368,0.421452
1.42368,0.421463
1.42369,0.421473
1.4237,0.421483
1.42371,0.421493
1.42371,0.421504
1.42372,0.421514
1.42373,0.421524
1.42373,0.421534
1.42374,0.421544
1.42375,0.421555
1.42376,0.421565
1.42376,0.421575
1.42377,0.421585
1.42378,0.421595
1.42378,0.421606
1.42379,0.421616
1.4238,0.421626
1.42381,0.421636
1.42381,0.421646
1.42382,0.421657
1.42383,0.421667
1.42383,0.421677
1.42384,0.421687
1.42385,0.421697
1.42385,0.421708
1.42386,0.421718
1.42387,0.421728
1.42388,0.421738
1.42388,0.421748
1.42389,0.421759
1.4239,0.421769
1.4239,0.421779
1.42391,0.421789
1.42392,0.421799
1.42393,0.42181
1.42393,0.42182
1.42394,0.42183
1.42395,0.42184
1.42395,0.42185
1.42396,0.421861
1.42397,0.421871
1.42398,0.421881
1.42398,0.421891
1.42399,0.421901
1.424,0.421912
1.424,0.421922
1.42401,0.421932
1.42402,0.421942
1.42403,0.421952
1.42403,0.421963
1.42404,0.421973
1.42405,0.421983
1.42405,0.421993
1.42406,0.422004
1.42407,0.422014
1.42408,0.422024
1.42408,0.422034
1.42409,0.422044
1.4241,0.422055
1.4241,0.422065
1.42411,0.422075
1.42412,0.422085
1.42412,0.422095
1.42413,0.422106
1.42414,0.422116
1.42415,0.422126
1.42415,0.422136
1.42416,0.422146
1.42417,0.422157
1.42417,0.422167
1.42418,0.422177
1.42419,0.422187
1.4242,0.422197
1.4242,0.422208
1.42421,0.422218
1.42422,0.422228
1.42422,0.422238
1.42423,0.422248
1.42424,0.422259
1.42425,0.422269
1.42425,0.422279
1.42426,0.422289
1.42427,0.422299
1.42427,0.42231
1.42428,0.42232
1.42429,0.42233
1.4243,0.42234
1.4243,0.42235
1.42431,0.422361
1.42432,0.422371
1.42432,0.422381
1.42433,0.422391
1.42434,0.422401
1.42435,0.422412
1.42435,0.422422
1.42436,0.422432
1.42437,0.422442
1.42437,0.422452
1.42438,0.422463
1.42439,0.422473
1.42439,0.422483
1.4244,0.422493
1.42441,0.422503
1.42442,0.422514
1.42442,0.422524
1.42443,0.422534
1.42444,0.422544
1.42444,0.422555
1.42445,0.422565
1.42446,0.422575
1.42447,0.422585
1.42447,0.422595
1.42448,0.422606
1.42449,0.422616
1.42449,0.422626
1.4245,0.422636
1.42451,0.422646
1.42452,0.422657
1.42452,0.422667
1.42453,0.422677
1.42454,0.422687
1.42454,0.422697
1.42455,0.422708
1.42456,0.422718
1.42457,0.422728
1.42457,0.422738
1.42458,0.422748
1.42459,0.422759
1.42459,0.422769
1.4246,0.422779
1.42461,0.422789
1.42461,0.422799
1.42462,0.42281
1.42463,0.42282
1.42464,0.42283
1.42464,0.42284
1.42465,0.42285
1.42466,0.422861
1.42466,0.422871
1.42467,0.422881
1.42468,0.422891
1.42469,0.422901
1.42469,0.422912
1.4247,0.422922
1.42471,0.422932
1.42471,0.422942
1.42472,0.422952
1.42473,0.422963
1.42474,0.422973
1.42474,0.422983
1.42475,0.422993
1.42476,0.423003
1.42476,0.423014
1.42477,0.423024
1.42478,0.423034
1.42479,0.423044
1.42479,0.423055
1.4248,0.423065
1.42481,0.423075
1.42481,0.423085
1.42482,0.423095
1.42483,0.423106
1.42484,0.423116
1.42484,0.423126
1.42485,0.423136
1.42486,0.423146
1.42486,0.423157
1.42487,0.423167
1.42488,0.423177
1.42488,0.423187
1.42489,0.423197
1.4249,0.423208
1.42491,0.423218
1.42491,0.423228
1.42492,0.423238
1.42493,0.423248
1.42493,0.423259
1.42494,0.423269
1.42495,0.423279
1.42496,0.423289
1.42496,0.423299
1.42497,0.42331
1.42498,0.42332
1.42498,0.42333
1.42499,0.42334
1.425,0.42335
1.42501,0.423361
1.42501,0.423371
1.42502,0.423381
1.42503,0.423391
1.42503,0.423401
1.42504,0.423412
1.42505,0.423422
1.42506,0.423432
1.42506,0.423442
1.42507,0.423452
1.42508,0.423463
1.42508,0.423473
1.42509,0.423483
1.4251,0.423493
1.4251,0.423503
1.42511,0.423514
1.42512,0.423524
1.42513,0.423534
1.42513,0.423544
1.42514,0.423555
1.42515,0.423565
1.42515,0.423575
1.42516,0.423585
1.42517,0.423595
1.42518,0.423606
1.42518,0.423616
1.42519,0.423626
1.4252,0.423636
1.4252,0.423646
1.42521,0.423657
1.42522,0.423667
1.42523,0.423677
1.42523,0.423687
1.42524,0.423697
1.42525,0.423708
1.42525,0.423718
1.42526,0.423728
1.42527,0.423738
1.42527,0.423748
1.42528,0.423759
1.42529,0.423769
1.4253,0.423779
1.4253,0.423789
1.42531,0.423799
1.42532,0.42381
1.42532,0.42382
1.42533,0.42383
1.42534,0.42384
1.42535,0.42385
1.42535,0.423861
1.42536,0.423871
1.42537,0.423881
1.42537,0.423891
1.42538,0.423901
1.42539,0.423912
1.4254,0.423922
1.4254,0.423932
1.42541,0.423942
1.42542,0.423952
1.42542,0.423963
1.42543,0.423973
1.42544,0.423983
1.42545,0.423993
1.42545,0.424003
1.42546,0.424014
1.42547,0.424024
1.42547,0.424034
1.42548,0.424044
1.42549,0.424055
1.42549,0.424065
1.4255,0.424075
1.42551,0.424085
1.42552,0.424095
1.42552,0.424106
1.42553,0.424116
1.42554,0.424126
1.42554,0.424136
1.42555,0.424146
1.42556,0.424157
1.42557,0.424167
1.42557,0.424177
1.42558,0.424187
1.42559,0.424197
1.42559,0.424208
1.4256,0.424218
1.42561,0.424228
1.42562,0.424238
1.42562,0.424248
1.42563,0.424259
1.42564,0.424269
1.42564,0.424279
1.42565,0.424289
1.42566,0.424299
1.42567,0.42431
1.42567,0.42432
1.42568,0.42433
1.42569,0.42434
1.42569,0.42435
1.4257,0.424361
1.42571,0.424371
1.42571,0.424381
1.42572,0.424391
1.42573,0.424401
1.42574,0.424412
1.42574,0.424422
1.42575,0.424432
1.42576,0.424442
1.42576,0.424452
1.42577,0.424463
1.42578,0.424473
1.42579,0.424483
1.42579,0.424493
1.4258,0.424503
1.42581,0.424514
1.42581,0.424524
1.42582,0.424534
1.42583,0.424544
1.42584,0.424555
1.42584,0.424565
1.42585,0.424575
1.42586,0.424585
1.42586,0.424595
1.42587,0.424606
1.42588,0.424616
1.42588,0.424626
1.42589,0.424636
1.4259,0.424646
1.42591,0.424657
1.42591,0.424667
1.42592,0.424677
1.42593,0.424687
1.42593,0.424697
1.42594,0.424708
1.42595,0.424718
1.42596,0.424728
1.42596,0.424738
1.42597,0.424748
1.42598,0.424759
1.42598,0.424769
1.42599,0.424779
1.426,0.424789
1.42601,0.424799
1.42601,0.42481
1.42602,0.42482
1.42603,0.42483
1.42603,0.42484
1.42604,0.42485
1.42605,0.424861
1.42605,0.424871
1.42606,0.424881
1.42607,0.424891
1.42608,0.424901
1.42608,0.424912
1.42609,0.424922
1.4261,0.424932
1.4261,0.424942
1.42611,0.424952
1.42612,0.424963
1.42613,0.424973
1.42613,0.424983
1.42614,0.424993
1.42615,0.425003
1.42615,0.425014
1.42616,0.425024
1.42617,0.425034
1.42618,0.425044
1.42618,0.425055
1.42619,0.425065
1.4262,0.425075
1.4262,0.425085
1.42621,0.425095
1.42622,0.425106
1.42622,0.425116
1.42623,0.425126
1.42624,0.425136
1.42625,0.425146
1.42625,0.425157
1.42626,0.425167
1.42627,0.425177
1.42627,0.425187
1.42628,0.425197
1.42629,0.425208
1.4263,0.425218
1.4263,0.425228
1.42631,0.425238
1.42632,0.425248
1.42632,0.425259
1.42633,0.425269
1.42634,0.425279
1.42635,0.425289
1.42635,0.425299
1.42636,0.42531
1.42637,0.42532
1.42637,0.42533
1.42638,0.42534
1.42639,0.42535
1.4264,0.425361
1.4264,0.425371
1.42641,0.425381
1.42642,0.425391
1.42642,0.425401
1.42643,0.425412
1.42644,0.425422
1.42644,0.425432
1.42645,0.425442
1.42646,0.425452
1.42647,0.425463
1.42647,0.425473
1.42648,0.425483
1.42649,0.425493
1.42649,0.425503
1.4265,0.425514
1.42651,0.425524
1.42652,0.425534
1.42652,0.425544
1.42653,0.425555
1.42654,0.425565
1.42654,0.425575
1.42655,0.425585
1.42656,0.425595
1.42657,0.425606
1.42657,0.425616
1.42658,0.425626
1.42659,0.425636
1.42659,0.425646
1.4266,0.425657
1.42661,0.425667
1.42661,0.425677
1.42662,0.425687
1.42663,0.425697
1.42664,0.425708
1.42664,0.425718
1.42665,0.425728
1.42666,0.425738
1.42666,0.425748
1.42667,0.425759
1.42668,0.425769
1.42669,0.425779
1.42669,0.425789
1.4267,0.425799
1.42671,0.42581
1.42671,0.42582
1.42672,0.42583
1.42673,0.42584
1.42673,0.42585
1.42674,0.425861
1.42675,0.425871
1.42676,0.425881
1.42676,0.425891
1.42677,0.425901
1.42678,0.425912
1.42678,0.425922
1.42679,0.425932
1.4268,0.425942
1.42681,0.425952
1.42681,0.425963
1.42682,0.425973
1.42683,0.425983
1.42683,0.425993
1.42684,0.426003
1.42685,0.426014
1.42686,0.426024
1.42686,0.426034
1.42687,0.426044
1.42688,0.426054
1.42688,0.426065
1.42689,0.426075
1.4269,0.426085
1.4269,0.426095
1.42691,0.426106
1.42692,0.426116
1.42693,0.426126
1.42693,0.426136
1.42694,0.426146
1.42695,0.426157
1.42695,0.426167
1.42696,0.426177
1.42697,0.426187
1.42698,0.426197
1.42698,0.426208
1.42699,0.426218
1.427,0.426228
1.427,0.426238
1.42701,0.426248
1.42702,0.426259
1.42703,0.426269
1.42703,0.426279
1.42704,0.426289
1.42705,0.426299
1.42705,0.42631
1.42706,0.42632
1.42707,0.42633
1.42707,0.42634
1.42708,0.42635
1.42709,0.426361
1.4271,0.426371
1.4271,0.426381
1.42711,0.426391
1.42712,0.426401
1.42712,0.426412
1.42713,0.426422
1.42714,0.426432
1.42715,0.426442
1.42715,0.426452
1.42716,0.426463
1.42717,0.426473
1.42717,0.426483
1.42718,0.426493
1.42719,0.426503
1.4272,0.426514
1.4272,0.426524
1.42721,0.426534
1.42722,0.426544
1.42722,0.426554
1.42723,0.426565
1.42724,0.426575
1.42724,0.426585
1.42725,0.426595
1.42726,0.426606
1.42727,0.426616
1.42727,0.426626
1.42728,0.426636
1.42729,0.426646
1.42729,0.426657
1.4273,0.426667
1.42731,0.426677
1.42732,0.426687
1.42732,0.426697
1.42733,0.426708
1.42734,0.426718
1.42734,0.426728
1.42735,0.426738
1.42736,0.426748
1.42736,0.426759
1.42737,0.426769
1.42738,0.426779
1.42739,0.426789
1.42739,0.426799
1.4274,0.42681
1.42741,0.42682
1.42741,0.42683
1.42742,0.42684
1.42743,0.42685
1.42744,0.426861
1.42744,0.426871
1.42745,0.426881
1.42746,0.426891
1.42746,0.426901
1.42747,0.426912
1.42748,0.426922
1.42749,0.426932
1.42749,0.426942
1.4275,0.426952
1.42751,0.426963
1.42751,0.426973
1.42752,0.426983
1.42753,0.426993
1.42753,0.427003
1.42754,0.427014
1.42755,0.427024
1.42756,0.427034
1.42756,0.427044
1.42757,0.427054
1.42758,0.427065
1.42758,0.427075
1.42759,0.427085
1.4276,0.427095
1.42761,0.427106
1.42761,0.427116
1.42762,0.427126
1.42763,0.427136
1.42763,0.427146
1.42764,0.427157
1.42765,0.427167
1.42765,0.427177
1.42766,0.427187
1.42767,0.427197
1.42768,0.427208
1.42768,0.427218
1.42769,0.427228
1.4277,0.427238
1.4277,0.427248
1.42771,0.427259
1.42772,0.427269
1.42773,0.427279
1.42773,0.427289
1.42774,0.427299
1.42775,0.42731
1.42775,0.42732
1.42776,0.42733
1.42777,0.42734
1.42778,0.42735
1.42778,0.427361
1.42779,0.427371
1.4278,0.427381
1.4278,0.427391
1.42781,0.427401
1.42782,0.427412
1.42782,0.427422
1.42783,0.427432
1.42784,0.427442
1.42785,0.427452
1.42785,0.427463
1.42786,0.427473
1.42787,0.427483
1.42787,0.427493
1.42788,0.427503
1.42789,0.427514
1.4279,0.427524
1.4279,0.427534
1.42791,0.427544
1.42792,0.427554
1.42792,0.427565
1.42793,0.427575
1.42794,0.427585
1.42794,0.427595
1.42795,0.427606
1.42796,0.427616
1.42797,0.427626
1.42797,0.427636
1.42798,0.427646
1.42799,0.427657
1.42799,0.427667
1.428,0.427677
1.42801,0.427687
1.42802,0.427697
1.42802,0.427708
1.42803,0.427718
1.42804,0.427728
1.42804,0.427738
1.42805,0.427748
1.42806,0.427759
1.42806,0.427769
1.42807,0.427779
1.42808,0.427789
1.42809,0.427799
1.42809,0.42781
1.4281,0.42782
1.42811,0.42783
1.42811,0.42784
1.42812,0.42785
1.42813,0.427861
1.42814,0.427871
1.42814,0.427881
1.42815,0.427891
1.42816,0.427901
1.42816,0.427912
1.42817,0.427922
1.42818,0.427932
1.42819,0.427942
1.42819,0.427952
1.4282,0.427963
1.42821,0.427973
1.42821,0.427983
1.42822,0.427993
1.42823,0.428003
1.42823,0.428014
1.42824,0.428024
1.42825,0.428034
1.42826,0.428044
1.42826,0.428054
1.42827,0.428065
1.42828,0.428075
1.42828,0.428085
1.42829,0.428095
1.4283,0.428106
1.42831,0.428116
1.42831,0.428126
1.42832,0.428136
1.42833,0.428146
1.42833,0.428157
1.42834,0.428167
1.42835,0.428177
1.42835,0.428187
1.42836,0.428197
1.42837,0.428208
1.42838,0.428218
1.42838,0.428228
1.42839,0.428238
1.4284,0.428248
1.4284,0.428259
1.42841,0.428269
1.42842,0.428279
1.42843,0.428289
1.42843,0.428299
1.42844,0.42831
1.42845,0.42832
1.42845,0.42833
1.42846,0.42834
1.42847,0.42835
1.42847,0.428361
1.42848,0.428371
1.42849,0.428381
1.4285,0.428391
1.4285,0.428401
1.42851,0.428412
1.42852,0.428422
1.42852,0.428432
1.42853,0.428442
1.42854,0.428452
1.42855,0.428463
1.42855,0.428473
1.42856,0.428483
1.42857,0.428493
1.42857,0.428503
1.42858,0.428514
1.42859,0.428524
1.42859,0.428534
1.4286,0.428544
1.42861,0.428554
1.42862,0.428565
1.42862,0.428575
1.42863,0.428585
1.42864,0.428595
1.42864,0.428606
1.42865,0.428616
1.42866,0.428626
1.42867,0.428636
1.42867,0.428646
1.42868,0.428657
1.42869,0.428667
1.42869,0.428677
1.4287,0.428687
1.42871,0.428697
1.42871,0.428708
1.42872,0.428718
1.42873,0.428728
1.42874,0.428738
1.42874,0.428748
1.42875,0.428759
1.42876,0.428769
1.42876,0.428779
1.42877,0.428789
1.42878,0.428799
1.42879,0.42881
1.42879,0.42882
1.4288,0.42883
1.42881,0.42884
1.42881,0.42885
1.42882,0.428861
1.42883,0.428871
1.42884,0.428881
1.42884,0.428891
1.42885,0.428901
1.42886,0.428912
1.42886,0.428922
1.42887,0.428932
1.42888,0.428942
1.42888,0.428952
1.42889,0.428963
1.4289,0.428973
1.42891,0.428983
1.42891,0.428993
1.42892,0.429003
1.42893,0.429014
1.42893,0.429024
1.42894,0.429034
1.42895,0.429044
1.42896,0.429054
1.42896,0.429065
1.42897,0.429075
1.42898,0.429085
1.42898,0.429095
1.42899,0.429106
1.429,0.429116
1.429,0.429126
1.42901,0.429136
1.42902,0.429146
1.42903,0.429157
1.42903,0.429167
1.42904,0.429177
1.42905,0.429187
1.42905,0.429197
1.42906,0.429208
1.42907,0.429218
1.42908,0.429228
1.42908,0.429238
1.42909,0.429248
1.4291,0.429259
1.4291,0.429269
1.42911,0.429279
1.42912,0.429289
1.42912,0.429299
1.42913,0.42931
1.42914,0.42932
1.42915,0.42933
1.42915,0.42934
1.42916,0.42935
1.42917,0.429361
1.42917,0.429371
1.42918,0.429381
1.42919,0.429391
1.4292,0.429401
1.4292,0.429412
1.42921,0.429422
1.42922,0.429432
1.42922,0.429442
1.42923,0.429452
1.42924,0.429463
1.42924,0.429473
1.42925,0.429483
1.42926,0.429493
1.42927,0.429503
1.42927,0.429514
1.42928,0.429524
1.42929,0.429534
1.42929,0.429544
1.4293,0.429554
1.42931,0.429565
1.42932,0.429575
1.42932,0.429585
1.42933,0.429595
1.42934,0.429605
1.42934,0.429616
1.42935,0.429626
1.42936,0.429636
1.42936,0.429646
1.42937,0.429657
1.42938,0.429667
1.42939,0.429677
1.42939,0.429687
1.4294,0.429697
1.42941,0.429708
1.42941,0.429718
1.42942,0.429728
1.42943,0.429738
1.42944,0.429748
1.42944,0.429759
1.42945,0.429769
1.42946,0.429779
1.42946,0.429789
1.42947,0.429799
1.42948,0.42981
1.42948,0.42982
1.42949,0.42983
1.4295,0.42984
1.42951,0.42985
1.42951,0.429861
1.42952,0.429871
1.42953,0.429881
1.42953,0.429891
1.42954,0.429901
1.42955,0.429912
1.42955,0.429922
1.42956,0.429932
1.42957,0.429942
1.42958,0.429952
1.42958,0.429963
1.42959,0.429973
1.4296,0.429983
1.4296,0.429993
1.42961,0.430003
1.42962,0.430014
1.42963,0.430024
1.42963,0.430034
1.42964,0.430044
1.42965,0.430054
1.42965,0.430065
1.42966,0.430075
1.42967,0.430085
1.42967,0.430095
1.42968,0.430105
1.42969,0.430116
1.4297,0.430126
1.4297,0.430136
1.42971,0.430146
1.42972,0.430157
1.42972,0.430167
1.42973,0.430177
1.42974,0.430187
1.42975,0.430197
1.42975,0.430208
1.42976,0.430218
1.42977,0.430228
1.42977,0.430238
1.42978,0.430248
1.42979,0.430259
1.42979,0.430269
1.4298,0.430279
1.42981,0.430289
1.42982,0.430299
1.42982,0.43031
1.42983,0.43032
1.42984,0.43033
1.42984,0.43034
1.42985,0.43035
1.42986,0.430361
1.42987,0.430371
1.42987,0.430381
1.42988,0.430391
1.42989,0.430401
1.42989,0.430412
1.4299,0.430422
1.42991,0.430432
1.42991,0.430442
1.42992,0.430452
1.42993,0.430463
1.42994,0.430473
1.42994,0.430483
1.42995,0.430493
1.42996,0.430503
1.42996,0.430514
1.42997,0.430524
1.42998,0.430534
1.42999,0.430544
1.42999,0.430554
1.43,0.430565
1.43001,0.430575
1.43001,0.430585
1.43002,0.430595
1.43003,0.430605
1.43003,0.430616
1.43004,0.430626
1.43005,0.430636
1.43006,0.430646
1.43006,0.430657
1.43007,0.430667
1.43008,0.430677
1.43008,0.430687
1.43009,0.430697
1.4301,0.430708
1.43011,0.430718
1.43011,0.430728
1.43012,0.430738
1.43013,0.430748
1.43013,0.430759
1.43014,0.430769
1.43015,0.430779
1.43015,0.430789
1.43016,0.430799
1.43017,0.43081
1.43018,0.43082
1.43018,0.43083
1.43019,0.43084
1.4302,0.43085
1.4302,0.430861
1.43021,0.430871
1.43022,0.430881
1.43022,0.430891
1.43023,0.430901
1.43024,0.430912
1.43025,0.430922
1.43025,0.430932
1.43026,0.430942
1.43027,0.430952
1.43027,0.430963
1.43028,0.430973
1.43029,0.430983
1.4303,0.430993
1.4303,0.431003
1.43031,0.431014
1.43032,0.431024
1.43032,0.431034
1.43033,0.431044
1.43034,0.431054
1.43034,0.431065
1.43035,0.431075
1.43036,0.431085
1.43037,0.431095
1.43037,0.431105
1.43038,0.431116
1.43039,0.431126
1.43039,0.431136
1.4304,0.431146
1.43041,0.431157
1.43042,0.431167
1.43042,0.431177
1.43043,0.431187
1.43044,0.431197
1.43044,0.431208
1.43045,0.431218
1.43046,0.431228
1.43046,0.431238
1.43047,0.431248
1.43048,0.431259
1.43049,0.431269
1.43049,0.431279
1.4305,0.431289
1.43051,0.431299
1.43051,0.43131
1.43052,0.43132
1.43053,0.43133
1.43053,0.43134
1.43054,0.43135
1.43055,0.431361
1.43056,0.431371
1.43056,0.431381
1.43057,0.431391
1.43058,0.431401
1.43058,0.431412
1.43059,0.431422
1.4306,0.431432
1.43061,0.431442
1.43061,0.431452
1.43062,0.431463
1.43063,0.431473
1.43063,0.431483
1.43064,0.431493
1.43065,0.431503
1.43065,0.431514
1.43066,0.431524
1.43067,0.431534
1.43068,0.431544
1.43068,0.431554
1.43069,0.431565
1.4307,0.431575
1.4307,0.431585
1.43071,0.431595
1.43072,0.431605
1.43073,0.431616
1.43073,0.431626
1.43074,0.431636
1.43075,0.431646
1.43075,0.431657
1.43076,0.431667
1.43077,0.431677
1.43077,0.431687
1.43078,0.431697
1.43079,0.431708
1.4308,0.431718
1.4308,0.431728
1.43081,0.431738
1.43082,0.431748
1.43082,0.431759
1.43083,0.431769
1.43084,0.431779
1.43084,0.431789
1.43085,0.431799
1.43086,0.43181
1.43087,0.43182
1.43087,0.43183
1.43088,0.43184
1.43089,0.43185
1.43089,0.431861
1.4309,0.431871
1.43091,0.431881
1.43092,0.431891
1.43092,0.431901
1.43093,0.431912
1.43094,0.431922
1.43094,0.431932
1.43095,0.431942
1.43096,0.431952
1.43096,0.431963
1.43097,0.431973
1.43098,0.431983
1.43099,0.431993
1.43099,0.432003
1.431,0.432014
1.43101,0.432024
1.43101,0.432034
1.43102,0.432044
1.43103,0.432054
1.43104,0.432065
1.43104,0.432075
1.43105,0.432085
1.43106,0.432095
1.43106,0.432105
1.43107,0.432116
1.43108,0.432126
1.43108,0.432136
1.43109,0.432146
1.4311,0.432157
1.43111,0.432167
1.43111,0.432177
1.43112,0.432187
1.43113,0.432197
1.43113,0.432208
1.43114,0.432218
1.43115,0.432228
1.43115,0.432238
1.43116,0.432248
1.43117,0.432259
1.43118,0.432269
1.43118,0.432279
1.43119,0.432289
1.4312,0.432299
1.4312,0.43231
1.43121,0.43232
1.43122,0.43233
1.43123,0.43234
1.43123,0.43235
1.43124,0.432361
1.43125,0.432371
1.43125,0.432381
1.43126,0.432391
1.43127,0.432401
1.43127,0.432412
1.43128,0.432422
1.43129,0.432432
1.4313,0.432442
1.4313,0.432452
1.43131,0.432463
1.43132,0.432473
1.43132,0.432483
1.43133,0.432493
1.43134,0.432503
1.43134,0.432514
1.43135,0.432524
1.43136,0.432534
1.43137,0.432544
1.43137,0.432554
1.43138,0.432565
1.43139,0.432575
1.43139,0.432585
1.4314,0.432595
1.43141,0.432605
1.43142,0.432616
1.43142,0.432626
1.43143,0.432636
1.43144,0.432646
1.43144,0.432657
1.43145,0.432667
1.43146,0.432677
1.43146,0.432687
1.43147,0.432697
1.43148,0.432708
1.43149,0.432718
1.43149,0.432728
1.4315,0.432738
1.43151,0.432748
1.43151,0.432759
1.43152,0.432769
1.43153,0.432779
1.43153,0.432789
1.43154,0.432799
1.43155,0.43281
1.43156,0.43282
1.43156,0.43283
1.43157,0.43284
1.43158,0.43285
1.43158,0.432861
1.43159,0.432871
1.4316,0.432881
1.43161,0.432891
1.43161,0.432901
1.43162,0.432912
1.43163,0.432922
1.43163,0.432932
1.43164,0.432942
1.43165,0.432952
1.43165,0.432963
1.43166,0.432973
1.43167,0.432983
1.43168,0.432993
1.43168,0.433003
1.43169,0.433014
1.4317,0.433024
1.4317,0.433034
1.43171,0.433044
1.43172,0.433054
1.43172,0.433065
1.43173,0.433075
1.43174,0.433085
1.43175,0.433095
1.43175,0.433105
1.43176,0.433116
1.43177,0.433126
1.43177,0.433136
1.43178,0.433146
1.43179,0.433156
1.4318,0.433167
1.4318,0.433177
1.43181,0.433187
1.43182,0.433197
1.43182,0.433208
1.43183,0.433218
1.43184,0.433228
1.43184,0.433238
1.43185,0.433248
1.43186,0.433259
1.43187,0.433269
1.43187,0.433279
1.43188,0.433289
1.43189,0.433299
1.43189,0.43331
1.4319,0.43332
1.43191,0.43333
1.43191,0.43334
1.43192,0.43335
1.43193,0.433361
1.43194,0.433371
1.43194,0.433381
1.43195,0.433391
1.43196,0.433401
1.43196,0.433412
1.43197,0.433422
1.43198,0.433432
1.43199,0.433442
1.43199,0.433452
1.432,0.433463
1.43201,0.433473
1.43201,0.433483
1.43202,0.433493
1.43203,0.433503
1.43203,0.433514
1.43204,0.433524
1.43205,0.433534
1.43206,0.433544
1.43206,0.433554
1.43207,0.433565
1.43208,0.433575
1.43208,0.433585
1.43209,0.433595
1.4321,0.433605
1.4321,0.433616
1.43211,0.433626
1.43212,0.433636
1.43213,0.433646
1.43213,0.433656
1.43214,0.433667
1.43215,0.433677
1.43215,0.433687
1.43216,0.433697
1.43217,0.433708
1.43218,0.433718
1.43218,0.433728
1.43219,0.433738
1.4322,0.433748
1.4322,0.433759
1.43221,0.433769
1.43222,0.433779
1.43222,0.433789
1.43223,0.433799
1.43224,0.43381
1.43225,0.43382
1.43225,0.43383
1.43226,0.43384
1.43227,0.43385
1.43227,0.433861
1.43228,0.433871
1.43229,0.433881
1.43229,0.433891
1.4323,0.433901
1.43231,0.433912
1.43232,0.433922
1.43232,0.433932
1.43233,0.433942
1.43234,0.433952
1.43234,0.433963
1.43235,0.433973
1.43236,0.433983
1.43236,0.433993
1.43237,0.434003
1.43238,0.434014
1.43239,0.434024
1.43239,0.434034
1.4324,0.434044
1.43241,0.434054
1.43241,0.434065
1.43242,0.434075
1.43243,0.434085
1.43244,0.434095
1.43244,0.434105
1.43245,0.434116
1.43246,0.434126
1.43246,0.434136
1.43247,0.434146
1.43248,0.434156
1.43248,0.434167
1.43249,0.434177
1.4325,0.434187
1.43251,0.434197
1.43251,0.434208
1.43252,0.434218
1.43253,0.434228
1.43253,0.434238
1.43254,0.434248
1.43255,0.434259
1.43255,0.434269
1.43256,0.434279
1.43257,0.434289
1.43258,0.434299
1.43258,0.43431
1.43259,0.43432
1.4326,0.43433
1.4326,0.43434
1.43261,0.43435
1.43262,0.434361
1.43262,0.434371
1.43263,0.434381
1.43264,0.434391
1.43265,0.434401
1.43265,0.434412
1.43266,0.434422
1.43267,0.434432
1.43267,0.434442
1.43268,0.434452
1.43269,0.434463
1.4327,0.434473
1.4327,0.434483
1.43271,0.434493
1.43272,0.434503
1.43272,0.434514
1.43273,0.434524
1.43274,0.434534
1.43274,0.434544
1.43275,0.434554
1.43276,0.434565
1.43277,0.434575
1.43277,0.434585
1.43278,0.434595
1.43279,0.434605
1.43279,0.434616
1.4328,0.434626
1.43281,0.434636
1.43281,0.434646
1.43282,0.434656
1.43283,0.434667
1.43284,0.434677
1.43284,0.434687
1.43285,0.434697
1.43286,0.434708
1.43286,0.434718
1.43287,0.434728
1.43288,0.434738
1.43288,0.434748
1.43289,0.434759
1.4329,0.434769
1.43291,0.434779
1.43291,0.434789
1.43292,0.434799
1.43293,0.43481
1.43293,0.43482
1.43294,0.43483
1.43295,0.43484
1.43296,0.43485
1.43296,0.434861
1.43297,0.434871
1.43298,0.434881
1.43298,0.434891
1.43299,0.434901
1.433,0.434912
1.433,0.434922
1.43301,0.434932
1.43302,0.434942
1.43303,0.434952
1.43303,0.434963
1.43304,0.434973
1.43305,0.434983
1.43305,0.434993
1.43306,0.435003
1.43307,0.435014
1.43307,0.435024
1.43308,0.435034
1.43309,0.435044
1.4331,0.435054
1.4331,0.435065
1.43311,0.435075
1.43312,0.435085
1.43312,0.435095
1.43313,0.435105
1.43314,0.435116
1.43314,0.435126
1.43315,0.435136
1.43316,0.435146
1.43317,0.435156
1.43317,0.435167
1.43318,0.435177
1.43319,0.435187
1.43319,0.435197
1.4332,0.435208
1.43321,0.435218
1.43321,0.435228
1.43322,0.435238
1.43323,0.435248
1.43324,0.435259
1.43324,0.435269
1.43325,0.435279
1.43326,0.435289
1.43326,0.435299
1.43327,0.43531
1.43328,0.43532
1.43329,0.43533
1.43329,0.43534
1.4333,0.43535
1.43331,0.435361
1.43331,0.435371
1.43332,0.435381
1.43333,0.435391
1.43333,0.435401
1.43334,0.435412
1.43335,0.435422
1.43336,0.435432
1.43336,0.435442
1.43337,0.435452
1.43338,0.435463
1.43338,0.435473
1.43339,0.435483
1.4334,0.435493
1.4334,0.435503
1.43341,0.435514
1.43342,0.435524
1.43343,0.435534
1.43343,0.435544
1.43344,0.435554
1.43345,0.435565
1.43345,0.435575
1.43346,0.435585
1.43347,0.435595
1.43347,0.435605
1.43348,0.435616
1.43349,0.435626
1.4335,0.435636
1.4335,0.435646
1.43351,0.435656
1.43352,0.435667
1.43352,0.435677
1.43353,0.435687
1.43354,0.435697
1.43354,0.435708
1.43355,0.435718
1.43356,0.435728
1.43357,0.435738
1.43357,0.435748
1.43358,0.435759
1.43359,0.435769
1.43359,0.435779
1.4336,0.435789
1.43361,0.435799
1.43362,0.43581
1.43362,0.43582
1.43363,0.43583
1.43364,0.43584
1.43364,0.43585
1.43365,0.435861
1.43366,0.435871
1.43366,0.435881
1.43367,0.435891
1.43368,0.435901
1.43369,0.435912
1.43369,0.435922
1.4337,0.435932
1.43371,0.435942
1.43371,0.435952
1.43372,0.435963
1.43373,0.435973
1.43373,0.435983
1.43374,0.435993
1.43375,0.436003
1.43376,0.436014
1.43376,0.436024
1.43377,0.436034
1.43378,0.436044
1.43378,0.436054
1.43379,0.436065
1.4338,0.436075
1.4338,0.436085
1.43381,0.436095
1.43382,0.436105
1.43383,0.436116
1.43383,0.436126
1.43384,0.436136
1.43385,0.436146
1.43385,0.436156
1.43386,0.436167
1.43387,0.436177
1.43387,0.436187
1.43388,0.436197
1.43389,0.436207
1.4339,0.436218
1.4339,0.436228
1.43391,0.436238
1.43392,0.436248
1.43392,0.436259
1.43393,0.436269
1.43394,0.436279
1.43394,0.436289
1.43395,0.436299
1.43396,0.43631
1.43397,0.43632
1.43397,0.43633
1.43398,0.43634
1.43399,0.43635
1.43399,0.436361
1.434,0.436371
1.43401,0.436381
1.43402,0.436391
1.43402,0.436401
1.43403,0.436412
1.43404,0.436422
1.43404,0.436432
1.43405,0.436442
1.43406,0.436452
1.43406,0.436463
1.43407,0.436473
1.43408,0.436483
1.43409,0.436493
1.43409,0.436503
1.4341,0.436514
1.43411,0.436524
1.43411,0.436534
1.43412,0.436544
1.43413,0.436554
1.43413,0.436565
1.43414,0.436575
1.43415,0.436585
1.43416,0.436595
1.43416,0.436605
1.43417,0.436616
1.43418,0.436626
1.43418,0.436636
1.43419,0.436646
1.4342,0.436656
1.4342,0.436667
1.43421,0.436677
1.43422,0.436687
1.43423,0.436697
1.43423,0.436707
1.43424,0.436718
1.43425,0.436728
1.43425,0.436738
1.43426,0.436748
1.43427,0.436759
1.43427,0.436769
1.43428,0.436779
1.43429,0.436789
1.4343,0.436799
1.4343,0.43681
1.43431,0.43682
1.43432,0.43683
1.43432,0.43684
1.43433,0.43685
1.43434,0.436861
1.43434,0.436871
1.43435,0.436881
1.43436,0.436891
1.43437,0.436901
1.43437,0.436912
1.43438,0.436922
1.43439,0.436932
1.43439,0.436942
1.4344,0.436952
1.43441,0.436963
1.43441,0.436973
1.43442,0.436983
1.43443,0.436993
1.43444,0.437003
1.43444,0.437014
1.43445,0.437024
1.43446,0.437034
1.43446,0.437044
1.43447,0.437054
1.43448,0.437065
1.43448,0.437075
1.43449,0.437085
1.4345,0.437095
1.43451,0.437105
1.43451,0.437116
1.43452,0.437126
1.43453,0.437136
1.43453,0.437146
1.43454,0.437156
1.43455,0.437167
1.43456,0.437177
1.43456,0.437187
1.43457,0.437197
1.43458,0.437207
1.43458,0.437218
1.43459,0.437228
1.4346,0.437238
1.4346,0.437248
1.43461,0.437259
1.43462,0.437269
1.43463,0.437279
1.43463,0.437289
1.43464,0.437299
1.43465,0.43731
1.43465,0.43732
1.43466,0.43733
1.43467,0.43734
1.43467,0.43735
1.43468,0.437361
1.43469,0.437371
1.4347,0.437381
1.4347,0.437391
1.43471,0.437401
1.43472,0.437412
1.43472,0.437422
1.43473,0.437432
1.43474,0.437442
1.43474,0.437452
1.43475,0.437463
1.43476,0.437473
1.43477,0.437483
1.43477,0.437493
1.43478,0.437503
1.43479,0.437514
1.43479,0.437524
1.4348,0.437534
1.43481,0.437544
1.43481,0.437554
1.43482,0.437565
1.43483,0.437575
1.43484,0.437585
1.43484,0.437595
1.43485,0.437605
1.43486,0.437616
1.43486,0.437626
1.43487,0.437636
1.43488,0.437646
1.43488,0.437656
1.43489,0.437667
1.4349,0.437677
1.43491,0.437687
1.43491,0.437697
1.43492,0.437707
1.43493,0.437718
1.43493,0.437728
1.43494,0.437738
1.43495,0.437748
1.43495,0.437759
1.43496,0.437769
1.43497,0.437779
1.43498,0.437789
1.43498,0.437799
1.43499,0.43781
1.435,0.43782
1.435,0.43783
1.43501,0.43784
1.43502,0.43785
1.43502,0.437861
1.43503,0.437871
1.43504,0.437881
1.43505,0.437891
1.43505,0.437901
1.43506,0.437912
1.43507,0.437922
1.43507,0.437932
1.43508,0.437942
1.43509,0.437952
1.43509,0.437963
1.4351,0.437973
1.43511,0.437983
1.43512,0.437993
1.43512,0.438003
1.43513,0.438014
1.43514,0.438024
1.43514,0.438034
1.43515,0.438044
1.43516,0.438054
1.43516,0.438065
1.43517,0.438075
1.43518,0.438085
1.43519,0.438095
1.43519,0.438105
1.4352,0.438116
1.43521,0.438126
1.43521,0.438136
1.43522,0.438146
1.43523,0.438156
1.43523,0.438167
1.43524,0.438177
1.43525,0.438187
1.43526,0.438197
1.43526,0.438207
1.43527,0.438218
1.43528,0.438228
1.43528,0.438238
1.43529,0.438248
1.4353,0.438259
1.4353,0.438269
1.43531,0.438279
1.43532,0.438289
1.43533,0.438299
1.43533,0.43831
1.43534,0.43832
1.43535,0.43833
1.43535,0.43834
1.43536,0.43835
1.43537,0.438361
1.43537,0.438371
1.43538,0.438381
1.43539,0.438391
1.4354,0.438401
1.4354,0.438412
1.43541,0.438422
1.43542,0.438432
1.43542,0.438442
1.43543,0.438452
1.43544,0.438463
1.43544,0.438473
1.43545,0.438483
1.43546,0.438493
1.43547,0.438503
1.43547,0.438514
1.43548,0.438524
1.43549,0.438534
1.43549,0.438544
1.4355,0.438554
1.43551,0.438565
1.43551,0.438575
1.43552,0.438585
1.43553,0.438595
1.43554,0.438605
1.43554,0.438616
1.43555,0.438626
1.43556,0.438636
1.43556,0.438646
1.43557,0.438656
1.43558,0.438667
1.43558,0.438677
1.43559,0.438687
1.4356,0.438697
1.43561,0.438707
1.43561,0.438718
1.43562,0.438728
1.43563,0.438738
1.43563,0.438748
1.43564,0.438759
1.43565,0.438769
1.43565,0.438779
1.43566,0.438789
1.43567,0.438799
1.43568,0.43881
1.43568,0.43882
1.43569,0.43883
1.4357,0.43884
1.4357,0.43885
1.43571,0.438861
1.43572,0.438871
1.43572,0.438881
1.43573,0.438891
1.43574,0.438901
1.43575,0.438912
1.43575,0.438922
1.43576,0.438932
1.43577,0.438942
1.43577,0.438952
1.43578,0.438963
1.43579,0.438973
1.43579,0.438983
1.4358,0.438993
1.43581,0.439003
1.43582,0.439014
1.43582,0.439024
1.43583,0.439034
1.43584,0.439044
1.43584,0.439054
1.43585,0.439065
1.43586,0.439075
1.43586,0.439085
1.43587,0.439095
1.43588,0.439105
1.43589,0.439116
1.43589,0.439126
1.4359,0.439136
1.43591,0.439146
1.43591,0.439156
1.43592,0.439167
1.43593,0.439177
1.43593,0.439187
1.43594,0.439197
1.43595,0.439207
1.43596,0.439218
1.43596,0.439228
1.43597,0.439238
1.43598,0.439248
1.43598,0.439258
1.43599,0.439269
1.436,0.439279
1.436,0.439289
1.43601,0.439299
1.43602,0.43931
1.43603,0.43932
1.43603,0.43933
1.43604,0.43934
1.43605,0.43935
1.43605,0.439361
1.43606,0.439371
1.43607,0.439381
1.43607,0.439391
1.43608,0.439401
1.43609,0.439412
1.4361,0.439422
1.4361,0.439432
1.43611,0.439442
1.43612,0.439452
1.43612,0.439463
1.43613,0.439473
1.43614,0.439483
1.43614,0.439493
1.43615,0.439503
1.43616,0.439514
1.43617,0.439524
1.43617,0.439534
1.43618,0.439544
1.43619,0.439554
1.43619,0.439565
1.4362,0.439575
1.43621,0.439585
1.43621,0.439595
1.43622,0.439605
1.43623,0.439616
1.43624,0.439626
1.43624,0.439636
1.43625,0.439646
1.43626,0.439656
1.43626,0.439667
1.43627,0.439677
1.43628,0.439687
1.43628,0.439697
1.43629,0.439707
1.4363,0.439718
1.43631,0.439728
1.43631,0.439738
1.43632,0.439748
1.43633,0.439758
1.43633,0.439769
1.43634,0.439779
1.43635,0.439789
1.43635,0.439799
1.43636,0.43981
1.43637,0.43982
1.43638,0.43983
1.43638,0.43984
1.43639,0.43985
1.4364,0.439861
1.4364,0.439871
1.43641,0.439881
1.43642,0.439891
1.43642,0.439901
1.43643,0.439912
1.43644,0.439922
1.43645,0.439932
1.43645,0.439942
1.43646,0.439952
1.43647,0.439963
1.43647,0.439973
1.43648,0.439983
1.43649,0.439993
1.43649,0.440003
1.4365,0.440014
1.43651,0.440024
1.43652,0.440034
1.43652,0.440044
1.43653,0.440054
1.43654,0.440065
1.43654,0.440075
1.43655,0.440085
1.43656,0.440095
1.43656,0.440105
1.43657,0.440116
1.43658,0.440126
1.43659,0.440136
1.43659,0.440146
1.4366,0.440156
1.43661,0.440167
1.43661,0.440177
1.43662,0.440187
1.43663,0.440197
1.43663,0.440207
1.43664,0.440218
1.43665,0.440228
1.43666,0.440238
1.43666,0.440248
1.43667,0.440258
1.43668,0.440269
1.43668,0.440279
1.43669,0.440289
1.4367,0.440299
1.4367,0.44031
1.43671,0.44032
1.43672,0.44033
1.43673,0.44034
1.43673,0.44035
1.43674,0.440361
1.43675,0.440371
1.43675,0.440381
1.43676,0.440391
1.43677,0.440401
1.43677,0.440412
1.43678,0.440422
1.43679,0.440432
1.4368,0.440442
1.4368,0.440452
1.43681,0.440463
1.43682,0.440473
1.43682,0.440483
1.43683,0.440493
1.43684,0.440503
1.43684,0.440514
1.43685,0.440524
1.43686,0.440534
1.43687,0.440544
1.43687,0.440554
1.43688,0.440565
1.43689,0.440575
1.43689,0.440585
1.4369,0.440595
1.43691,0.440605
1.43691,0.440616
1.43692,0.440626
1.43693,0.440636
1.43693,0.440646
1.43694,0.440656
1.43695,0.440667
1.43696,0.440677
1.43696,0.440687
1.43697,0.440697
1.43698,0.440707
1.43698,0.440718
1.43699,0.440728
1.437,0.440738
1.437,0.440748
1.43701,0.440758
1.43702,0.440769
1.43703,0.440779
1.43703,0.440789
1.43704,0.440799
1.43705,0.44081
1.43705,0.44082
1.43706,0.44083
1.43707,0.44084
1.43707,0.44085
1.43708,0.440861
1.43709,0.440871
1.4371,0.440881
1.4371,0.440891
1.43711,0.440901
1.43712,0.440912
1.43712,0.440922
1.43713,0.440932
1.43714,0.440942
1.43714,0.440952
1.43715,0.440963
1.43716,0.440973
1.43717,0.440983
1.43717,0.440993
1.43718,0.441003
1.43719,0.441014
1.43719,0.441024
1.4372,0.441034
1.43721,0.441044
1.43721,0.441054
1.43722,0.441065
1.43723,0.441075
1.43724,0.441085
1.43724,0.441095
1.43725,0.441105
1.43726,0.441116
1.43726,0.441126
1.43727,0.441136
1.43728,0.441146
1.43728,0.441156
1.43729,0.441167
1.4373,0.441177
1.43731,0.441187
1.43731,0.441197
1.43732,0.441207
1.43733,0.441218
1.43733,0.441228
1.43734,0.441238
1.43735,0.441248
1.43735,0.441258
1.43736,0.441269
1.43737,0.441279
1.43738,0.441289
1.43738,0.441299
1.43739,0.44131
1.4374,0.44132
1.4374,0.44133
1.43741,0.44134
1.43742,0.44135
1.43742,0.441361
1.43743,0.441371
1.43744,0.441381
1.43744,0.441391
1.43745,0.441401
1.43746,0.441412
1.43747,0.441422
1.43747,0.441432
1.43748,0.441442
1.43749,0.441452
1.43749,0.441463
1.4375,0.441473
1.43751,0.441483
1.43751,0.441493
1.43752,0.441503
1.43753,0.441514
1.43754,0.441524
1.43754,0.441534
1.43755,0.441544
1.43756,0.441554
1.43756,0.441565
1.43757,0.441575
1.43758,0.441585
1.43758,0.441595
1.43759,0.441605
1.4376,0.441616
1.43761,0.441626
1.43761,0.441636
1.43762,0.441646
1.43763,0.441656
1.43763,0.441667
1.43764,0.441677
1.43765,0.441687
1.43765,0.441697
1.43766,0.441707
1.43767,0.441718
1.43768,0.441728
1.43768,0.441738
1.43769,0.441748
1.4377,0.441758
1.4377,0.441769
1.43771,0.441779
1.43772,0.441789
1.43772,0.441799
1.43773,0.44181
1.43774,0.44182
1.43775,0.44183
1.43775,0.44184
1.43776,0.44185
1.43777,0.441861
1.43777,0.441871
1.43778,0.441881
1.43779,0.441891
1.43779,0.441901
1.4378,0.441912
1.43781,0.441922
1.43782,0.441932
1.43782,0.441942
1.43783,0.441952
1.43784,0.441963
1.43784,0.441973
1.43785,0.441983
1.43786,0.441993
1.43786,0.442003
1.43787,0.442014
1.43788,0.442024
1.43788,0.442034
1.43789,0.442044
1.4379,0.442054
1.43791,0.442065
1.43791,0.442075
1.43792,0.442085
1.43793,0.442095
1.43793,0.442105
1.43794,0.442116
1.43795,0.442126
1.43795,0.442136
1.43796,0.442146
1.43797,0.442156
1.43798,0.442167
1.43798,0.442177
1.43799,0.442187
1.438,0.442197
1.438,0.442207
1.43801,0.442218
1.43802,0.442228
1.43802,0.442238
1.43803,0.442248
1.43804,0.442258
1.43805,0.442269
1.43805,0.442279
1.43806,0.442289
1.43807,0.442299
1.43807,0.442309
1.43808,0.44232
1.43809,0.44233
1.43809,0.44234
1.4381,0.44235
1.43811,0.442361
1.43812,0.442371
1.43812,0.442381
1.43813,0.442391
1.43814,0.442401
1.43814,0.442412
1.43815,0.442422
1.43816,0.442432
1.43816,0.442442
1.43817,0.442452
1.43818,0.442463
1.43819,0.442473
1.43819,0.442483
1.4382,0.442493
1.43821,0.442503
1.43821,0.442514
1.43822,0.442524
1.43823,0.442534
1.43823,0.442544
1.43824,0.442554
1.43825,0.442565
1.43825,0.442575
1.43826,0.442585
1.43827,0.442595
1.43828,0.442605
1.43828,0.442616
1.43829,0.442626
1.4383,0.442636
1.4383,0.442646
1.43831,0.442656
1.43832,0.442667
1.43832,0.442677
1.43833,0.442687
1.43834,0.442697
1.43835,0.442707
1.43835,0.442718
1.43836,0.442728
1.43837,0.442738
1.43837,0.442748
1.43838,0.442758
1.43839,0.442769
1.43839,0.442779
1.4384,0.442789
1.43841,0.442799
1.43842,0.442809
1.43842,0.44282
1.43843,0.44283
1.43844,0.44284
1.43844,0.44285
1.43845,0.442861
1.43846,0.442871
1.43846,0.442881
1.43847,0.442891
1.43848,0.442901
1.43849,0.442912
1.43849,0.442922
1.4385,0.442932
1.43851,0.442942
1.43851,0.442952
1.43852,0.442963
1.43853,0.442973
1.43853,0.442983
1.43854,0.442993
1.43855,0.443003
1.43855,0.443014
1.43856,0.443024
1.43857,0.443034
1.43858,0.443044
1.43858,0.443054
1.43859,0.443065
1.4386,0.443075
1.4386,0.443085
1.43861,0.443095
1.43862,0.443105
1.43862,0.443116
1.43863,0.443126
1.43864,0.443136
1.43865,0.443146
1.43865,0.443156
1.43866,0.443167
1.43867,0.443177
1.43867,0.443187
1.43868,0.443197
1.43869,0.443207
1.43869,0.443218
1.4387,0.443228
1.43871,0.443238
1.43872,0.443248
1.43872,0.443258
1.43873,0.443269
1.43874,0.443279
1.43874,0.443289
1.43875,0.443299
1.43876,0.443309
1.43876,0.44332
1.43877,0.44333
1.43878,0.44334
1.43878,0.44335
1.43879,0.443361
1.4388,0.443371
1.43881,0.443381
1.43881,0.443391
1.43882,0.443401
1.43883,0.443412
1.43883,0.443422
1.43884,0.443432
1.43885,0.443442
1.43885,0.443452
1.43886,0.443463
1.43887,0.443473
1.43888,0.443483
1.43888,0.443493
1.43889,0.443503
1.4389,0.443514
1.4389,0.443524
1.43891,0.443534
1.43892,0.443544
1.43892,0.443554
1.43893,0.443565
1.43894,0.443575
1.43895,0.443585
1.43895,0.443595
1.43896,0.443605
1.43897,0.443616
1.43897,0.443626
1.43898,0.443636
1.43899,0.443646
1.43899,0.443656
1.439,0.443667
1.43901,0.443677
1.43901,0.443687
1.43902,0.443697
1.43903,0.443707
1.43904,0.443718
1.43904,0.443728
1.43905,0.443738
1.43906,0.443748
1.43906,0.443758
1.43907,0.443769
1.43908,0.443779
1.43908,0.443789
1.43909,0.443799
1.4391,0.443809
1.43911,0.44382
1.43911,0.44383
1.43912,0.44384
1.43913,0.44385
1.43913,0.443861
1.43914,0.443871
1.43915,0.443881
1.43915,0.443891
1.43916,0.443901
1.43917,0.443912
1.43918,0.443922
1.43918,0.443932
1.43919,0.443942
1.4392,0.443952
1.4392,0.443963
1.43921,0.443973
1.43922,0.443983
1.43922,0.443993
1.43923,0.444003
1.43924,0.444014
1.43925,0.444024
1.43925,0.444034
1.43926,0.444044
1.43927,0.444054
1.43927,0.444065
1.43928,0.444075
1.43929,0.444085
1.43929,0.444095
1.4393,0.444105
1.43931,0.444116
1.43931,0.444126
1.43932,0.444136
1.43933,0.444146
1.43934,0.444156
1.43934,0.444167
1.43935,0.444177
1.43936,0.444187
1.43936,0.444197
1.43937,0.444207
1.43938,0.444218
1.43938,0.444228
1.43939,0.444238
1.4394,0.444248
1.43941,0.444258
1.43941,0.444269
1.43942,0.444279
1.43943,0.444289
1.43943,0.444299
1.43944,0.444309
1.43945,0.44432
1.43945,0.44433
1.43946,0.44434
1.43947,0.44435
1.43947,0.444361
1.43948,0.444371
1.43949,0.444381
1.4395,0.444391
1.4395,0.444401
1.43951,0.444412
1.43952,0.444422
1.43952,0.444432
1.43953,0.444442
1.43954,0.444452
1.43954,0.444463
1.43955,0.444473
1.43956,0.444483
1.43957,0.444493
1.43957,0.444503
1.43958,0.444514
1.43959,0.444524
1.43959,0.444534
1.4396,0.444544
1.43961,0.444554
1.43961,0.444565
1.43962,0.444575
1.43963,0.444585
1.43964,0.444595
1.43964,0.444605
1.43965,0.444616
1.43966,0.444626
1.43966,0.444636
1.43967,0.444646
1.43968,0.444656
1.43968,0.444667
1.43969,0.444677
1.4397,0.444687
1.4397,0.444697
1.43971,0.444707
1.43972,0.444718
1.43973,0.444728
1.43973,0.444738
1.43974,0.444748
1.43975,0.444758
1.43975,0.444769
1.43976,0.444779
1.43977,0.444789
1.43977,0.444799
1.43978,0.444809
1.43979,0.44482
1.4398,0.44483
1.4398,0.44484
1.43981,0.44485
1.43982,0.444861
1.43982,0.444871
1.43983,0.444881
1.43984,0.444891
1.43984,0.444901
1.43985,0.444912
1.43986,0.444922
1.43987,0.444932
1.43987,0.444942
1.43988,0.444952
1.43989,0.444963
1.43989,0.444973
1.4399,0.444983
1.43991,0.444993
1.43991,0.445003
1.43992,0.445014
1.43993,0.445024
1.43993,0.445034
1.43994,0.445044
1.43995,0.445054
1.43996,0.445065
1.43996,0.445075
1.43997,0.445085
1.43998,0.445095
1.43998,0.445105
1.43999,0.445116
1.44,0.445126
1.44,0.445136
1.44001,0.445146
1.44002,0.445156
1.44003,0.445167
1.44003,0.445177
1.44004,0.445187
1.44005,0.445197
1.44005,0.445207
1.44006,0.445218
1.44007,0.445228
1.44007,0.445238
1.44008,0.445248
1.44009,0.445258
1.44009,0.445269
1.4401,0.445279
1.44011,0.445289
1.44012,0.445299
1.44012,0.445309
1.44013,0.44532
1.44014,0.44533
1.44014,0.44534
1.44015,0.44535
1.44016,0.44536
1.44016,0.445371
1.44017,0.445381
1.44018,0.445391
1.44019,0.445401
1.44019,0.445412
1.4402,0.445422
1.44021,0.445432
1.44021,0.445442
1.44022,0.445452
1.44023,0.445463
1.44023,0.445473
1.44024,0.445483
1.44025,0.445493
1.44025,0.445503
1.44026,0.445514
1.44027,0.445524
1.44028,0.445534
1.44028,0.445544
1.44029,0.445554
1.4403,0.445565
1.4403,0.445575
1.44031,0.445585
1.44032,0.445595
1.44032,0.445605
1.44033,0.445616
1.44034,0.445626
1.44035,0.445636
1.44035,0.445646
1.44036,0.445656
1.44037,0.445667
1.44037,0.445677
1.44038,0.445687
1.44039,0.445697
1.44039,0.445707
1.4404,0.445718
1.44041,0.445728
1.44041,0.445738
1.44042,0.445748
1.44043,0.445758
1.44044,0.445769
1.44044,0.445779
1.44045,0.445789
1.44046,0.445799
1.44046,0.445809
1.44047,0.44582
1.44048,0.44583
1.44048,0.44584
1.44049,0.44585
1.4405,0.44586
1.44051,0.445871
1.44051,0.445881
1.44052,0.445891
1.44053,0.445901
1.44053,0.445912
1.44054,0.445922
1.44055,0.445932
1.44055,0.445942
1.44056,0.445952
1.44057,0.445963
1.44058,0.445973
1.44058,0.445983
1.44059,0.445993
1.4406,0.446003
1.4406,0.446014
1.44061,0.446024
1.44062,0.446034
1.44062,0.446044
1.44063,0.446054
1.44064,0.446065
1.44064,0.446075
1.44065,0.446085
1.44066,0.446095
1.44067,0.446105
1.44067,0.446116
1.44068,0.446126
1.44069,0.446136
1.44069,0.446146
1.4407,0.446156
1.44071,0.446167
1.44071,0.446177
1.44072,0.446187
1.44073,0.446197
1.44074,0.446207
1.44074,0.446218
1.44075,0.446228
1.44076,0.446238
1.44076,0.446248
1.44077,0.446258
1.44078,0.446269
1.44078,0.446279
1.44079,0.446289
1.4408,0.446299
1.4408,0.446309
1.44081,0.44632
1.44082,0.44633
1.44083,0.44634
1.44083,0.44635
1.44084,0.44636
1.44085,0.446371
1.44085,0.446381
1.44086,0.446391
1.44087,0.446401
1.44087,0.446412
1.44088,0.446422
1.44089,0.446432
1.4409,0.446442
1.4409,0.446452
1.44091,0.446463
1.44092,0.446473
1.44092,0.446483
1.44093,0.446493
1.44094,0.446503
1.44094,0.446514
1.44095,0.446524
1.44096,0.446534
1.44096,0.446544
1.44097,0.446554
1.44098,0.446565
1.44099,0.446575
1.44099,0.446585
1.441,0.446595
1.44101,0.446605
1.44101,0.446616
1.44102,0.446626
1.44103,0.446636
1.44103,0.446646
1.44104,0.446656
1.44105,0.446667
1.44105,0.446677
1.44106,0.446687
1.44107,0.446697
1.44108,0.446707
1.44108,0.446718
1.44109,0.446728
1.4411,0.446738
1.4411,0.446748
1.44111,0.446758
1.44112,0.446769
1.44112,0.446779
1.44113,0.446789
1.44114,0.446799
1.44115,0.446809
1.44115,0.44682
1.44116,0.44683
1.44117,0.44684
1.44117,0.44685
1.44118,0.44686
1.44119,0.446871
1.44119,0.446881
1.4412,0.446891
1.44121,0.446901
1.44121,0.446912
1.44122,0.446922
1.44123,0.446932
1.44124,0.446942
1.44124,0.446952
1.44125,0.446963
1.44126,0.446973
1.44126,0.446983
1.44127,0.446993
1.44128,0.447003
1.44128,0.447014
1.44129,0.447024
1.4413,0.447034
1.44131,0.447044
1.44131,0.447054
1.44132,0.447065
1.44133,0.447075
1.44133,0.447085
1.44134,0.447095
1.44135,0.447105
1.44135,0.447116
1.44136,0.447126
1.44137,0.447136
1.44137,0.447146
1.44138,0.447156
1.44139,0.447167
1.4414,0.447177
1.4414,0.447187
1.44141,0.447197
1.44142,0.447207
1.44142,0.447218
1.44143,0.447228
1.44144,0.447238
1.44144,0.447248
1.44145,0.447258
1.44146,0.447269
1.44147,0.447279
1.44147,0.447289
1.44148,0.447299
1.44149,0.447309
1.44149,0.44732
1.4415,0.44733
1.44151,0.44734
1.44151,0.44735
1.44152,0.44736
1.44153,0.447371
1.44153,0.447381
1.44154,0.447391
1.44155,0.447401
1.44156,0.447412
1.44156,0.447422
1.44157,0.447432
1.44158,0.447442
1.44158,0.447452
1.44159,0.447463
1.4416,0.447473
1.4416,0.447483
1.44161,0.447493
1.44162,0.447503
1.44162,0.447514
1.44163,0.447524
1.44164,0.447534
1.44165,0.447544
1.44165,0.447554
1.44166,0.447565
1.44167,0.447575
1.44167,0.447585
1.44168,0.447595
1.44169,0.447605
1.44169,0.447616
1.4417,0.447626
1.44171,0.447636
1.44172,0.447646
1.44172,0.447656
1.44173,0.447667
1.44174,0.447677
1.44174,0.447687
1.44175,0.447697
1.44176,0.447707
1.44176,0.447718
1.44177,0.447728
1.44178,0.447738
1.44178,0.447748
1.44179,0.447758
1.4418,0.447769
1.44181,0.447779
1.44181,0.447789
1.44182,0.447799
1.44183,0.447809
1.44183,0.44782
1.44184,0.44783
1.44185,0.44784
1.44185,0.44785
1.44186,0.44786
1.44187,0.447871
1.44188,0.447881
1.44188,0.447891
1.44189,0.447901
1.4419,0.447911
1.4419,0.447922
1.44191,0.447932
1.44192,0.447942
1.44192,0.447952
1.44193,0.447963
1.44194,0.447973
1.44194,0.447983
1.44195,0.447993
1.44196,0.448003
1.44197,0.448014
1.44197,0.448024
1.44198,0.448034
1.44199,0.448044
1.44199,0.448054
1.442,0.448065
1.44201,0.448075
1.44201,0.448085
1.44202,0.448095
1.44203,0.448105
1.44203,0.448116
1.44204,0.448126
1.44205,0.448136
1.44206,0.448146
1.44206,0.448156
1.44207,0.448167
1.44208,0.448177
1.44208,0.448187
1.44209,0.448197
1.4421,0.448207
1.4421,0.448218
1.44211,0.448228
1.44212,0.448238
1.44213,0.448248
1.44213,0.448258
1.44214,0.448269
1.44215,0.448279
1.44215,0.448289
1.44216,0.448299
1.44217,0.448309
1.44217,0.44832
1.44218,0.44833
1.44219,0.44834
1.44219,0.44835
1.4422,0.44836
1.44221,0.448371
1.44222,0.448381
1.44222,0.448391
1.44223,0.448401
1.44224,0.448411
1.44224,0.448422
1.44225,0.448432
1.44226,0.448442
1.44226,0.448452
1.44227,0.448463
1.44228,0.448473
1.44228,0.448483
1.44229,0.448493
1.4423,0.448503
1.44231,0.448514
1.44231,0.448524
1.44232,0.448534
1.44233,0.448544
1.44233,0.448554
1.44234,0.448565
1.44235,0.448575
1.44235,0.448585
1.44236,0.448595
1.44237,0.448605
1.44238,0.448616
1.44238,0.448626
1.44239,0.448636
1.4424,0.448646
1.4424,0.448656
1.44241,0.448667
1.44242,0.448677
1.44242,0.448687
1.44243,0.448697
1.44244,0.448707
1.44244,0.448718
1.44245,0.448728
1.44246,0.448738
1.44247,0.448748
1.44247,0.448758
1.44248,0.448769
1.44249,0.448779
1.44249,0.448789
1.4425,0.448799
1.44251,0.448809
1.44251,0.44882
1.44252,0.44883
1.44253,0.44884
1.44253,0.44885
1.44254,0.44886
1.44255,0.448871
1.44256,0.448881
1.44256,0.448891
1.44257,0.448901
1.44258,0.448911
1.44258,0.448922
1.44259,0.448932
1.4426,0.448942
1.4426,0.448952
1.44261,0.448963
1.44262,0.448973
1.44262,0.448983
1.44263,0.448993
1.44264,0.449003
1.44265,0.449014
1.44265,0.449024
1.44266,0.449034
1.44267,0.449044
1.44267,0.449054
1.44268,0.449065
1.44269,0.449075
1.44269,0.449085
1.4427,0.449095
1.44271,0.449105
1.44272,0.449116
1.44272,0.449126
1.44273,0.449136
1.44274,0.449146
1.44274,0.449156
1.44275,0.449167
1.44276,0.449177
1.44276,0.449187
1.44277,0.449197
1.44278,0.449207
1.44278,0.449218
1.44279,0.449228
1.4428,0.449238
1.44281,0.449248
1.44281,0.449258
1.44282,0.449269
1.44283,0.449279
1.44283,0.449289
1.44284,0.449299
1.44285,0.449309
1.44285,0.44932
1.44286,0.44933
1.44287,0.44934
1.44287,0.44935
1.44288,0.44936
1.44289,0.449371
1.4429,0.449381
1.4429,0.449391
1.44291,0.449401
1.44292,0.449411
1.44292,0.449422
1.44293,0.449432
1.44294,0.449442
1.44294,0.449452
1.44295,0.449463
1.44296,0.449473
1.44296,0.449483
1.44297,0.449493
1.44298,0.449503
1.44299,0.449514
1.44299,0.449524
1.443,0.449534
1.44301,0.449544
1.44301,0.449554
1.44302,0.449565
1.44303,0.449575
1.44303,0.449585
1.44304,0.449595
1.44305,0.449605
1.44306,0.449616
1.44306,0.449626
1.44307,0.449636
1.44308,0.449646
1.44308,0.449656
1.44309,0.449667
1.4431,0.449677
1.4431,0.449687
1.44311,0.449697
1.44312,0.449707
1.44312,0.449718
1.44313,0.449728
1.44314,0.449738
1.44315,0.449748
1.44315,0.449758
1.44316,0.449769
1.44317,0.449779
1.44317,0.449789
1.44318,0.449799
1.44319,0.449809
1.44319,0.44982
1.4432,0.44983
1.44321,0.44984
1.44321,0.44985
1.44322,0.44986
1.44323,0.449871
1.44324,0.449881
1.44324,0.449891
1.44325,0.449901
1.44326,0.449911
1.44326,0.449922
1.44327,0.449932
1.44328,0.449942
1.44328,0.449952
1.44329,0.449963
1.4433,0.449973
1.4433,0.449983
1.44331,0.449993
1.44332,0.450003
1.44333,0.450014
1.44333,0.450024
1.44334,0.450034
1.44335,0.450044
1.44335,0.450054
1.44336,0.450065
1.44337,0.450075
1.44337,0.450085
1.44338,0.450095
1.44339,0.450105
1.44339,0.450116
1.4434,0.450126
1.44341,0.450136
1.44342,0.450146
1.44342,0.450156
1.44343,0.450167
1.44344,0.450177
1.44344,0.450187
1.44345,0.450197
1.44346,0.450207
1.44346,0.450218
1.44347,0.450228
1.44348,0.450238
1.44349,0.450248
1.44349,0.450258
1.4435,0.450269
1.44351,0.450279
1.44351,0.450289
1.44352,0.450299
1.44353,0.450309
1.44353,0.45032
1.44354,0.45033
1.44355,0.45034
1.44355,0.45035
1.44356,0.45036
1.44357,0.450371
1.44358,0.450381
1.44358,0.450391
1.44359,0.450401
1.4436,0.450411
1.4436,0.450422
1.44361,0.450432
1.44362,0.450442
1.44362,0.450452
1.44363,0.450463
1.44364,0.450473
1.44364,0.450483
1.44365,0.450493
1.44366,0.450503
1.44367,0.450514
1.44367,0.450524
1.44368,0.450534
1.44369,0.450544
1.44369,0.450554
1.4437,0.450565
1.44371,0.450575
1.44371,0.450585
1.44372,0.450595
1.44373,0.450605
1.44373,0.450616
1.44374,0.450626
1.44375,0.450636
1.44376,0.450646
1.44376,0.450656
1.44377,0.450667
1.44378,0.450677
1.44378,0.450687
1.44379,0.450697
1.4438,0.450707
1.4438,0.450718
1.44381,0.450728
1.44382,0.450738
1.44382,0.450748
1.44383,0.450758
1.44384,0.450769
1.44385,0.450779
1.44385,0.450789
1.44386,0.450799
1.44387,0.450809
1.44387,0.45082
1.44388,0.45083
1.44389,0.45084
1.44389,0.45085
1.4439,0.45086
1.44391,0.450871
1.44391,0.450881
1.44392,0.450891
1.44393,0.450901
1.44394,0.450911
1.44394,0.450922
1.44395,0.450932
1.44396,0.450942
1.44396,0.450952
1.44397,0.450962
1.44398,0.450973
1.44398,0.450983
1.44399,0.450993
1.444,0.451003
1.444,0.451014
1.44401,0.451024
1.44402,0.451034
1.44403,0.451044
1.44403,0.451054
1.44404,0.451065
1.44405,0.451075
1.44405,0.451085
1.44406,0.451095
1.44407,0.451105
1.44407,0.451116
1.44408,0.451126
1.44409,0.451136
1.44409,0.451146
1.4441,0.451156
1.44411,0.451167
1.44412,0.451177
1.44412,0.451187
1.44413,0.451197
1.44414,0.451207
1.44414,0.451218
1.44415,0.451228
1.44416,0.451238
1.44416,0.451248
1.44417,0.451258
1.44418,0.451269
1.44418,0.451279
1.44419,0.451289
1.4442,0.451299
1.44421,0.451309
1.44421,0.45132
1.44422,0.45133
1.44423,0.45134
1.44423,0.45135
1.44424,0.45136
1.44425,0.451371
1.44425,0.451381
1.44426,0.451391
1.44427,0.451401
1.44427,0.451411
1.44428,0.451422
1.44429,0.451432
1.4443,0.451442
1.4443,0.451452
1.44431,0.451462
1.44432,0.451473
1.44432,0.451483
1.44433,0.451493
1.44434,0.451503
1.44434,0.451514
1.44435,0.451524
1.44436,0.451534
1.44437,0.451544
1.44437,0.451554
1.44438,0.451565
1.44439,0.451575
1.44439,0.451585
1.4444,0.451595
1.44441,0.451605
1.44441,0.451616
1.44442,0.451626
1.44443,0.451636
1.44443,0.451646
1.44444,0.451656
1.44445,0.451667
1.44446,0.451677
1.44446,0.451687
1.44447,0.451697
1.44448,0.451707
1.44448,0.451718
1.44449,0.451728
1.4445,0.451738
1.4445,0.451748
1.44451,0.451758
1.44452,0.451769
1.44452,0.451779
1.44453,0.451789
1.44454,0.451799
1.44455,0.451809
1.44455,0.45182
1.44456,0.45183
1.44457,0.45184
1.44457,0.45185
1.44458,0.45186
1.44459,0.451871
1.44459,0.451881
1.4446,0.451891
1.44461,0.451901
1.44461,0.451911
1.44462,0.451922
1.44463,0.451932
1.44464,0.451942
1.44464,0.451952
1.44465,0.451962
1.44466,0.451973
1.44466,0.451983
1.44467,0.451993
1.44468,0.452003
1.44468,0.452014
1.44469,0.452024
1.4447,0.452034
1.4447,0.452044
1.44471,0.452054
1.44472,0.452065
1.44473,0.452075
1.44473,0.452085
1.44474,0.452095
1.44475,0.452105
1.44475,0.452116
1.44476,0.452126
1.44477,0.452136
1.44477,0.452146
1.44478,0.452156
1.44479,0.452167
1.44479,0.452177
1.4448,0.452187
1.44481,0.452197
1.44482,0.452207
1.44482,0.452218
1.44483,0.452228
1.44484,0.452238
1.44484,0.452248
1.44485,0.452258
1.44486,0.452269
1.44486,0.452279
1.44487,0.452289
1.44488,0.452299
1.44488,0.452309
1.44489,0.45232
1.4449,0.45233
1.44491,0.45234
1.44491,0.45235
1.44492,0.45236
1.44493,0.452371
1.44493,0.452381
1.44494,0.452391
1.44495,0.452401
1.44495,0.452411
1.44496,0.452422
1.44497,0.452432
1.44497,0.452442
1.44498,0.452452
1.44499,0.452462
1.44499,0.452473
1.445,0.452483
1.44501,0.452493
1.44502,0.452503
1.44502,0.452514
1.44503,0.452524
1.44504,0.452534
1.44504,0.452544
1.44505,0.452554
1.44506,0.452565
1.44506,0.452575
1.44507,0.452585
1.44508,0.452595
1.44508,0.452605
1.44509,0.452616
1.4451,0.452626
1.44511,0.452636
1.44511,0.452646
1.44512,0.452656
1.44513,0.452667
1.44513,0.452677
1.44514,0.452687
1.44515,0.452697
1.44515,0.452707
1.44516,0.452718
1.44517,0.452728
1.44517,0.452738
1.44518,0.452748
1.44519,0.452758
1.4452,0.452769
1.4452,0.452779
1.44521,0.452789
1.44522,0.452799
1.44522,0.452809
1.44523,0.45282
1.44524,0.45283
1.44524,0.45284
1.44525,0.45285
1.44526,0.45286
1.44526,0.452871
1.44527,0.452881
1.44528,0.452891
1.44529,0.452901
1.44529,0.452911
1.4453,0.452922
1.44531,0.452932
1.44531,0.452942
1.44532,0.452952
1.44533,0.452962
1.44533,0.452973
1.44534,0.452983
1.44535,0.452993
1.44535,0.453003
1.44536,0.453014
1.44537,0.453024
1.44538,0.453034
1.44538,0.453044
1.44539,0.453054
1.4454,0.453065
1.4454,0.453075
1.44541,0.453085
1.44542,0.453095
1.44542,0.453105
1.44543,0.453116
1.44544,0.453126
1.44544,0.453136
1.44545,0.453146
1.44546,0.453156
1.44547,0.453167
1.44547,0.453177
1.44548,0.453187
1.44549,0.453197
1.44549,0.453207
1.4455,0.453218
1.44551,0.453228
1.44551,0.453238
1.44552,0.453248
1.44553,0.453258
1.44553,0.453269
1.44554,0.453279
1.44555,0.453289
1.44556,0.453299
1.44556,0.453309
1.44557,0.45332
1.44558,0.45333
1.44558,0.45334
1.44559,0.45335
1.4456,0.45336
1.4456,0.453371
1.44561,0.453381
1.44562,0.453391
1.44562,0.453401
1.44563,0.453411
1.44564,0.453422
1.44565,0.453432
1.44565,0.453442
1.44566,0.453452
1.44567,0.453462
1.44567,0.453473
1.44568,0.453483
1.44569,0.453493
1.44569,0.453503
1.4457,0.453513
1.44571,0.453524
1.44571,0.453534
1.44572,0.453544
1.44573,0.453554
1.44574,0.453565
1.44574,0.453575
1.44575,0.453585
1.44576,0.453595
1.44576,0.453605
1.44577,0.453616
1.44578,0.453626
1.44578,0.453636
1.44579,0.453646
1.4458,0.453656
1.4458,0.453667
1.44581,0.453677
1.44582,0.453687
1.44582,0.453697
1.44583,0.453707
1.44584,0.453718
1.44585,0.453728
1.44585,0.453738
1.44586,0.453748
1.44587,0.453758
1.44587,0.453769
1.44588,0.453779
1.44589,0.453789
1.44589,0.453799
1.4459,0.453809
1.44591,0.45382
1.44591,0.45383
1.44592,0.45384
1.44593,0.45385
1.44594,0.45386
1.44594,0.453871
1.44595,0.453881
1.44596,0.453891
1.44596,0.453901
1.44597,0.453911
1.44598,0.453922
1.44598,0.453932
1.44599,0.453942
1.446,0.453952
1.446,0.453962
1.44601,0.453973
1.44602,0.453983
1.44603,0.453993
1.44603,0.454003
1.44604,0.454013
1.44605,0.454024
1.44605,0.454034
1.44606,0.454044
1.44607,0.454054
1.44607,0.454065
1.44608,0.454075
1.44609,0.454085
1.44609,0.454095
1.4461,0.454105
1.44611,0.454116
1.44612,0.454126
1.44612,0.454136
1.44613,0.454146
1.44614,0.454156
1.44614,0.454167
1.44615,0.454177
1.44616,0.454187
1.44616,0.454197
1.44617,0.454207
1.44618,0.454218
1.44618,0.454228
1.44619,0.454238
1.4462,0.454248
1.44621,0.454258
1.44621,0.454269
1.44622,0.454279
1.44623,0.454289
1.44623,0.454299
1.44624,0.454309
1.44625,0.45432
1.44625,0.45433
1.44626,0.45434
1.44627,0.45435
1.44627,0.45436
1.44628,0.454371
1.44629,0.454381
1.44629,0.454391
1.4463,0.454401
1.44631,0.454411
1.44632,0.454422
1.44632,0.454432
1.44633,0.454442
1.44634,0.454452
1.44634,0.454462
1.44635,0.454473
1.44636,0.454483
1.44636,0.454493
1.44637,0.454503
1.44638,0.454513
1.44638,0.454524
1.44639,0.454534
1.4464,0.454544
1.44641,0.454554
1.44641,0.454565
1.44642,0.454575
1.44643,0.454585
1.44643,0.454595
1.44644,0.454605
1.44645,0.454616
1.44645,0.454626
1.44646,0.454636
1.44647,0.454646
1.44647,0.454656
1.44648,0.454667
1.44649,0.454677
1.4465,0.454687
1.4465,0.454697
1.44651,0.454707
1.44652,0.454718
1.44652,0.454728
1.44653,0.454738
1.44654,0.454748
1.44654,0.454758
1.44655,0.454769
1.44656,0.454779
1.44656,0.454789
1.44657,0.454799
1.44658,0.454809
1.44659,0.45482
1.44659,0.45483
1.4466,0.45484
1.44661,0.45485
1.44661,0.45486
1.44662,0.454871
1.44663,0.454881
1.44663,0.454891
1.44664,0.454901
1.44665,0.454911
1.44665,0.454922
1.44666,0.454932
1.44667,0.454942
1.44667,0.454952
1.44668,0.454962
1.44669,0.454973
1.4467,0.454983
1.4467,0.454993
1.44671,0.455003
1.44672,0.455013
1.44672,0.455024
1.44673,0.455034
1.44674,0.455044
1.44674,0.455054
1.44675,0.455065
1.44676,0.455075
1.44676,0.455085
1.44677,0.455095
1.44678,0.455105
1.44679,0.455116
1.44679,0.455126
1.4468,0.455136
1.44681,0.455146
1.44681,0.455156
1.44682,0.455167
1.44683,0.455177
1.44683,0.455187
1.44684,0.455197
1.44685,0.455207
1.44685,0.455218
1.44686,0.455228
1.44687,0.455238
1.44688,0.455248
1.44688,0.455258
1.44689,0.455269
1.4469,0.455279
1.4469,0.455289
1.44691,0.455299
1.44692,0.455309
1.44692,0.45532
1.44693,0.45533
1.44694,0.45534
1.44694,0.45535
1.44695,0.45536
1.44696,0.455371
1.44696,0.455381
1.44697,0.455391
1.44698,0.455401
1.44699,0.455411
1.44699,0.455422
1.447,0.455432
1.44701,0.455442
1.44701,0.455452
1.44702,0.455462
1.44703,0.455473
1.44703,0.455483
1.44704,0.455493
1.44705,0.455503
1.44705,0.455513
1.44706,0.455524
1.44707,0.455534
1.44708,0.455544
1.44708,0.455554
1.44709,0.455565
1.4471,0.455575
1.4471,0.455585
1.44711,0.455595
1.44712,0.455605
1.44712,0.455616
1.44713,0.455626
1.44714,0.455636
1.44714,0.455646
1.44715,0.455656
1.44716,0.455667
1.44717,0.455677
1.44717,0.455687
1.44718,0.455697
1.44719,0.455707
1.44719,0.455718
1.4472,0.455728
1.44721,0.455738
1.44721,0.455748
1.44722,0.455758
1.44723,0.455769
1.44723,0.455779
1.44724,0.455789
1.44725,0.455799
1.44725,0.455809
1.44726,0.45582
1.44727,0.45583
1.44728,0.45584
1.44728,0.45585
1.44729,0.45586
1.4473,0.455871
1.4473,0.455881
1.44731,0.455891
1.44732,0.455901
1.44732,0.455911
1.44733,0.455922
1.44734,0.455932
1.44734,0.455942
1.44735,0.455952
1.44736,0.455962
1.44737,0.455973
1.44737,0.455983
1.44738,0.455993
1.44739,0.456003
1.44739,0.456013
1.4474,0.456024
1.44741,0.456034
1.44741,0.456044
1.44742,0.456054
1.44743,0.456064
1.44743,0.456075
1.44744,0.456085
1.44745,0.456095
1.44745,0.456105
1.44746,0.456116
1.44747,0.456126
1.44748,0.456136
1.44748,0.456146
1.44749,0.456156
1.4475,0.456167
1.4475,0.456177
1.44751,0.456187
1.44752,0.456197
1.44752,0.456207
1.44753,0.456218
1.44754,0.456228
1.44754,0.456238
1.44755,0.456248
1.44756,0.456258
1.44757,0.456269
1.44757,0.456279
1.44758,0.456289
1.44759,0.456299
1.44759,0.456309
1.4476,0.45632
1.44761,0.45633
1.44761,0.45634
1.44762,0.45635
1.44763,0.45636
1.44763,0.456371
1.44764,0.456381
1.44765,0.456391
1.44765,0.456401
1.44766,0.456411
1.44767,0.456422
1.44768,0.456432
1.44768,0.456442
1.44769,0.456452
1.4477,0.456462
1.4477,0.456473
1.44771,0.456483
1.44772,0.456493
1.44772,0.456503
1.44773,0.456513
1.44774,0.456524
1.44774,0.456534
1.44775,0.456544
1.44776,0.456554
1.44777,0.456564
1.44777,0.456575
1.44778,0.456585
1.44779,0.456595
1.44779,0.456605
1.4478,0.456616
1.44781,0.456626
1.44781,0.456636
1.44782,0.456646
1.44783,0.456656
1.44783,0.456667
1.44784,0.456677
1.44785,0.456687
1.44785,0.456697
1.44786,0.456707
1.44787,0.456718
1.44788,0.456728
1.44788,0.456738
1.44789,0.456748
1.4479,0.456758
1.4479,0.456769
1.44791,0.456779
1.44792,0.456789
1.44792,0.456799
1.44793,0.456809
1.44794,0.45682
1.44794,0.45683
1.44795,0.45684
1.44796,0.45685
1.44797,0.45686
1.44797,0.456871
1.44798,0.456881
1.44799,0.456891
1.44799,0.456901
1.448,0.456911
1.44801,0.456922
1.44801,0.456932
1.44802,0.456942
1.44803,0.456952
1.44803,0.456962
1.44804,0.456973
1.44805,0.456983
1.44805,0.456993
1.44806,0.457003
1.44807,0.457013
1.44808,0.457024
1.44808,0.457034
1.44809,0.457044
1.4481,0.457054
1.4481,0.457064
1.44811,0.457075
1.44812,0.457085
1.44812,0.457095
1.44813,0.457105
1.44814,0.457116
1.44814,0.457126
1.44815,0.457136
1.44816,0.457146
1.44817,0.457156
1.44817,0.457167
1.44818,0.457177
1.44819,0.457187
1.44819,0.457197
1.4482,0.457207
1.44821,0.457218
1.44821,0.457228
1.44822,0.457238
1.44823,0.457248
1.44823,0.457258
1.44824,0.457269
1.44825,0.457279
1.44825,0.457289
1.44826,0.457299
1.44827,0.457309
1.44828,0.45732
1.44828,0.45733
1.44829,0.45734
1.4483,0.45735
1.4483,0.45736
1.44831,0.457371
1.44832,0.457381
1.44832,0.457391
1.44833,0.457401
1.44834,0.457411
1.44834,0.457422
1.44835,0.457432
1.44836,0.457442
1.44837,0.457452
1.44837,0.457462
1.44838,0.457473
1.44839,0.457483
1.44839,0.457493
1.4484,0.457503
1.44841,0.457513
1.44841,0.457524
1.44842,0.457534
1.44843,0.457544
1.44843,0.457554
1.44844,0.457564
1.44845,0.457575
1.44845,0.457585
1.44846,0.457595
1.44847,0.457605
1.44848,0.457616
1.44848,0.457626
1.44849,0.457636
1.4485,0.457646
1.4485,0.457656
1.44851,0.457667
1.44852,0.457677
1.44852,0.457687
1.44853,0.457697
1.44854,0.457707
1.44854,0.457718
1.44855,0.457728
1.44856,0.457738
1.44856,0.457748
1.44857,0.457758
1.44858,0.457769
1.44859,0.457779
1.44859,0.457789
1.4486,0.457799
1.44861,0.457809
1.44861,0.45782
1.44862,0.45783
1.44863,0.45784
1.44863,0.45785
1.44864,0.45786
1.44865,0.457871
1.44865,0.457881
1.44866,0.457891
1.44867,0.457901
1.44868,0.457911
1.44868,0.457922
1.44869,0.457932
1.4487,0.457942
1.4487,0.457952
1.44871,0.457962
1.44872,0.457973
1.44872,0.457983
1.44873,0.457993
1.44874,0.458003
1.44874,0.458013
1.44875,0.458024
1.44876,0.458034
1.44876,0.458044
1.44877,0.458054
1.44878,0.458064
1.44879,0.458075
1.44879,0.458085
1.4488,0.458095
1.44881,0.458105
1.44881,0.458116
1.44882,0.458126
1.44883,0.458136
1.44883,0.458146
1.44884,0.458156
1.44885,0.458167
1.44885,0.458177
1.44886,0.458187
1.44887,0.458197
1.44887,0.458207
1.44888,0.458218
1.44889,0.458228
1.4489,0.458238
1.4489,0.458248
1.44891,0.458258
1.44892,0.458269
1.44892,0.458279
1.44893,0.458289
1.44894,0.458299
1.44894,0.458309
1.44895,0.45832
1.44896,0.45833
1.44896,0.45834
1.44897,0.45835
1.44898,0.45836
1.44899,0.458371
1.44899,0.458381
1.449,0.458391
1.44901,0.458401
1.44901,0.458411
1.44902,0.458422
1.44903,0.458432
1.44903,0.458442
1.44904,0.458452
1.44905,0.458462
1.44905,0.458473
1.44906,0.458483
1.44907,0.458493
1.44907,0.458503
1.44908,0.458513
1.44909,0.458524
1.4491,0.458534
1.4491,0.458544
1.44911,0.458554
1.44912,0.458564
1.44912,0.458575
1.44913,0.458585
1.44914,0.458595
1.44914,0.458605
1.44915,0.458615
1.44916,0.458626
1.44916,0.458636
1.44917,0.458646
1.44918,0.458656
1.44918,0.458667
1.44919,0.458677
1.4492,0.458687
1.44921,0.458697
1.44921,0.458707
1.44922,0.458718
1.44923,0.458728
1.44923,0.458738
1.44924,0.458748
1.44925,0.458758
1.44925,0.458769
1.44926,0.458779
1.44927,0.458789
1.44927,0.458799
1.44928,0.458809
1.44929,0.45882
1.44929,0.45883
1.4493,0.45884
1.44931,0.45885
1.44932,0.45886
1.44932,0.458871
1.44933,0.458881
1.44934,0.458891
1.44934,0.458901
1.44935,0.458911
1.44936,0.458922
1.44936,0.458932
1.44937,0.458942
1.44938,0.458952
1.44938,0.458962
1.44939,0.458973
1.4494,0.458983
1.44941,0.458993
1.44941,0.459003
1.44942,0.459013
1.44943,0.459024
1.44943,0.459034
1.44944,0.459044
1.44945,0.459054
1.44945,0.459064
1.44946,0.459075
1.44947,0.459085
1.44947,0.459095
1.44948,0.459105
1.44949,0.459115
1.44949,0.459126
1.4495,0.459136
1.44951,0.459146
1.44952,0.459156
1.44952,0.459167
1.44953,0.459177
1.44954,0.459187
1.44954,0.459197
1.44955,0.459207
1.44956,0.459218
1.44956,0.459228
1.44957,0.459238
1.44958,0.459248
1.44958,0.459258
1.44959,0.459269
1.4496,0.459279
1.4496,0.459289
1.44961,0.459299
1.44962,0.459309
1.44963,0.45932
1.44963,0.45933
1.44964,0.45934
1.44965,0.45935
1.44965,0.45936
1.44966,0.459371
1.44967,0.459381
1.44967,0.459391
1.44968,0.459401
1.44969,0.459411
1.44969,0.459422
1.4497,0.459432
1.44971,0.459442
1.44971,0.459452
1.44972,0.459462
1.44973,0.459473
1.44974,0.459483
1.44974,0.459493
1.44975,0.459503
1.44976,0.459513
1.44976,0.459524
1.44977,0.459534
1.44978,0.459544
1.44978,0.459554
1.44979,0.459564
1.4498,0.459575
1.4498,0.459585
1.44981,0.459595
1.44982,0.459605
1.44982,0.459615
1.44983,0.459626
1.44984,0.459636
1.44985,0.459646
1.44985,0.459656
1.44986,0.459667
1.44987,0.459677
1.44987,0.459687
1.44988,0.459697
1.44989,0.459707
1.44989,0.459718
1.4499,0.459728
1.44991,0.459738
1.44991,0.459748
1.44992,0.459758
1.44993,0.459769
1.44993,0.459779
1.44994,0.459789
1.44995,0.459799
1.44996,0.459809
1.44996,0.45982
1.44997,0.45983
1.44998,0.45984
1.44998,0.45985
1.44999,0.45986
1.45,0.459871
1.45,0.459881
1.45001,0.459891
1.45002,0.459901
1.45002,0.459911
1.45003,0.459922
1.45004,0.459932
1.45004,0.459942
1.45005,0.459952
1.45006,0.459962
1.45007,0.459973
1.45007,0.459983
1.45008,0.459993
1.45009,0.460003
1.45009,0.460013
1.4501,0.460024
1.45011,0.460034
1.45011,0.460044
1.45012,0.460054
1.45013,0.460064
1.45013,0.460075
1.45014,0.460085
1.45015,0.460095
1.45015,0.460105
1.45016,0.460115
1.45017,0.460126
1.45018,0.460136
1.45018,0.460146
1.45019,0.460156
1.4502,0.460167
1.4502,0.460177
1.45021,0.460187
1.45022,0.460197
1.45022,0.460207
1.45023,0.460218
1.45024,0.460228
1.45024,0.460238
1.45025,0.460248
1.45026,0.460258
1.45027,0.460269
1.45027,0.460279
1.45028,0.460289
1.45029,0.460299
1.45029,0.460309
1.4503,0.46032
1.45031,0.46033
1.45031,0.46034
1.45032,0.46035
1.45033,0.46036
1.45033,0.460371
1.45034,0.460381
1.45035,0.460391
1.45035,0.460401
1.45036,0.460411
1.45037,0.460422
1.45038,0.460432
1.45038,0.460442
1.45039,0.460452
1.4504,0.460462
1.4504,0.460473
1.45041,0.460483
1.45042,0.460493
1.45042,0.460503
1.45043,0.460513
1.45044,0.460524
1.45044,0.460534
1.45045,0.460544
1.45046,0.460554
1.45046,0.460564
1.45047,0.460575
1.45048,0.460585
1.45049,0.460595
1.45049,0.460605
1.4505,0.460615
1.45051,0.460626
1.45051,0.460636
1.45052,0.460646
1.45053,0.460656
1.45053,0.460667
1.45054,0.460677
1.45055,0.460687
1.45055,0.460697
1.45056,0.460707
1.45057,0.460718
1.45057,0.460728
1.45058,0.460738
1.45059,0.460748
1.4506,0.460758
1.4506,0.460769
1.45061,0.460779
1.45062,0.460789
1.45062,0.460799
1.45063,0.460809
1.45064,0.46082
1.45064,0.46083
1.45065,0.46084
1.45066,0.46085
1.45066,0.46086
1.45067,0.460871
1.45068,0.460881
1.45068,0.460891
1.45069,0.460901
1.4507,0.460911
1.4507,0.460922
1.45071,0.460932
1.45072,0.460942
1.45073,0.460952
1.45073,0.460962
1.45074,0.460973
1.45075,0.460983
1.45075,0.460993
1.45076,0.461003
1.45077,0.461013
1.45077,0.461024
1.45078,0.461034
1.45079,0.461044
1.45079,0.461054
1.4508,0.461064
1.45081,0.461075
1.45081,0.461085
1.45082,0.461095
1.45083,0.461105
1.45084,0.461115
1.45084,0.461126
1.45085,0.461136
1.45086,0.461146
1.45086,0.461156
1.45087,0.461166
1.45088,0.461177
1.45088,0.461187
1.45089,0.461197
1.4509,0.461207
1.4509,0.461218
1.45091,0.461228
1.45092,0.461238
1.45092,0.461248
1.45093,0.461258
1.45094,0.461269
1.45095,0.461279
1.45095,0.461289
1.45096,0.461299
1.45097,0.461309
1.45097,0.46132
1.45098,0.46133
1.45099,0.46134
1.45099,0.46135
1.451,0.46136
1.45101,0.461371
1.45101,0.461381
1.45102,0.461391
1.45103,0.461401
1.45103,0.461411
1.45104,0.461422
1.45105,0.461432
1.45106,0.461442
1.45106,0.461452
1.45107,0.461462
1.45108,0.461473
1.45108,0.461483
1.45109,0.461493
1.4511,0.461503
1.4511,0.461513
1.45111,0.461524
1.45112,0.461534
1.45112,0.461544
1.45113,0.461554
1.45114,0.461564
1.45114,0.461575
1.45115,0.461585
1.45116,0.461595
1.45117,0.461605
1.45117,0.461615
1.45118,0.461626
1.45119,0.461636
1.45119,0.461646
1.4512,0.461656
1.45121,0.461666
1.45121,0.461677
1.45122,0.461687
1.45123,0.461697
1.45123,0.461707
1.45124,0.461718
1.45125,0.461728
1.45125,0.461738
1.45126,0.461748
1.45127,0.461758
1.45128,0.461769
1.45128,0.461779
1.45129,0.461789
1.4513,0.461799
1.4513,0.461809
1.45131,0.46182
1.45132,0.46183
1.45132,0.46184
1.45133,0.46185
1.45134,0.46186
1.45134,0.461871
1.45135,0.461881
1.45136,0.461891
1.45136,0.461901
1.45137,0.461911
1.45138,0.461922
1.45139,0.461932
1.45139,0.461942
1.4514,0.461952
1.45141,0.461962
1.45141,0.461973
1.45142,0.461983
1.45143,0.461993
1.45143,0.462003
1.45144,0.462013
1.45145,0.462024
1.45145,0.462034
1.45146,0.462044
1.45147,0.462054
1.45147,0.462064
1.45148,0.462075
1.45149,0.462085
1.45149,0.462095
1.4515,0.462105
1.45151,0.462115
1.45152,0.462126
1.45152,0.462136
1.45153,0.462146
1.45154,0.462156
1.45154,0.462166
1.45155,0.462177
1.45156,0.462187
1.45156,0.462197
1.45157,0.462207
1.45158,0.462218
1.45158,0.462228
1.45159,0.462238
1.4516,0.462248
1.4516,0.462258
1.45161,0.462269
1.45162,0.462279
1.45163,0.462289
1.45163,0.462299
1.45164,0.462309
1.45165,0.46232
1.45165,0.46233
1.45166,0.46234
1.45167,0.46235
1.45167,0.46236
1.45168,0.462371
1.45169,0.462381
1.45169,0.462391
1.4517,0.462401
1.45171,0.462411
1.45171,0.462422
1.45172,0.462432
1.45173,0.462442
1.45174,0.462452
1.45174,0.462462
1.45175,0.462473
1.45176,0.462483
1.45176,0.462493
1.45177,0.462503
1.45178,0.462513
1.45178,0.462524
1.45179,0.462534
1.4518,0.462544
1.4518,0.462554
1.45181,0.462564
1.45182,0.462575
1.45182,0.462585
1.45183,0.462595
1.45184,0.462605
1.45185,0.462615
1.45185,0.462626
1.45186,0.462636
1.45187,0.462646
1.45187,0.462656
1.45188,0.462666
1.45189,0.462677
1.45189,0.462687
1.4519,0.462697
1.45191,0.462707
1.45191,0.462718
1.45192,0.462728
1.45193,0.462738
1.45193,0.462748
1.45194,0.462758
1.45195,0.462769
1.45195,0.462779
1.45196,0.462789
1.45197,0.462799
1.45198,0.462809
1.45198,0.46282
1.45199,0.46283
1.452,0.46284
1.452,0.46285
1.45201,0.46286
1.45202,0.462871
1.45202,0.462881
1.45203,0.462891
1.45204,0.462901
1.45204,0.462911
1.45205,0.462922
1.45206,0.462932
1.45206,0.462942
1.45207,0.462952
1.45208,0.462962
1.45209,0.462973
1.45209,0.462983
1.4521,0.462993
1.45211,0.463003
1.45211,0.463013
1.45212,0.463024
1.45213,0.463034
1.45213,0.463044
1.45214,0.463054
1.45215,0.463064
1.45215,0.463075
1.45216,0.463085
1.45217,0.463095
1.45217,0.463105
1.45218,0.463115
1.45219,0.463126
1.45219,0.463136
1.4522,0.463146
1.45221,0.463156
1.45222,0.463166
1.45222,0.463177
1.45223,0.463187
1.45224,0.463197
1.45224,0.463207
1.45225,0.463218
1.45226,0.463228
1.45226,0.463238
1.45227,0.463248
1.45228,0.463258
1.45228,0.463269
1.45229,0.463279
1.4523,0.463289
1.4523,0.463299
1.45231,0.463309
1.45232,0.46332
1.45233,0.46333
1.45233,0.46334
1.45234,0.46335
1.45235,0.46336
1.45235,0.463371
1.45236,0.463381
1.45237,0.463391
1.45237,0.463401
1.45238,0.463411
1.45239,0.463422
1.45239,0.463432
1.4524,0.463442
1.45241,0.463452
1.45241,0.463462
1.45242,0.463473
1.45243,0.463483
1.45244,0.463493
1.45244,0.463503
1.45245,0.463513
1.45246,0.463524
1.45246,0.463534
1.45247,0.463544
1.45248,0.463554
1.45248,0.463564
1.45249,0.463575
1.4525,0.463585
1.4525,0.463595
1.45251,0.463605
1.45252,0.463615
1.45252,0.463626
1.45253,0.463636
1.45254,0.463646
1.45254,0.463656
1.45255,0.463666
1.45256,0.463677
1.45257,0.463687
1.45257,0.463697
1.45258,0.463707
1.45259,0.463717
1.45259,0.463728
1.4526,0.463738
1.45261,0.463748
1.45261,0.463758
1.45262,0.463769
1.45263,0.463779
1.45263,0.463789
1.45264,0.463799
1.45265,0.463809
1.45265,0.46382
1.45266,0.46383
1.45267,0.46384
1.45268,0.46385
1.45268,0.46386
1.45269,0.463871
1.4527,0.463881
1.4527,0.463891
1.45271,0.463901
1.45272,0.463911
1.45272,0.463922
1.45273,0.463932
1.45274,0.463942
1.45274,0.463952
1.45275,0.463962
1.45276,0.463973
1.45276,0.463983
1.45277,0.463993
1.45278,0.464003
1.45278,0.464013
1.45279,0.464024
1.4528,0.464034
1.45281,0.464044
1.45281,0.464054
1.45282,0.464064
1.45283,0.464075
1.45283,0.464085
1.45284,0.464095
1.45285,0.464105
1.45285,0.464115
1.45286,0.464126
1.45287,0.464136
1.45287,0.464146
1.45288,0.464156
1.45289,0.464166
1.45289,0.464177
1.4529,0.464187
1.45291,0.464197
1.45291,0.464207
1.45292,0.464217
1.45293,0.464228
1.45294,0.464238
1.45294,0.464248
1.45295,0.464258
1.45296,0.464269
1.45296,0.464279
1.45297,0.464289
1.45298,0.464299
1.45298,0.464309
1.45299,0.46432
1.453,0.46433
1.453,0.46434
1.45301,0.46435
1.45302,0.46436
1.45302,0.464371
1.45303,0.464381
1.45304,0.464391
1.45305,0.464401
1.45305,0.464411
1.45306,0.464422
1.45307,0.464432
1.45307,0.464442
1.45308,0.464452
1.45309,0.464462
1.45309,0.464473
1.4531,0.464483
1.45311,0.464493
1.45311,0.464503
1.45312,0.464513
1.45313,0.464524
1.45313,0.464534
1.45314,0.464544
1.45315,0.464554
1.45315,0.464564
1.45316,0.464575
1.45317,0.464585
1.45318,0.464595
1.45318,0.464605
1.45319,0.464615
1.4532,0.464626
1.4532,0.464636
1.45321,0.464646
1.45322,0.464656
1.45322,0.464666
1.45323,0.464677
1.45324,0.464687
1.45324,0.464697
1.45325,0.464707
1.45326,0.464717
1.45326,0.464728
1.45327,0.464738
1.45328,0.464748
1.45329,0.464758
1.45329,0.464769
1.4533,0.464779
1.45331,0.464789
1.45331,0.464799
1.45332,0.464809
1.45333,0.46482
1.45333,0.46483
1.45334,0.46484
1.45335,0.46485
1.45335,0.46486
1.45336,0.464871
1.45337,0.464881
1.45337,0.464891
1.45338,0.464901
1.45339,0.464911
1.45339,0.464922
1.4534,0.464932
1.45341,0.464942
1.45342,0.464952
1.45342,0.464962
1.45343,0.464973
1.45344,0.464983
1.45344,0.464993
1.45345,0.465003
1.45346,0.465013
1.45346,0.465024
1.45347,0.465034
1.45348,0.465044
1.45348,0.465054
1.45349,0.465064
1.4535,0.465075
1.4535,0.465085
1.45351,0.465095
1.45352,0.465105
1.45352,0.465115
1.45353,0.465126
1.45354,0.465136
1.45355,0.465146
1.45355,0.465156
1.45356,0.465166
1.45357,0.465177
1.45357,0.465187
1.45358,0.465197
1.45359,0.465207
1.45359,0.465217
1.4536,0.465228
1.45361,0.465238
1.45361,0.465248
1.45362,0.465258
1.45363,0.465269
1.45363,0.465279
1.45364,0.465289
1.45365,0.465299
1.45365,0.465309
1.45366,0.46532
1.45367,0.46533
1.45368,0.46534
1.45368,0.46535
1.45369,0.46536
1.4537,0.465371
1.4537,0.465381
1.45371,0.465391
1.45372,0.465401
1.45372,0.465411
1.45373,0.465422
1.45374,0.465432
1.45374,0.465442
1.45375,0.465452
1.45376,0.465462
1.45376,0.465473
1.45377,0.465483
1.45378,0.465493
1.45379,0.465503
1.45379,0.465513
1.4538,0.465524
1.45381,0.465534
1.45381,0.465544
1.45382,0.465554
1.45383,0.465564
1.45383,0.465575
1.45384,0.465585
1.45385,0.465595
1.45385,0.465605
1.45386,0.465615
1.45387,0.465626
1.45387,0.465636
1.45388,0.465646
1.45389,0.465656
1.45389,0.465666
1.4539,0.465677
1.45391,0.465687
1.45392,0.465697
1.45392,0.465707
1.45393,0.465717
1.45394,0.465728
1.45394,0.465738
1.45395,0.465748
1.45396,0.465758
1.45396,0.465769
1.45397,0.465779
1.45398,0.465789
1.45398,0.465799
1.45399,0.465809
1.454,0.46582
1.454,0.46583
1.45401,0.46584
1.45402,0.46585
1.45402,0.46586
1.45403,0.465871
1.45404,0.465881
1.45405,0.465891
1.45405,0.465901
1.45406,0.465911
1.45407,0.465922
1.45407,0.465932
1.45408,0.465942
1.45409,0.465952
1.45409,0.465962
1.4541,0.465973
1.45411,0.465983
1.45411,0.465993
1.45412,0.466003
1.45413,0.466013
1.45413,0.466024
1.45414,0.466034
1.45415,0.466044
1.45415,0.466054
1.45416,0.466064
1.45417,0.466075
1.45418,0.466085
1.45418,0.466095
1.45419,0.466105
1.4542,0.466115
1.4542,0.466126
1.45421,0.466136
1.45422,0.466146
1.45422,0.466156
1.45423,0.466166
1.45424,0.466177
1.45424,0.466187
1.45425,0.466197
1.45426,0.466207
1.45426,0.466217
1.45427,0.466228
1.45428,0.466238
1.45428,0.466248
1.45429,0.466258
1.4543,0.466268
1.45431,0.466279
1.45431,0.466289
1.45432,0.466299
1.45433,0.466309
1.45433,0.46632
1.45434,0.46633
1.45435,0.46634
1.45435,0.46635
1.45436,0.46636
1.45437,0.466371
1.45437,0.466381
1.45438,0.466391
1.45439,0.466401
1.45439,0.466411
1.4544,0.466422
1.45441,0.466432
1.45441,0.466442
1.45442,0.466452
1.45443,0.466462
1.45444,0.466473
1.45444,0.466483
1.45445,0.466493
1.45446,0.466503
1.45446,0.466513
1.45447,0.466524
1.45448,0.466534
1.45448,0.466544
1.45449,0.466554
1.4545,0.466564
1.4545,0.466575
1.45451,0.466585
1.45452,0.466595
1.45452,0.466605
1.45453,0.466615
1.45454,0.466626
1.45454,0.466636
1.45455,0.466646
1.45456,0.466656
1.45457,0.466666
1.45457,0.466677
1.45458,0.466687
1.45459,0.466697
1.45459,0.466707
1.4546,0.466717
1.45461,0.466728
1.45461,0.466738
1.45462,0.466748
1.45463,0.466758
1.45463,0.466768
1.45464,0.466779
1.45465,0.466789
1.45465,0.466799
1.45466,0.466809
1.45467,0.46682
1.45467,0.46683
1.45468,0.46684
1.45469,0.46685
1.4547,0.46686
1.4547,0.466871
1.45471,0.466881
1.45472,0.466891
1.45472,0.466901
1.45473,0.466911
1.45474,0.466922
1.45474,0.466932
1.45475,0.466942
1.45476,0.466952
1.45476,0.466962
1.45477,0.466973
1.45478,0.466983
1.45478,0.466993
1.45479,0.467003
1.4548,0.467013
1.4548,0.467024
1.45481,0.467034
1.45482,0.467044
1.45483,0.467054
1.45483,0.467064
1.45484,0.467075
1.45485,0.467085
1.45485,0.467095
1.45486,0.467105
1.45487,0.467115
1.45487,0.467126
1.45488,0.467136
1.45489,0.467146
1.45489,0.467156
1.4549,0.467166
1.45491,0.467177
1.45491,0.467187
1.45492,0.467197
1.45493,0.467207
1.45493,0.467217
1.45494,0.467228
1.45495,0.467238
1.45496,0.467248
1.45496,0.467258
1.45497,0.467268
1.45498,0.467279
1.45498,0.467289
1.45499,0.467299
1.455,0.467309
1.455,0.46732
1.45501,0.46733
1.45502,0.46734
1.45502,0.46735
1.45503,0.46736
1.45504,0.467371
1.45504,0.467381
1.45505,0.467391
1.45506,0.467401
1.45506,0.467411
1.45507,0.467422
1.45508,0.467432
1.45509,0.467442
1.45509,0.467452
1.4551,0.467462
1.45511,0.467473
1.45511,0.467483
1.45512,0.467493
1.45513,0.467503
1.45513,0.467513
1.45514,0.467524
1.45515,0.467534
1.45515,0.467544
1.45516,0.467554
1.45517,0.467564
1.45517,0.467575
1.45518,0.467585
1.45519,0.467595
1.45519,0.467605
1.4552,0.467615
1.45521,0.467626
1.45521,0.467636
1.45522,0.467646
1.45523,0.467656
1.45524,0.467666
1.45524,0.467677
1.45525,0.467687
1.45526,0.467697
1.45526,0.467707
1.45527,0.467717
1.45528,0.467728
1.45528,0.467738
1.45529,0.467748
1.4553,0.467758
1.4553,0.467768
1.45531,0.467779
1.45532,0.467789
1.45532,0.467799
1.45533,0.467809
1.45534,0.46782
1.45534,0.46783
1.45535,0.46784
1.45536,0.46785
1.45537,0.46786
1.45537,0.467871
1.45538,0.467881
1.45539,0.467891
1.45539,0.467901
1.4554,0.467911
1.45541,0.467922
1.45541,0.467932
1.45542,0.467942
1.45543,0.467952
1.45543,0.467962
1.45544,0.467973
1.45545,0.467983
1.45545,0.467993
1.45546,0.468003
1.45547,0.468013
1.45547,0.468024
1.45548,0.468034
1.45549,0.468044
1.4555,0.468054
1.4555,0.468064
1.45551,0.468075
1.45552,0.468085
1.45552,0.468095
1.45553,0.468105
1.45554,0.468115
1.45554,0.468126
1.45555,0.468136
1.45556,0.468146
1.45556,0.468156
1.45557,0.468166
1.45558,0.468177
1.45558,0.468187
1.45559,0.468197
1.4556,0.468207
1.4556,0.468217
1.45561,0.468228
1.45562,0.468238
1.45562,0.468248
1.45563,0.468258
1.45564,0.468268
1.45565,0.468279
1.45565,0.468289
1.45566,0.468299
1.45567,0.468309
1.45567,0.46832
1.45568,0.46833
1.45569,0.46834
1.45569,0.46835
1.4557,0.46836
1.45571,0.468371
1.45571,0.468381
1.45572,0.468391
1.45573,0.468401
1.45573,0.468411
1.45574,0.468422
1.45575,0.468432
1.45575,0.468442
1.45576,0.468452
1.45577,0.468462
1.45578,0.468473
1.45578,0.468483
1.45579,0.468493
1.4558,0.468503
1.4558,0.468513
1.45581,0.468524
1.45582,0.468534
1.45582,0.468544
1.45583,0.468554
1.45584,0.468564
1.45584,0.468575
1.45585,0.468585
1.45586,0.468595
1.45586,0.468605
1.45587,0.468615
1.45588,0.468626
1.45588,0.468636
1.45589,0.468646
1.4559,0.468656
1.45591,0.468666
1.45591,0.468677
1.45592,0.468687
1.45593,0.468697
1.45593,0.468707
1.45594,0.468717
1.45595,0.468728
1.45595,0.468738
1.45596,0.468748
1.45597,0.468758
1.45597,0.468768
1.45598,0.468779
1.45599,0.468789
1.45599,0.468799
1.456,0.468809
1.45601,0.468819
1.45601,0.46883
1.45602,0.46884
1.45603,0.46885
1.45603,0.46886
1.45604,0.468871
1.45605,0.468881
1.45606,0.468891
1.45606,0.468901
1.45607,0.468911
1.45608,0.468922
1.45608,0.468932
1.45609,0.468942
1.4561,0.468952
1.4561,0.468962
1.45611,0.468973
1.45612,0.468983
1.45612,0.468993
1.45613,0.469003
1.45614,0.469013
1.45614,0.469024
1.45615,0.469034
1.45616,0.469044
1.45616,0.469054
1.45617,0.469064
1.45618,0.469075
1.45619,0.469085
1.45619,0.469095
1.4562,0.469105
1.45621,0.469115
1.45621,0.469126
1.45622,0.469136
1.45623,0.469146
1.45623,0.469156
1.45624,0.469166
1.45625,0.469177
1.45625,0.469187
1.45626,0.469197
1.45627,0.469207
1.45627,0.469217
1.45628,0.469228
1.45629,0.469238
1.45629,0.469248
1.4563,0.469258
1.45631,0.469268
1.45631,0.469279
1.45632,0.469289
1.45633,0.469299
1.45634,0.469309
1.45634,0.469319
1.45635,0.46933
1.45636,0.46934
1.45636,0.46935
1.45637,0.46936
1.45638,0.469371
1.45638,0.469381
1.45639,0.469391
1.4564,0.469401
1.4564,0.469411
1.45641,0.469422
1.45642,0.469432
1.45642,0.469442
1.45643,0.469452
1.45644,0.469462
1.45644,0.469473
1.45645,0.469483
1.45646,0.469493
1.45646,0.469503
1.45647,0.469513
1.45648,0.469524
1.45649,0.469534
1.45649,0.469544
1.4565,0.469554
1.45651,0.469564
1.45651,0.469575
1.45652,0.469585
1.45653,0.469595
1.45653,0.469605
1.45654,0.469615
1.45655,0.469626
1.45655,0.469636
1.45656,0.469646
1.45657,0.469656
1.45657,0.469666
1.45658,0.469677
1.45659,0.469687
1.45659,0.469697
1.4566,0.469707
1.45661,0.469717
1.45662,0.469728
1.45662,0.469738
1.45663,0.469748
1.45664,0.469758
1.45664,0.469768
1.45665,0.469779
1.45666,0.469789
1.45666,0.469799
1.45667,0.469809
1.45668,0.469819
1.45668,0.46983
1.45669,0.46984
1.4567,0.46985
1.4567,0.46986
1.45671,0.469871
1.45672,0.469881
1.45672,0.469891
1.45673,0.469901
1.45674,0.469911
1.45674,0.469922
1.45675,0.469932
1.45676,0.469942
1.45677,0.469952
1.45677,0.469962
1.45678,0.469973
1.45679,0.469983
1.45679,0.469993
1.4568,0.470003
1.45681,0.470013
1.45681,0.470024
1.45682,0.470034
1.45683,0.470044
1.45683,0.470054
1.45684,0.470064
1.45685,0.470075
1.45685,0.470085
1.45686,0.470095
1.45687,0.470105
1.45687,0.470115
1.45688,0.470126
1.45689,0.470136
1.45689,0.470146
1.4569,0.470156
1.45691,0.470166
1.45692,0.470177
1.45692,0.470187
1.45693,0.470197
1.45694,0.470207
1.45694,0.470217
1.45695,0.470228
1.45696,0.470238
1.45696,0.470248
1.45697,0.470258
1.45698,0.470268
1.45698,0.470279
1.45699,0.470289
1.457,0.470299
1.457,0.470309
1.45701,0.470319
1.45702,0.47033
1.45702,0.47034
1.45703,0.47035
1.45704,0.47036
1.45704,0.470371
1.45705,0.470381
1.45706,0.470391
1.45707,0.470401
1.45707,0.470411
1.45708,0.470422
1.45709,0.470432
1.45709,0.470442
1.4571,0.470452
1.45711,0.470462
1.45711,0.470473
1.45712,0.470483
1.45713,0.470493
1.45713,0.470503
1.45714,0.470513
1.45715,0.470524
1.45715,0.470534
1.45716,0.470544
1.45717,0.470554
1.45717,0.470564
1.45718,0.470575
1.45719,0.470585
1.4572,0.470595
1.4572,0.470605
1.45721,0.470615
1.45722,0.470626
1.45722,0.470636
1.45723,0.470646
1.45724,0.470656
1.45724,0.470666
1.45725,0.470677
1.45726,0.470687
1.45726,0.470697
1.45727,0.470707
1.45728,0.470717
1.45728,0.470728
1.45729,0.470738
1.4573,0.470748
1.4573,0.470758
1.45731,0.470768
1.45732,0.470779
1.45732,0.470789
1.45733,0.470799
1.45734,0.470809
1.45735,0.470819
1.45735,0.47083
1.45736,0.47084
1.45737,0.47085
1.45737,0.47086
1.45738,0.47087
1.45739,0.470881
1.45739,0.470891
1.4574,0.470901
1.45741,0.470911
1.45741,0.470922
1.45742,0.470932
1.45743,0.470942
1.45743,0.470952
1.45744,0.470962
1.45745,0.470973
1.45745,0.470983
1.45746,0.470993
1.45747,0.471003
1.45747,0.471013
1.45748,0.471024
1.45749,0.471034
1.4575,0.471044
1.4575,0.471054
1.45751,0.471064
1.45752,0.471075
1.45752,0.471085
1.45753,0.471095
1.45754,0.471105
1.45754,0.471115
1.45755,0.471126
1.45756,0.471136
1.45756,0.471146
1.45757,0.471156
1.45758,0.471166
1.45758,0.471177
1.45759,0.471187
1.4576,0.471197
1.4576,0.471207
1.45761,0.471217
1.45762,0.471228
1.45762,0.471238
1.45763,0.471248
1.45764,0.471258
1.45765,0.471268
1.45765,0.471279
1.45766,0.471289
1.45767,0.471299
1.45767,0.471309
1.45768,0.471319
1.45769,0.47133
1.45769,0.47134
1.4577,0.47135
1.45771,0.47136
1.45771,0.47137
1.45772,0.471381
1.45773,0.471391
1.45773,0.471401
1.45774,0.471411
1.45775,0.471422
1.45775,0.471432
1.45776,0.471442
1.45777,0.471452
1.45777,0.471462
1.45778,0.471473
1.45779,0.471483
1.45779,0.471493
1.4578,0.471503
1.45781,0.471513
1.45782,0.471524
1.45782,0.471534
1.45783,0.471544
1.45784,0.471554
1.45784,0.471564
1.45785,0.471575
1.45786,0.471585
1.45786,0.471595
1.45787,0.471605
1.45788,0.471615
1.45788,0.471626
1.45789,0.471636
1.4579,0.471646
1.4579,0.471656
1.45791,0.471666
1.45792,0.471677
1.45792,0.471687
1.45793,0.471697
1.45794,0.471707
1.45794,0.471717
1.45795,0.471728
1.45796,0.471738
1.45797,0.471748
1.45797,0.471758
1.45798,0.471768
1.45799,0.471779
1.45799,0.471789
1.458,0.471799
1.45801,0.471809
1.45801,0.471819
1.45802,0.47183
1.45803,0.47184
1.45803,0.47185
1.45804,0.47186
1.45805,0.47187
1.45805,0.471881
1.45806,0.471891
1.45807,0.471901
1.45807,0.471911
1.45808,0.471922
1.45809,0.471932
1.45809,0.471942
1.4581,0.471952
1.45811,0.471962
1.45812,0.471973
1.45812,0.471983
1.45813,0.471993
1.45814,0.472003
1.45814,0.472013
1.45815,0.472024
1.45816,0.472034
1.45816,0.472044
1.45817,0.472054
1.45818,0.472064
1.45818,0.472075
1.45819,0.472085
1.4582,0.472095
1.4582,0.472105
1.45821,0.472115
1.45822,0.472126
1.45822,0.472136
1.45823,0.472146
1.45824,0.472156
1.45824,0.472166
1.45825,0.472177
1.45826,0.472187
1.45827,0.472197
1.45827,0.472207
1.45828,0.472217
1.45829,0.472228
1.45829,0.472238
1.4583,0.472248
1.45831,0.472258
1.45831,0.472268
1.45832,0.472279
1.45833,0.472289
1.45833,0.472299
1.45834,0.472309
1.45835,0.472319
1.45835,0.47233
1.45836,0.47234
1.45837,0.47235
1.45837,0.47236
1.45838,0.47237
1.45839,0.472381
1.45839,0.472391
1.4584,0.472401
1.45841,0.472411
1.45841,0.472422
1.45842,0.472432
1.45843,0.472442
1.45844,0.472452
1.45844,0.472462
1.45845,0.472473
1.45846,0.472483
1.45846,0.472493
1.45847,0.472503
1.45848,0.472513
1.45848,0.472524
1.45849,0.472534
1.4585,0.472544
1.4585,0.472554
1.45851,0.472564
1.45852,0.472575
1.45852,0.472585
1.45853,0.472595
1.45854,0.472605
1.45854,0.472615
1.45855,0.472626
1.45856,0.472636
1.45856,0.472646
1.45857,0.472656
1.45858,0.472666
1.45859,0.472677
1.45859,0.472687
1.4586,0.472697
1.45861,0.472707
1.45861,0.472717
1.45862,0.472728
1.45863,0.472738
1.45863,0.472748
1.45864,0.472758
1.45865,0.472768
1.45865,0.472779
1.45866,0.472789
1.45867,0.472799
1.45867,0.472809
1.45868,0.472819
1.45869,0.47283
1.45869,0.47284
1.4587,0.47285
1.45871,0.47286
1.45871,0.47287
1.45872,0.472881
1.45873,0.472891
1.45873,0.472901
1.45874,0.472911
1.45875,0.472922
1.45876,0.472932
1.45876,0.472942
1.45877,0.472952
1.45878,0.472962
1.45878,0.472973
1.45879,0.472983
1.4588,0.472993
1.4588,0.473003
1.45881,0.473013
1.45882,0.473024
1.45882,0.473034
1.45883,0.473044
1.45884,0.473054
1.45884,0.473064
1.45885,0.473075
1.45886,0.473085
1.45886,0.473095
1.45887,0.473105
1.45888,0.473115
1.45888,0.473126
1.45889,0.473136
1.4589,0.473146
1.45891,0.473156
1.45891,0.473166
1.45892,0.473177
1.45893,0.473187
1.45893,0.473197
1.45894,0.473207
1.45895,0.473217
1.45895,0.473228
1.45896,0.473238
1.45897,0.473248
1.45897,0.473258
1.45898,0.473268
1.45899,0.473279
1.45899,0.473289
1.459,0.473299
1.45901,0.473309
1.45901,0.473319
1.45902,0.47333
1.45903,0.47334
1.45903,0.47335
1.45904,0.47336
1.45905,0.47337
1.45905,0.473381
1.45906,0.473391
1.45907,0.473401
1.45908,0.473411
1.45908,0.473421
1.45909,0.473432
1.4591,0.473442
1.4591,0.473452
1.45911,0.473462
1.45912,0.473473
1.45912,0.473483
1.45913,0.473493
1.45914,0.473503
1.45914,0.473513
1.45915,0.473524
1.45916,0.473534
1.45916,0.473544
1.45917,0.473554
1.45918,0.473564
1.45918,0.473575
1.45919,0.473585
1.4592,0.473595
1.4592,0.473605
1.45921,0.473615
1.45922,0.473626
1.45922,0.473636
1.45923,0.473646
1.45924,0.473656
1.45925,0.473666
1.45925,0.473677
1.45926,0.473687
1.45927,0.473697
1.45927,0.473707
1.45928,0.473717
1.45929,0.473728
1.45929,0.473738
1.4593,0.473748
1.45931,0.473758
1.45931,0.473768
1.45932,0.473779
1.45933,0.473789
1.45933,0.473799
1.45934,0.473809
1.45935,0.473819
1.45935,0.47383
1.45936,0.47384
1.45937,0.47385
1.45937,0.47386
1.45938,0.47387
1.45939,0.473881
1.4594,0.473891
1.4594,0.473901
1.45941,0.473911
1.45942,0.473921
1.45942,0.473932
1.45943,0.473942
1.45944,0.473952
1.45944,0.473962
1.45945,0.473973
1.45946,0.473983
1.45946,0.473993
1.45947,0.474003
1.45948,0.474013
1.45948,0.474024
1.45949,0.474034
1.4595,0.474044
1.4595,0.474054
1.45951,0.474064
1.45952,0.474075
1.45952,0.474085
1.45953,0.474095
1.45954,0.474105
1.45954,0.474115
1.45955,0.474126
1.45956,0.474136
1.45957,0.474146
1.45957,0.474156
1.45958,0.474166
1.45959,0.474177
1.45959,0.474187
1.4596,0.474197
1.45961,0.474207
1.45961,0.474217
1.45962,0.474228
1.45963,0.474238
1.45963,0.474248
1.45964,0.474258
1.45965,0.474268
1.45965,0.474279
1.45966,0.474289
1.45967,0.474299
1.45967,0.474309
1.45968,0.474319
1.45969,0.47433
1.45969,0.47434
1.4597,0.47435
1.45971,0.47436
1.45971,0.47437
1.45972,0.474381
1.45973,0.474391
1.45974,0.474401
1.45974,0.474411
1.45975,0.474421
1.45976,0.474432
1.45976,0.474442
1.45977,0.474452
1.45978,0.474462
1.45978,0.474473
1.45979,0.474483
1.4598,0.474493
1.4598,0.474503
1.45981,0.474513
1.45982,0.474524
1.45982,0.474534
1.45983,0.474544
1.45984,0.474554
1.45984,0.474564
1.45985,0.474575
1.45986,0.474585
1.45986,0.474595
1.45987,0.474605
1.45988,0.474615
1.45988,0.474626
1.45989,0.474636
1.4599,0.474646
1.45991,0.474656
1.45991,0.474666
1.45992,0.474677
1.45993,0.474687
1.45993,0.474697
1.45994,0.474707
1.45995,0.474717
1.45995,0.474728
1.45996,0.474738
1.45997,0.474748
1.45997,0.474758
1.45998,0.474768
1.45999,0.474779
1.45999,0.474789
1.46,0.474799
1.46001,0.474809
1.46001,0.474819
1.46002,0.47483
1.46003,0.47484
1.46003,0.47485
1.46004,0.47486
1.46005,0.47487
1.46005,0.474881
1.46006,0.474891
1.46007,0.474901
1.46008,0.474911
1.46008,0.474921
1.46009,0.474932
1.4601,0.474942
1.4601,0.474952
1.46011,0.474962
1.46012,0.474973
1.46012,0.474983
1.46013,0.474993
1.46014,0.475003
1.46014,0.475013
1.46015,0.475024
1.46016,0.475034
1.46016,0.475044
1.46017,0.475054
1.46018,0.475064
1.46018,0.475075
1.46019,0.475085
1.4602,0.475095
1.4602,0.475105
1.46021,0.475115
1.46022,0.475126
1.46022,0.475136
1.46023,0.475146
1.46024,0.475156
1.46024,0.475166
1.46025,0.475177
1.46026,0.475187
1.46027,0.475197
1.46027,0.475207
1.46028,0.475217
1.46029,0.475228
1.46029,0.475238
1.4603,0.475248
1.46031,0.475258
1.46031,0.475268
1.46032,0.475279
1.46033,0.475289
1.46033,0.475299
1.46034,0.475309
1.46035,0.475319
1.46035,0.47533
1.46036,0.47534
1.46037,0.47535
1.46037,0.47536
1.46038,0.47537
1.46039,0.475381
1.46039,0.475391
1.4604,0.475401
1.46041,0.475411
1.46041,0.475421
1.46042,0.475432
1.46043,0.475442
1.46044,0.475452
1.46044,0.475462
1.46045,0.475472
1.46046,0.475483
1.46046,0.475493
1.46047,0.475503
1.46048,0.475513
1.46048,0.475524
1.46049,0.475534
1.4605,0.475544
1.4605,0.475554
1.46051,0.475564
1.46052,0.475575
1.46052,0.475585
1.46053,0.475595
1.46054,0.475605
1.46054,0.475615
1.46055,0.475626
1.46056,0.475636
1.46056,0.475646
1.46057,0.475656
1.46058,0.475666
1.46058,0.475677
1.46059,0.475687
1.4606,0.475697
1.46061,0.475707
1.46061,0.475717
1.46062,0.475728
1.46063,0.475738
1.46063,0.475748
1.46064,0.475758
1.46065,0.475768
1.46065,0.475779
1.46066,0.475789
1.46067,0.475799
1.46067,0.475809
1.46068,0.475819
1.46069,0.47583
1.46069,0.47584
1.4607,0.47585
1.46071,0.47586
1.46071,0.47587
1.46072,0.475881
1.46073,0.475891
1.46073,0.475901
1.46074,0.475911
1.46075,0.475921
1.46075,0.475932
1.46076,0.475942
1.46077,0.475952
1.46077,0.475962
1.46078,0.475972
1.46079,0.475983
1.4608,0.475993
1.4608,0.476003
1.46081,0.476013
1.46082,0.476024
1.46082,0.476034
1.46083,0.476044
1.46084,0.476054
1.46084,0.476064
1.46085,0.476075
1.46086,0.476085
1.46086,0.476095
1.46087,0.476105
1.46088,0.476115
1.46088,0.476126
1.46089,0.476136
1.4609,0.476146
1.4609,0.476156
1.46091,0.476166
1.46092,0.476177
1.46092,0.476187
1.46093,0.476197
1.46094,0.476207
1.46094,0.476217
1.46095,0.476228
1.46096,0.476238
1.46096,0.476248
1.46097,0.476258
1.46098,0.476268
1.46099,0.476279
1.46099,0.476289
1.461,0.476299
1.46101,0.476309
1.46101,0.476319
1.46102,0.47633
1.46103,0.47634
1.46103,0.47635
1.46104,0.47636
1.46105,0.47637
1.46105,0.476381
1.46106,0.476391
1.46107,0.476401
1.46107,0.476411
1.46108,0.476421
1.46109,0.476432
1.46109,0.476442
1.4611,0.476452
1.46111,0.476462
1.46111,0.476472
1.46112,0.476483
1.46113,0.476493
1.46113,0.476503
1.46114,0.476513
1.46115,0.476524
1.46116,0.476534
1.46116,0.476544
1.46117,0.476554
1.46118,0.476564
1.46118,0.476575
1.46119,0.476585
1.4612,0.476595
1.4612,0.476605
1.46121,0.476615
1.46122,0.476626
1.46122,0.476636
1.46123,0.476646
1.46124,0.476656
1.46124,0.476666
1.46125,0.476677
1.46126,0.476687
1.46126,0.476697
1.46127,0.476707
1.46128,0.476717
1.46128,0.476728
1.46129,0.476738
1.4613,0.476748
1.4613,0.476758
1.46131,0.476768
1.46132,0.476779
1.46132,0.476789
1.46133,0.476799
1.46134,0.476809
1.46135,0.476819
1.46135,0.47683
1.46136,0.47684
1.46137,0.47685
1.46137,0.47686
1.46138,0.47687
1.46139,0.476881
1.46139,0.476891
1.4614,0.476901
1.46141,0.476911
1.46141,0.476921
1.46142,0.476932
1.46143,0.476942
1.46143,0.476952
1.46144,0.476962
1.46145,0.476972
1.46145,0.476983
1.46146,0.476993
1.46147,0.477003
1.46147,0.477013
1.46148,0.477024
1.46149,0.477034
1.46149,0.477044
1.4615,0.477054
1.46151,0.477064
1.46151,0.477075
1.46152,0.477085
1.46153,0.477095
1.46154,0.477105
1.46154,0.477115
1.46155,0.477126
1.46156,0.477136
1.46156,0.477146
1.46157,0.477156
1.46158,0.477166
1.46158,0.477177
1.46159,0.477187
1.4616,0.477197
1.4616,0.477207
1.46161,0.477217
1.46162,0.477228
1.46162,0.477238
1.46163,0.477248
1.46164,0.477258
1.46164,0.477268
1.46165,0.477279
1.46166,0.477289
1.46166,0.477299
1.46167,0.477309
1.46168,0.477319
1.46168,0.47733
1.46169,0.47734
1.4617,0.47735
1.4617,0.47736
1.46171,0.47737
1.46172,0.477381
1.46173,0.477391
1.46173,0.477401
1.46174,0.477411
1.46175,0.477421
1.46175,0.477432
1.46176,0.477442
1.46177,0.477452
1.46177,0.477462
1.46178,0.477472
1.46179,0.477483
1.46179,0.477493
1.4618,0.477503
1.46181,0.477513
1.46181,0.477523
1.46182,0.477534
1.46183,0.477544
1.46183,0.477554
1.46184,0.477564
1.46185,0.477575
1.46185,0.477585
1.46186,0.477595
1.46187,0.477605
1.46187,0.477615
1.46188,0.477626
1.46189,0.477636
1.46189,0.477646
1.4619,0.477656
1.46191,0.477666
1.46192,0.477677
1.46192,0.477687
1.46193,0.477697
1.46194,0.477707
1.46194,0.477717
1.46195,0.477728
1.46196,0.477738
1.46196,0.477748
1.46197,0.477758
1.46198,0.477768
1.46198,0.477779
1.46199,0.477789
1.462,0.477799
1.462,0.477809
1.46201,0.477819
1.46202,0.47783
1.46202,0.47784
1.46203,0.47785
1.46204,0.47786
1.46204,0.47787
1.46205,0.477881
1.46206,0.477891
1.46206,0.477901
1.46207,0.477911
1.46208,0.477921
1.46208,0.477932
1.46209,0.477942
1.4621,0.477952
1.4621,0.477962
1.46211,0.477972
1.46212,0.477983
1.46213,0.477993
1.46213,0.478003
1.46214,0.478013
1.46215,0.478023
1.46215,0.478034
1.46216,0.478044
1.46217,0.478054
1.46217,0.478064
1.46218,0.478075
1.46219,0.478085
1.46219,0.478095
1.4622,0.478105
1.46221,0.478115
1.46221,0.478126
1.46222,0.478136
1.46223,0.478146
1.46223,0.478156
1.46224,0.478166
1.46225,0.478177
1.46225,0.478187
1.46226,0.478197
1.46227,0.478207
1.46227,0.478217
1.46228,0.478228
1.46229,0.478238
1.46229,0.478248
1.4623,0.478258
1.46231,0.478268
1.46232,0.478279
1.46232,0.478289
1.46233,0.478299
1.46234,0.478309
1.46234,0.478319
1.46235,0.47833
1.46236,0.47834
1.46236,0.47835
1.46237,0.47836
1.46238,0.47837
1.46238,0.478381
1.46239,0.478391
1.4624,0.478401
1.4624,0.478411
1.46241,0.478421
1.46242,0.478432
1.46242,0.478442
1.46243,0.478452
1.46244,0.478462
1.46244,0.478472
1.46245,0.478483
1.46246,0.478493
1.46246,0.478503
1.46247,0.478513
1.46248,0.478523
1.46248,0.478534
1.46249,0.478544
1.4625,0.478554
1.4625,0.478564
1.46251,0.478575
1.46252,0.478585
1.46253,0.478595
1.46253,0.478605
1.46254,0.478615
1.46255,0.478626
1.46255,0.478636
1.46256,0.478646
1.46257,0.478656
1.46257,0.478666
1.46258,0.478677
1.46259,0.478687
1.46259,0.478697
1.4626,0.478707
1.46261,0.478717
1.46261,0.478728
1.46262,0.478738
1.46263,0.478748
1.46263,0.478758
1.46264,0.478768
1.46265,0.478779
1.46265,0.478789
1.46266,0.478799
1.46267,0.478809
1.46267,0.478819
1.46268,0.47883
1.46269,0.47884
1.46269,0.47885
1.4627,0.47886
1.46271,0.47887
1.46272,0.478881
1.46272,0.478891
1.46273,0.478901
1.46274,0.478911
1.46274,0.478921
1.46275,0.478932
1.46276,0.478942
1.46276,0.478952
1.46277,0.478962
1.46278,0.478972
1.46278,0.478983
1.46279,0.478993
1.4628,0.479003
1.4628,0.479013
1.46281,0.479023
1.46282,0.479034
1.46282,0.479044
1.46283,0.479054
1.46284,0.479064
1.46284,0.479075
1.46285,0.479085
1.46286,0.479095
1.46286,0.479105
1.46287,0.479115
1.46288,0.479126
1.46288,0.479136
1.46289,0.479146
1.4629,0.479156
1.4629,0.479166
1.46291,0.479177
1.46292,0.479187
1.46293,0.479197
1.46293,0.479207
1.46294,0.479217
1.46295,0.479228
1.46295,0.479238
1.46296,0.479248
1.46297,0.479258
1.46297,0.479268
1.46298,0.479279
1.46299,0.479289
1.46299,0.479299
1.463,0.479309
1.46301,0.479319
1.46301,0.47933
1.46302,0.47934
1.46303,0.47935
1.46303,0.47936
1.46304,0.47937
1.46305,0.479381
1.46305,0.479391
1.46306,0.479401
1.46307,0.479411
1.46307,0.479421
1.46308,0.479432
1.46309,0.479442
1.46309,0.479452
1.4631,0.479462
1.46311,0.479472
1.46311,0.479483
1.46312,0.479493
1.46313,0.479503
1.46314,0.479513
1.46314,0.479523
1.46315,0.479534
1.46316,0.479544
1.46316,0.479554
1.46317,0.479564
1.46318,0.479575
1.46318,0.479585
1.46319,0.479595
1.4632,0.479605
1.4632,0.479615
1.46321,0.479626
1.46322,0.479636
1.46322,0.479646
1.46323,0.479656
1.46324,0.479666
1.46324,0.479677
1.46325,0.479687
1.46326,0.479697
1.46326,0.479707
1.46327,0.479717
1.46328,0.479728
1.46328,0.479738
1.46329,0.479748
1.4633,0.479758
1.4633,0.479768
1.46331,0.479779
1.46332,0.479789
1.46332,0.479799
1.46333,0.479809
1.46334,0.479819
1.46335,0.47983
1.46335,0.47984
1.46336,0.47985
1.46337,0.47986
1.46337,0.47987
1.46338,0.479881
1.46339,0.479891
1.46339,0.479901
1.4634,0.479911
1.46341,0.479921
1.46341,0.479932
1.46342,0.479942
1.46343,0.479952
1.46343,0.479962
1.46344,0.479972
1.46345,0.479983
1.46345,0.479993
1.46346,0.480003
1.46347,0.480013
1.46347,0.480023
1.46348,0.480034
1.46349,0.480044
1.46349,0.480054
1.4635,0.480064
1.46351,0.480074
1.46351,0.480085
1.46352,0.480095
1.46353,0.480105
1.46353,0.480115
1.46354,0.480126
1.46355,0.480136
1.46355,0.480146
1.46356,0.480156
1.46357,0.480166
1.46358,0.480177
1.46358,0.480187
1.46359,0.480197
1.4636,0.480207
1.4636,0.480217
1.46361,0.480228
1.46362,0.480238
1.46362,0.480248
1.46363,0.480258
1.46364,0.480268
1.46364,0.480279
1.46365,0.480289
1.46366,0.480299
1.46366,0.480309
1.46367,0.480319
1.46368,0.48033
1.46368,0.48034
1.46369,0.48035
1.4637,0.48036
1.4637,0.48037
1.46371,0.480381
1.46372,0.480391
1.46372,0.480401
1.46373,0.480411
1.46374,0.480421
1.46374,0.480432
1.46375,0.480442
1.46376,0.480452
1.46376,0.480462
1.46377,0.480472
1.46378,0.480483
1.46379,0.480493
1.46379,0.480503
1.4638,0.480513
1.46381,0.480523
1.46381,0.480534
1.46382,0.480544
1.46383,0.480554
1.46383,0.480564
1.46384,0.480574
1.46385,0.480585
1.46385,0.480595
1.46386,0.480605
1.46387,0.480615
1.46387,0.480626
1.46388,0.480636
1.46389,0.480646
1.46389,0.480656
1.4639,0.480666
1.46391,0.480677
1.46391,0.480687
1.46392,0.480697
1.46393,0.480707
1.46393,0.480717
1.46394,0.480728
1.46395,0.480738
1.46395,0.480748
1.46396,0.480758
1.46397,0.480768
1.46397,0.480779
1.46398,0.480789
1.46399,0.480799
1.46399,0.480809
1.464,0.480819
1.46401,0.48083
1.46402,0.48084
1.46402,0.48085
1.46403,0.48086
1.46404,0.48087
1.46404,0.480881
1.46405,0.480891
1.46406,0.480901
1.46406,0.480911
1.46407,0.480921
1.46408,0.480932
1.46408,0.480942
1.46409,0.480952
1.4641,0.480962
1.4641,0.480972
1.46411,0.480983
1.46412,0.480993
1.46412,0.481003
1.46413,0.481013
1.46414,0.481023
1.46414,0.481034
1.46415,0.481044
1.46416,0.481054
1.46416,0.481064
1.46417,0.481074
1.46418,0.481085
1.46418,0.481095
1.46419,0.481105
1.4642,0.481115
1.4642,0.481126
1.46421,0.481136
1.46422,0.481146
1.46422,0.481156
1.46423,0.481166
1.46424,0.481177
1.46425,0.481187
1.46425,0.481197
1.46426,0.481207
1.46427,0.481217
1.46427,0.481228
1.46428,0.481238
1.46429,0.481248
1.46429,0.481258
1.4643,0.481268
1.46431,0.481279
1.46431,0.481289
1.46432,0.481299
1.46433,0.481309
1.46433,0.481319
1.46434,0.48133
1.46435,0.48134
1.46435,0.48135
1.46436,0.48136
1.46437,0.48137
1.46437,0.481381
1.46438,0.481391
1.46439,0.481401
1.46439,0.481411
1.4644,0.481421
1.46441,0.481432
1.46441,0.481442
1.46442,0.481452
1.46443,0.481462
1.46443,0.481472
1.46444,0.481483
1.46445,0.481493
1.46445,0.481503
1.46446,0.481513
1.46447,0.481523
1.46448,0.481534
1.46448,0.481544
1.46449,0.481554
1.4645,0.481564
1.4645,0.481574
1.46451,0.481585
1.46452,0.481595
1.46452,0.481605
1.46453,0.481615
1.46454,0.481626
1.46454,0.481636
1.46455,0.481646
1.46456,0.481656
1.46456,0.481666
1.46457,0.481677
1.46458,0.481687
1.46458,0.481697
1.46459,0.481707
1.4646,0.481717
1.4646,0.481728
1.46461,0.481738
1.46462,0.481748
1.46462,0.481758
1.46463,0.481768
1.46464,0.481779
1.46464,0.481789
1.46465,0.481799
1.46466,0.481809
1.46466,0.481819
1.46467,0.48183
1.46468,0.48184
1.46468,0.48185
1.46469,0.48186
1.4647,0.48187
1.46471,0.481881
1.46471,0.481891
1.46472,0.481901
1.46473,0.481911
1.46473,0.481921
1.46474,0.481932
1.46475,0.481942
1.46475,0.481952
1.46476,0.481962
1.46477,0.481972
1.46477,0.481983
1.46478,0.481993
1.46479,0.482003
1.46479,0.482013
1.4648,0.482023
1.46481,0.482034
1.46481,0.482044
1.46482,0.482054
1.46483,0.482064
1.46483,0.482074
1.46484,0.482085
1.46485,0.482095
1.46485,0.482105
1.46486,0.482115
1.46487,0.482125
1.46487,0.482136
1.46488,0.482146
1.46489,0.482156
1.46489,0.482166
1.4649,0.482177
1.46491,0.482187
1.46491,0.482197
1.46492,0.482207
1.46493,0.482217
1.46493,0.482228
1.46494,0.482238
1.46495,0.482248
1.46496,0.482258
1.46496,0.482268
1.46497,0.482279
1.46498,0.482289
1.46498,0.482299
1.46499,0.482309
1.465,0.482319
1.465,0.48233
1.46501,0.48234
1.46502,0.48235
1.46502,0.48236
1.46503,0.48237
1.46504,0.482381
1.46504,0.482391
1.46505,0.482401
1.46506,0.482411
1.46506,0.482421
1.46507,0.482432
1.46508,0.482442
1.46508,0.482452
1.46509,0.482462
1.4651,0.482472
1.4651,0.482483
1.46511,0.482493
1.46512,0.482503
1.46512,0.482513
1.46513,0.482523
1.46514,0.482534
1.46514,0.482544
1.46515,0.482554
1.46516,0.482564
1.46516,0.482574
1.46517,0.482585
1.46518,0.482595
1.46518,0.482605
1.46519,0.482615
1.4652,0.482625
1.46521,0.482636
1.46521,0.482646
1.46522,0.482656
1.46523,0.482666
1.46523,0.482677
1.46524,0.482687
1.46525,0.482697
1.46525,0.482707
1.46526,0.482717
1.46527,0.482728
1.46527,0.482738
1.46528,0.482748
1.46529,0.482758
1.46529,0.482768
1.4653,0.482779
1.46531,0.482789
1.46531,0.482799
1.46532,0.482809
1.46533,0.482819
1.46533,0.48283
1.46534,0.48284
1.46535,0.48285
1.46535,0.48286
1.46536,0.48287
1.46537,0.482881
1.46537,0.482891
1.46538,0.482901
1.46539,0.482911
1.46539,0.482921
1.4654,0.482932
1.46541,0.482942
1.46541,0.482952
1.46542,0.482962
1.46543,0.482972
1.46543,0.482983
1.46544,0.482993
1.46545,0.483003
1.46546,0.483013
1.46546,0.483023
1.46547,0.483034
1.46548,0.483044
1.46548,0.483054
1.46549,0.483064
1.4655,0.483074
1.4655,0.483085
1.46551,0.483095
1.46552,0.483105
1.46552,0.483115
1.46553,0.483125
1.46554,0.483136
1.46554,0.483146
1.46555,0.483156
1.46556,0.483166
1.46556,0.483177
1.46557,0.483187
1.46558,0.483197
1.46558,0.483207
1.46559,0.483217
1.4656,0.483228
1.4656,0.483238
1.46561,0.483248
1.46562,0.483258
1.46562,0.483268
1.46563,0.483279
1.46564,0.483289
1.46564,0.483299
1.46565,0.483309
1.46566,0.483319
1.46566,0.48333
1.46567,0.48334
1.46568,0.48335
1.46568,0.48336
1.46569,0.48337
1.4657,0.483381
1.46571,0.483391
1.46571,0.483401
1.46572,0.483411
1.46573,0.483421
1.46573,0.483432
1.46574,0.483442
1.46575,0.483452
1.46575,0.483462
1.46576,0.483472
1.46577,0.483483
1.46577,0.483493
1.46578,0.483503
1.46579,0.483513
1.46579,0.483523
1.4658,0.483534
1.46581,0.483544
1.46581,0.483554
1.46582,0.483564
1.46583,0.483574
1.46583,0.483585
1.46584,0.483595
1.46585,0.483605
1.46585,0.483615
1.46586,0.483625
1.46587,0.483636
1.46587,0.483646
1.46588,0.483656
1.46589,0.483666
1.46589,0.483677
1.4659,0.483687
1.46591,0.483697
1.46591,0.483707
1.46592,0.483717
1.46593,0.483728
1.46593,0.483738
1.46594,0.483748
1.46595,0.483758
1.46595,0.483768
1.46596,0.483779
1.46597,0.483789
1.46598,0.483799
1.46598,0.483809
1.46599,0.483819
1.466,0.48383
1.466,0.48384
1.46601,0.48385
1.46602,0.48386
1.46602,0.48387
1.46603,0.483881
1.46604,0.483891
1.46604,0.483901
1.46605,0.483911
1.46606,0.483921
1.46606,0.483932
1.46607,0.483942
1.46608,0.483952
1.46608,0.483962
1.46609,0.483972
1.4661,0.483983
1.4661,0.483993
1.46611,0.484003
1.46612,0.484013
1.46612,0.484023
1.46613,0.484034
1.46614,0.484044
1.46614,0.484054
1.46615,0.484064
1.46616,0.484074
1.46616,0.484085
1.46617,0.484095
1.46618,0.484105
1.46618,0.484115
1.46619,0.484125
1.4662,0.484136
1.4662,0.484146
1.46621,0.484156
1.46622,0.484166
1.46622,0.484176
1.46623,0.484187
1.46624,0.484197
1.46625,0.484207
1.46625,0.484217
1.46626,0.484228
1.46627,0.484238
1.46627,0.484248
1.46628,0.484258
1.46629,0.484268
1.46629,0.484279
1.4663,0.484289
1.46631,0.484299
1.46631,0.484309
1.46632,0.484319
1.46633,0.48433
1.46633,0.48434
1.46634,0.48435
1.46635,0.48436
1.46635,0.48437
1.46636,0.484381
1.46637,0.484391
1.46637,0.484401
1.46638,0.484411
1.46639,0.484421
1.46639,0.484432
1.4664,0.484442
1.46641,0.484452
1.46641,0.484462
1.46642,0.484472
1.46643,0.484483
1.46643,0.484493
1.46644,0.484503
1.46645,0.484513
1.46645,0.484523
1.46646,0.484534
1.46647,0.484544
1.46647,0.484554
1.46648,0.484564
1.46649,0.484574
1.46649,0.484585
1.4665,0.484595
1.46651,0.484605
1.46652,0.484615
1.46652,0.484625
1.46653,0.484636
1.46654,0.484646
1.46654,0.484656
1.46655,0.484666
1.46656,0.484676
1.46656,0.484687
1.46657,0.484697
1.46658,0.484707
1.46658,0.484717
1.46659,0.484728
1.4666,0.484738
1.4666,0.484748
1.46661,0.484758
1.46662,0.484768
1.46662,0.484779
1.46663,0.484789
1.46664,0.484799
1.46664,0.484809
1.46665,0.484819
1.46666,0.48483
1.46666,0.48484
1.46667,0.48485
1.46668,0.48486
1.46668,0.48487
1.46669,0.484881
1.4667,0.484891
1.4667,0.484901
1.46671,0.484911
1.46672,0.484921
1.46672,0.484932
1.46673,0.484942
1.46674,0.484952
1.46674,0.484962
1.46675,0.484972
1.46676,0.484983
1.46676,0.484993
1.46677,0.485003
1.46678,0.485013
1.46679,0.485023
1.46679,0.485034
1.4668,0.485044
1.46681,0.485054
1.46681,0.485064
1.46682,0.485074
1.46683,0.485085
1.46683,0.485095
1.46684,0.485105
1.46685,0.485115
1.46685,0.485125
1.46686,0.485136
1.46687,0.485146
1.46687,0.485156
1.46688,0.485166
1.46689,0.485176
1.46689,0.485187
1.4669,0.485197
1.46691,0.485207
1.46691,0.485217
1.46692,0.485228
1.46693,0.485238
1.46693,0.485248
1.46694,0.485258
1.46695,0.485268
1.46695,0.485279
1.46696,0.485289
1.46697,0.485299
1.46697,0.485309
1.46698,0.485319
1.46699,0.48533
1.46699,0.48534
1.467,0.48535
1.46701,0.48536
1.46701,0.48537
1.46702,0.485381
1.46703,0.485391
1.46703,0.485401
1.46704,0.485411
1.46705,0.485421
1.46705,0.485432
1.46706,0.485442
1.46707,0.485452
1.46708,0.485462
1.46708,0.485472
1.46709,0.485483
1.4671,0.485493
1.4671,0.485503
1.46711,0.485513
1.46712,0.485523
1.46712,0.485534
1.46713,0.485544
1.46714,0.485554
1.46714,0.485564
1.46715,0.485574
1.46716,0.485585
1.46716,0.485595
1.46717,0.485605
1.46718,0.485615
1.46718,0.485625
1.46719,0.485636
1.4672,0.485646
1.4672,0.485656
1.46721,0.485666
1.46722,0.485676
1.46722,0.485687
1.46723,0.485697
1.46724,0.485707
1.46724,0.485717
1.46725,0.485728
1.46726,0.485738
1.46726,0.485748
1.46727,0.485758
1.46728,0.485768
1.46728,0.485779
1.46729,0.485789
1.4673,0.485799
1.4673,0.485809
1.46731,0.485819
1.46732,0.48583
1.46732,0.48584
1.46733,0.48585
1.46734,0.48586
1.46734,0.48587
1.46735,0.485881
1.46736,0.485891
1.46736,0.485901
1.46737,0.485911
1.46738,0.485921
1.46739,0.485932
1.46739,0.485942
1.4674,0.485952
1.46741,0.485962
1.46741,0.485972
1.46742,0.485983
1.46743,0.485993
1.46743,0.486003
1.46744,0.486013
1.46745,0.486023
1.46745,0.486034
1.46746,0.486044
1.46747,0.486054
1.46747,0.486064
1.46748,0.486074
1.46749,0.486085
1.46749,0.486095
1.4675,0.486105
1.46751,0.486115
1.46751,0.486125
1.46752,0.486136
1.46753,0.486146
1.46753,0.486156
1.46754,0.486166
1.46755,0.486176
1.46755,0.486187
1.46756,0.486197
1.46757,0.486207
1.46757,0.486217
1.46758,0.486227
1.46759,0.486238
1.46759,0.486248
1.4676,0.486258
1.46761,0.486268
1.46761,0.486279
1.46762,0.486289
1.46763,0.486299
1.46763,0.486309
1.46764,0.486319
1.46765,0.48633
1.46765,0.48634
1.46766,0.48635
1.46767,0.48636
1.46767,0.48637
1.46768,0.486381
1.46769,0.486391
1.4677,0.486401
1.4677,0.486411
1.46771,0.486421
1.46772,0.486432
1.46772,0.486442
1.46773,0.486452
1.46774,0.486462
1.46774,0.486472
1.46775,0.486483
1.46776,0.486493
1.46776,0.486503
1.46777,0.486513
1.46778,0.486523
1.46778,0.486534
1.46779,0.486544
1.4678,0.486554
1.4678,0.486564
1.46781,0.486574
1.46782,0.486585
1.46782,0.486595
1.46783,0.486605
1.46784,0.486615
1.46784,0.486625
1.46785,0.486636
1.46786,0.486646
1.46786,0.486656
1.46787,0.486666
1.46788,0.486676
1.46788,0.486687
1.46789,0.486697
1.4679,0.486707
1.4679,0.486717
1.46791,0.486727
1.46792,0.486738
1.46792,0.486748
1.46793,0.486758
1.46794,0.486768
1.46794,0.486779
1.46795,0.486789
1.46796,0.486799
1.46796,0.486809
1.46797,0.486819
1.46798,0.48683
1.46798,0.48684
1.46799,0.48685
1.468,0.48686
1.46801,0.48687
1.46801,0.486881
1.46802,0.486891
1.46803,0.486901
1.46803,0.486911
1.46804,0.486921
1.46805,0.486932
1.46805,0.486942
1.46806,0.486952
1.46807,0.486962
1.46807,0.486972
1.46808,0.486983
1.46809,0.486993
1.46809,0.487003
1.4681,0.487013
1.46811,0.487023
1.46811,0.487034
1.46812,0.487044
1.46813,0.487054
1.46813,0.487064
1.46814,0.487074
1.46815,0.487085
1.46815,0.487095
1.46816,0.487105
1.46817,0.487115
1.46817,0.487125
1.46818,0.487136
1.46819,0.487146
1.46819,0.487156
1.4682,0.487166
1.46821,0.487176
1.46821,0.487187
1.46822,0.487197
1.46823,0.487207
1.46823,0.487217
1.46824,0.487227
1.46825,0.487238
1.46825,0.487248
1.46826,0.487258
1.46827,0.487268
1.46827,0.487279
1.46828,0.487289
1.46829,0.487299
1.46829,0.487309
1.4683,0.487319
1.46831,0.48733
1.46831,0.48734
1.46832,0.48735
1.46833,0.48736
1.46834,0.48737
1.46834,0.487381
1.46835,0.487391
1.46836,0.487401
1.46836,0.487411
1.46837,0.487421
1.46838,0.487432
1.46838,0.487442
1.46839,0.487452
1.4684,0.487462
1.4684,0.487472
1.46841,0.487483
1.46842,0.487493
1.46842,0.487503
1.46843,0.487513
1.46844,0.487523
1.46844,0.487534
1.46845,0.487544
1.46846,0.487554
1.46846,0.487564
1.46847,0.487574
1.46848,0.487585
1.46848,0.487595
1.46849,0.487605
1.4685,0.487615
1.4685,0.487625
1.46851,0.487636
1.46852,0.487646
1.46852,0.487656
1.46853,0.487666
1.46854,0.487676
1.46854,0.487687
1.46855,0.487697
1.46856,0.487707
1.46856,0.487717
1.46857,0.487727
1.46858,0.487738
1.46858,0.487748
1.46859,0.487758
1.4686,0.487768
1.4686,0.487779
1.46861,0.487789
1.46862,0.487799
1.46862,0.487809
1.46863,0.487819
1.46864,0.48783
1.46864,0.48784
1.46865,0.48785
1.46866,0.48786
1.46866,0.48787
1.46867,0.487881
1.46868,0.487891
1.46869,0.487901
1.46869,0.487911
1.4687,0.487921
1.46871,0.487932
1.46871,0.487942
1.46872,0.487952
1.46873,0.487962
1.46873,0.487972
1.46874,0.487983
1.46875,0.487993
1.46875,0.488003
1.46876,0.488013
1.46877,0.488023
1.46877,0.488034
1.46878,0.488044
1.46879,0.488054
1.46879,0.488064
1.4688,0.488074
1.46881,0.488085
1.46881,0.488095
1.46882,0.488105
1.46883,0.488115
1.46883,0.488125
1.46884,0.488136
1.46885,0.488146
1.46885,0.488156
1.46886,0.488166
1.46887,0.488176
1.46887,0.488187
1.46888,0.488197
1.46889,0.488207
1.46889,0.488217
1.4689,0.488227
1.46891,0.488238
1.46891,0.488248
1.46892,0.488258
1.46893,0.488268
1.46893,0.488278
1.46894,0.488289
1.46895,0.488299
1.46895,0.488309
1.46896,0.488319
1.46897,0.48833
1.46897,0.48834
1.46898,0.48835
1.46899,0.48836
1.46899,0.48837
1.469,0.488381
1.46901,0.488391
1.46901,0.488401
1.46902,0.488411
1.46903,0.488421
1.46904,0.488432
1.46904,0.488442
1.46905,0.488452
1.46906,0.488462
1.46906,0.488472
1.46907,0.488483
1.46908,0.488493
1.46908,0.488503
1.46909,0.488513
1.4691,0.488523
1.4691,0.488534
1.46911,0.488544
1.46912,0.488554
1.46912,0.488564
1.46913,0.488574
1.46914,0.488585
1.46914,0.488595
1.46915,0.488605
1.46916,0.488615
1.46916,0.488625
1.46917,0.488636
1.46918,0.488646
1.46918,0.488656
1.46919,0.488666
1.4692,0.488676
1.4692,0.488687
1.46921,0.488697
1.46922,0.488707
1.46922,0.488717
1.46923,0.488727
1.46924,0.488738
1.46924,0.488748
1.46925,0.488758
1.46926,0.488768
1.46926,0.488778
1.46927,0.488789
1.46928,0.488799
1.46928,0.488809
1.46929,0.488819
1.4693,0.48883
1.4693,0.48884
1.46931,0.48885
1.46932,0.48886
1.46932,0.48887
1.46933,0.488881
1.46934,0.488891
1.46934,0.488901
1.46935,0.488911
1.46936,0.488921
1.46936,0.488932
1.46937,0.488942
1.46938,0.488952
1.46938,0.488962
1.46939,0.488972
1.4694,0.488983
1.4694,0.488993
1.46941,0.489003
1.46942,0.489013
1.46943,0.489023
1.46943,0.489034
1.46944,0.489044
1.46945,0.489054
1.46945,0.489064
1.46946,0.489074
1.46947,0.489085
1.46947,0.489095
1.46948,0.489105
1.46949,0.489115
1.46949,0.489125
1.4695,0.489136
1.46951,0.489146
1.46951,0.489156
1.46952,0.489166
1.46953,0.489176
1.46953,0.489187
1.46954,0.489197
1.46955,0.489207
1.46955,0.489217
1.46956,0.489227
1.46957,0.489238
1.46957,0.489248
1.46958,0.489258
1.46959,0.489268
1.46959,0.489278
1.4696,0.489289
1.46961,0.489299
1.46961,0.489309
1.46962,0.489319
1.46963,0.48933
1.46963,0.48934
1.46964,0.48935
1.46965,0.48936
1.46965,0.48937
1.46966,0.489381
1.46967,0.489391
1.46967,0.489401
1.46968,0.489411
1.46969,0.489421
1.46969,0.489432
1.4697,0.489442
1.46971,0.489452
1.46971,0.489462
1.46972,0.489472
1.46973,0.489483
1.46973,0.489493
1.46974,0.489503
1.46975,0.489513
1.46975,0.489523
1.46976,0.489534
1.46977,0.489544
1.46977,0.489554
1.46978,0.489564
1.46979,0.489574
1.46979,0.489585
1.4698,0.489595
1.46981,0.489605
1.46982,0.489615
1.46982,0.489625
1.46983,0.489636
1.46984,0.489646
1.46984,0.489656
1.46985,0.489666
1.46986,0.489676
1.46986,0.489687
1.46987,0.489697
1.46988,0.489707
1.46988,0.489717
1.46989,0.489727
1.4699,0.489738
1.4699,0.489748
1.46991,0.489758
1.46992,0.489768
1.46992,0.489778
1.46993,0.489789
1.46994,0.489799
1.46994,0.489809
1.46995,0.489819
1.46996,0.48983
1.46996,0.48984
1.46997,0.48985
1.46998,0.48986
1.46998,0.48987
1.46999,0.489881
1.47,0.489891
1.47,0.489901
1.47001,0.489911
1.47002,0.489921
1.47002,0.489932
1.47003,0.489942
1.47004,0.489952
1.47004,0.489962
1.47005,0.489972
1.47006,0.489983
1.47006,0.489993
1.47007,0.490003
1.47008,0.490013
1.47008,0.490023
1.47009,0.490034
1.4701,0.490044
1.4701,0.490054
1.47011,0.490064
1.47012,0.490074
1.47012,0.490085
1.47013,0.490095
1.47014,0.490105
1.47014,0.490115
1.47015,0.490125
1.47016,0.490136
1.47016,0.490146
1.47017,0.490156
1.47018,0.490166
1.47018,0.490176
1.47019,0.490187
1.4702,0.490197
1.4702,0.490207
1.47021,0.490217
1.47022,0.490227
1.47023,0.490238
1.47023,0.490248
1.47024,0.490258
1.47025,0.490268
1.47025,0.490278
1.47026,0.490289
1.47027,0.490299
1.47027,0.490309
1.47028,0.490319
1.47029,0.490329
1.47029,0.49034
1.4703,0.49035
1.47031,0.49036
1.47031,0.49037
1.47032,0.490381
1.47033,0.490391
1.47033,0.490401
1.47034,0.490411
1.47035,0.490421
1.47035,0.490432
1.47036,0.490442
1.47037,0.490452
1.47037,0.490462
1.47038,0.490472
1.47039,0.490483
1.47039,0.490493
1.4704,0.490503
1.47041,0.490513
1.47041,0.490523
1.47042,0.490534
1.47043,0.490544
1.47043,0.490554
1.47044,0.490564
1.47045,0.490574
1.47045,0.490585
1.47046,0.490595
1.47047,0.490605
1.47047,0.490615
1.47048,0.490625
1.47049,0.490636
1.47049,0.490646
1.4705,0.490656
1.47051,0.490666
1.47051,0.490676
1.47052,0.490687
1.47053,0.490697
1.47053,0.490707
1.47054,0.490717
1.47055,0.490727
1.47055,0.490738
1.47056,0.490748
1.47057,0.490758
1.47057,0.490768
1.47058,0.490778
1.47059,0.490789
1.47059,0.490799
1.4706,0.490809
1.47061,0.490819
1.47061,0.490829
1.47062,0.49084
1.47063,0.49085
1.47063,0.49086
1.47064,0.49087
1.47065,0.490881
1.47065,0.490891
1.47066,0.490901
1.47067,0.490911
1.47068,0.490921
1.47068,0.490932
1.47069,0.490942
1.4707,0.490952
1.4707,0.490962
1.47071,0.490972
1.47072,0.490983
1.47072,0.490993
1.47073,0.491003
1.47074,0.491013
1.47074,0.491023
1.47075,0.491034
1.47076,0.491044
1.47076,0.491054
1.47077,0.491064
1.47078,0.491074
1.47078,0.491085
1.47079,0.491095
1.4708,0.491105
1.4708,0.491115
1.47081,0.491125
1.47082,0.491136
1.47082,0.491146
1.47083,0.491156
1.47084,0.491166
1.47084,0.491176
1.47085,0.491187
1.47086,0.491197
1.47086,0.491207
1.47087,0.491217
1.47088,0.491227
1.47088,0.491238
1.47089,0.491248
1.4709,0.491258
1.4709,0.491268
1.47091,0.491278
1.47092,0.491289
1.47092,0.491299
1.47093,0.491309
1.47094,0.491319
1.47094,0.491329
1.47095,0.49134
1.47096,0.49135
1.47096,0.49136
1.47097,0.49137
1.47098,0.491381
1.47098,0.491391
1.47099,0.491401
1.471,0.491411
1.471,0.491421
1.47101,0.491432
1.47102,0.491442
1.47102,0.491452
1.47103,0.491462
1.47104,0.491472
1.47104,0.491483
1.47105,0.491493
1.47106,0.491503
1.47106,0.491513
1.47107,0.491523
1.47108,0.491534
1.47108,0.491544
1.47109,0.491554
1.4711,0.491564
1.4711,0.491574
1.47111,0.491585
1.47112,0.491595
1.47112,0.491605
1.47113,0.491615
1.47114,0.491625
1.47115,0.491636
1.47115,0.491646
1.47116,0.491656
1.47117,0.491666
1.47117,0.491676
1.47118,0.491687
1.47119,0.491697
1.47119,0.491707
1.4712,0.491717
1.47121,0.491727
1.47121,0.491738
1.47122,0.491748
1.47123,0.491758
1.47123,0.491768
1.47124,0.491778
1.47125,0.491789
1.47125,0.491799
1.47126,0.491809
1.47127,0.491819
1.47127,0.491829
1.47128,0.49184
1.47129,0.49185
1.47129,0.49186
1.4713,0.49187
1.47131,0.491881
1.47131,0.491891
1.47132,0.491901
1.47133,0.491911
1.47133,0.491921
1.47134,0.491932
1.47135,0.491942
1.47135,0.491952
1.47136,0.491962
1.47137,0.491972
1.47137,0.491983
1.47138,0.491993
1.47139,0.492003
1.47139,0.492013
1.4714,0.492023
1.47141,0.492034
1.47141,0.492044
1.47142,0.492054
1.47143,0.492064
1.47143,0.492074
1.47144,0.492085
1.47145,0.492095
1.47145,0.492105
1.47146,0.492115
1.47147,0.492125
1.47147,0.492136
1.47148,0.492146
1.47149,0.492156
1.47149,0.492166
1.4715,0.492176
1.47151,0.492187
1.47151,0.492197
1.47152,0.492207
1.47153,0.492217
1.47153,0.492227
1.47154,0.492238
1.47155,0.492248
1.47155,0.492258
1.47156,0.492268
1.47157,0.492278
1.47157,0.492289
1.47158,0.492299
1.47159,0.492309
1.47159,0.492319
1.4716,0.492329
1.47161,0.49234
1.47161,0.49235
1.47162,0.49236
1.47163,0.49237
1.47163,0.49238
1.47164,0.492391
1.47165,0.492401
1.47166,0.492411
1.47166,0.492421
1.47167,0.492432
1.47168,0.492442
1.47168,0.492452
1.47169,0.492462
1.4717,0.492472
1.4717,0.492483
1.47171,0.492493
1.47172,0.492503
1.47172,0.492513
1.47173,0.492523
1.47174,0.492534
1.47174,0.492544
1.47175,0.492554
1.47176,0.492564
1.47176,0.492574
1.47177,0.492585
1.47178,0.492595
1.47178,0.492605
1.47179,0.492615
1.4718,0.492625
1.4718,0.492636
1.47181,0.492646
1.47182,0.492656
1.47182,0.492666
1.47183,0.492676
1.47184,0.492687
1.47184,0.492697
1.47185,0.492707
1.47186,0.492717
1.47186,0.492727
1.47187,0.492738
1.47188,0.492748
1.47188,0.492758
1.47189,0.492768
1.4719,0.492778
1.4719,0.492789
1.47191,0.492799
1.47192,0.492809
1.47192,0.492819
1.47193,0.492829
1.47194,0.49284
1.47194,0.49285
1.47195,0.49286
1.47196,0.49287
1.47196,0.49288
1.47197,0.492891
1.47198,0.492901
1.47198,0.492911
1.47199,0.492921
1.472,0.492932
1.472,0.492942
1.47201,0.492952
1.47202,0.492962
1.47202,0.492972
1.47203,0.492983
1.47204,0.492993
1.47204,0.493003
1.47205,0.493013
1.47206,0.493023
1.47206,0.493034
1.47207,0.493044
1.47208,0.493054
1.47208,0.493064
1.47209,0.493074
1.4721,0.493085
1.4721,0.493095
1.47211,0.493105
1.47212,0.493115
1.47212,0.493125
1.47213,0.493136
1.47214,0.493146
1.47214,0.493156
1.47215,0.493166
1.47216,0.493176
1.47216,0.493187
1.47217,0.493197
1.47218,0.493207
1.47218,0.493217
1.47219,0.493227
1.4722,0.493238
1.4722,0.493248
1.47221,0.493258
1.47222,0.493268
1.47223,0.493278
1.47223,0.493289
1.47224,0.493299
1.47225,0.493309
1.47225,0.493319
1.47226,0.493329
1.47227,0.49334
1.47227,0.49335
1.47228,0.49336
1.47229,0.49337
1.47229,0.49338
1.4723,0.493391
1.47231,0.493401
1.47231,0.493411
1.47232,0.493421
1.47233,0.493432
1.47233,0.493442
1.47234,0.493452
1.47235,0.493462
1.47235,0.493472
1.47236,0.493483
1.47237,0.493493
1.47237,0.493503
1.47238,0.493513
1.47239,0.493523
1.47239,0.493534
1.4724,0.493544
1.47241,0.493554
1.47241,0.493564
1.47242,0.493574
1.47243,0.493585
1.47243,0.493595
1.47244,0.493605
1.47245,0.493615
1.47245,0.493625
1.47246,0.493636
1.47247,0.493646
1.47247,0.493656
1.47248,0.493666
1.47249,0.493676
1.47249,0.493687
1.4725,0.493697
1.47251,0.493707
1.47251,0.493717
1.47252,0.493727
1.47253,0.493738
1.47253,0.493748
1.47254,0.493758
1.47255,0.493768
1.47255,0.493778
1.47256,0.493789
1.47257,0.493799
1.47257,0.493809
1.47258,0.493819
1.47259,0.493829
1.47259,0.49384
1.4726,0.49385
1.47261,0.49386
1.47261,0.49387
1.47262,0.49388
1.47263,0.493891
1.47263,0.493901
1.47264,0.493911
1.47265,0.493921
1.47265,0.493932
1.47266,0.493942
1.47267,0.493952
1.47267,0.493962
1.47268,0.493972
1.47269,0.493983
1.47269,0.493993
1.4727,0.494003
1.47271,0.494013
1.47271,0.494023
1.47272,0.494034
1.47273,0.494044
1.47273,0.494054
1.47274,0.494064
1.47275,0.494074
1.47275,0.494085
1.47276,0.494095
1.47277,0.494105
1.47277,0.494115
1.47278,0.494125
1.47279,0.494136
1.47279,0.494146
1.4728,0.494156
1.47281,0.494166
1.47281,0.494176
1.47282,0.494187
1.47283,0.494197
1.47283,0.494207
1.47284,0.494217
1.47285,0.494227
1.47286,0.494238
1.47286,0.494248
1.47287,0.494258
1.47288,0.494268
1.47288,0.494278
1.47289,0.494289
1.4729,0.494299
1.4729,0.494309
1.47291,0.494319
1.47292,0.494329
1.47292,0.49434
1.47293,0.49435
1.47294,0.49436
1.47294,0.49437
1.47295,0.49438
1.47296,0.494391
1.47296,0.494401
1.47297,0.494411
1.47298,0.494421
1.47298,0.494431
1.47299,0.494442
1.473,0.494452
1.473,0.494462
1.47301,0.494472
1.47302,0.494483
1.47302,0.494493
1.47303,0.494503
1.47304,0.494513
1.47304,0.494523
1.47305,0.494534
1.47306,0.494544
1.47306,0.494554
1.47307,0.494564
1.47308,0.494574
1.47308,0.494585
1.47309,0.494595
1.4731,0.494605
1.4731,0.494615
1.47311,0.494625
1.47312,0.494636
1.47312,0.494646
1.47313,0.494656
1.47314,0.494666
1.47314,0.494676
1.47315,0.494687
1.47316,0.494697
1.47316,0.494707
1.47317,0.494717
1.47318,0.494727
1.47318,0.494738
1.47319,0.494748
1.4732,0.494758
1.4732,0.494768
1.47321,0.494778
1.47322,0.494789
1.47322,0.494799
1.47323,0.494809
1.47324,0.494819
1.47324,0.494829
1.47325,0.49484
1.47326,0.49485
1.47326,0.49486
1.47327,0.49487
1.47328,0.49488
1.47328,0.494891
1.47329,0.494901
1.4733,0.494911
1.4733,0.494921
1.47331,0.494931
1.47332,0.494942
1.47332,0.494952
1.47333,0.494962
1.47334,0.494972
1.47334,0.494983
1.47335,0.494993
1.47336,0.495003
1.47336,0.495013
1.47337,0.495023
1.47338,0.495034
1.47338,0.495044
1.47339,0.495054
1.4734,0.495064
1.4734,0.495074
1.47341,0.495085
1.47342,0.495095
1.47342,0.495105
1.47343,0.495115
1.47344,0.495125
1.47344,0.495136
1.47345,0.495146
1.47346,0.495156
1.47346,0.495166
1.47347,0.495176
1.47348,0.495187
1.47348,0.495197
1.47349,0.495207
1.4735,0.495217
1.4735,0.495227
1.47351,0.495238
1.47352,0.495248
1.47352,0.495258
1.47353,0.495268
1.47354,0.495278
1.47354,0.495289
1.47355,0.495299
1.47356,0.495309
1.47356,0.495319
1.47357,0.495329
1.47358,0.49534
1.47358,0.49535
1.47359,0.49536
1.4736,0.49537
1.47361,0.49538
1.47361,0.495391
1.47362,0.495401
1.47363,0.495411
1.47363,0.495421
1.47364,0.495431
1.47365,0.495442
1.47365,0.495452
1.47366,0.495462
1.47367,0.495472
1.47367,0.495483
1.47368,0.495493
1.47369,0.495503
1.47369,0.495513
1.4737,0.495523
1.47371,0.495534
1.47371,0.495544
1.47372,0.495554
1.47373,0.495564
1.47373,0.495574
1.47374,0.495585
1.47375,0.495595
1.47375,0.495605
1.47376,0.495615
1.47377,0.495625
1.47377,0.495636
1.47378,0.495646
1.47379,0.495656
1.47379,0.495666
1.4738,0.495676
1.47381,0.495687
1.47381,0.495697
1.47382,0.495707
1.47383,0.495717
1.47383,0.495727
1.47384,0.495738
1.47385,0.495748
1.47385,0.495758
1.47386,0.495768
1.47387,0.495778
1.47387,0.495789
1.47388,0.495799
1.47389,0.495809
1.47389,0.495819
1.4739,0.495829
1.47391,0.49584
1.47391,0.49585
1.47392,0.49586
1.47393,0.49587
1.47393,0.49588
1.47394,0.495891
1.47395,0.495901
1.47395,0.495911
1.47396,0.495921
1.47397,0.495931
1.47397,0.495942
1.47398,0.495952
1.47399,0.495962
1.47399,0.495972
1.474,0.495982
1.47401,0.495993
1.47401,0.496003
1.47402,0.496013
1.47403,0.496023
1.47403,0.496034
1.47404,0.496044
1.47405,0.496054
1.47405,0.496064
1.47406,0.496074
1.47407,0.496085
1.47407,0.496095
1.47408,0.496105
1.47409,0.496115
1.47409,0.496125
1.4741,0.496136
1.47411,0.496146
1.47411,0.496156
1.47412,0.496166
1.47413,0.496176
1.47413,0.496187
1.47414,0.496197
1.47415,0.496207
1.47415,0.496217
1.47416,0.496227
1.47417,0.496238
1.47417,0.496248
1.47418,0.496258
1.47419,0.496268
1.47419,0.496278
1.4742,0.496289
1.47421,0.496299
1.47421,0.496309
1.47422,0.496319
1.47423,0.496329
1.47423,0.49634
1.47424,0.49635
1.47425,0.49636
1.47425,0.49637
1.47426,0.49638
1.47427,0.496391
1.47427,0.496401
1.47428,0.496411
1.47429,0.496421
1.47429,0.496431
1.4743,0.496442
1.47431,0.496452
1.47431,0.496462
1.47432,0.496472
1.47433,0.496482
1.47433,0.496493
1.47434,0.496503
1.47435,0.496513
1.47435,0.496523
1.47436,0.496534
1.47437,0.496544
1.47437,0.496554
1.47438,0.496564
1.47439,0.496574
1.47439,0.496585
1.4744,0.496595
1.47441,0.496605
1.47441,0.496615
1.47442,0.496625
1.47443,0.496636
1.47443,0.496646
1.47444,0.496656
1.47445,0.496666
1.47445,0.496676
1.47446,0.496687
1.47447,0.496697
1.47447,0.496707
1.47448,0.496717
1.47449,0.496727
1.47449,0.496738
1.4745,0.496748
1.47451,0.496758
1.47451,0.496768
1.47452,0.496778
1.47453,0.496789
1.47454,0.496799
1.47454,0.496809
1.47455,0.496819
1.47456,0.496829
1.47456,0.49684
1.47457,0.49685
1.47458,0.49686
1.47458,0.49687
1.47459,0.49688
1.4746,0.496891
1.4746,0.496901
1.47461,0.496911
1.47462,0.496921
1.47462,0.496931
1.47463,0.496942
1.47464,0.496952
1.47464,0.496962
1.47465,0.496972
1.47466,0.496982
1.47466,0.496993
1.47467,0.497003
1.47468,0.497013
1.47468,0.497023
1.47469,0.497034
1.4747,0.497044
1.4747,0.497054
1.47471,0.497064
1.47472,0.497074
1.47472,0.497085
1.47473,0.497095
1.47474,0.497105
1.47474,0.497115
1.47475,0.497125
1.47476,0.497136
1.47476,0.497146
1.47477,0.497156
1.47478,0.497166
1.47478,0.497176
1.47479,0.497187
1.4748,0.497197
1.4748,0.497207
1.47481,0.497217
1.47482,0.497227
1.47482,0.497238
1.47483,0.497248
1.47484,0.497258
1.47484,0.497268
1.47485,0.497278
1.47486,0.497289
1.47486,0.497299
1.47487,0.497309
1.47488,0.497319
1.47488,0.497329
1.47489,0.49734
1.4749,0.49735
1.4749,0.49736
1.47491,0.49737
1.47492,0.49738
1.47492,0.497391
1.47493,0.497401
1.47494,0.497411
1.47494,0.497421
1.47495,0.497431
1.47496,0.497442
1.47496,0.497452
1.47497,0.497462
1.47498,0.497472
1.47498,0.497482
1.47499,0.497493
1.475,0.497503
1.475,0.497513
1.47501,0.497523
1.47502,0.497534
1.47502,0.497544
1.47503,0.497554
1.47504,0.497564
1.47504,0.497574
1.47505,0.497585
1.47506,0.497595
1.47506,0.497605
1.47507,0.497615
1.47508,0.497625
1.47508,0.497636
1.47509,0.497646
1.4751,0.497656
1.4751,0.497666
1.47511,0.497676
1.47512,0.497687
1.47512,0.497697
1.47513,0.497707
1.47514,0.497717
1.47514,0.497727
1.47515,0.497738
1.47516,0.497748
1.47516,0.497758
1.47517,0.497768
1.47518,0.497778
1.47518,0.497789
1.47519,0.497799
1.4752,0.497809
1.4752,0.497819
1.47521,0.497829
1.47522,0.49784
1.47522,0.49785
1.47523,0.49786
1.47524,0.49787
1.47524,0.49788
1.47525,0.497891
1.47526,0.497901
1.47526,0.497911
1.47527,0.497921
1.47528,0.497931
1.47528,0.497942
1.47529,0.497952
1.4753,0.497962
1.4753,0.497972
1.47531,0.497982
1.47532,0.497993
1.47532,0.498003
1.47533,0.498013
1.47534,0.498023
1.47534,0.498033
1.47535,0.498044
1.47536,0.498054
1.47536,0.498064
1.47537,0.498074
1.47538,0.498085
1.47538,0.498095
1.47539,0.498105
1.4754,0.498115
1.4754,0.498125
1.47541,0.498136
1.47542,0.498146
1.47542,0.498156
1.47543,0.498166
1.47544,0.498176
1.47544,0.498187
1.47545,0.498197
1.47546,0.498207
1.47546,0.498217
1.47547,0.498227
1.47548,0.498238
1.47548,0.498248
1.47549,0.498258
1.4755,0.498268
1.4755,0.498278
1.47551,0.498289
1.47552,0.498299
1.47552,0.498309
1.47553,0.498319
1.47554,0.498329
1.47554,0.49834
1.47555,0.49835
1.47556,0.49836
1.47556,0.49837
1.47557,0.49838
1.47558,0.498391
1.47558,0.498401
1.47559,0.498411
1.4756,0.498421
1.4756,0.498431
1.47561,0.498442
1.47562,0.498452
1.47562,0.498462
1.47563,0.498472
1.47564,0.498482
1.47564,0.498493
1.47565,0.498503
1.47566,0.498513
1.47566,0.498523
1.47567,0.498533
1.47568,0.498544
1.47568,0.498554
1.47569,0.498564
1.4757,0.498574
1.4757,0.498585
1.47571,0.498595
1.47572,0.498605
1.47572,0.498615
1.47573,0.498625
1.47574,0.498636
1.47574,0.498646
1.47575,0.498656
1.47576,0.498666
1.47576,0.498676
1.47577,0.498687
1.47578,0.498697
1.47578,0.498707
1.47579,0.498717
1.4758,0.498727
1.4758,0.498738
1.47581,0.498748
1.47582,0.498758
1.47582,0.498768
1.47583,0.498778
1.47584,0.498789
1.47584,0.498799
1.47585,0.498809
1.47586,0.498819
1.47586,0.498829
1.47587,0.49884
1.47588,0.49885
1.47588,0.49886
1.47589,0.49887
1.4759,0.49888
1.4759,0.498891
1.47591,0.498901
1.47592,0.498911
1.47592,0.498921
1.47593,0.498931
1.47594,0.498942
1.47594,0.498952
1.47595,0.498962
1.47596,0.498972
1.47596,0.498982
1.47597,0.498993
1.47598,0.499003
1.47598,0.499013
1.47599,0.499023
1.476,0.499033
1.476,0.499044
1.47601,0.499054
1.47602,0.499064
1.47602,0.499074
1.47603,0.499085
1.47604,0.499095
1.47605,0.499105
1.47605,0.499115
1.47606,0.499125
1.47607,0.499136
1.47607,0.499146
1.47608,0.499156
1.47609,0.499166
1.47609,0.499176
1.4761,0.499187
1.47611,0.499197
1.47611,0.499207
1.47612,0.499217
1.47613,0.499227
1.47613,0.499238
1.47614,0.499248
1.47615,0.499258
1.47615,0.499268
1.47616,0.499278
1.47617,0.499289
1.47617,0.499299
1.47618,0.499309
1.47619,0.499319
1.47619,0.499329
1.4762,0.49934
1.47621,0.49935
1.47621,0.49936
1.47622,0.49937
1.47623,0.49938
1.47623,0.499391
1.47624,0.499401
1.47625,0.499411
1.47625,0.499421
1.47626,0.499431
1.47627,0.499442
1.47627,0.499452
1.47628,0.499462
1.47629,0.499472
1.47629,0.499482
1.4763,0.499493
1.47631,0.499503
1.47631,0.499513
1.47632,0.499523
1.47633,0.499533
1.47633,0.499544
1.47634,0.499554
1.47635,0.499564
1.47635,0.499574
1.47636,0.499585
1.47637,0.499595
1.47637,0.499605
1.47638,0.499615
1.47639,0.499625
1.47639,0.499636
1.4764,0.499646
1.47641,0.499656
1.47641,0.499666
1.47642,0.499676
1.47643,0.499687
1.47643,0.499697
1.47644,0.499707
1.47645,0.499717
1.47645,0.499727
1.47646,0.499738
1.47647,0.499748
1.47647,0.499758
1.47648,0.499768
1.47649,0.499778
1.47649,0.499789
1.4765,0.499799
1.47651,0.499809
1.47651,0.499819
1.47652,0.499829
1.47653,0.49984
1.47653,0.49985
1.47654,0.49986
1.47655,0.49987
1.47655,0.49988
1.47656,0.499891
1.47657,0.499901
1.47657,0.499911
1.47658,0.499921
1.47659,0.499931
1.47659,0.499942
1.4766,0.499952
1.47661,0.499962
1.47661,0.499972
1.47662,0.49998
1.47662,0.499988
