f,psd_db,ntf_db
100568,-132.03,-66.22
104160,-122.13,-65.91
107752,-117.03,-65.62
111343,-115.07,-65.33
114935,-118.32,-65.06
118527,-121.91,-64.79
122118,-115.21,-64.53
125710,-116.54,-64.28
129302,-121.78,-64.04
132894,-115.50,-63.80
136485,-118.08,-63.57
140077,-125.80,-63.34
143669,-121.46,-63.12
147260,-129.55,-62.91
150852,-139.33,-62.70
154444,-116.26,-62.50
158036,-118.77,-62.30
161627,-122.69,-62.10
165219,-131.67,-61.91
168811,-132.89,-61.73
172403,-119.19,-61.54
175994,-113.75,-61.36
179586,-113.20,-61.19
183178,-118.88,-61.02
186769,-123.29,-60.85
190361,-112.81,-60.68
193953,-108.91,-60.52
197545,-126.57,-60.36
201136,-123.49,-60.21
204728,-114.92,-60.06
208320,-114.27,-59.91
211911,-113.01,-59.76
215503,-117.63,-59.61
219095,-129.01,-59.47
222687,-122.43,-59.33
226278,-113.92,-59.19
229870,-111.11,-59.05
233462,-118.19,-58.92
237053,-116.31,-58.79
240645,-108.72,-58.66
244237,-110.27,-58.53
247829,-119.19,-58.40
251420,-113.56,-58.28
255012,-124.98,-58.16
258604,-110.38,-58.04
262195,-117.53,-57.92
265787,-115.94,-57.80
269379,-108.93,-57.69
272971,-106.23,-57.57
276562,-115.18,-57.46
280154,-121.42,-57.35
283746,-120.48,-57.24
287338,-110.86,-57.13
290929,-113.42,-57.02
294521,-116.01,-56.92
298113,-116.43,-56.81
301704,-112.91,-56.71
305296,-107.65,-56.61
308888,-104.55,-56.51
312480,-104.97,-56.41
316071,-106.04,-56.31
319663,-105.90,-56.21
323255,-108.58,-56.12
326846,-118.22,-56.02
330438,-107.58,-55.93
334030,-106.95,-55.83
337622,-109.49,-55.74
341213,-111.05,-55.65
344805,-116.56,-55.56
348397,-116.06,-55.47
351988,-113.35,-55.38
355580,-113.94,-55.30
359172,-109.85,-55.21
362764,-105.89,-55.13
366355,-105.95,-55.04
369947,-107.42,-54.96
373539,-109.29,-54.88
377130,-117.99,-54.79
380722,-107.04,-54.71
384314,-102.52,-54.63
387906,-104.42,-54.55
391497,-104.14,-54.47
395089,-105.48,-54.40
398681,-120.07,-54.32
402273,-109.20,-54.24
405864,-108.15,-54.17
409456,-105.93,-54.09
413048,-107.75,-54.02
416639,-107.15,-53.94
420231,-101.07,-53.87
423823,-106.73,-53.80
427415,-125.48,-53.72
431006,-108.80,-53.65
434598,-106.03,-53.58
438190,-103.75,-53.51
441781,-103.63,-53.44
445373,-110.88,-53.37
448965,-106.51,-53.31
452557,-112.71,-53.24
456148,-109.67,-53.17
459740,-111.55,-53.10
463332,-113.95,-53.04
466923,-106.73,-52.97
470515,-104.60,-52.91
474107,-105.55,-52.84
477699,-123.20,-52.78
481290,-109.15,-52.71
484882,-99.00,-52.65
488474,-98.84,-52.59
492065,-102.65,-52.53
495657,-12.08,-52.47
499249,-6.06,-52.40
502841,-12.08,-52.34
506432,-109.17,-52.28
510024,-111.45,-52.22
513616,-110.19,-52.16
517208,-105.25,-52.11
520799,-100.56,-52.05
524391,-99.78,-51.99
527983,-100.90,-51.93
531574,-104.99,-51.87
535166,-127.49,-51.82
538758,-121.85,-51.76
542350,-108.99,-51.71
545941,-109.15,-51.65
549533,-114.98,-51.59
553125,-104.48,-51.54
556716,-102.77,-51.48
560308,-111.04,-51.43
563900,-111.83,-51.38
567492,-109.09,-51.32
571083,-105.75,-51.27
574675,-101.49,-51.22
578267,-101.47,-51.17
581858,-104.00,-51.11
585450,-112.54,-51.06
589042,-115.14,-51.01
592634,-106.31,-50.96
596225,-101.25,-50.91
599817,-101.24,-50.86
603409,-99.58,-50.81
607001,-98.85,-50.76
610592,-109.26,-50.71
614184,-111.48,-50.66
617776,-114.86,-50.61
621367,-105.82,-50.56
624959,-100.55,-50.52
628551,-99.90,-50.47
632143,-103.62,-50.42
635734,-113.48,-50.37
639326,-100.16,-50.33
642918,-101.23,-50.28
646509,-112.98,-50.23
650101,-97.63,-50.19
653693,-97.35,-50.14
657285,-106.40,-50.10
660876,-109.38,-50.05
664468,-97.94,-50.01
668060,-97.26,-49.96
671651,-101.76,-49.92
675243,-110.61,-49.87
678835,-111.80,-49.83
682427,-103.32,-49.78
686018,-102.00,-49.74
689610,-107.14,-49.70
693202,-109.78,-49.66
696793,-118.59,-49.61
700385,-108.75,-49.57
703977,-103.60,-49.53
707569,-99.32,-49.49
711160,-101.98,-49.44
714752,-99.00,-49.40
718344,-103.37,-49.36
721936,-107.29,-49.32
725527,-100.47,-49.28
729119,-96.54,-49.24
732711,-99.34,-49.20
736302,-114.29,-49.16
739894,-104.82,-49.12
743486,-105.98,-49.08
747078,-102.04,-49.04
750669,-101.57,-49.00
754261,-101.05,-48.96
757853,-97.66,-48.92
761444,-98.14,-48.88
765036,-100.01,-48.84
768628,-121.06,-48.81
772220,-110.03,-48.77
775811,-108.47,-48.73
779403,-103.97,-48.69
782995,-101.87,-48.66
786586,-100.87,-48.62
790178,-99.89,-48.58
793770,-100.94,-48.54
797362,-105.36,-48.51
800953,-104.10,-48.47
804545,-106.73,-48.43
808137,-102.73,-48.40
811728,-109.07,-48.36
815320,-107.06,-48.33
818912,-99.41,-48.29
822504,-96.92,-48.26
826095,-97.81,-48.22
829687,-110.04,-48.19
833279,-110.25,-48.15
836871,-115.17,-48.12
840462,-117.47,-48.08
844054,-111.39,-48.05
847646,-103.25,-48.01
851237,-99.53,-47.98
854829,-99.40,-47.94
858421,-106.27,-47.91
862013,-100.94,-47.88
865604,-105.82,-47.84
869196,-102.96,-47.81
872788,-100.99,-47.78
876379,-101.45,-47.74
879971,-100.76,-47.71
883563,-98.20,-47.68
887155,-99.83,-47.65
890746,-101.74,-47.61
894338,-100.22,-47.58
897930,-99.20,-47.55
901521,-95.69,-47.52
905113,-108.78,-47.49
908705,-97.52,-47.45
912297,-94.26,-47.42
915888,-103.93,-47.39
919480,-94.82,-47.36
923072,-99.42,-47.33
926663,-109.11,-47.30
930255,-104.18,-47.27
933847,-100.84,-47.24
937439,-95.70,-47.21
941030,-98.31,-47.18
944622,-107.70,-47.15
948214,-101.74,-47.12
951806,-102.24,-47.09
955397,-112.23,-47.06
958989,-99.21,-47.03
962581,-100.88,-47.00
966172,-103.07,-46.97
969764,-108.22,-46.94
973356,-99.63,-46.91
976948,-99.67,-46.88
980539,-95.73,-46.85
984131,-94.15,-46.82
987723,-95.96,-46.80
991314,-100.84,-46.77
994906,-104.35,-46.74
998498,-107.64,-46.71
1.00209e+06,-108.68,-46.68
1.00568e+06,-107.27,-46.65
1.00927e+06,-103.46,-46.63
1.01286e+06,-98.27,-46.60
1.01646e+06,-96.55,-46.57
1.02005e+06,-98.13,-46.54
1.02364e+06,-104.35,-46.52
1.02723e+06,-116.23,-46.49
1.03082e+06,-104.19,-46.46
1.03442e+06,-95.84,-46.43
1.03801e+06,-93.49,-46.41
1.0416e+06,-93.70,-46.38
1.04519e+06,-96.98,-46.35
1.04878e+06,-99.52,-46.33
1.05237e+06,-97.38,-46.30
1.05597e+06,-99.25,-46.27
1.05956e+06,-95.92,-46.25
1.06315e+06,-102.33,-46.22
1.06674e+06,-118.11,-46.20
1.07033e+06,-107.92,-46.17
1.07392e+06,-96.46,-46.14
1.07752e+06,-98.38,-46.12
1.08111e+06,-94.80,-46.09
1.0847e+06,-100.22,-46.07
1.08829e+06,-99.02,-46.04
1.09188e+06,-97.44,-46.02
1.09547e+06,-97.39,-45.99
1.09907e+06,-100.45,-45.97
1.10266e+06,-100.67,-45.94
1.10625e+06,-98.58,-45.92
1.10984e+06,-100.21,-45.89
1.11343e+06,-97.39,-45.87
1.11702e+06,-97.64,-45.84
1.12062e+06,-108.01,-45.82
1.12421e+06,-106.96,-45.79
1.1278e+06,-109.97,-45.77
1.13139e+06,-102.69,-45.75
1.13498e+06,-94.75,-45.72
1.13857e+06,-94.63,-45.70
1.14217e+06,-97.01,-45.67
1.14576e+06,-104.15,-45.65
1.14935e+06,-98.54,-45.63
1.15294e+06,-106.36,-45.60
1.15653e+06,-99.14,-45.58
1.16013e+06,-94.91,-45.56
1.16372e+06,-95.09,-45.53
1.16731e+06,-99.03,-45.51
1.1709e+06,-97.76,-45.49
1.17449e+06,-94.42,-45.46
1.17808e+06,-98.66,-45.44
1.18168e+06,-94.44,-45.42
1.18527e+06,-99.08,-45.40
1.18886e+06,-103.86,-45.37
1.19245e+06,-96.84,-45.35
1.19604e+06,-98.33,-45.33
1.19963e+06,-100.95,-45.31
1.20323e+06,-108.21,-45.28
1.20682e+06,-102.67,-45.26
1.21041e+06,-101.78,-45.24
1.214e+06,-104.54,-45.22
1.21759e+06,-101.10,-45.19
1.22118e+06,-103.18,-45.17
1.22478e+06,-100.66,-45.15
1.22837e+06,-94.05,-45.13
1.23196e+06,-98.23,-45.11
1.23555e+06,-108.08,-45.09
1.23914e+06,-103.52,-45.06
1.24273e+06,-101.80,-45.04
1.24633e+06,-98.14,-45.02
1.24992e+06,-106.72,-45.00
1.25351e+06,-103.88,-44.98
1.2571e+06,-103.85,-44.96
1.26069e+06,-101.93,-44.94
1.26429e+06,-100.21,-44.92
1.26788e+06,-105.60,-44.90
1.27147e+06,-102.41,-44.88
1.27506e+06,-95.51,-44.86
1.27865e+06,-108.37,-44.83
1.28224e+06,-93.45,-44.81
1.28584e+06,-94.27,-44.79
1.28943e+06,-99.31,-44.77
1.29302e+06,-94.05,-44.75
1.29661e+06,-92.22,-44.73
1.3002e+06,-106.72,-44.71
1.30379e+06,-98.08,-44.69
1.30739e+06,-100.99,-44.67
1.31098e+06,-104.85,-44.65
1.31457e+06,-100.47,-44.63
1.31816e+06,-94.38,-44.61
1.32175e+06,-95.63,-44.59
1.32534e+06,-94.70,-44.57
1.32894e+06,-97.76,-44.55
1.33253e+06,-102.06,-44.54
1.33612e+06,-102.14,-44.52
1.33971e+06,-112.40,-44.50
1.3433e+06,-96.00,-44.48
1.34689e+06,-105.56,-44.46
1.35049e+06,-99.54,-44.44
1.35408e+06,-101.11,-44.42
1.35767e+06,-102.40,-44.40
1.36126e+06,-102.32,-44.38
1.36485e+06,-108.17,-44.36
1.36844e+06,-103.08,-44.35
1.37204e+06,-95.37,-44.33
1.37563e+06,-99.12,-44.31
1.37922e+06,-100.64,-44.29
1.38281e+06,-100.09,-44.27
1.3864e+06,-101.31,-44.25
1.39e+06,-93.17,-44.23
1.39359e+06,-95.21,-44.22
1.39718e+06,-103.15,-44.20
1.40077e+06,-112.37,-44.18
1.40436e+06,-96.53,-44.16
1.40795e+06,-95.67,-44.14
1.41155e+06,-113.86,-44.13
1.41514e+06,-97.50,-44.11
1.41873e+06,-96.12,-44.09
1.42232e+06,-98.11,-44.07
1.42591e+06,-106.98,-44.06
1.4295e+06,-94.70,-44.04
1.4331e+06,-93.44,-44.02
1.43669e+06,-110.22,-44.00
1.44028e+06,-96.83,-43.99
1.44387e+06,-103.13,-43.97
1.44746e+06,-100.58,-43.95
1.45105e+06,-100.74,-43.93
1.45465e+06,-99.50,-43.92
1.45824e+06,-97.25,-43.90
1.46183e+06,-105.98,-43.88
1.46542e+06,-105.19,-43.87
1.46901e+06,-98.57,-43.85
1.4726e+06,-96.21,-43.83
1.4762e+06,-98.74,-43.82
1.47979e+06,-100.19,-43.80
1.48338e+06,-95.37,-43.78
1.48697e+06,-95.15,-43.77
1.49056e+06,-113.28,-43.75
1.49416e+06,-97.63,-43.73
1.49775e+06,-96.12,-43.72
1.50134e+06,-96.17,-43.70
1.50493e+06,-101.45,-43.68
1.50852e+06,-99.17,-43.67
1.51211e+06,-96.33,-43.65
1.51571e+06,-98.56,-43.64
1.5193e+06,-100.16,-43.62
1.52289e+06,-102.11,-43.60
1.52648e+06,-99.10,-43.59
1.53007e+06,-105.11,-43.57
1.53366e+06,-100.12,-43.56
1.53726e+06,-94.30,-43.54
1.54085e+06,-95.15,-43.52
1.54444e+06,-98.31,-43.51
1.54803e+06,-104.99,-43.49
1.55162e+06,-93.60,-43.48
1.55521e+06,-93.55,-43.46
1.55881e+06,-118.78,-43.45
1.5624e+06,-94.00,-43.43
1.56599e+06,-91.24,-43.42
1.56958e+06,-93.07,-43.40
1.57317e+06,-95.88,-43.39
1.57676e+06,-97.12,-43.37
1.58036e+06,-102.70,-43.36
1.58395e+06,-112.28,-43.34
1.58754e+06,-99.14,-43.33
1.59113e+06,-104.00,-43.31
1.59472e+06,-93.00,-43.30
1.59831e+06,-90.44,-43.28
1.60191e+06,-93.93,-43.27
1.6055e+06,-100.38,-43.25
1.60909e+06,-100.96,-43.24
1.61268e+06,-102.87,-43.22
1.61627e+06,-100.61,-43.21
1.61987e+06,-92.67,-43.19
1.62346e+06,-92.29,-43.18
1.62705e+06,-93.39,-43.16
1.63064e+06,-95.06,-43.15
1.63423e+06,-100.90,-43.14
1.63782e+06,-96.95,-43.12
1.64142e+06,-98.63,-43.11
1.64501e+06,-106.17,-43.09
1.6486e+06,-93.67,-43.08
1.65219e+06,-90.54,-43.07
1.65578e+06,-95.80,-43.05
1.65937e+06,-103.69,-43.04
1.66297e+06,-98.41,-43.02
1.66656e+06,-107.96,-43.01
1.67015e+06,-99.15,-43.00
1.67374e+06,-104.07,-42.98
1.67733e+06,-100.69,-42.97
1.68092e+06,-104.80,-42.96
1.68452e+06,-98.96,-42.94
1.68811e+06,-101.75,-42.93
1.6917e+06,-103.19,-42.91
1.69529e+06,-107.82,-42.90
1.69888e+06,-91.69,-42.89
1.70247e+06,-91.38,-42.87
1.70607e+06,-104.49,-42.86
1.70966e+06,-98.38,-42.85
1.71325e+06,-92.69,-42.84
1.71684e+06,-88.92,-42.82
1.72043e+06,-96.34,-42.81
1.72403e+06,-108.58,-42.80
1.72762e+06,-101.08,-42.78
1.73121e+06,-95.76,-42.77
1.7348e+06,-106.00,-42.76
1.73839e+06,-100.25,-42.74
1.74198e+06,-93.31,-42.73
1.74558e+06,-92.10,-42.72
1.74917e+06,-97.06,-42.71
1.75276e+06,-102.34,-42.69
1.75635e+06,-101.99,-42.68
1.75994e+06,-104.99,-42.67
1.76353e+06,-106.59,-42.66
1.76713e+06,-100.30,-42.64
1.77072e+06,-99.30,-42.63
1.77431e+06,-96.96,-42.62
1.7779e+06,-93.59,-42.61
1.78149e+06,-101.37,-42.59
1.78508e+06,-99.01,-42.58
1.78868e+06,-102.75,-42.57
1.79227e+06,-96.29,-42.56
1.79586e+06,-95.99,-42.54
1.79945e+06,-94.00,-42.53
1.80304e+06,-92.25,-42.52
1.80663e+06,-97.19,-42.51
1.81023e+06,-95.88,-42.50
1.81382e+06,-100.87,-42.48
1.81741e+06,-100.81,-42.47
1.821e+06,-99.69,-42.46
1.82459e+06,-96.89,-42.45
1.82818e+06,-97.36,-42.44
1.83178e+06,-93.35,-42.43
1.83537e+06,-99.16,-42.41
1.83896e+06,-99.23,-42.40
1.84255e+06,-109.85,-42.39
1.84614e+06,-96.09,-42.38
1.84974e+06,-91.97,-42.37
1.85333e+06,-95.17,-42.36
1.85692e+06,-98.91,-42.35
1.86051e+06,-107.31,-42.33
1.8641e+06,-110.83,-42.32
1.86769e+06,-99.73,-42.31
1.87129e+06,-94.87,-42.30
1.87488e+06,-93.43,-42.29
1.87847e+06,-96.05,-42.28
1.88206e+06,-95.58,-42.27
1.88565e+06,-96.96,-42.26
1.88924e+06,-105.11,-42.24
1.89284e+06,-95.78,-42.23
1.89643e+06,-100.44,-42.22
1.90002e+06,-105.01,-42.21
1.90361e+06,-92.38,-42.20
1.9072e+06,-91.30,-42.19
1.91079e+06,-92.24,-42.18
1.91439e+06,-106.72,-42.17
1.91798e+06,-97.47,-42.16
1.92157e+06,-98.25,-42.15
1.92516e+06,-103.59,-42.14
1.92875e+06,-105.73,-42.13
1.93234e+06,-100.30,-42.12
1.93594e+06,-100.05,-42.11
1.93953e+06,-97.64,-42.09
1.94312e+06,-93.41,-42.08
1.94671e+06,-97.45,-42.07
1.9503e+06,-98.64,-42.06
1.9539e+06,-93.25,-42.05
1.95749e+06,-97.57,-42.04
1.96108e+06,-101.96,-42.03
1.96467e+06,-104.41,-42.02
1.96826e+06,-94.41,-42.01
1.97185e+06,-103.95,-42.00
1.97545e+06,-103.81,-41.99
1.97904e+06,-103.73,-41.98
1.98263e+06,-104.27,-41.97
1.98622e+06,-96.07,-41.96
1.98981e+06,-95.10,-41.95
1.9934e+06,-98.05,-41.94
1.997e+06,-94.52,-41.93
2.00059e+06,-96.28,-41.92
2.00418e+06,-102.74,-41.91
2.00777e+06,-110.43,-41.90
2.01136e+06,-105.06,-41.89
2.01495e+06,-98.57,-41.88
2.01855e+06,-94.06,-41.87
2.02214e+06,-96.51,-41.86
2.02573e+06,-99.79,-41.86
2.02932e+06,-96.92,-41.85
2.03291e+06,-98.25,-41.84
2.0365e+06,-109.07,-41.83
2.0401e+06,-106.29,-41.82
2.04369e+06,-105.37,-41.81
2.04728e+06,-95.81,-41.80
2.05087e+06,-94.54,-41.79
2.05446e+06,-96.03,-41.78
2.05805e+06,-109.75,-41.77
2.06165e+06,-102.32,-41.76
2.06524e+06,-102.35,-41.75
2.06883e+06,-109.33,-41.74
2.07242e+06,-95.18,-41.73
2.07601e+06,-91.60,-41.73
2.07961e+06,-100.61,-41.72
2.0832e+06,-97.10,-41.71
2.08679e+06,-96.58,-41.70
2.09038e+06,-94.46,-41.69
2.09397e+06,-87.25,-41.68
2.09756e+06,-90.90,-41.67
2.10116e+06,-96.70,-41.66
2.10475e+06,-93.95,-41.65
2.10834e+06,-93.11,-41.65
2.11193e+06,-95.87,-41.64
2.11552e+06,-104.65,-41.63
2.11911e+06,-109.04,-41.62
2.12271e+06,-104.04,-41.61
2.1263e+06,-98.17,-41.60
2.12989e+06,-103.93,-41.59
2.13348e+06,-95.58,-41.59
2.13707e+06,-97.39,-41.58
2.14066e+06,-97.97,-41.57
2.14426e+06,-100.06,-41.56
2.14785e+06,-105.62,-41.55
2.15144e+06,-104.10,-41.54
2.15503e+06,-105.99,-41.53
2.15862e+06,-98.03,-41.53
2.16221e+06,-92.22,-41.52
2.16581e+06,-90.22,-41.51
2.1694e+06,-90.37,-41.50
2.17299e+06,-92.28,-41.49
2.17658e+06,-99.21,-41.49
2.18017e+06,-102.91,-41.48
2.18377e+06,-97.42,-41.47
2.18736e+06,-92.11,-41.46
2.19095e+06,-92.96,-41.45
2.19454e+06,-97.15,-41.45
2.19813e+06,-101.21,-41.44
2.20172e+06,-92.58,-41.43
2.20532e+06,-99.25,-41.42
2.20891e+06,-92.43,-41.41
2.2125e+06,-88.27,-41.41
2.21609e+06,-87.96,-41.40
2.21968e+06,-92.98,-41.39
2.22327e+06,-104.87,-41.38
2.22687e+06,-96.37,-41.38
2.23046e+06,-91.26,-41.37
2.23405e+06,-91.55,-41.36
2.23764e+06,-88.84,-41.35
2.24123e+06,-88.52,-41.35
2.24482e+06,-88.37,-41.34
2.24842e+06,-91.98,-41.33
2.25201e+06,-104.12,-41.32
2.2556e+06,-109.68,-41.32
2.25919e+06,-112.32,-41.31
2.26278e+06,-106.35,-41.30
2.26637e+06,-101.91,-41.29
2.26997e+06,-92.78,-41.29
2.27356e+06,-90.99,-41.28
2.27715e+06,-91.93,-41.27
2.28074e+06,-97.29,-41.27
2.28433e+06,-88.88,-41.26
2.28792e+06,-95.57,-41.25
2.29152e+06,-104.58,-41.24
2.29511e+06,-101.29,-41.24
2.2987e+06,-105.40,-41.23
2.30229e+06,-104.62,-41.22
2.30588e+06,-92.49,-41.22
2.30948e+06,-95.78,-41.21
2.31307e+06,-94.27,-41.20
2.31666e+06,-90.23,-41.20
2.32025e+06,-92.04,-41.19
2.32384e+06,-101.44,-41.18
2.32743e+06,-99.74,-41.17
2.33103e+06,-92.46,-41.17
2.33462e+06,-92.51,-41.16
2.33821e+06,-93.62,-41.15
2.3418e+06,-101.59,-41.15
2.34539e+06,-99.16,-41.14
2.34898e+06,-100.42,-41.13
2.35258e+06,-93.85,-41.13
2.35617e+06,-95.97,-41.12
2.35976e+06,-94.84,-41.12
2.36335e+06,-91.81,-41.11
2.36694e+06,-94.09,-41.10
2.37053e+06,-97.88,-41.10
2.37413e+06,-91.78,-41.09
2.37772e+06,-101.49,-41.08
2.38131e+06,-90.28,-41.08
2.3849e+06,-91.08,-41.07
2.38849e+06,-102.69,-41.06
2.39208e+06,-104.72,-41.06
2.39568e+06,-102.61,-41.05
2.39927e+06,-100.02,-41.05
2.40286e+06,-96.14,-41.04
2.40645e+06,-92.01,-41.03
2.41004e+06,-99.13,-41.03
2.41364e+06,-97.58,-41.02
2.41723e+06,-93.16,-41.02
2.42082e+06,-92.85,-41.01
2.42441e+06,-97.02,-41.00
2.428e+06,-101.41,-41.00
2.43159e+06,-95.90,-40.99
2.43519e+06,-91.79,-40.99
2.43878e+06,-89.79,-40.98
2.44237e+06,-91.38,-40.97
2.44596e+06,-94.36,-40.97
2.44955e+06,-97.08,-40.96
2.45314e+06,-94.35,-40.96
2.45674e+06,-95.59,-40.95
2.46033e+06,-105.43,-40.95
2.46392e+06,-101.25,-40.94
2.46751e+06,-91.35,-40.93
2.4711e+06,-94.22,-40.93
2.47469e+06,-97.10,-40.92
2.47829e+06,-94.17,-40.92
2.48188e+06,-91.50,-40.91
2.48547e+06,-89.66,-40.91
2.48906e+06,-92.35,-40.90
2.49265e+06,-93.69,-40.90
2.49624e+06,-94.76,-40.89
2.49984e+06,-101.99,-40.88
2.50343e+06,-92.54,-40.88
2.50702e+06,-93.53,-40.87
2.51061e+06,-95.24,-40.87
2.5142e+06,-99.02,-40.86
2.51779e+06,-94.40,-40.86
2.52139e+06,-97.38,-40.85
2.52498e+06,-106.46,-40.85
2.52857e+06,-99.42,-40.84
2.53216e+06,-95.03,-40.84
2.53575e+06,-97.20,-40.83
2.53935e+06,-88.99,-40.83
2.54294e+06,-90.13,-40.82
2.54653e+06,-94.69,-40.82
2.55012e+06,-92.08,-40.81
2.55371e+06,-92.32,-40.81
2.5573e+06,-89.96,-40.80
2.5609e+06,-88.75,-40.80
2.56449e+06,-91.56,-40.79
2.56808e+06,-92.64,-40.79
2.57167e+06,-97.49,-40.78
2.57526e+06,-101.90,-40.78
2.57885e+06,-101.16,-40.77
2.58245e+06,-104.83,-40.77
2.58604e+06,-100.65,-40.76
2.58963e+06,-104.26,-40.76
2.59322e+06,-90.64,-40.76
2.59681e+06,-90.65,-40.75
2.6004e+06,-98.77,-40.75
2.604e+06,-100.16,-40.74
2.60759e+06,-94.84,-40.74
2.61118e+06,-100.97,-40.73
2.61477e+06,-91.95,-40.73
2.61836e+06,-98.96,-40.72
2.62195e+06,-95.67,-40.72
2.62555e+06,-93.24,-40.71
2.62914e+06,-93.33,-40.71
2.63273e+06,-94.63,-40.71
2.63632e+06,-106.63,-40.70
2.63991e+06,-92.82,-40.70
2.64351e+06,-95.21,-40.69
2.6471e+06,-94.56,-40.69
2.65069e+06,-93.57,-40.68
2.65428e+06,-96.12,-40.68
2.65787e+06,-102.25,-40.68
2.66146e+06,-100.91,-40.67
2.66506e+06,-94.18,-40.67
2.66865e+06,-88.86,-40.66
2.67224e+06,-89.58,-40.66
2.67583e+06,-94.84,-40.66
2.67942e+06,-101.78,-40.65
2.68301e+06,-99.71,-40.65
2.68661e+06,-103.64,-40.64
2.6902e+06,-94.96,-40.64
2.69379e+06,-101.30,-40.64
2.69738e+06,-96.69,-40.63
2.70097e+06,-92.45,-40.63
2.70456e+06,-95.51,-40.62
2.70816e+06,-98.14,-40.62
2.71175e+06,-96.33,-40.62
2.71534e+06,-100.78,-40.61
2.71893e+06,-98.85,-40.61
2.72252e+06,-97.08,-40.61
2.72611e+06,-93.77,-40.60
2.72971e+06,-95.32,-40.60
2.7333e+06,-102.62,-40.59
2.73689e+06,-112.79,-40.59
2.74048e+06,-91.32,-40.59
2.74407e+06,-88.97,-40.58
2.74767e+06,-94.78,-40.58
2.75126e+06,-99.53,-40.58
2.75485e+06,-95.27,-40.57
2.75844e+06,-99.09,-40.57
2.76203e+06,-115.85,-40.57
2.76562e+06,-93.40,-40.56
2.76922e+06,-95.03,-40.56
2.77281e+06,-94.50,-40.56
2.7764e+06,-89.28,-40.55
2.77999e+06,-89.03,-40.55
2.78358e+06,-91.16,-40.55
2.78717e+06,-86.32,-40.54
2.79077e+06,-89.41,-40.54
2.79436e+06,-95.43,-40.54
2.79795e+06,-98.30,-40.53
2.80154e+06,-91.05,-40.53
2.80513e+06,-98.01,-40.53
2.80872e+06,-105.14,-40.52
2.81232e+06,-95.73,-40.52
2.81591e+06,-92.33,-40.52
2.8195e+06,-94.08,-40.52
2.82309e+06,-98.70,-40.51
2.82668e+06,-96.92,-40.51
2.83027e+06,-94.15,-40.51
2.83387e+06,-91.33,-40.50
2.83746e+06,-87.19,-40.50
2.84105e+06,-93.57,-40.50
2.84464e+06,-92.44,-40.50
2.84823e+06,-93.35,-40.49
2.85182e+06,-104.05,-40.49
2.85542e+06,-102.14,-40.49
2.85901e+06,-95.59,-40.48
2.8626e+06,-93.28,-40.48
2.86619e+06,-99.11,-40.48
2.86978e+06,-95.10,-40.48
2.87338e+06,-97.40,-40.47
2.87697e+06,-98.11,-40.47
2.88056e+06,-88.20,-40.47
2.88415e+06,-93.45,-40.47
2.88774e+06,-94.21,-40.46
2.89133e+06,-89.82,-40.46
2.89493e+06,-89.14,-40.46
2.89852e+06,-91.47,-40.46
2.90211e+06,-89.96,-40.45
2.9057e+06,-93.49,-40.45
2.90929e+06,-99.40,-40.45
2.91288e+06,-104.86,-40.45
2.91648e+06,-96.08,-40.44
2.92007e+06,-93.48,-40.44
2.92366e+06,-95.31,-40.44
2.92725e+06,-94.68,-40.44
2.93084e+06,-92.28,-40.44
2.93443e+06,-98.96,-40.43
2.93803e+06,-96.52,-40.43
2.94162e+06,-96.62,-40.43
2.94521e+06,-104.84,-40.43
2.9488e+06,-106.64,-40.42
2.95239e+06,-96.62,-40.42
2.95598e+06,-93.01,-40.42
2.95958e+06,-92.36,-40.42
2.96317e+06,-90.85,-40.42
2.96676e+06,-91.28,-40.41
2.97035e+06,-90.78,-40.41
2.97394e+06,-95.05,-40.41
2.97754e+06,-95.05,-40.41
2.98113e+06,-87.70,-40.41
2.98472e+06,-89.48,-40.41
2.98831e+06,-96.17,-40.40
2.9919e+06,-91.37,-40.40
2.99549e+06,-93.03,-40.40
2.99909e+06,-107.72,-40.40
3.00268e+06,-94.94,-40.40
3.00627e+06,-98.16,-40.40
3.00986e+06,-92.02,-40.39
3.01345e+06,-92.75,-40.39
3.01704e+06,-90.62,-40.39
3.02064e+06,-90.62,-40.39
3.02423e+06,-97.41,-40.39
3.02782e+06,-98.33,-40.39
3.03141e+06,-98.98,-40.38
3.035e+06,-96.87,-40.38
3.03859e+06,-91.11,-40.38
3.04219e+06,-100.76,-40.38
3.04578e+06,-100.98,-40.38
3.04937e+06,-101.44,-40.38
3.05296e+06,-95.93,-40.38
3.05655e+06,-91.14,-40.37
3.06014e+06,-93.78,-40.37
3.06374e+06,-95.48,-40.37
3.06733e+06,-92.16,-40.37
3.07092e+06,-95.97,-40.37
3.07451e+06,-97.31,-40.37
3.0781e+06,-91.60,-40.37
3.08169e+06,-94.34,-40.37
3.08529e+06,-100.69,-40.36
3.08888e+06,-89.07,-40.36
3.09247e+06,-93.91,-40.36
3.09606e+06,-97.07,-40.36
3.09965e+06,-96.12,-40.36
3.10325e+06,-98.08,-40.36
3.10684e+06,-87.79,-40.36
3.11043e+06,-87.34,-40.36
3.11402e+06,-89.03,-40.36
3.11761e+06,-88.18,-40.36
3.1212e+06,-91.34,-40.36
3.1248e+06,-104.31,-40.35
3.12839e+06,-107.06,-40.35
3.13198e+06,-97.63,-40.35
3.13557e+06,-100.26,-40.35
3.13916e+06,-96.22,-40.35
3.14275e+06,-99.86,-40.35
3.14635e+06,-91.29,-40.35
3.14994e+06,-98.06,-40.35
3.15353e+06,-96.03,-40.35
3.15712e+06,-98.66,-40.35
3.16071e+06,-94.01,-40.35
3.1643e+06,-98.46,-40.35
3.1679e+06,-99.13,-40.35
3.17149e+06,-98.32,-40.35
3.17508e+06,-91.31,-40.35
3.17867e+06,-88.29,-40.35
3.18226e+06,-99.93,-40.34
3.18585e+06,-100.65,-40.34
3.18945e+06,-93.01,-40.34
3.19304e+06,-87.79,-40.34
3.19663e+06,-89.27,-40.34
3.20022e+06,-95.47,-40.34
3.20381e+06,-94.19,-40.34
3.20741e+06,-92.11,-40.34
3.211e+06,-98.01,-40.34
3.21459e+06,-100.79,-40.34
3.21818e+06,-97.04,-40.34
3.22177e+06,-94.55,-40.34
3.22536e+06,-100.12,-40.34
3.22896e+06,-96.31,-40.34
3.23255e+06,-89.75,-40.34
3.23614e+06,-89.17,-40.34
3.23973e+06,-91.29,-40.34
3.24332e+06,-103.66,-40.34
3.24691e+06,-94.43,-40.34
3.25051e+06,-91.96,-40.34
3.2541e+06,-97.01,-40.34
3.25769e+06,-105.51,-40.34
3.26128e+06,-90.37,-40.34
3.26487e+06,-91.44,-40.34
3.26846e+06,-95.18,-40.34
3.27206e+06,-94.56,-40.34
3.27565e+06,-92.32,-40.34
3.27924e+06,-93.74,-40.34
3.28283e+06,-91.18,-40.34
3.28642e+06,-91.48,-40.34
3.29001e+06,-97.95,-40.35
3.29361e+06,-96.63,-40.35
3.2972e+06,-99.42,-40.35
3.30079e+06,-100.16,-40.35
3.30438e+06,-97.72,-40.35
3.30797e+06,-105.44,-40.35
3.31156e+06,-94.67,-40.35
3.31516e+06,-90.91,-40.35
3.31875e+06,-91.72,-40.35
3.32234e+06,-96.86,-40.35
3.32593e+06,-91.67,-40.35
3.32952e+06,-99.50,-40.35
3.33312e+06,-94.61,-40.35
3.33671e+06,-94.98,-40.35
3.3403e+06,-91.05,-40.35
3.34389e+06,-87.17,-40.35
3.34748e+06,-88.72,-40.36
3.35107e+06,-91.87,-40.36
3.35467e+06,-95.01,-40.36
3.35826e+06,-112.39,-40.36
3.36185e+06,-94.13,-40.36
3.36544e+06,-98.46,-40.36
3.36903e+06,-98.53,-40.36
3.37262e+06,-92.08,-40.36
3.37622e+06,-87.74,-40.36
3.37981e+06,-88.31,-40.36
3.3834e+06,-90.95,-40.37
3.38699e+06,-92.01,-40.37
3.39058e+06,-97.81,-40.37
3.39417e+06,-104.97,-40.37
3.39777e+06,-96.49,-40.37
3.40136e+06,-91.17,-40.37
3.40495e+06,-92.78,-40.37
3.40854e+06,-96.43,-40.37
3.41213e+06,-103.86,-40.38
3.41572e+06,-109.01,-40.38
3.41932e+06,-91.63,-40.38
3.42291e+06,-90.02,-40.38
3.4265e+06,-93.41,-40.38
3.43009e+06,-94.15,-40.38
3.43368e+06,-95.94,-40.38
3.43728e+06,-94.73,-40.39
3.44087e+06,-99.67,-40.39
3.44446e+06,-96.96,-40.39
3.44805e+06,-92.72,-40.39
3.45164e+06,-90.60,-40.39
3.45523e+06,-97.44,-40.39
3.45883e+06,-89.35,-40.39
3.46242e+06,-96.82,-40.40
3.46601e+06,-93.48,-40.40
3.4696e+06,-88.98,-40.40
3.47319e+06,-87.12,-40.40
3.47678e+06,-85.78,-40.40
3.48038e+06,-87.27,-40.41
3.48397e+06,-92.82,-40.41
3.48756e+06,-100.62,-40.41
3.49115e+06,-103.96,-40.41
3.49474e+06,-100.47,-40.41
3.49833e+06,-98.56,-40.42
3.50193e+06,-96.15,-40.42
3.50552e+06,-95.88,-40.42
3.50911e+06,-88.84,-40.42
3.5127e+06,-89.45,-40.42
3.51629e+06,-91.05,-40.43
3.51988e+06,-89.18,-40.43
3.52348e+06,-91.04,-40.43
3.52707e+06,-100.91,-40.43
3.53066e+06,-97.43,-40.44
3.53425e+06,-88.79,-40.44
3.53784e+06,-88.63,-40.44
3.54143e+06,-93.99,-40.44
3.54503e+06,-92.36,-40.44
3.54862e+06,-89.18,-40.45
3.55221e+06,-88.45,-40.45
3.5558e+06,-101.51,-40.45
3.55939e+06,-94.52,-40.45
3.56299e+06,-97.43,-40.46
3.56658e+06,-104.43,-40.46
3.57017e+06,-95.85,-40.46
3.57376e+06,-94.57,-40.47
3.57735e+06,-98.58,-40.47
3.58094e+06,-87.39,-40.47
3.58454e+06,-90.03,-40.47
3.58813e+06,-95.08,-40.48
3.59172e+06,-96.08,-40.48
3.59531e+06,-96.22,-40.48
3.5989e+06,-98.27,-40.48
3.60249e+06,-130.93,-40.49
3.60609e+06,-97.57,-40.49
3.60968e+06,-92.12,-40.49
3.61327e+06,-91.78,-40.50
3.61686e+06,-100.50,-40.50
3.62045e+06,-101.09,-40.50
3.62404e+06,-95.61,-40.51
3.62764e+06,-97.91,-40.51
3.63123e+06,-93.97,-40.51
3.63482e+06,-97.27,-40.52
3.63841e+06,-95.09,-40.52
3.642e+06,-102.32,-40.52
3.64559e+06,-115.81,-40.53
3.64919e+06,-102.76,-40.53
3.65278e+06,-91.02,-40.53
3.65637e+06,-89.20,-40.54
3.65996e+06,-99.03,-40.54
3.66355e+06,-103.98,-40.54
3.66715e+06,-102.62,-40.55
3.67074e+06,-95.38,-40.55
3.67433e+06,-97.02,-40.55
3.67792e+06,-99.42,-40.56
3.68151e+06,-95.45,-40.56
3.6851e+06,-106.28,-40.56
3.6887e+06,-99.48,-40.57
3.69229e+06,-99.05,-40.57
3.69588e+06,-106.45,-40.57
3.69947e+06,-101.44,-40.58
3.70306e+06,-95.69,-40.58
3.70665e+06,-102.67,-40.59
3.71025e+06,-90.83,-40.59
3.71384e+06,-89.73,-40.59
3.71743e+06,-105.63,-40.60
3.72102e+06,-87.63,-40.60
3.72461e+06,-89.34,-40.61
3.7282e+06,-91.61,-40.61
3.7318e+06,-108.75,-40.61
3.73539e+06,-93.26,-40.62
3.73898e+06,-103.60,-40.62
3.74257e+06,-97.54,-40.63
3.74616e+06,-96.98,-40.63
3.74975e+06,-100.32,-40.64
3.75335e+06,-99.73,-40.64
3.75694e+06,-116.20,-40.64
3.76053e+06,-100.59,-40.65
3.76412e+06,-99.42,-40.65
3.76771e+06,-98.78,-40.66
3.7713e+06,-90.05,-40.66
3.7749e+06,-91.89,-40.67
3.77849e+06,-91.88,-40.67
3.78208e+06,-92.21,-40.68
3.78567e+06,-94.43,-40.68
3.78926e+06,-103.18,-40.68
3.79286e+06,-97.83,-40.69
3.79645e+06,-93.29,-40.69
3.80004e+06,-94.08,-40.70
3.80363e+06,-95.28,-40.70
3.80722e+06,-101.68,-40.71
3.81081e+06,-96.51,-40.71
3.81441e+06,-93.28,-40.72
3.818e+06,-104.09,-40.72
3.82159e+06,-97.79,-40.73
3.82518e+06,-94.04,-40.73
3.82877e+06,-92.83,-40.74
3.83236e+06,-112.72,-40.74
3.83596e+06,-96.24,-40.75
3.83955e+06,-108.61,-40.75
3.84314e+06,-96.27,-40.76
3.84673e+06,-95.13,-40.76
3.85032e+06,-99.87,-40.77
3.85391e+06,-95.27,-40.78
3.85751e+06,-95.28,-40.78
3.8611e+06,-102.08,-40.79
3.86469e+06,-105.50,-40.79
3.86828e+06,-98.10,-40.80
3.87187e+06,-91.09,-40.80
3.87546e+06,-95.64,-40.81
3.87906e+06,-91.94,-40.81
3.88265e+06,-90.41,-40.82
3.88624e+06,-91.38,-40.82
3.88983e+06,-87.92,-40.83
3.89342e+06,-89.98,-40.84
3.89702e+06,-105.73,-40.84
3.90061e+06,-94.08,-40.85
3.9042e+06,-97.95,-40.85
3.90779e+06,-96.34,-40.86
3.91138e+06,-96.79,-40.87
3.91497e+06,-99.52,-40.87
3.91857e+06,-88.54,-40.88
3.92216e+06,-91.01,-40.88
3.92575e+06,-96.73,-40.89
3.92934e+06,-98.23,-40.90
3.93293e+06,-90.57,-40.90
3.93652e+06,-98.71,-40.91
3.94012e+06,-98.14,-40.92
3.94371e+06,-96.08,-40.92
3.9473e+06,-98.19,-40.93
3.95089e+06,-96.84,-40.93
3.95448e+06,-89.73,-40.94
3.95807e+06,-89.89,-40.95
3.96167e+06,-95.15,-40.95
3.96526e+06,-100.68,-40.96
3.96885e+06,-97.75,-40.97
3.97244e+06,-105.16,-40.97
3.97603e+06,-94.27,-40.98
3.97962e+06,-97.69,-40.99
3.98322e+06,-95.13,-40.99
3.98681e+06,-95.73,-41.00
3.9904e+06,-93.55,-41.01
3.99399e+06,-95.12,-41.01
3.99758e+06,-91.98,-41.02
4.00117e+06,-101.59,-41.03
4.00477e+06,-91.47,-41.04
4.00836e+06,-93.04,-41.04
4.01195e+06,-104.57,-41.05
4.01554e+06,-99.84,-41.06
4.01913e+06,-91.96,-41.06
4.02273e+06,-92.06,-41.07
4.02632e+06,-96.18,-41.08
4.02991e+06,-97.22,-41.09
4.0335e+06,-94.95,-41.09
4.03709e+06,-96.98,-41.10
4.04068e+06,-91.67,-41.11
4.04428e+06,-94.74,-41.12
4.04787e+06,-103.70,-41.12
4.05146e+06,-99.02,-41.13
4.05505e+06,-93.28,-41.14
4.05864e+06,-93.28,-41.15
4.06223e+06,-97.97,-41.16
4.06583e+06,-105.63,-41.16
4.06942e+06,-95.76,-41.17
4.07301e+06,-99.08,-41.18
4.0766e+06,-109.00,-41.19
4.08019e+06,-100.00,-41.20
4.08378e+06,-101.42,-41.20
4.08738e+06,-98.47,-41.21
4.09097e+06,-98.54,-41.22
4.09456e+06,-91.82,-41.23
4.09815e+06,-86.39,-41.24
4.10174e+06,-87.62,-41.24
4.10533e+06,-90.94,-41.25
4.10893e+06,-96.25,-41.26
4.11252e+06,-108.20,-41.27
4.11611e+06,-103.39,-41.28
4.1197e+06,-93.64,-41.29
4.12329e+06,-91.75,-41.30
4.12689e+06,-92.50,-41.30
4.13048e+06,-93.48,-41.31
4.13407e+06,-107.13,-41.32
4.13766e+06,-93.92,-41.33
4.14125e+06,-94.41,-41.34
4.14484e+06,-105.02,-41.35
4.14844e+06,-102.53,-41.36
4.15203e+06,-101.97,-41.37
4.15562e+06,-91.88,-41.38
4.15921e+06,-90.42,-41.39
4.1628e+06,-95.04,-41.39
4.16639e+06,-100.56,-41.40
4.16999e+06,-107.05,-41.41
4.17358e+06,-97.11,-41.42
4.17717e+06,-95.27,-41.43
4.18076e+06,-95.85,-41.44
4.18435e+06,-97.46,-41.45
4.18794e+06,-99.90,-41.46
4.19154e+06,-100.09,-41.47
4.19513e+06,-95.87,-41.48
4.19872e+06,-96.02,-41.49
4.20231e+06,-106.13,-41.50
4.2059e+06,-101.01,-41.51
4.20949e+06,-93.48,-41.52
4.21309e+06,-104.27,-41.53
4.21668e+06,-95.65,-41.54
4.22027e+06,-100.93,-41.55
4.22386e+06,-92.66,-41.56
4.22745e+06,-94.15,-41.57
4.23104e+06,-106.82,-41.58
4.23464e+06,-95.47,-41.59
4.23823e+06,-93.90,-41.60
4.24182e+06,-103.57,-41.61
4.24541e+06,-101.38,-41.62
4.249e+06,-87.15,-41.63
4.2526e+06,-86.15,-41.64
4.25619e+06,-89.45,-41.66
4.25978e+06,-93.47,-41.67
4.26337e+06,-96.91,-41.68
4.26696e+06,-93.81,-41.69
4.27055e+06,-101.43,-41.70
4.27415e+06,-99.49,-41.71
4.27774e+06,-95.01,-41.72
4.28133e+06,-101.94,-41.73
4.28492e+06,-92.03,-41.74
4.28851e+06,-92.83,-41.75
4.2921e+06,-98.71,-41.77
4.2957e+06,-102.21,-41.78
4.29929e+06,-102.75,-41.79
4.30288e+06,-100.17,-41.80
4.30647e+06,-104.86,-41.81
4.31006e+06,-97.29,-41.82
4.31365e+06,-102.33,-41.84
4.31725e+06,-94.29,-41.85
4.32084e+06,-99.80,-41.86
4.32443e+06,-99.20,-41.87
4.32802e+06,-93.24,-41.88
4.33161e+06,-91.15,-41.90
4.3352e+06,-92.22,-41.91
4.3388e+06,-95.50,-41.92
4.34239e+06,-98.37,-41.93
4.34598e+06,-99.42,-41.94
4.34957e+06,-92.79,-41.96
4.35316e+06,-97.47,-41.97
4.35676e+06,-112.20,-41.98
4.36035e+06,-99.68,-41.99
4.36394e+06,-109.32,-42.01
4.36753e+06,-122.67,-42.02
4.37112e+06,-112.71,-42.03
4.37471e+06,-110.99,-42.05
4.37831e+06,-95.59,-42.06
4.3819e+06,-99.05,-42.07
4.38549e+06,-99.18,-42.08
4.38908e+06,-93.74,-42.10
4.39267e+06,-101.26,-42.11
4.39626e+06,-94.66,-42.12
4.39986e+06,-101.41,-42.14
4.40345e+06,-98.37,-42.15
4.40704e+06,-94.58,-42.17
4.41063e+06,-93.45,-42.18
4.41422e+06,-90.28,-42.19
4.41781e+06,-90.84,-42.21
4.42141e+06,-102.51,-42.22
4.425e+06,-96.05,-42.23
4.42859e+06,-90.26,-42.25
4.43218e+06,-92.65,-42.26
4.43577e+06,-93.51,-42.28
4.43936e+06,-94.21,-42.29
4.44296e+06,-93.64,-42.31
4.44655e+06,-90.16,-42.32
4.45014e+06,-91.55,-42.33
4.45373e+06,-96.31,-42.35
4.45732e+06,-93.32,-42.36
4.46091e+06,-93.04,-42.38
4.46451e+06,-99.19,-42.39
4.4681e+06,-96.09,-42.41
4.47169e+06,-97.91,-42.42
4.47528e+06,-96.29,-42.44
4.47887e+06,-91.19,-42.45
4.48247e+06,-103.78,-42.47
4.48606e+06,-102.30,-42.48
4.48965e+06,-97.81,-42.50
4.49324e+06,-100.39,-42.51
4.49683e+06,-95.68,-42.53
4.50042e+06,-94.23,-42.55
4.50402e+06,-101.10,-42.56
4.50761e+06,-99.92,-42.58
4.5112e+06,-102.87,-42.59
4.51479e+06,-108.10,-42.61
4.51838e+06,-104.81,-42.63
4.52197e+06,-101.74,-42.64
4.52557e+06,-102.23,-42.66
4.52916e+06,-94.76,-42.68
4.53275e+06,-97.33,-42.69
4.53634e+06,-94.98,-42.71
4.53993e+06,-92.37,-42.73
4.54352e+06,-93.96,-42.74
4.54712e+06,-99.91,-42.76
4.55071e+06,-96.35,-42.78
4.5543e+06,-92.41,-42.79
4.55789e+06,-98.84,-42.81
4.56148e+06,-99.52,-42.83
4.56507e+06,-93.74,-42.84
4.56867e+06,-93.85,-42.86
4.57226e+06,-96.32,-42.88
4.57585e+06,-106.17,-42.90
4.57944e+06,-110.79,-42.92
4.58303e+06,-106.01,-42.93
4.58663e+06,-97.31,-42.95
4.59022e+06,-93.82,-42.97
4.59381e+06,-101.34,-42.99
4.5974e+06,-103.14,-43.01
4.60099e+06,-97.08,-43.02
4.60458e+06,-94.15,-43.04
4.60818e+06,-96.46,-43.06
4.61177e+06,-102.79,-43.08
4.61536e+06,-105.33,-43.10
4.61895e+06,-100.31,-43.12
4.62254e+06,-102.34,-43.14
4.62613e+06,-103.07,-43.16
4.62973e+06,-97.37,-43.18
4.63332e+06,-96.68,-43.19
4.63691e+06,-94.97,-43.21
4.6405e+06,-94.63,-43.23
4.64409e+06,-98.37,-43.25
4.64768e+06,-97.86,-43.27
4.65128e+06,-99.21,-43.29
4.65487e+06,-98.27,-43.31
4.65846e+06,-94.07,-43.33
4.66205e+06,-94.49,-43.35
4.66564e+06,-102.43,-43.37
4.66923e+06,-101.99,-43.40
4.67283e+06,-102.96,-43.42
4.67642e+06,-97.09,-43.44
4.68001e+06,-95.89,-43.46
4.6836e+06,-89.73,-43.48
4.68719e+06,-96.09,-43.50
4.69078e+06,-101.37,-43.52
4.69438e+06,-102.69,-43.54
4.69797e+06,-100.65,-43.56
4.70156e+06,-98.35,-43.59
4.70515e+06,-101.28,-43.61
4.70874e+06,-96.13,-43.63
4.71234e+06,-94.01,-43.65
4.71593e+06,-95.22,-43.67
4.71952e+06,-101.94,-43.70
4.72311e+06,-103.45,-43.72
4.7267e+06,-93.02,-43.74
4.73029e+06,-95.42,-43.76
4.73389e+06,-108.13,-43.79
4.73748e+06,-98.41,-43.81
4.74107e+06,-99.61,-43.83
4.74466e+06,-95.90,-43.86
4.74825e+06,-97.18,-43.88
4.75184e+06,-99.71,-43.90
4.75544e+06,-108.77,-43.93
4.75903e+06,-96.85,-43.95
4.76262e+06,-95.36,-43.97
4.76621e+06,-100.43,-44.00
4.7698e+06,-95.97,-44.02
4.77339e+06,-102.60,-44.05
4.77699e+06,-105.03,-44.07
4.78058e+06,-98.51,-44.10
4.78417e+06,-100.15,-44.12
4.78776e+06,-102.67,-44.15
4.79135e+06,-102.98,-44.17
4.79494e+06,-101.32,-44.20
4.79854e+06,-95.53,-44.22
4.80213e+06,-99.52,-44.25
4.80572e+06,-95.43,-44.27
4.80931e+06,-98.38,-44.30
4.8129e+06,-96.90,-44.33
4.8165e+06,-100.25,-44.35
4.82009e+06,-101.89,-44.38
4.82368e+06,-93.44,-44.41
4.82727e+06,-92.53,-44.43
4.83086e+06,-102.74,-44.46
4.83445e+06,-99.15,-44.49
4.83805e+06,-100.15,-44.51
4.84164e+06,-100.20,-44.54
4.84523e+06,-92.98,-44.57
4.84882e+06,-92.64,-44.60
4.85241e+06,-95.56,-44.63
4.856e+06,-98.62,-44.65
4.8596e+06,-99.86,-44.68
4.86319e+06,-97.81,-44.71
4.86678e+06,-95.48,-44.74
4.87037e+06,-94.93,-44.77
4.87396e+06,-98.99,-44.80
4.87755e+06,-104.47,-44.83
4.88115e+06,-95.79,-44.86
4.88474e+06,-92.47,-44.89
4.88833e+06,-101.29,-44.92
4.89192e+06,-108.41,-44.95
4.89551e+06,-102.40,-44.98
4.8991e+06,-105.11,-45.01
4.9027e+06,-97.17,-45.04
4.90629e+06,-95.22,-45.07
4.90988e+06,-96.46,-45.10
4.91347e+06,-97.50,-45.13
4.91706e+06,-102.18,-45.16
4.92065e+06,-100.28,-45.19
4.92425e+06,-96.50,-45.23
4.92784e+06,-96.52,-45.26
4.93143e+06,-104.60,-45.29
4.93502e+06,-100.53,-45.32
4.93861e+06,-98.01,-45.36
4.94221e+06,-95.55,-45.39
4.9458e+06,-100.27,-45.42
4.94939e+06,-96.05,-45.46
4.95298e+06,-98.87,-45.49
4.95657e+06,-99.09,-45.52
4.96016e+06,-97.11,-45.56
4.96376e+06,-97.34,-45.59
4.96735e+06,-103.51,-45.63
4.97094e+06,-107.68,-45.66
4.97453e+06,-101.07,-45.70
4.97812e+06,-96.21,-45.73
4.98171e+06,-92.77,-45.77
4.98531e+06,-94.70,-45.80
4.9889e+06,-98.87,-45.84
4.99249e+06,-96.28,-45.88
4.99608e+06,-97.01,-45.91
4.99967e+06,-107.01,-45.95
5.00326e+06,-99.75,-45.99
5.00686e+06,-102.06,-46.03
5.01045e+06,-95.06,-46.06
5.01404e+06,-94.56,-46.10
5.01763e+06,-97.70,-46.14
5.02122e+06,-95.72,-46.18
5.02481e+06,-100.50,-46.22
5.02841e+06,-97.94,-46.26
5.032e+06,-104.42,-46.30
5.03559e+06,-103.26,-46.34
5.03918e+06,-98.51,-46.38
5.04277e+06,-98.97,-46.42
5.04637e+06,-106.46,-46.46
5.04996e+06,-101.56,-46.50
5.05355e+06,-96.77,-46.54
5.05714e+06,-99.06,-46.58
5.06073e+06,-100.58,-46.62
5.06432e+06,-100.24,-46.67
5.06792e+06,-103.43,-46.71
5.07151e+06,-107.15,-46.75
5.0751e+06,-109.59,-46.80
5.07869e+06,-100.36,-46.84
5.08228e+06,-97.61,-46.88
5.08587e+06,-99.86,-46.93
5.08947e+06,-100.40,-46.97
5.09306e+06,-101.85,-47.02
5.09665e+06,-100.21,-47.06
5.10024e+06,-103.00,-47.11
5.10383e+06,-103.38,-47.15
5.10742e+06,-105.17,-47.20
5.11102e+06,-106.83,-47.25
5.11461e+06,-102.39,-47.30
5.1182e+06,-111.58,-47.34
5.12179e+06,-109.25,-47.39
5.12538e+06,-99.01,-47.44
5.12897e+06,-99.36,-47.49
5.13257e+06,-102.24,-47.54
5.13616e+06,-103.62,-47.59
5.13975e+06,-106.72,-47.64
5.14334e+06,-102.37,-47.69
5.14693e+06,-100.29,-47.74
5.15052e+06,-101.94,-47.79
5.15412e+06,-103.84,-47.84
5.15771e+06,-98.03,-47.90
5.1613e+06,-100.75,-47.95
5.16489e+06,-96.94,-48.00
5.16848e+06,-92.41,-48.06
5.17208e+06,-96.98,-48.11
5.17567e+06,-108.12,-48.16
5.17926e+06,-101.04,-48.22
5.18285e+06,-113.02,-48.28
5.18644e+06,-105.11,-48.33
5.19003e+06,-101.15,-48.39
5.19363e+06,-115.71,-48.45
5.19722e+06,-103.70,-48.50
5.20081e+06,-108.50,-48.56
5.2044e+06,-105.23,-48.62
5.20799e+06,-98.61,-48.68
5.21158e+06,-102.76,-48.74
5.21518e+06,-100.09,-48.80
5.21877e+06,-99.80,-48.86
5.22236e+06,-102.55,-48.92
5.22595e+06,-107.64,-48.99
5.22954e+06,-101.12,-49.05
5.23313e+06,-101.98,-49.11
5.23673e+06,-110.23,-49.18
5.24032e+06,-109.28,-49.24
5.24391e+06,-109.69,-49.31
5.2475e+06,-101.71,-49.37
5.25109e+06,-107.97,-49.44
5.25468e+06,-107.59,-49.51
5.25828e+06,-106.62,-49.58
5.26187e+06,-104.35,-49.65
5.26546e+06,-105.85,-49.72
5.26905e+06,-96.84,-49.79
5.27264e+06,-99.32,-49.86
5.27624e+06,-110.01,-49.93
5.27983e+06,-104.67,-50.00
5.28342e+06,-111.44,-50.08
5.28701e+06,-105.86,-50.15
5.2906e+06,-106.95,-50.23
5.29419e+06,-109.93,-50.30
5.29779e+06,-99.74,-50.38
5.30138e+06,-97.99,-50.46
5.30497e+06,-105.32,-50.54
5.30856e+06,-108.47,-50.62
5.31215e+06,-108.51,-50.70
5.31574e+06,-112.48,-50.78
5.31934e+06,-117.01,-50.86
5.32293e+06,-107.27,-50.94
5.32652e+06,-106.43,-51.03
5.33011e+06,-102.12,-51.11
5.3337e+06,-101.35,-51.20
5.33729e+06,-109.64,-51.29
5.34089e+06,-108.01,-51.38
5.34448e+06,-109.66,-51.47
5.34807e+06,-108.87,-51.56
5.35166e+06,-103.94,-51.65
5.35525e+06,-107.21,-51.75
5.35884e+06,-109.84,-51.84
5.36244e+06,-113.80,-51.94
5.36603e+06,-110.43,-52.03
5.36962e+06,-105.25,-52.13
5.37321e+06,-106.27,-52.23
5.3768e+06,-109.10,-52.33
5.38039e+06,-110.17,-52.44
5.38399e+06,-110.96,-52.54
5.38758e+06,-112.98,-52.65
5.39117e+06,-110.18,-52.76
5.39476e+06,-111.52,-52.86
5.39835e+06,-115.62,-52.98
5.40195e+06,-108.88,-53.09
5.40554e+06,-104.49,-53.20
5.40913e+06,-110.60,-53.32
5.41272e+06,-113.34,-53.44
5.41631e+06,-108.24,-53.56
5.4199e+06,-111.13,-53.68
5.4235e+06,-131.72,-53.80
5.42709e+06,-114.90,-53.93
5.43068e+06,-107.35,-54.06
5.43427e+06,-106.20,-54.19
5.43786e+06,-113.22,-54.32
5.44145e+06,-113.82,-54.45
5.44505e+06,-117.44,-54.59
5.44864e+06,-115.06,-54.73
5.45223e+06,-128.41,-54.87
5.45582e+06,-121.06,-55.02
5.45941e+06,-126.13,-55.16
5.463e+06,-114.07,-55.32
5.4666e+06,-110.48,-55.47
5.47019e+06,-115.01,-55.63
5.47378e+06,-111.82,-55.79
5.47737e+06,-109.03,-55.95
5.48096e+06,-107.03,-56.12
5.48455e+06,-108.20,-56.29
5.48815e+06,-105.68,-56.46
5.49174e+06,-105.87,-56.64
5.49533e+06,-109.65,-56.82
5.49892e+06,-115.47,-57.01
5.50251e+06,-107.30,-57.20
5.50611e+06,-106.90,-57.40
5.5097e+06,-110.82,-57.60
5.51329e+06,-108.00,-57.80
5.51688e+06,-120.33,-58.01
5.52047e+06,-117.61,-58.23
5.52406e+06,-120.17,-58.46
5.52766e+06,-117.60,-58.68
5.53125e+06,-114.65,-58.92
5.53484e+06,-112.89,-59.16
5.53843e+06,-113.37,-59.42
5.54202e+06,-128.45,-59.68
5.54561e+06,-113.14,-59.94
5.54921e+06,-118.40,-60.22
5.5528e+06,-111.99,-60.51
5.55639e+06,-112.32,-60.80
5.55998e+06,-128.88,-61.11
5.56357e+06,-118.15,-61.43
5.56716e+06,-112.08,-61.76
5.57076e+06,-116.06,-62.11
5.57435e+06,-116.89,-62.47
5.57794e+06,-116.67,-62.85
5.58153e+06,-129.31,-63.25
5.58512e+06,-126.77,-63.66
5.58871e+06,-121.89,-64.10
5.59231e+06,-122.40,-64.56
5.5959e+06,-128.17,-65.05
5.59949e+06,-129.36,-65.57
5.60308e+06,-125.47,-66.13
5.60667e+06,-119.77,-66.72
5.61027e+06,-117.90,-67.35
5.61386e+06,-120.46,-68.04
5.61745e+06,-123.63,-68.79
5.62104e+06,-122.75,-69.62
5.62463e+06,-121.27,-70.53
5.62822e+06,-121.15,-71.54
5.63182e+06,-130.36,-72.70
5.63541e+06,-147.43,-74.04
5.639e+06,-133.03,-75.62
5.64259e+06,-133.34,-77.56
5.64618e+06,-130.56,-80.08
5.64977e+06,-135.27,-83.63
5.65337e+06,-138.80,-89.77
5.65696e+06,-158.56,-120.35
5.66055e+06,-146.28,-89.26
5.66414e+06,-136.60,-83.35
5.66773e+06,-128.36,-79.86
5.67132e+06,-126.57,-77.38
5.67492e+06,-129.98,-75.44
5.67851e+06,-125.66,-73.86
5.6821e+06,-122.78,-72.52
5.68569e+06,-126.00,-71.36
5.68928e+06,-125.08,-70.33
5.69287e+06,-120.91,-69.41
5.69647e+06,-128.29,-68.58
5.70006e+06,-121.35,-67.82
5.70365e+06,-126.46,-67.11
5.70724e+06,-125.12,-66.46
5.71083e+06,-130.58,-65.86
5.71442e+06,-118.03,-65.29
5.71802e+06,-115.31,-64.76
5.72161e+06,-125.52,-64.26
5.7252e+06,-125.28,-63.78
5.72879e+06,-121.21,-63.33
5.73238e+06,-120.39,-62.90
5.73598e+06,-112.85,-62.49
5.73957e+06,-113.01,-62.09
5.74316e+06,-113.93,-61.72
5.74675e+06,-109.05,-61.36
5.75034e+06,-114.69,-61.01
5.75393e+06,-121.74,-60.67
5.75753e+06,-127.28,-60.35
5.76112e+06,-114.27,-60.04
5.76471e+06,-116.06,-59.74
5.7683e+06,-122.66,-59.45
5.77189e+06,-119.55,-59.16
5.77548e+06,-133.02,-58.89
5.77908e+06,-113.17,-58.62
5.78267e+06,-112.47,-58.36
5.78626e+06,-118.78,-58.11
5.78985e+06,-125.05,-57.87
5.79344e+06,-113.98,-57.63
5.79703e+06,-130.23,-57.40
5.80063e+06,-109.10,-57.17
5.80422e+06,-106.37,-56.95
5.80781e+06,-107.97,-56.73
5.8114e+06,-108.36,-56.52
5.81499e+06,-108.57,-56.32
5.81858e+06,-115.58,-56.11
5.82218e+06,-116.60,-55.92
5.82577e+06,-105.49,-55.72
5.82936e+06,-106.80,-55.53
5.83295e+06,-113.44,-55.35
5.83654e+06,-115.71,-55.17
5.84014e+06,-124.99,-54.99
5.84373e+06,-121.86,-54.81
5.84732e+06,-111.20,-54.64
5.85091e+06,-107.98,-54.47
5.8545e+06,-105.74,-54.31
5.85809e+06,-107.26,-54.14
5.86169e+06,-105.10,-53.98
5.86528e+06,-101.97,-53.82
5.86887e+06,-104.53,-53.67
5.87246e+06,-105.76,-53.52
5.87605e+06,-103.36,-53.37
5.87964e+06,-111.12,-53.22
5.88324e+06,-107.73,-53.07
5.88683e+06,-106.49,-52.93
5.89042e+06,-107.90,-52.79
5.89401e+06,-113.23,-52.65
5.8976e+06,-108.14,-52.52
5.90119e+06,-114.16,-52.38
5.90479e+06,-109.66,-52.25
5.90838e+06,-107.07,-52.12
5.91197e+06,-112.33,-51.99
5.91556e+06,-111.72,-51.86
5.91915e+06,-110.17,-51.73
5.92274e+06,-127.31,-51.61
5.92634e+06,-107.35,-51.49
5.92993e+06,-103.73,-51.37
5.93352e+06,-104.43,-51.25
5.93711e+06,-100.89,-51.13
5.9407e+06,-100.80,-51.01
5.94429e+06,-109.69,-50.90
5.94789e+06,-104.62,-50.78
5.95148e+06,-109.10,-50.67
5.95507e+06,-112.89,-50.56
5.95866e+06,-102.84,-50.45
5.96225e+06,-102.24,-50.34
5.96585e+06,-112.32,-50.23
5.96944e+06,-103.76,-50.13
5.97303e+06,-103.36,-50.02
5.97662e+06,-109.42,-49.92
5.98021e+06,-104.00,-49.82
5.9838e+06,-98.05,-49.71
5.9874e+06,-98.97,-49.61
5.99099e+06,-119.51,-49.51
5.99458e+06,-104.82,-49.42
5.99817e+06,-104.76,-49.32
6.00176e+06,-104.40,-49.22
6.00535e+06,-111.77,-49.13
6.00895e+06,-104.06,-49.03
6.01254e+06,-105.91,-48.94
6.01613e+06,-101.86,-48.85
6.01972e+06,-105.27,-48.75
6.02331e+06,-99.46,-48.66
6.0269e+06,-101.45,-48.57
6.0305e+06,-110.21,-48.48
6.03409e+06,-105.42,-48.40
6.03768e+06,-102.14,-48.31
6.04127e+06,-104.67,-48.22
6.04486e+06,-104.49,-48.14
6.04845e+06,-104.55,-48.05
6.05205e+06,-114.66,-47.97
6.05564e+06,-108.23,-47.88
6.05923e+06,-113.00,-47.80
6.06282e+06,-104.68,-47.72
6.06641e+06,-108.65,-47.64
6.07001e+06,-105.38,-47.56
6.0736e+06,-105.06,-47.48
6.07719e+06,-103.22,-47.40
6.08078e+06,-100.52,-47.32
6.08437e+06,-122.71,-47.24
6.08796e+06,-105.08,-47.16
6.09156e+06,-105.00,-47.08
6.09515e+06,-101.93,-47.01
6.09874e+06,-95.42,-46.93
6.10233e+06,-94.43,-46.86
6.10592e+06,-98.24,-46.78
6.10951e+06,-105.16,-46.71
6.11311e+06,-101.62,-46.64
6.1167e+06,-105.32,-46.56
6.12029e+06,-99.07,-46.49
6.12388e+06,-98.22,-46.42
6.12747e+06,-104.01,-46.35
6.13106e+06,-100.29,-46.28
6.13466e+06,-105.82,-46.21
6.13825e+06,-113.75,-46.14
6.14184e+06,-100.65,-46.07
6.14543e+06,-96.80,-46.00
6.14902e+06,-121.24,-45.93
6.15261e+06,-102.48,-45.87
6.15621e+06,-98.91,-45.80
6.1598e+06,-102.24,-45.73
6.16339e+06,-104.84,-45.67
6.16698e+06,-96.49,-45.60
6.17057e+06,-95.56,-45.54
6.17416e+06,-93.30,-45.47
6.17776e+06,-93.63,-45.41
6.18135e+06,-103.29,-45.34
6.18494e+06,-102.96,-45.28
6.18853e+06,-98.62,-45.22
6.19212e+06,-99.23,-45.16
6.19572e+06,-96.02,-45.09
6.19931e+06,-92.00,-45.03
6.2029e+06,-92.80,-44.97
6.20649e+06,-96.48,-44.91
6.21008e+06,-98.85,-44.85
6.21367e+06,-103.92,-44.79
6.21727e+06,-106.98,-44.73
6.22086e+06,-108.74,-44.67
6.22445e+06,-99.26,-44.61
6.22804e+06,-97.21,-44.56
6.23163e+06,-94.50,-44.50
6.23522e+06,-95.01,-44.44
6.23882e+06,-100.05,-44.38
6.24241e+06,-106.60,-44.33
6.246e+06,-109.23,-44.27
6.24959e+06,-100.08,-44.21
6.25318e+06,-101.66,-44.16
6.25677e+06,-97.07,-44.10
6.26037e+06,-108.31,-44.05
6.26396e+06,-94.13,-43.99
6.26755e+06,-91.70,-43.94
6.27114e+06,-94.63,-43.88
6.27473e+06,-93.43,-43.83
6.27832e+06,-96.33,-43.78
6.28192e+06,-111.21,-43.72
6.28551e+06,-94.83,-43.67
6.2891e+06,-92.28,-43.62
6.29269e+06,-103.57,-43.57
6.29628e+06,-99.15,-43.51
6.29988e+06,-98.34,-43.46
6.30347e+06,-108.00,-43.41
6.30706e+06,-101.50,-43.36
6.31065e+06,-101.12,-43.31
6.31424e+06,-96.38,-43.26
6.31783e+06,-96.39,-43.21
6.32143e+06,-102.80,-43.16
6.32502e+06,-107.39,-43.11
6.32861e+06,-98.36,-43.06
6.3322e+06,-101.06,-43.01
6.33579e+06,-96.43,-42.96
6.33938e+06,-104.39,-42.91
6.34298e+06,-98.99,-42.87
6.34657e+06,-93.48,-42.82
6.35016e+06,-92.00,-42.77
6.35375e+06,-91.50,-42.72
6.35734e+06,-92.25,-42.68
6.36093e+06,-99.38,-42.63
6.36453e+06,-104.46,-42.58
6.36812e+06,-118.93,-42.54
6.37171e+06,-105.03,-42.49
6.3753e+06,-98.32,-42.45
6.37889e+06,-90.86,-42.40
6.38248e+06,-93.15,-42.36
6.38608e+06,-98.43,-42.31
6.38967e+06,-96.84,-42.27
6.39326e+06,-94.72,-42.22
6.39685e+06,-98.86,-42.18
6.40044e+06,-110.34,-42.13
6.40403e+06,-103.37,-42.09
6.40763e+06,-100.76,-42.05
6.41122e+06,-103.16,-42.00
6.41481e+06,-97.84,-41.96
6.4184e+06,-102.68,-41.92
6.42199e+06,-101.51,-41.87
6.42559e+06,-98.21,-41.83
6.42918e+06,-108.41,-41.79
6.43277e+06,-106.28,-41.75
6.43636e+06,-99.10,-41.71
6.43995e+06,-95.58,-41.66
6.44354e+06,-94.26,-41.62
6.44714e+06,-94.85,-41.58
6.45073e+06,-96.61,-41.54
6.45432e+06,-103.89,-41.50
6.45791e+06,-100.57,-41.46
6.4615e+06,-97.81,-41.42
6.46509e+06,-93.02,-41.38
6.46869e+06,-89.37,-41.34
6.47228e+06,-92.26,-41.30
6.47587e+06,-120.66,-41.26
6.47946e+06,-100.33,-41.22
6.48305e+06,-93.28,-41.18
6.48664e+06,-98.80,-41.15
6.49024e+06,-101.81,-41.11
6.49383e+06,-98.53,-41.07
6.49742e+06,-104.42,-41.03
6.50101e+06,-117.91,-40.99
6.5046e+06,-95.28,-40.95
6.50819e+06,-90.01,-40.92
6.51179e+06,-97.45,-40.88
6.51538e+06,-94.94,-40.84
6.51897e+06,-92.52,-40.81
6.52256e+06,-99.67,-40.77
6.52615e+06,-90.62,-40.73
6.52975e+06,-95.15,-40.70
6.53334e+06,-97.00,-40.66
6.53693e+06,-90.95,-40.62
6.54052e+06,-93.75,-40.59
6.54411e+06,-98.57,-40.55
6.5477e+06,-95.49,-40.52
6.5513e+06,-91.25,-40.48
6.55489e+06,-88.28,-40.45
6.55848e+06,-89.37,-40.41
6.56207e+06,-96.96,-40.38
6.56566e+06,-93.08,-40.34
6.56925e+06,-91.27,-40.31
6.57285e+06,-91.87,-40.27
6.57644e+06,-91.78,-40.24
6.58003e+06,-88.61,-40.21
6.58362e+06,-93.02,-40.17
6.58721e+06,-98.20,-40.14
6.5908e+06,-94.32,-40.10
6.5944e+06,-96.55,-40.07
6.59799e+06,-88.79,-40.04
6.60158e+06,-90.36,-40.01
6.60517e+06,-90.95,-39.97
6.60876e+06,-89.41,-39.94
6.61235e+06,-88.35,-39.91
6.61595e+06,-91.81,-39.88
6.61954e+06,-92.80,-39.84
6.62313e+06,-92.02,-39.81
6.62672e+06,-90.43,-39.78
6.63031e+06,-96.77,-39.75
6.6339e+06,-99.49,-39.72
6.6375e+06,-98.48,-39.69
6.64109e+06,-94.80,-39.65
6.64468e+06,-100.90,-39.62
6.64827e+06,-86.90,-39.59
6.65186e+06,-85.25,-39.56
6.65546e+06,-87.86,-39.53
6.65905e+06,-93.84,-39.50
6.66264e+06,-92.89,-39.47
6.66623e+06,-91.40,-39.44
6.66982e+06,-95.05,-39.41
6.67341e+06,-96.89,-39.38
6.67701e+06,-94.86,-39.35
6.6806e+06,-101.63,-39.32
6.68419e+06,-90.42,-39.29
6.68778e+06,-86.15,-39.26
6.69137e+06,-91.66,-39.23
6.69496e+06,-94.43,-39.20
6.69856e+06,-91.44,-39.18
6.70215e+06,-89.48,-39.15
6.70574e+06,-89.38,-39.12
6.70933e+06,-94.15,-39.09
6.71292e+06,-94.95,-39.06
6.71651e+06,-93.02,-39.03
6.72011e+06,-88.55,-39.01
6.7237e+06,-98.28,-38.98
6.72729e+06,-96.40,-38.95
6.73088e+06,-91.79,-38.92
6.73447e+06,-93.40,-38.90
6.73806e+06,-99.51,-38.87
6.74166e+06,-86.74,-38.84
6.74525e+06,-86.89,-38.82
6.74884e+06,-92.23,-38.79
6.75243e+06,-97.42,-38.76
6.75602e+06,-91.84,-38.73
6.75962e+06,-90.13,-38.71
6.76321e+06,-95.15,-38.68
6.7668e+06,-108.85,-38.66
6.77039e+06,-93.59,-38.63
6.77398e+06,-89.07,-38.60
6.77757e+06,-93.65,-38.58
6.78117e+06,-93.06,-38.55
6.78476e+06,-89.93,-38.53
6.78835e+06,-95.86,-38.50
6.79194e+06,-91.22,-38.48
6.79553e+06,-90.58,-38.45
6.79912e+06,-95.18,-38.43
6.80272e+06,-96.78,-38.40
6.80631e+06,-99.06,-38.38
6.8099e+06,-94.83,-38.35
6.81349e+06,-94.62,-38.33
6.81708e+06,-92.99,-38.30
6.82067e+06,-90.11,-38.28
6.82427e+06,-94.06,-38.25
6.82786e+06,-107.25,-38.23
6.83145e+06,-107.68,-38.21
6.83504e+06,-96.36,-38.18
6.83863e+06,-94.79,-38.16
6.84222e+06,-98.14,-38.14
6.84582e+06,-91.26,-38.11
6.84941e+06,-90.36,-38.09
6.853e+06,-97.89,-38.07
6.85659e+06,-99.40,-38.04
6.86018e+06,-95.21,-38.02
6.86377e+06,-90.88,-38.00
6.86737e+06,-87.66,-37.97
6.87096e+06,-88.66,-37.95
6.87455e+06,-97.59,-37.93
6.87814e+06,-96.21,-37.91
6.88173e+06,-103.85,-37.89
6.88533e+06,-91.60,-37.86
6.88892e+06,-102.34,-37.84
6.89251e+06,-91.79,-37.82
6.8961e+06,-89.61,-37.80
6.89969e+06,-93.04,-37.78
6.90328e+06,-87.39,-37.75
6.90688e+06,-86.47,-37.73
6.91047e+06,-90.69,-37.71
6.91406e+06,-95.31,-37.69
6.91765e+06,-97.59,-37.67
6.92124e+06,-92.22,-37.65
6.92483e+06,-97.00,-37.63
6.92843e+06,-94.89,-37.61
6.93202e+06,-90.43,-37.59
6.93561e+06,-92.20,-37.57
6.9392e+06,-90.50,-37.54
6.94279e+06,-96.22,-37.52
6.94638e+06,-102.82,-37.50
6.94998e+06,-90.44,-37.48
6.95357e+06,-88.56,-37.46
6.95716e+06,-89.29,-37.44
6.96075e+06,-93.25,-37.42
6.96434e+06,-101.74,-37.40
6.96793e+06,-106.29,-37.38
6.97153e+06,-95.41,-37.37
6.97512e+06,-90.16,-37.35
6.97871e+06,-94.15,-37.33
6.9823e+06,-96.55,-37.31
6.98589e+06,-88.88,-37.29
6.98949e+06,-92.32,-37.27
6.99308e+06,-87.11,-37.25
6.99667e+06,-92.56,-37.23
7.00026e+06,-90.34,-37.21
7.00385e+06,-100.14,-37.19
7.00744e+06,-95.22,-37.18
7.01104e+06,-93.06,-37.16
7.01463e+06,-99.85,-37.14
7.01822e+06,-88.98,-37.12
7.02181e+06,-89.03,-37.10
7.0254e+06,-97.25,-37.09
7.02899e+06,-92.73,-37.07
7.03259e+06,-92.15,-37.05
7.03618e+06,-92.25,-37.03
7.03977e+06,-96.24,-37.01
7.04336e+06,-95.39,-37.00
7.04695e+06,-102.27,-36.98
7.05054e+06,-91.26,-36.96
7.05414e+06,-84.74,-36.94
7.05773e+06,-84.45,-36.93
7.06132e+06,-92.72,-36.91
7.06491e+06,-89.72,-36.89
7.0685e+06,-95.26,-36.88
7.07209e+06,-92.86,-36.86
7.07569e+06,-87.40,-36.84
7.07928e+06,-107.24,-36.83
7.08287e+06,-87.02,-36.81
7.08646e+06,-87.22,-36.79
7.09005e+06,-89.21,-36.78
7.09364e+06,-101.16,-36.76
7.09724e+06,-88.72,-36.75
7.10083e+06,-88.37,-36.73
7.10442e+06,-90.24,-36.71
7.10801e+06,-90.57,-36.70
7.1116e+06,-99.72,-36.68
7.1152e+06,-99.38,-36.67
7.11879e+06,-107.05,-36.65
7.12238e+06,-89.26,-36.64
7.12597e+06,-85.73,-36.62
7.12956e+06,-87.41,-36.61
7.13315e+06,-89.23,-36.59
7.13675e+06,-88.51,-36.58
7.14034e+06,-92.84,-36.56
7.14393e+06,-91.18,-36.55
7.14752e+06,-98.12,-36.53
7.15111e+06,-85.95,-36.52
7.1547e+06,-82.40,-36.50
7.1583e+06,-84.07,-36.49
7.16189e+06,-89.62,-36.47
7.16548e+06,-87.77,-36.46
7.16907e+06,-92.65,-36.44
7.17266e+06,-93.44,-36.43
7.17625e+06,-91.09,-36.42
7.17985e+06,-83.78,-36.40
7.18344e+06,-85.44,-36.39
7.18703e+06,-106.96,-36.37
7.19062e+06,-91.38,-36.36
7.19421e+06,-96.19,-36.35
7.1978e+06,-92.32,-36.33
7.2014e+06,-89.26,-36.32
7.20499e+06,-84.81,-36.31
7.20858e+06,-83.54,-36.29
7.21217e+06,-87.30,-36.28
7.21576e+06,-92.11,-36.27
7.21936e+06,-100.71,-36.25
7.22295e+06,-87.32,-36.24
7.22654e+06,-85.82,-36.23
7.23013e+06,-92.99,-36.22
7.23372e+06,-94.55,-36.20
7.23731e+06,-91.86,-36.19
7.24091e+06,-90.92,-36.18
7.2445e+06,-99.24,-36.16
7.24809e+06,-90.58,-36.15
7.25168e+06,-83.55,-36.14
7.25527e+06,-83.05,-36.13
7.25886e+06,-87.22,-36.12
7.26246e+06,-93.19,-36.10
7.26605e+06,-100.12,-36.09
7.26964e+06,-89.98,-36.08
7.27323e+06,-86.55,-36.07
7.27682e+06,-91.99,-36.06
7.28041e+06,-90.07,-36.04
7.28401e+06,-88.14,-36.03
7.2876e+06,-88.12,-36.02
7.29119e+06,-92.76,-36.01
7.29478e+06,-97.99,-36.00
7.29837e+06,-95.73,-35.99
7.30196e+06,-99.11,-35.98
7.30556e+06,-97.84,-35.96
7.30915e+06,-94.99,-35.95
7.31274e+06,-103.03,-35.94
7.31633e+06,-101.37,-35.93
7.31992e+06,-91.14,-35.92
7.32351e+06,-86.11,-35.91
7.32711e+06,-88.34,-35.90
7.3307e+06,-91.10,-35.89
7.33429e+06,-84.36,-35.88
7.33788e+06,-85.08,-35.87
7.34147e+06,-92.91,-35.86
7.34507e+06,-86.30,-35.85
7.34866e+06,-85.12,-35.84
7.35225e+06,-91.01,-35.83
7.35584e+06,-89.80,-35.82
7.35943e+06,-91.71,-35.81
7.36302e+06,-91.96,-35.80
7.36662e+06,-88.46,-35.79
7.37021e+06,-99.48,-35.78
7.3738e+06,-84.31,-35.77
7.37739e+06,-85.39,-35.76
7.38098e+06,-90.32,-35.75
7.38457e+06,-93.64,-35.74
7.38817e+06,-86.17,-35.73
7.39176e+06,-82.74,-35.72
7.39535e+06,-87.88,-35.71
7.39894e+06,-95.39,-35.70
7.40253e+06,-93.02,-35.69
7.40612e+06,-95.44,-35.68
7.40972e+06,-90.32,-35.67
7.41331e+06,-89.81,-35.67
7.4169e+06,-87.64,-35.66
7.42049e+06,-88.00,-35.65
7.42408e+06,-86.22,-35.64
7.42767e+06,-84.75,-35.63
7.43127e+06,-97.63,-35.62
7.43486e+06,-95.72,-35.61
7.43845e+06,-86.70,-35.61
7.44204e+06,-84.57,-35.60
7.44563e+06,-96.38,-35.59
7.44923e+06,-88.17,-35.58
7.45282e+06,-98.63,-35.57
7.45641e+06,-100.78,-35.56
7.46e+06,-88.15,-35.56
7.46359e+06,-86.88,-35.55
7.46718e+06,-108.15,-35.54
7.47078e+06,-89.20,-35.53
7.47437e+06,-87.25,-35.52
7.47796e+06,-88.46,-35.52
7.48155e+06,-97.12,-35.51
7.48514e+06,-89.94,-35.50
7.48873e+06,-85.76,-35.49
7.49233e+06,-101.44,-35.49
7.49592e+06,-87.32,-35.48
7.49951e+06,-88.21,-35.47
7.5031e+06,-88.29,-35.46
7.50669e+06,-90.86,-35.46
7.51028e+06,-87.39,-35.45
7.51388e+06,-86.10,-35.44
7.51747e+06,-88.04,-35.44
7.52106e+06,-96.89,-35.43
7.52465e+06,-95.35,-35.42
7.52824e+06,-102.32,-35.42
7.53183e+06,-93.28,-35.41
7.53543e+06,-89.19,-35.40
7.53902e+06,-84.43,-35.40
7.54261e+06,-84.82,-35.39
7.5462e+06,-87.79,-35.38
7.54979e+06,-85.68,-35.38
7.55338e+06,-86.43,-35.37
7.55698e+06,-89.24,-35.36
7.56057e+06,-88.54,-35.36
7.56416e+06,-104.87,-35.35
7.56775e+06,-83.57,-35.35
7.57134e+06,-92.44,-35.34
7.57494e+06,-87.17,-35.33
7.57853e+06,-84.26,-35.33
7.58212e+06,-86.39,-35.32
7.58571e+06,-95.12,-35.32
7.5893e+06,-94.92,-35.31
7.59289e+06,-90.36,-35.30
7.59649e+06,-86.69,-35.30
7.60008e+06,-86.93,-35.29
7.60367e+06,-94.82,-35.29
7.60726e+06,-88.75,-35.28
7.61085e+06,-90.34,-35.28
7.61444e+06,-95.99,-35.27
7.61804e+06,-97.91,-35.27
7.62163e+06,-93.49,-35.26
7.62522e+06,-92.57,-35.26
7.62881e+06,-103.51,-35.25
7.6324e+06,-106.63,-35.25
7.63599e+06,-95.38,-35.24
7.63959e+06,-98.02,-35.24
7.64318e+06,-96.62,-35.23
7.64677e+06,-95.82,-35.23
7.65036e+06,-95.27,-35.22
7.65395e+06,-100.27,-35.22
7.65754e+06,-89.28,-35.21
7.66114e+06,-100.88,-35.21
7.66473e+06,-84.83,-35.20
7.66832e+06,-85.67,-35.20
7.67191e+06,-90.04,-35.19
7.6755e+06,-87.45,-35.19
7.6791e+06,-84.57,-35.19
7.68269e+06,-84.92,-35.18
7.68628e+06,-86.65,-35.18
7.68987e+06,-86.55,-35.17
7.69346e+06,-85.25,-35.17
7.69705e+06,-87.60,-35.17
7.70065e+06,-101.68,-35.16
7.70424e+06,-104.64,-35.16
7.70783e+06,-90.96,-35.15
7.71142e+06,-85.33,-35.15
7.71501e+06,-89.95,-35.15
7.7186e+06,-87.31,-35.14
7.7222e+06,-85.76,-35.14
7.72579e+06,-94.63,-35.14
7.72938e+06,-91.98,-35.13
7.73297e+06,-86.91,-35.13
7.73656e+06,-88.11,-35.13
7.74015e+06,-110.64,-35.12
7.74375e+06,-93.94,-35.12
7.74734e+06,-92.35,-35.12
7.75093e+06,-94.78,-35.11
7.75452e+06,-89.45,-35.11
7.75811e+06,-86.48,-35.11
7.7617e+06,-88.71,-35.10
7.7653e+06,-98.73,-35.10
7.76889e+06,-114.76,-35.10
7.77248e+06,-86.78,-35.09
7.77607e+06,-82.95,-35.09
7.77966e+06,-86.81,-35.09
7.78325e+06,-91.65,-35.09
7.78685e+06,-89.05,-35.08
7.79044e+06,-85.44,-35.08
7.79403e+06,-84.84,-35.08
7.79762e+06,-83.66,-35.07
7.80121e+06,-84.59,-35.07
7.80481e+06,-86.83,-35.07
7.8084e+06,-85.00,-35.07
7.81199e+06,-83.63,-35.07
7.81558e+06,-85.34,-35.06
7.81917e+06,-89.88,-35.06
7.82276e+06,-92.25,-35.06
7.82636e+06,-91.61,-35.06
7.82995e+06,-90.97,-35.05
7.83354e+06,-90.38,-35.05
7.83713e+06,-90.26,-35.05
7.84072e+06,-90.92,-35.05
7.84431e+06,-89.19,-35.05
7.84791e+06,-84.77,-35.04
7.8515e+06,-85.97,-35.04
7.85509e+06,-89.63,-35.04
7.85868e+06,-90.85,-35.04
7.86227e+06,-87.10,-35.04
7.86586e+06,-87.30,-35.04
7.86946e+06,-104.13,-35.03
7.87305e+06,-89.51,-35.03
7.87664e+06,-88.99,-35.03
7.88023e+06,-88.77,-35.03
7.88382e+06,-85.98,-35.03
7.88741e+06,-89.43,-35.03
7.89101e+06,-87.00,-35.03
7.8946e+06,-81.84,-35.02
7.89819e+06,-86.91,-35.02
7.90178e+06,-91.18,-35.02
7.90537e+06,-92.02,-35.02
7.90897e+06,-90.40,-35.02
7.91256e+06,-85.50,-35.02
7.91615e+06,-85.31,-35.02
7.91974e+06,-83.08,-35.02
7.92333e+06,-82.35,-35.02
7.92692e+06,-85.72,-35.01
7.93052e+06,-101.49,-35.01
7.93411e+06,-89.72,-35.01
7.9377e+06,-89.72,-35.01
7.94129e+06,-93.55,-35.01
7.94488e+06,-91.64,-35.01
7.94847e+06,-89.18,-35.01
7.95207e+06,-87.42,-35.01
7.95566e+06,-86.59,-35.01
7.95925e+06,-86.78,-35.01
7.96284e+06,-88.48,-35.01
7.96643e+06,-96.48,-35.01
7.97002e+06,-88.56,-35.01
7.97362e+06,-88.86,-35.01
7.97721e+06,-95.81,-35.01
7.9808e+06,-88.01,-35.01
7.98439e+06,-81.84,-35.01
7.98798e+06,-83.56,-35.01
7.99157e+06,-91.93,-35.01
7.99517e+06,-95.99,-35.01
7.99876e+06,-91.97,-35.01
8.00235e+06,-87.51,-35.01
8.00594e+06,-87.85,-35.01
8.00953e+06,-95.64,-35.01
8.01312e+06,-86.41,-35.01
8.01672e+06,-89.52,-35.01
8.02031e+06,-108.45,-35.01
8.0239e+06,-102.46,-35.01
8.02749e+06,-91.82,-35.01
8.03108e+06,-97.89,-35.01
8.03468e+06,-92.57,-35.01
8.03827e+06,-87.19,-35.01
8.04186e+06,-87.75,-35.01
8.04545e+06,-92.98,-35.01
8.04904e+06,-87.23,-35.01
8.05263e+06,-88.80,-35.01
8.05623e+06,-95.43,-35.01
8.05982e+06,-86.64,-35.01
8.06341e+06,-83.00,-35.01
8.067e+06,-84.45,-35.01
8.07059e+06,-94.68,-35.01
8.07418e+06,-94.77,-35.01
8.07778e+06,-96.33,-35.02
8.08137e+06,-89.20,-35.02
8.08496e+06,-84.62,-35.02
8.08855e+06,-83.59,-35.02
8.09214e+06,-93.09,-35.02
8.09573e+06,-94.47,-35.02
8.09933e+06,-84.98,-35.02
8.10292e+06,-86.62,-35.02
8.10651e+06,-87.80,-35.02
8.1101e+06,-82.30,-35.02
8.11369e+06,-82.13,-35.03
8.11728e+06,-82.39,-35.03
8.12088e+06,-85.95,-35.03
8.12447e+06,-91.49,-35.03
8.12806e+06,-86.50,-35.03
8.13165e+06,-84.94,-35.03
8.13524e+06,-86.35,-35.03
8.13884e+06,-84.50,-35.03
8.14243e+06,-83.60,-35.04
8.14602e+06,-83.32,-35.04
8.14961e+06,-88.34,-35.04
8.1532e+06,-97.54,-35.04
8.15679e+06,-94.62,-35.04
8.16039e+06,-99.80,-35.04
8.16398e+06,-87.77,-35.05
8.16757e+06,-93.51,-35.05
8.17116e+06,-86.58,-35.05
8.17475e+06,-83.43,-35.05
8.17834e+06,-85.58,-35.05
8.18194e+06,-84.62,-35.05
8.18553e+06,-83.68,-35.06
8.18912e+06,-86.23,-35.06
8.19271e+06,-95.27,-35.06
8.1963e+06,-91.70,-35.06
8.19989e+06,-92.05,-35.06
8.20349e+06,-92.43,-35.07
8.20708e+06,-89.25,-35.07
8.21067e+06,-92.06,-35.07
8.21426e+06,-87.77,-35.07
8.21785e+06,-86.19,-35.08
8.22144e+06,-89.68,-35.08
8.22504e+06,-89.72,-35.08
8.22863e+06,-86.80,-35.08
8.23222e+06,-84.87,-35.08
8.23581e+06,-81.05,-35.09
8.2394e+06,-86.88,-35.09
8.243e+06,-92.15,-35.09
8.24659e+06,-85.57,-35.09
8.25018e+06,-87.37,-35.10
8.25377e+06,-87.68,-35.10
8.25736e+06,-89.51,-35.10
8.26095e+06,-91.79,-35.10
8.26455e+06,-96.34,-35.11
8.26814e+06,-88.14,-35.11
8.27173e+06,-93.42,-35.11
8.27532e+06,-83.21,-35.11
8.27891e+06,-83.66,-35.12
8.2825e+06,-91.49,-35.12
8.2861e+06,-85.48,-35.12
8.28969e+06,-85.77,-35.13
8.29328e+06,-87.92,-35.13
8.29687e+06,-91.16,-35.13
8.30046e+06,-90.71,-35.13
8.30405e+06,-87.49,-35.14
8.30765e+06,-84.19,-35.14
8.31124e+06,-83.66,-35.14
8.31483e+06,-89.13,-35.15
8.31842e+06,-92.62,-35.15
8.32201e+06,-94.08,-35.15
8.3256e+06,-95.14,-35.15
8.3292e+06,-88.29,-35.16
8.33279e+06,-81.71,-35.16
8.33638e+06,-81.82,-35.16
8.33997e+06,-85.48,-35.17
8.34356e+06,-89.84,-35.17
8.34715e+06,-91.04,-35.17
8.35075e+06,-92.56,-35.18
8.35434e+06,-92.84,-35.18
8.35793e+06,-90.52,-35.18
8.36152e+06,-91.61,-35.19
8.36511e+06,-88.96,-35.19
8.36871e+06,-85.82,-35.19
8.3723e+06,-83.65,-35.20
8.37589e+06,-86.80,-35.20
8.37948e+06,-94.76,-35.20
8.38307e+06,-85.88,-35.21
8.38666e+06,-86.30,-35.21
8.39026e+06,-89.10,-35.21
8.39385e+06,-92.28,-35.22
8.39744e+06,-86.38,-35.22
8.40103e+06,-87.32,-35.23
8.40462e+06,-93.03,-35.23
8.40821e+06,-93.53,-35.23
8.41181e+06,-86.61,-35.24
8.4154e+06,-96.37,-35.24
8.41899e+06,-85.82,-35.24
8.42258e+06,-89.39,-35.25
8.42617e+06,-97.10,-35.25
8.42976e+06,-88.71,-35.26
8.43336e+06,-90.03,-35.26
8.43695e+06,-92.56,-35.26
8.44054e+06,-84.23,-35.27
8.44413e+06,-88.91,-35.27
8.44772e+06,-96.09,-35.28
8.45131e+06,-89.36,-35.28
8.45491e+06,-88.40,-35.28
8.4585e+06,-91.88,-35.29
8.46209e+06,-88.65,-35.29
8.46568e+06,-96.10,-35.30
8.46927e+06,-87.62,-35.30
8.47287e+06,-93.29,-35.30
8.47646e+06,-93.64,-35.31
8.48005e+06,-90.82,-35.31
8.48364e+06,-91.61,-35.32
8.48723e+06,-91.87,-35.32
8.49082e+06,-89.16,-35.33
8.49442e+06,-87.95,-35.33
8.49801e+06,-89.92,-35.33
8.5016e+06,-90.69,-35.34
8.50519e+06,-86.92,-35.34
8.50878e+06,-88.59,-35.35
8.51237e+06,-91.14,-35.35
8.51597e+06,-95.69,-35.36
8.51956e+06,-87.26,-35.36
8.52315e+06,-87.26,-35.36
8.52674e+06,-89.59,-35.37
8.53033e+06,-85.56,-35.37
8.53392e+06,-85.76,-35.38
8.53752e+06,-90.54,-35.38
8.54111e+06,-90.71,-35.39
8.5447e+06,-95.59,-35.39
8.54829e+06,-98.54,-35.40
8.55188e+06,-114.50,-35.40
8.55547e+06,-100.50,-35.41
8.55907e+06,-101.22,-35.41
8.56266e+06,-91.68,-35.42
8.56625e+06,-88.52,-35.42
8.56984e+06,-95.55,-35.42
8.57343e+06,-90.63,-35.43
8.57702e+06,-99.19,-35.43
8.58062e+06,-94.06,-35.44
8.58421e+06,-97.58,-35.44
8.5878e+06,-105.43,-35.45
8.59139e+06,-98.45,-35.45
8.59498e+06,-93.52,-35.46
8.59858e+06,-84.22,-35.46
8.60217e+06,-88.44,-35.47
8.60576e+06,-95.02,-35.47
8.60935e+06,-86.32,-35.48
8.61294e+06,-89.74,-35.48
8.61653e+06,-87.66,-35.49
8.62013e+06,-92.83,-35.49
8.62372e+06,-105.70,-35.50
8.62731e+06,-97.32,-35.50
8.6309e+06,-99.10,-35.51
8.63449e+06,-86.76,-35.51
8.63808e+06,-87.20,-35.52
8.64168e+06,-91.56,-35.52
8.64527e+06,-90.65,-35.53
8.64886e+06,-98.53,-35.53
8.65245e+06,-95.46,-35.54
8.65604e+06,-110.52,-35.55
8.65963e+06,-90.90,-35.55
8.66323e+06,-90.22,-35.56
8.66682e+06,-88.94,-35.56
8.67041e+06,-93.70,-35.57
8.674e+06,-90.38,-35.57
8.67759e+06,-86.66,-35.58
8.68118e+06,-91.56,-35.58
8.68478e+06,-93.85,-35.59
8.68837e+06,-92.01,-35.59
8.69196e+06,-86.49,-35.60
8.69555e+06,-84.70,-35.60
8.69914e+06,-89.24,-35.61
8.70274e+06,-91.14,-35.61
8.70633e+06,-83.86,-35.62
8.70992e+06,-89.23,-35.63
8.71351e+06,-104.55,-35.63
8.7171e+06,-97.91,-35.64
8.72069e+06,-89.85,-35.64
8.72429e+06,-89.61,-35.65
8.72788e+06,-88.88,-35.65
8.73147e+06,-90.38,-35.66
8.73506e+06,-94.45,-35.66
8.73865e+06,-87.99,-35.67
8.74224e+06,-91.38,-35.68
8.74584e+06,-92.88,-35.68
8.74943e+06,-100.42,-35.69
8.75302e+06,-103.11,-35.69
8.75661e+06,-95.67,-35.70
8.7602e+06,-100.71,-35.70
8.76379e+06,-94.89,-35.71
8.76739e+06,-91.82,-35.72
8.77098e+06,-100.39,-35.72
8.77457e+06,-89.46,-35.73
8.77816e+06,-97.42,-35.73
8.78175e+06,-85.73,-35.74
8.78534e+06,-84.01,-35.75
8.78894e+06,-99.57,-35.75
8.79253e+06,-94.64,-35.76
8.79612e+06,-96.29,-35.76
8.79971e+06,-91.45,-35.77
8.8033e+06,-91.78,-35.78
8.80689e+06,-90.05,-35.78
8.81049e+06,-91.23,-35.79
8.81408e+06,-104.87,-35.79
8.81767e+06,-108.58,-35.80
8.82126e+06,-93.29,-35.80
8.82485e+06,-97.50,-35.81
8.82845e+06,-88.35,-35.82
8.83204e+06,-87.01,-35.82
8.83563e+06,-86.82,-35.83
8.83922e+06,-94.14,-35.84
8.84281e+06,-93.16,-35.84
8.8464e+06,-86.78,-35.85
8.85e+06,-82.49,-35.85
8.85359e+06,-81.66,-35.86
8.85718e+06,-85.05,-35.87
8.86077e+06,-95.95,-35.87
8.86436e+06,-89.85,-35.88
8.86795e+06,-87.20,-35.88
8.87155e+06,-94.36,-35.89
8.87514e+06,-90.00,-35.90
8.87873e+06,-85.53,-35.90
8.88232e+06,-84.04,-35.91
8.88591e+06,-87.70,-35.92
8.8895e+06,-93.10,-35.92
8.8931e+06,-114.24,-35.93
8.89669e+06,-96.71,-35.93
8.90028e+06,-94.43,-35.94
8.90387e+06,-88.97,-35.95
8.90746e+06,-89.66,-35.95
8.91105e+06,-88.64,-35.96
8.91465e+06,-85.00,-35.97
8.91824e+06,-81.93,-35.97
8.92183e+06,-85.18,-35.98
8.92542e+06,-98.63,-35.99
8.92901e+06,-91.11,-35.99
8.93261e+06,-89.66,-36.00
8.9362e+06,-101.12,-36.01
8.93979e+06,-90.85,-36.01
8.94338e+06,-90.04,-36.02
8.94697e+06,-92.45,-36.02
8.95056e+06,-93.69,-36.03
8.95416e+06,-87.57,-36.04
8.95775e+06,-91.72,-36.04
8.96134e+06,-90.81,-36.05
8.96493e+06,-85.95,-36.06
8.96852e+06,-88.56,-36.06
8.97211e+06,-85.46,-36.07
8.97571e+06,-84.03,-36.08
8.9793e+06,-88.19,-36.08
8.98289e+06,-93.30,-36.09
8.98648e+06,-95.82,-36.10
8.99007e+06,-87.75,-36.10
8.99366e+06,-96.29,-36.11
8.99726e+06,-105.08,-36.12
9.00085e+06,-100.21,-36.12
9.00444e+06,-91.60,-36.13
9.00803e+06,-91.22,-36.14
9.01162e+06,-97.78,-36.14
9.01521e+06,-98.13,-36.15
9.01881e+06,-95.92,-36.16
9.0224e+06,-90.47,-36.16
9.02599e+06,-89.30,-36.17
9.02958e+06,-89.75,-36.18
9.03317e+06,-95.01,-36.18
9.03676e+06,-88.60,-36.19
9.04036e+06,-87.11,-36.20
9.04395e+06,-96.38,-36.20
9.04754e+06,-90.56,-36.21
9.05113e+06,-85.26,-36.22
9.05472e+06,-85.99,-36.23
9.05832e+06,-95.41,-36.23
9.06191e+06,-93.80,-36.24
9.0655e+06,-93.70,-36.25
9.06909e+06,-90.75,-36.25
9.07268e+06,-85.73,-36.26
9.07627e+06,-86.88,-36.27
9.07987e+06,-92.55,-36.27
9.08346e+06,-92.06,-36.28
9.08705e+06,-95.07,-36.29
9.09064e+06,-98.87,-36.29
9.09423e+06,-99.11,-36.30
9.09782e+06,-89.71,-36.31
9.10142e+06,-92.07,-36.32
9.10501e+06,-95.03,-36.32
9.1086e+06,-97.70,-36.33
9.11219e+06,-91.02,-36.34
9.11578e+06,-91.04,-36.34
9.11937e+06,-96.47,-36.35
9.12297e+06,-85.68,-36.36
9.12656e+06,-86.71,-36.36
9.13015e+06,-87.59,-36.37
9.13374e+06,-83.60,-36.38
9.13733e+06,-91.29,-36.39
9.14092e+06,-114.14,-36.39
9.14452e+06,-92.51,-36.40
9.14811e+06,-90.10,-36.41
9.1517e+06,-91.02,-36.41
9.15529e+06,-87.82,-36.42
9.15888e+06,-88.59,-36.43
9.16248e+06,-91.77,-36.44
9.16607e+06,-94.70,-36.44
9.16966e+06,-90.64,-36.45
9.17325e+06,-99.48,-36.46
9.17684e+06,-95.37,-36.46
9.18043e+06,-90.52,-36.47
9.18403e+06,-90.52,-36.48
9.18762e+06,-96.50,-36.49
9.19121e+06,-96.34,-36.49
9.1948e+06,-88.41,-36.50
9.19839e+06,-86.21,-36.51
9.20198e+06,-89.14,-36.52
9.20558e+06,-91.54,-36.52
9.20917e+06,-95.99,-36.53
9.21276e+06,-113.76,-36.54
9.21635e+06,-98.82,-36.54
9.21994e+06,-88.21,-36.55
9.22353e+06,-89.09,-36.56
9.22713e+06,-95.87,-36.57
9.23072e+06,-90.19,-36.57
9.23431e+06,-88.84,-36.58
9.2379e+06,-91.33,-36.59
9.24149e+06,-85.32,-36.60
9.24508e+06,-94.06,-36.60
9.24868e+06,-86.23,-36.61
9.25227e+06,-93.23,-36.62
9.25586e+06,-88.89,-36.63
9.25945e+06,-84.79,-36.63
9.26304e+06,-90.78,-36.64
9.26663e+06,-89.55,-36.65
9.27023e+06,-88.64,-36.65
9.27382e+06,-87.54,-36.66
9.27741e+06,-84.27,-36.67
9.281e+06,-87.09,-36.68
9.28459e+06,-93.61,-36.68
9.28819e+06,-91.19,-36.69
9.29178e+06,-83.97,-36.70
9.29537e+06,-87.23,-36.71
9.29896e+06,-104.35,-36.71
9.30255e+06,-91.57,-36.72
9.30614e+06,-96.88,-36.73
9.30974e+06,-95.42,-36.74
9.31333e+06,-90.39,-36.74
9.31692e+06,-88.52,-36.75
9.32051e+06,-89.49,-36.76
9.3241e+06,-87.63,-36.77
9.32769e+06,-96.66,-36.77
9.33129e+06,-96.42,-36.78
9.33488e+06,-100.56,-36.79
9.33847e+06,-103.41,-36.80
9.34206e+06,-92.69,-36.80
9.34565e+06,-91.55,-36.81
9.34924e+06,-93.22,-36.82
9.35284e+06,-91.31,-36.83
9.35643e+06,-94.49,-36.83
9.36002e+06,-84.91,-36.84
9.36361e+06,-87.24,-36.85
9.3672e+06,-86.59,-36.86
9.37079e+06,-88.81,-36.87
9.37439e+06,-89.16,-36.87
9.37798e+06,-96.32,-36.88
9.38157e+06,-89.19,-36.89
9.38516e+06,-86.14,-36.90
9.38875e+06,-83.74,-36.90
9.39235e+06,-88.35,-36.91
9.39594e+06,-94.81,-36.92
9.39953e+06,-90.85,-36.93
9.40312e+06,-91.20,-36.93
9.40671e+06,-88.38,-36.94
9.4103e+06,-91.20,-36.95
9.4139e+06,-97.78,-36.96
9.41749e+06,-96.46,-36.96
9.42108e+06,-102.69,-36.97
9.42467e+06,-96.41,-36.98
9.42826e+06,-89.71,-36.99
9.43185e+06,-86.32,-37.00
9.43545e+06,-86.45,-37.00
9.43904e+06,-84.28,-37.01
9.44263e+06,-87.60,-37.02
9.44622e+06,-94.05,-37.03
9.44981e+06,-94.66,-37.03
9.4534e+06,-94.28,-37.04
9.457e+06,-89.46,-37.05
9.46059e+06,-89.33,-37.06
9.46418e+06,-87.51,-37.07
9.46777e+06,-87.81,-37.07
9.47136e+06,-95.52,-37.08
9.47495e+06,-91.77,-37.09
9.47855e+06,-88.13,-37.10
9.48214e+06,-91.43,-37.10
9.48573e+06,-91.41,-37.11
9.48932e+06,-87.80,-37.12
9.49291e+06,-93.64,-37.13
9.4965e+06,-95.48,-37.14
9.5001e+06,-89.39,-37.14
9.50369e+06,-86.75,-37.15
9.50728e+06,-91.25,-37.16
9.51087e+06,-90.30,-37.17
9.51446e+06,-98.32,-37.17
9.51806e+06,-99.20,-37.18
9.52165e+06,-95.12,-37.19
9.52524e+06,-92.81,-37.20
9.52883e+06,-91.85,-37.21
9.53242e+06,-90.49,-37.21
9.53601e+06,-90.32,-37.22
9.53961e+06,-102.17,-37.23
9.5432e+06,-89.06,-37.24
9.54679e+06,-84.82,-37.25
9.55038e+06,-89.18,-37.25
9.55397e+06,-103.76,-37.26
9.55756e+06,-93.31,-37.27
9.56116e+06,-86.72,-37.28
9.56475e+06,-91.47,-37.28
9.56834e+06,-96.70,-37.29
9.57193e+06,-96.44,-37.30
9.57552e+06,-112.39,-37.31
9.57911e+06,-99.30,-37.32
9.58271e+06,-94.60,-37.32
9.5863e+06,-93.52,-37.33
9.58989e+06,-98.61,-37.34
9.59348e+06,-100.88,-37.35
9.59707e+06,-99.08,-37.36
9.60066e+06,-101.99,-37.36
9.60426e+06,-92.69,-37.37
9.60785e+06,-87.71,-37.38
9.61144e+06,-88.05,-37.39
9.61503e+06,-97.56,-37.40
9.61862e+06,-95.36,-37.40
9.62222e+06,-90.67,-37.41
9.62581e+06,-94.53,-37.42
9.6294e+06,-89.89,-37.43
9.63299e+06,-89.45,-37.44
9.63658e+06,-88.91,-37.44
9.64017e+06,-90.18,-37.45
9.64377e+06,-100.70,-37.46
9.64736e+06,-89.55,-37.47
9.65095e+06,-86.13,-37.48
9.65454e+06,-85.78,-37.48
9.65813e+06,-85.26,-37.49
9.66172e+06,-87.41,-37.50
9.66532e+06,-90.27,-37.51
9.66891e+06,-93.64,-37.52
9.6725e+06,-101.15,-37.52
9.67609e+06,-89.03,-37.53
9.67968e+06,-94.74,-37.54
9.68327e+06,-90.21,-37.55
9.68687e+06,-91.49,-37.56
9.69046e+06,-100.39,-37.56
9.69405e+06,-97.71,-37.57
9.69764e+06,-90.57,-37.58
9.70123e+06,-90.67,-37.59
9.70482e+06,-94.52,-37.60
9.70842e+06,-90.34,-37.60
9.71201e+06,-90.27,-37.61
9.7156e+06,-88.09,-37.62
9.71919e+06,-90.35,-37.63
9.72278e+06,-94.84,-37.64
9.72637e+06,-92.00,-37.64
9.72997e+06,-96.86,-37.65
9.73356e+06,-86.51,-37.66
9.73715e+06,-87.49,-37.67
9.74074e+06,-107.90,-37.68
9.74433e+06,-93.21,-37.68
9.74793e+06,-84.24,-37.69
9.75152e+06,-83.68,-37.70
9.75511e+06,-91.21,-37.71
9.7587e+06,-99.37,-37.72
9.76229e+06,-100.47,-37.72
9.76588e+06,-95.76,-37.73
9.76948e+06,-93.29,-37.74
9.77307e+06,-92.69,-37.75
9.77666e+06,-100.23,-37.76
9.78025e+06,-97.30,-37.77
9.78384e+06,-89.23,-37.77
9.78743e+06,-98.12,-37.78
9.79103e+06,-84.89,-37.79
9.79462e+06,-92.48,-37.80
9.79821e+06,-94.30,-37.81
9.8018e+06,-100.49,-37.81
9.80539e+06,-110.94,-37.82
9.80898e+06,-91.63,-37.83
9.81258e+06,-90.23,-37.84
9.81617e+06,-97.85,-37.85
9.81976e+06,-89.52,-37.85
9.82335e+06,-88.86,-37.86
9.82694e+06,-94.57,-37.87
9.83053e+06,-94.46,-37.88
9.83413e+06,-94.76,-37.89
9.83772e+06,-91.57,-37.90
9.84131e+06,-89.51,-37.90
9.8449e+06,-98.10,-37.91
9.84849e+06,-95.00,-37.92
9.85209e+06,-89.75,-37.93
9.85568e+06,-88.74,-37.94
9.85927e+06,-87.18,-37.94
9.86286e+06,-88.94,-37.95
9.86645e+06,-96.31,-37.96
9.87004e+06,-86.43,-37.97
9.87364e+06,-85.08,-37.98
9.87723e+06,-85.50,-37.99
9.88082e+06,-104.31,-37.99
9.88441e+06,-85.32,-38.00
9.888e+06,-83.51,-38.01
9.89159e+06,-91.38,-38.02
9.89519e+06,-94.47,-38.03
9.89878e+06,-90.74,-38.03
9.90237e+06,-90.94,-38.04
9.90596e+06,-91.76,-38.05
9.90955e+06,-92.82,-38.06
9.91314e+06,-90.64,-38.07
9.91674e+06,-95.89,-38.07
9.92033e+06,-96.08,-38.08
9.92392e+06,-92.23,-38.09
9.92751e+06,-88.07,-38.10
9.9311e+06,-88.54,-38.11
9.93469e+06,-101.66,-38.12
9.93829e+06,-90.58,-38.12
9.94188e+06,-95.42,-38.13
9.94547e+06,-91.75,-38.14
9.94906e+06,-88.97,-38.15
9.95265e+06,-92.74,-38.16
9.95624e+06,-97.79,-38.17
9.95984e+06,-92.81,-38.17
9.96343e+06,-92.27,-38.18
9.96702e+06,-91.95,-38.19
9.97061e+06,-89.99,-38.20
9.9742e+06,-98.00,-38.21
9.9778e+06,-92.37,-38.21
9.98139e+06,-100.54,-38.22
9.98498e+06,-85.83,-38.23
9.98857e+06,-87.64,-38.24
9.99216e+06,-95.07,-38.25
9.99575e+06,-89.42,-38.26
9.99935e+06,-92.12,-38.26
1.00029e+07,-106.73,-38.27
1.00065e+07,-90.24,-38.28
1.00101e+07,-88.48,-38.29
1.00137e+07,-97.56,-38.30
1.00173e+07,-95.83,-38.30
1.00209e+07,-105.15,-38.31
1.00245e+07,-94.64,-38.32
1.00281e+07,-95.32,-38.33
1.00317e+07,-100.24,-38.34
1.00353e+07,-101.05,-38.35
1.00389e+07,-89.56,-38.35
1.00424e+07,-91.96,-38.36
1.0046e+07,-110.26,-38.37
1.00496e+07,-94.14,-38.38
1.00532e+07,-91.41,-38.39
1.00568e+07,-100.13,-38.40
1.00604e+07,-94.74,-38.40
1.0064e+07,-89.36,-38.41
1.00676e+07,-88.91,-38.42
1.00712e+07,-88.36,-38.43
1.00748e+07,-94.24,-38.44
1.00784e+07,-93.80,-38.44
1.0082e+07,-87.51,-38.45
1.00855e+07,-87.33,-38.46
1.00891e+07,-93.83,-38.47
1.00927e+07,-94.78,-38.48
1.00963e+07,-91.60,-38.49
1.00999e+07,-90.99,-38.49
1.01035e+07,-91.26,-38.50
1.01071e+07,-98.20,-38.51
1.01107e+07,-104.66,-38.52
1.01143e+07,-98.12,-38.53
1.01179e+07,-97.11,-38.54
1.01215e+07,-99.54,-38.54
1.01251e+07,-100.23,-38.55
1.01286e+07,-97.91,-38.56
1.01322e+07,-93.52,-38.57
1.01358e+07,-86.28,-38.58
1.01394e+07,-89.77,-38.59
1.0143e+07,-96.58,-38.59
1.01466e+07,-94.30,-38.60
1.01502e+07,-96.71,-38.61
1.01538e+07,-93.32,-38.62
1.01574e+07,-98.42,-38.63
1.0161e+07,-98.39,-38.63
1.01646e+07,-92.34,-38.64
1.01682e+07,-98.23,-38.65
1.01717e+07,-91.60,-38.66
1.01753e+07,-106.37,-38.67
1.01789e+07,-110.73,-38.68
1.01825e+07,-91.08,-38.68
1.01861e+07,-88.28,-38.69
1.01897e+07,-87.96,-38.70
1.01933e+07,-94.68,-38.71
1.01969e+07,-97.51,-38.72
1.02005e+07,-93.74,-38.73
1.02041e+07,-94.10,-38.73
1.02077e+07,-97.44,-38.74
1.02113e+07,-89.46,-38.75
1.02148e+07,-86.04,-38.76
1.02184e+07,-92.72,-38.77
1.0222e+07,-88.11,-38.77
1.02256e+07,-91.55,-38.78
1.02292e+07,-91.00,-38.79
1.02328e+07,-91.57,-38.80
1.02364e+07,-86.44,-38.81
1.024e+07,-86.34,-38.82
1.02436e+07,-91.10,-38.82
1.02472e+07,-92.43,-38.83
1.02508e+07,-90.87,-38.84
1.02544e+07,-91.27,-38.85
1.02579e+07,-91.82,-38.86
1.02615e+07,-96.99,-38.87
1.02651e+07,-98.43,-38.87
1.02687e+07,-96.15,-38.88
1.02723e+07,-93.02,-38.89
1.02759e+07,-100.70,-38.90
1.02795e+07,-111.94,-38.91
1.02831e+07,-88.80,-38.92
1.02867e+07,-90.09,-38.92
1.02903e+07,-102.31,-38.93
1.02939e+07,-89.52,-38.94
1.02975e+07,-86.18,-38.95
1.0301e+07,-86.23,-38.96
1.03046e+07,-89.96,-38.96
1.03082e+07,-99.69,-38.97
1.03118e+07,-90.36,-38.98
1.03154e+07,-87.42,-38.99
1.0319e+07,-88.76,-39.00
1.03226e+07,-89.00,-39.01
1.03262e+07,-88.81,-39.01
1.03298e+07,-96.27,-39.02
1.03334e+07,-95.49,-39.03
1.0337e+07,-93.08,-39.04
1.03406e+07,-97.76,-39.05
1.03442e+07,-89.37,-39.06
1.03477e+07,-88.68,-39.06
1.03513e+07,-91.81,-39.07
1.03549e+07,-94.68,-39.08
1.03585e+07,-90.14,-39.09
1.03621e+07,-90.34,-39.10
1.03657e+07,-120.83,-39.11
1.03693e+07,-95.67,-39.11
1.03729e+07,-94.28,-39.12
1.03765e+07,-91.10,-39.13
1.03801e+07,-87.49,-39.14
1.03837e+07,-88.66,-39.15
1.03873e+07,-95.35,-39.15
1.03908e+07,-98.50,-39.16
1.03944e+07,-95.99,-39.17
1.0398e+07,-97.36,-39.18
1.04016e+07,-95.14,-39.19
1.04052e+07,-94.11,-39.20
1.04088e+07,-95.52,-39.20
1.04124e+07,-104.51,-39.21
1.0416e+07,-97.24,-39.22
1.04196e+07,-103.81,-39.23
1.04232e+07,-93.16,-39.24
1.04268e+07,-89.78,-39.25
1.04304e+07,-87.36,-39.25
1.04339e+07,-94.51,-39.26
1.04375e+07,-96.25,-39.27
1.04411e+07,-104.61,-39.28
1.04447e+07,-94.78,-39.29
1.04483e+07,-93.01,-39.30
1.04519e+07,-93.15,-39.30
1.04555e+07,-99.48,-39.31
1.04591e+07,-100.84,-39.32
1.04627e+07,-94.67,-39.33
1.04663e+07,-97.99,-39.34
1.04699e+07,-96.30,-39.34
1.04735e+07,-90.42,-39.35
1.0477e+07,-92.99,-39.36
1.04806e+07,-94.77,-39.37
1.04842e+07,-90.11,-39.38
1.04878e+07,-91.60,-39.39
1.04914e+07,-94.92,-39.39
1.0495e+07,-88.77,-39.40
1.04986e+07,-89.47,-39.41
1.05022e+07,-89.76,-39.42
1.05058e+07,-87.93,-39.43
1.05094e+07,-90.99,-39.44
1.0513e+07,-94.29,-39.44
1.05166e+07,-94.26,-39.45
1.05201e+07,-88.66,-39.46
1.05237e+07,-88.23,-39.47
1.05273e+07,-99.01,-39.48
1.05309e+07,-93.88,-39.48
1.05345e+07,-91.14,-39.49
1.05381e+07,-91.16,-39.50
1.05417e+07,-89.34,-39.51
1.05453e+07,-89.92,-39.52
1.05489e+07,-88.77,-39.53
1.05525e+07,-97.07,-39.53
1.05561e+07,-88.68,-39.54
1.05597e+07,-87.97,-39.55
1.05632e+07,-95.36,-39.56
1.05668e+07,-99.91,-39.57
1.05704e+07,-97.89,-39.57
1.0574e+07,-96.69,-39.58
1.05776e+07,-99.05,-39.59
1.05812e+07,-100.83,-39.60
1.05848e+07,-93.55,-39.61
1.05884e+07,-93.42,-39.62
1.0592e+07,-95.20,-39.62
1.05956e+07,-95.84,-39.63
1.05992e+07,-97.99,-39.64
1.06028e+07,-92.83,-39.65
1.06063e+07,-91.70,-39.66
1.06099e+07,-94.62,-39.67
1.06135e+07,-109.52,-39.67
1.06171e+07,-94.91,-39.68
1.06207e+07,-93.55,-39.69
1.06243e+07,-96.13,-39.70
1.06279e+07,-94.06,-39.71
1.06315e+07,-102.10,-39.71
1.06351e+07,-90.09,-39.72
1.06387e+07,-88.77,-39.73
1.06423e+07,-87.84,-39.74
1.06459e+07,-90.87,-39.75
1.06494e+07,-105.23,-39.76
1.0653e+07,-96.06,-39.76
1.06566e+07,-93.29,-39.77
1.06602e+07,-88.87,-39.78
1.06638e+07,-88.50,-39.79
1.06674e+07,-91.70,-39.80
1.0671e+07,-97.31,-39.80
1.06746e+07,-100.27,-39.81
1.06782e+07,-132.75,-39.82
1.06818e+07,-111.48,-39.83
1.06854e+07,-98.88,-39.84
1.0689e+07,-97.31,-39.85
1.06925e+07,-99.73,-39.85
1.06961e+07,-100.61,-39.86
1.06997e+07,-91.69,-39.87
1.07033e+07,-93.23,-39.88
1.07069e+07,-97.99,-39.89
1.07105e+07,-99.55,-39.89
1.07141e+07,-99.46,-39.90
1.07177e+07,-89.47,-39.91
1.07213e+07,-89.41,-39.92
1.07249e+07,-91.09,-39.93
1.07285e+07,-88.07,-39.94
1.07321e+07,-90.27,-39.94
1.07356e+07,-90.29,-39.95
1.07392e+07,-88.81,-39.96
1.07428e+07,-98.96,-39.97
1.07464e+07,-99.93,-39.98
1.075e+07,-89.89,-39.98
1.07536e+07,-91.91,-39.99
1.07572e+07,-100.59,-40.00
1.07608e+07,-98.36,-40.01
1.07644e+07,-96.78,-40.02
1.0768e+07,-101.84,-40.02
1.07716e+07,-96.04,-40.03
1.07752e+07,-104.89,-40.04
1.07787e+07,-99.37,-40.05
1.07823e+07,-103.03,-40.06
1.07859e+07,-98.33,-40.07
1.07895e+07,-98.55,-40.07
1.07931e+07,-92.19,-40.08
1.07967e+07,-94.48,-40.09
1.08003e+07,-103.35,-40.10
1.08039e+07,-95.50,-40.11
1.08075e+07,-89.73,-40.11
1.08111e+07,-96.56,-40.12
1.08147e+07,-91.61,-40.13
1.08183e+07,-91.94,-40.14
1.08218e+07,-96.69,-40.15
1.08254e+07,-87.36,-40.15
1.0829e+07,-86.01,-40.16
1.08326e+07,-87.55,-40.17
1.08362e+07,-90.46,-40.18
1.08398e+07,-93.18,-40.19
1.08434e+07,-97.22,-40.20
1.0847e+07,-94.07,-40.20
1.08506e+07,-94.38,-40.21
1.08542e+07,-98.83,-40.22
1.08578e+07,-97.59,-40.23
1.08614e+07,-94.24,-40.24
1.08649e+07,-107.01,-40.24
1.08685e+07,-94.89,-40.25
1.08721e+07,-95.87,-40.26
1.08757e+07,-91.63,-40.27
1.08793e+07,-91.86,-40.28
1.08829e+07,-92.73,-40.28
1.08865e+07,-95.73,-40.29
1.08901e+07,-90.91,-40.30
1.08937e+07,-93.97,-40.31
1.08973e+07,-92.25,-40.32
1.09009e+07,-87.08,-40.32
1.09045e+07,-91.23,-40.33
1.09081e+07,-91.00,-40.34
1.09116e+07,-92.47,-40.35
1.09152e+07,-93.85,-40.36
1.09188e+07,-95.13,-40.37
1.09224e+07,-94.57,-40.37
1.0926e+07,-95.09,-40.38
1.09296e+07,-93.44,-40.39
1.09332e+07,-90.47,-40.40
1.09368e+07,-98.19,-40.41
1.09404e+07,-94.80,-40.41
1.0944e+07,-90.23,-40.42
1.09476e+07,-93.44,-40.43
1.09512e+07,-92.52,-40.44
1.09547e+07,-95.89,-40.45
1.09583e+07,-94.47,-40.45
1.09619e+07,-114.18,-40.46
1.09655e+07,-95.60,-40.47
1.09691e+07,-97.34,-40.48
1.09727e+07,-101.58,-40.49
1.09763e+07,-97.65,-40.49
1.09799e+07,-92.16,-40.50
1.09835e+07,-98.50,-40.51
1.09871e+07,-90.55,-40.52
1.09907e+07,-88.18,-40.53
1.09943e+07,-94.08,-40.53
1.09978e+07,-89.85,-40.54
1.10014e+07,-92.98,-40.55
1.1005e+07,-97.72,-40.56
1.10086e+07,-94.03,-40.57
1.10122e+07,-93.16,-40.57
1.10158e+07,-102.25,-40.58
1.10194e+07,-102.32,-40.59
1.1023e+07,-94.23,-40.60
1.10266e+07,-97.55,-40.61
1.10302e+07,-91.59,-40.61
1.10338e+07,-95.99,-40.62
1.10374e+07,-129.46,-40.63
1.10409e+07,-100.84,-40.64
1.10445e+07,-94.50,-40.65
1.10481e+07,-101.58,-40.65
1.10517e+07,-97.89,-40.66
1.10553e+07,-94.53,-40.67
1.10589e+07,-94.96,-40.68
1.10625e+07,-88.86,-40.69
1.10661e+07,-88.63,-40.69
1.10697e+07,-88.28,-40.70
1.10733e+07,-91.09,-40.71
1.10769e+07,-102.16,-40.72
1.10805e+07,-100.01,-40.73
1.1084e+07,-104.35,-40.73
1.10876e+07,-97.80,-40.74
1.10912e+07,-93.81,-40.75
1.10948e+07,-90.73,-40.76
1.10984e+07,-89.42,-40.77
1.1102e+07,-91.46,-40.77
1.11056e+07,-96.24,-40.78
1.11092e+07,-97.13,-40.79
1.11128e+07,-96.63,-40.80
1.11164e+07,-88.81,-40.81
1.112e+07,-93.11,-40.81
1.11236e+07,-90.43,-40.82
1.11271e+07,-92.69,-40.83
1.11307e+07,-93.47,-40.84
1.11343e+07,-94.51,-40.85
1.11379e+07,-97.12,-40.85
1.11415e+07,-93.47,-40.86
1.11451e+07,-94.33,-40.87
1.11487e+07,-92.71,-40.88
1.11523e+07,-89.72,-40.89
1.11559e+07,-92.14,-40.89
1.11595e+07,-93.09,-40.90
1.11631e+07,-93.45,-40.91
1.11667e+07,-93.11,-40.92
1.11702e+07,-91.97,-40.93
1.11738e+07,-101.72,-40.93
1.11774e+07,-89.92,-40.94
1.1181e+07,-92.84,-40.95
1.11846e+07,-96.92,-40.96
1.11882e+07,-100.69,-40.97
1.11918e+07,-96.81,-40.97
1.11954e+07,-96.97,-40.98
1.1199e+07,-114.01,-40.99
1.12026e+07,-101.60,-41.00
1.12062e+07,-122.16,-41.00
1.12098e+07,-97.79,-41.01
1.12133e+07,-95.77,-41.02
1.12169e+07,-99.47,-41.03
1.12205e+07,-103.23,-41.04
1.12241e+07,-100.26,-41.04
1.12277e+07,-97.11,-41.05
1.12313e+07,-95.16,-41.06
1.12349e+07,-90.38,-41.07
1.12385e+07,-92.00,-41.08
1.12421e+07,-94.84,-41.08
1.12457e+07,-89.02,-41.09
1.12493e+07,-90.17,-41.10
1.12529e+07,-93.76,-41.11
1.12564e+07,-97.56,-41.12
1.126e+07,-95.41,-41.12
1.12636e+07,-91.51,-41.13
1.12672e+07,-87.63,-41.14
1.12708e+07,-87.40,-41.15
1.12744e+07,-94.70,-41.15
1.1278e+07,-95.28,-41.16
1.12816e+07,-96.84,-41.17
1.12852e+07,-99.78,-41.18
1.12888e+07,-98.14,-41.19
1.12924e+07,-107.27,-41.19
1.1296e+07,-102.08,-41.20
1.12995e+07,-98.03,-41.21
1.13031e+07,-96.06,-41.22
1.13067e+07,-103.49,-41.23
1.13103e+07,-102.02,-41.23
1.13139e+07,-110.84,-41.24
1.13175e+07,-110.27,-41.25
1.13211e+07,-96.64,-41.26
1.13247e+07,-99.42,-41.26
1.13283e+07,-112.81,-41.27
1.13319e+07,-99.86,-41.28
1.13355e+07,-108.00,-41.29
1.13391e+07,-109.00,-41.30
1.13426e+07,-95.56,-41.30
1.13462e+07,-91.19,-41.31
1.13498e+07,-90.73,-41.32
1.13534e+07,-88.34,-41.33
1.1357e+07,-102.23,-41.34
1.13606e+07,-92.64,-41.34
1.13642e+07,-92.02,-41.35
1.13678e+07,-97.59,-41.36
1.13714e+07,-100.95,-41.37
1.1375e+07,-106.18,-41.37
1.13786e+07,-97.75,-41.38
1.13822e+07,-93.60,-41.39
1.13857e+07,-93.71,-41.40
1.13893e+07,-101.93,-41.41
1.13929e+07,-107.93,-41.41
1.13965e+07,-105.80,-41.42
1.14001e+07,-102.61,-41.43
1.14037e+07,-100.01,-41.44
1.14073e+07,-96.59,-41.44
1.14109e+07,-99.49,-41.45
1.14145e+07,-94.08,-41.46
1.14181e+07,-91.35,-41.47
1.14217e+07,-88.57,-41.48
1.14253e+07,-87.37,-41.48
1.14288e+07,-91.00,-41.49
1.14324e+07,-97.80,-41.50
1.1436e+07,-106.57,-41.51
1.14396e+07,-104.27,-41.51
1.14432e+07,-99.59,-41.52
1.14468e+07,-104.76,-41.53
1.14504e+07,-108.59,-41.54
1.1454e+07,-101.94,-41.55
1.14576e+07,-100.43,-41.55
1.14612e+07,-102.97,-41.56
1.14648e+07,-101.05,-41.57
1.14684e+07,-104.56,-41.58
1.1472e+07,-101.96,-41.58
1.14755e+07,-103.27,-41.59
1.14791e+07,-97.62,-41.60
1.14827e+07,-97.98,-41.61
1.14863e+07,-103.32,-41.62
1.14899e+07,-99.52,-41.62
1.14935e+07,-103.32,-41.63
1.14971e+07,-97.25,-41.64
1.15007e+07,-95.63,-41.65
1.15043e+07,-97.91,-41.65
1.15079e+07,-97.06,-41.66
1.15115e+07,-92.15,-41.67
1.15151e+07,-97.62,-41.68
1.15186e+07,-101.45,-41.68
1.15222e+07,-98.24,-41.69
1.15258e+07,-93.09,-41.70
1.15294e+07,-93.66,-41.71
1.1533e+07,-93.16,-41.72
1.15366e+07,-101.91,-41.72
1.15402e+07,-103.34,-41.73
1.15438e+07,-105.55,-41.74
1.15474e+07,-96.81,-41.75
1.1551e+07,-97.11,-41.75
1.15546e+07,-106.97,-41.76
1.15582e+07,-110.83,-41.77
1.15617e+07,-94.25,-41.78
1.15653e+07,-98.56,-41.78
1.15689e+07,-91.99,-41.79
1.15725e+07,-91.56,-41.80
1.15761e+07,-93.54,-41.81
1.15797e+07,-107.37,-41.82
1.15833e+07,-99.97,-41.82
1.15869e+07,-107.69,-41.83
1.15905e+07,-96.75,-41.84
1.15941e+07,-97.35,-41.85
1.15977e+07,-90.18,-41.85
1.16013e+07,-89.70,-41.86
1.16048e+07,-91.00,-41.87
1.16084e+07,-118.70,-41.88
1.1612e+07,-92.26,-41.88
1.16156e+07,-96.57,-41.89
1.16192e+07,-109.39,-41.90
1.16228e+07,-106.96,-41.91
1.16264e+07,-102.21,-41.91
1.163e+07,-92.40,-41.92
1.16336e+07,-101.70,-41.93
1.16372e+07,-90.29,-41.94
1.16408e+07,-90.27,-41.95
1.16444e+07,-94.03,-41.95
1.16479e+07,-93.80,-41.96
1.16515e+07,-99.50,-41.97
1.16551e+07,-94.80,-41.98
1.16587e+07,-100.03,-41.98
1.16623e+07,-91.44,-41.99
1.16659e+07,-90.59,-42.00
1.16695e+07,-98.59,-42.01
1.16731e+07,-95.92,-42.01
1.16767e+07,-96.23,-42.02
1.16803e+07,-97.05,-42.03
1.16839e+07,-99.68,-42.04
1.16875e+07,-97.61,-42.04
1.1691e+07,-97.97,-42.05
1.16946e+07,-102.28,-42.06
1.16982e+07,-92.33,-42.07
1.17018e+07,-90.97,-42.07
1.17054e+07,-98.10,-42.08
1.1709e+07,-106.92,-42.09
1.17126e+07,-104.64,-42.10
1.17162e+07,-96.94,-42.10
1.17198e+07,-90.80,-42.11
1.17234e+07,-94.84,-42.12
1.1727e+07,-113.24,-42.13
1.17306e+07,-106.88,-42.14
1.17341e+07,-98.43,-42.14
1.17377e+07,-95.69,-42.15
1.17413e+07,-94.94,-42.16
1.17449e+07,-101.67,-42.17
1.17485e+07,-100.02,-42.17
1.17521e+07,-107.92,-42.18
1.17557e+07,-97.50,-42.19
1.17593e+07,-93.09,-42.20
1.17629e+07,-91.05,-42.20
1.17665e+07,-93.83,-42.21
1.17701e+07,-103.30,-42.22
1.17737e+07,-102.47,-42.23
1.17772e+07,-100.39,-42.23
1.17808e+07,-99.25,-42.24
1.17844e+07,-92.25,-42.25
1.1788e+07,-93.92,-42.26
1.17916e+07,-95.49,-42.26
1.17952e+07,-94.83,-42.27
1.17988e+07,-96.27,-42.28
1.18024e+07,-97.25,-42.29
1.1806e+07,-101.72,-42.29
1.18096e+07,-100.96,-42.30
1.18132e+07,-117.73,-42.31
1.18168e+07,-104.71,-42.32
1.18203e+07,-98.05,-42.32
1.18239e+07,-102.74,-42.33
1.18275e+07,-92.93,-42.34
1.18311e+07,-90.64,-42.35
1.18347e+07,-96.89,-42.35
1.18383e+07,-102.03,-42.36
1.18419e+07,-101.88,-42.37
1.18455e+07,-97.10,-42.38
1.18491e+07,-98.51,-42.38
1.18527e+07,-91.95,-42.39
1.18563e+07,-94.00,-42.40
1.18599e+07,-98.69,-42.41
1.18634e+07,-101.46,-42.41
1.1867e+07,-114.11,-42.42
1.18706e+07,-98.75,-42.43
1.18742e+07,-91.21,-42.44
1.18778e+07,-94.94,-42.44
1.18814e+07,-98.96,-42.45
1.1885e+07,-100.41,-42.46
1.18886e+07,-94.59,-42.47
1.18922e+07,-95.87,-42.47
1.18958e+07,-99.50,-42.48
1.18994e+07,-98.52,-42.49
1.1903e+07,-101.74,-42.50
1.19065e+07,-97.55,-42.50
1.19101e+07,-90.58,-42.51
1.19137e+07,-87.58,-42.52
1.19173e+07,-88.73,-42.52
1.19209e+07,-93.59,-42.53
1.19245e+07,-99.03,-42.54
1.19281e+07,-104.09,-42.55
1.19317e+07,-101.17,-42.55
1.19353e+07,-104.90,-42.56
1.19389e+07,-101.15,-42.57
1.19425e+07,-101.38,-42.58
1.19461e+07,-104.02,-42.58
1.19496e+07,-97.59,-42.59
1.19532e+07,-95.06,-42.60
1.19568e+07,-97.34,-42.61
1.19604e+07,-101.56,-42.61
1.1964e+07,-102.24,-42.62
1.19676e+07,-93.51,-42.63
1.19712e+07,-92.26,-42.64
1.19748e+07,-91.95,-42.64
1.19784e+07,-95.42,-42.65
1.1982e+07,-95.89,-42.66
1.19856e+07,-93.10,-42.67
1.19892e+07,-92.99,-42.67
1.19927e+07,-92.77,-42.68
1.19963e+07,-92.65,-42.69
1.19999e+07,-96.67,-42.70
1.20035e+07,-99.20,-42.70
1.20071e+07,-98.41,-42.71
1.20107e+07,-93.29,-42.72
1.20143e+07,-92.34,-42.72
1.20179e+07,-94.26,-42.73
1.20215e+07,-105.84,-42.74
1.20251e+07,-92.90,-42.75
1.20287e+07,-93.63,-42.75
1.20323e+07,-103.05,-42.76
1.20359e+07,-103.21,-42.77
1.20394e+07,-92.57,-42.78
1.2043e+07,-94.12,-42.78
1.20466e+07,-107.38,-42.79
1.20502e+07,-97.58,-42.80
1.20538e+07,-95.75,-42.81
1.20574e+07,-95.54,-42.81
1.2061e+07,-102.88,-42.82
1.20646e+07,-97.15,-42.83
1.20682e+07,-94.38,-42.83
1.20718e+07,-91.67,-42.84
1.20754e+07,-90.70,-42.85
1.2079e+07,-92.91,-42.86
1.20825e+07,-101.48,-42.86
1.20861e+07,-96.41,-42.87
1.20897e+07,-95.54,-42.88
1.20933e+07,-96.56,-42.89
1.20969e+07,-98.09,-42.89
1.21005e+07,-97.98,-42.90
1.21041e+07,-101.89,-42.91
1.21077e+07,-106.23,-42.91
1.21113e+07,-97.79,-42.92
1.21149e+07,-108.33,-42.93
1.21185e+07,-107.17,-42.94
1.21221e+07,-100.33,-42.94
1.21256e+07,-126.55,-42.95
1.21292e+07,-104.81,-42.96
1.21328e+07,-101.35,-42.97
1.21364e+07,-103.26,-42.97
1.214e+07,-97.72,-42.98
1.21436e+07,-94.22,-42.99
1.21472e+07,-94.51,-42.99
1.21508e+07,-98.61,-43.00
1.21544e+07,-104.84,-43.01
1.2158e+07,-102.21,-43.02
1.21616e+07,-91.84,-43.02
1.21652e+07,-94.72,-43.03
1.21687e+07,-97.23,-43.04
1.21723e+07,-94.03,-43.05
1.21759e+07,-96.81,-43.05
1.21795e+07,-91.63,-43.06
1.21831e+07,-98.01,-43.07
1.21867e+07,-98.64,-43.07
1.21903e+07,-106.46,-43.08
1.21939e+07,-94.86,-43.09
1.21975e+07,-94.06,-43.10
1.22011e+07,-96.68,-43.10
1.22047e+07,-126.07,-43.11
1.22083e+07,-107.66,-43.12
1.22118e+07,-99.86,-43.13
1.22154e+07,-101.96,-43.13
1.2219e+07,-94.84,-43.14
1.22226e+07,-92.57,-43.15
1.22262e+07,-93.28,-43.15
1.22298e+07,-99.05,-43.16
1.22334e+07,-101.39,-43.17
1.2237e+07,-108.06,-43.18
1.22406e+07,-117.50,-43.18
1.22442e+07,-97.77,-43.19
1.22478e+07,-101.23,-43.20
1.22514e+07,-108.72,-43.20
1.22549e+07,-105.32,-43.21
1.22585e+07,-113.91,-43.22
1.22621e+07,-97.95,-43.23
1.22657e+07,-100.16,-43.23
1.22693e+07,-114.27,-43.24
1.22729e+07,-102.90,-43.25
1.22765e+07,-110.50,-43.25
1.22801e+07,-95.33,-43.26
1.22837e+07,-96.86,-43.27
1.22873e+07,-103.67,-43.28
1.22909e+07,-96.39,-43.28
1.22945e+07,-92.95,-43.29
1.2298e+07,-97.49,-43.30
1.23016e+07,-102.48,-43.30
1.23052e+07,-99.11,-43.31
1.23088e+07,-95.59,-43.32
1.23124e+07,-99.91,-43.33
1.2316e+07,-114.10,-43.33
1.23196e+07,-105.68,-43.34
1.23232e+07,-102.23,-43.35
1.23268e+07,-99.12,-43.35
1.23304e+07,-104.75,-43.36
1.2334e+07,-96.62,-43.37
1.23376e+07,-97.61,-43.38
1.23411e+07,-102.65,-43.38
1.23447e+07,-114.03,-43.39
1.23483e+07,-98.02,-43.40
1.23519e+07,-96.92,-43.40
1.23555e+07,-99.84,-43.41
1.23591e+07,-91.40,-43.42
1.23627e+07,-87.16,-43.43
1.23663e+07,-90.69,-43.43
1.23699e+07,-93.57,-43.44
1.23735e+07,-95.12,-43.45
1.23771e+07,-96.14,-43.45
1.23807e+07,-109.75,-43.46
1.23842e+07,-96.20,-43.47
1.23878e+07,-102.63,-43.48
1.23914e+07,-96.77,-43.48
1.2395e+07,-95.53,-43.49
1.23986e+07,-97.19,-43.50
1.24022e+07,-99.33,-43.50
1.24058e+07,-98.80,-43.51
1.24094e+07,-99.17,-43.52
1.2413e+07,-94.08,-43.52
1.24166e+07,-94.66,-43.53
1.24202e+07,-104.75,-43.54
1.24238e+07,-104.81,-43.55
1.24273e+07,-113.80,-43.55
1.24309e+07,-98.90,-43.56
1.24345e+07,-92.32,-43.57
1.24381e+07,-92.85,-43.57
1.24417e+07,-92.27,-43.58
1.24453e+07,-93.01,-43.59
1.24489e+07,-98.89,-43.60
1.24525e+07,-110.36,-43.60
1.24561e+07,-102.15,-43.61
1.24597e+07,-96.31,-43.62
1.24633e+07,-95.85,-43.62
1.24669e+07,-96.47,-43.63
1.24704e+07,-96.74,-43.64
1.2474e+07,-94.82,-43.64
1.24776e+07,-93.01,-43.65
1.24812e+07,-89.97,-43.66
1.24848e+07,-91.02,-43.67
1.24884e+07,-97.12,-43.67
1.2492e+07,-93.04,-43.68
1.24956e+07,-95.71,-43.69
1.24992e+07,-104.78,-43.69
1.25028e+07,-97.29,-43.70
1.25064e+07,-98.66,-43.71
1.251e+07,-111.89,-43.71
1.25135e+07,-101.40,-43.72
1.25171e+07,-103.83,-43.73
1.25207e+07,-94.17,-43.74
1.25243e+07,-101.42,-43.74
1.25279e+07,-102.74,-43.75
1.25315e+07,-103.05,-43.76
1.25351e+07,-105.15,-43.76
1.25387e+07,-93.20,-43.77
1.25423e+07,-94.16,-43.78
1.25459e+07,-94.77,-43.78
1.25495e+07,-93.19,-43.79
1.25531e+07,-96.99,-43.80
1.25566e+07,-104.48,-43.81
1.25602e+07,-103.24,-43.81
1.25638e+07,-101.62,-43.82
1.25674e+07,-95.73,-43.83
1.2571e+07,-92.98,-43.83
1.25746e+07,-98.12,-43.84
1.25782e+07,-100.35,-43.85
1.25818e+07,-102.88,-43.85
1.25854e+07,-94.00,-43.86
1.2589e+07,-94.46,-43.87
1.25926e+07,-94.21,-43.87
1.25962e+07,-95.93,-43.88
1.25998e+07,-102.84,-43.89
1.26033e+07,-102.21,-43.90
1.26069e+07,-96.63,-43.90
1.26105e+07,-95.20,-43.91
1.26141e+07,-102.38,-43.92
1.26177e+07,-95.79,-43.92
1.26213e+07,-92.15,-43.93
1.26249e+07,-97.51,-43.94
1.26285e+07,-104.88,-43.94
1.26321e+07,-100.33,-43.95
1.26357e+07,-103.42,-43.96
1.26393e+07,-105.30,-43.96
1.26429e+07,-101.63,-43.97
1.26464e+07,-98.51,-43.98
1.265e+07,-105.04,-43.99
1.26536e+07,-100.53,-43.99
1.26572e+07,-104.38,-44.00
1.26608e+07,-99.37,-44.01
1.26644e+07,-103.58,-44.01
1.2668e+07,-100.48,-44.02
1.26716e+07,-108.37,-44.03
1.26752e+07,-106.60,-44.03
1.26788e+07,-95.53,-44.04
1.26824e+07,-99.47,-44.05
1.2686e+07,-96.45,-44.05
1.26895e+07,-92.35,-44.06
1.26931e+07,-93.62,-44.07
1.26967e+07,-98.75,-44.07
1.27003e+07,-104.21,-44.08
1.27039e+07,-107.04,-44.09
1.27075e+07,-103.01,-44.10
1.27111e+07,-98.38,-44.10
1.27147e+07,-94.22,-44.11
1.27183e+07,-94.72,-44.12
1.27219e+07,-93.84,-44.12
1.27255e+07,-97.76,-44.13
1.27291e+07,-100.99,-44.14
1.27326e+07,-105.22,-44.14
1.27362e+07,-104.34,-44.15
1.27398e+07,-99.41,-44.16
1.27434e+07,-103.28,-44.16
1.2747e+07,-101.52,-44.17
1.27506e+07,-93.51,-44.18
1.27542e+07,-94.44,-44.18
1.27578e+07,-101.46,-44.19
1.27614e+07,-99.87,-44.20
1.2765e+07,-97.27,-44.20
1.27686e+07,-93.23,-44.21
1.27722e+07,-100.66,-44.22
1.27757e+07,-110.78,-44.22
1.27793e+07,-104.67,-44.23
1.27829e+07,-99.50,-44.24
1.27865e+07,-100.57,-44.25
1.27901e+07,-97.04,-44.25
1.27937e+07,-99.52,-44.26
1.27973e+07,-99.72,-44.27
1.28009e+07,-97.59,-44.27
1.28045e+07,-104.91,-44.28
1.28081e+07,-106.89,-44.29
1.28117e+07,-100.56,-44.29
1.28153e+07,-97.16,-44.30
1.28188e+07,-94.60,-44.31
1.28224e+07,-95.14,-44.31
1.2826e+07,-95.39,-44.32
1.28296e+07,-97.81,-44.33
1.28332e+07,-101.33,-44.33
1.28368e+07,-101.28,-44.34
1.28404e+07,-104.82,-44.35
1.2844e+07,-102.96,-44.35
1.28476e+07,-110.41,-44.36
1.28512e+07,-117.03,-44.37
1.28548e+07,-102.61,-44.37
1.28584e+07,-91.36,-44.38
1.28619e+07,-90.72,-44.39
1.28655e+07,-94.12,-44.39
1.28691e+07,-100.89,-44.40
1.28727e+07,-106.31,-44.41
1.28763e+07,-101.70,-44.41
1.28799e+07,-93.98,-44.42
1.28835e+07,-97.05,-44.43
1.28871e+07,-96.08,-44.43
1.28907e+07,-101.98,-44.44
1.28943e+07,-95.98,-44.45
1.28979e+07,-100.40,-44.45
1.29015e+07,-94.32,-44.46
1.2905e+07,-91.69,-44.47
1.29086e+07,-93.02,-44.47
1.29122e+07,-97.80,-44.48
1.29158e+07,-99.83,-44.49
1.29194e+07,-94.61,-44.49
1.2923e+07,-93.58,-44.50
1.29266e+07,-103.68,-44.51
1.29302e+07,-98.24,-44.51
1.29338e+07,-96.15,-44.52
1.29374e+07,-104.04,-44.53
1.2941e+07,-99.88,-44.53
1.29446e+07,-96.76,-44.54
1.29481e+07,-95.73,-44.55
1.29517e+07,-98.27,-44.55
1.29553e+07,-96.05,-44.56
1.29589e+07,-94.72,-44.57
1.29625e+07,-105.27,-44.57
1.29661e+07,-99.39,-44.58
1.29697e+07,-97.68,-44.59
1.29733e+07,-104.64,-44.59
1.29769e+07,-99.93,-44.60
1.29805e+07,-109.26,-44.61
1.29841e+07,-100.16,-44.61
1.29877e+07,-96.34,-44.62
1.29912e+07,-94.87,-44.63
1.29948e+07,-97.90,-44.63
1.29984e+07,-103.03,-44.64
1.3002e+07,-106.74,-44.65
1.30056e+07,-105.31,-44.65
1.30092e+07,-98.55,-44.66
1.30128e+07,-97.27,-44.67
1.30164e+07,-95.56,-44.67
1.302e+07,-99.16,-44.68
1.30236e+07,-97.05,-44.69
1.30272e+07,-91.83,-44.69
1.30308e+07,-94.32,-44.70
1.30343e+07,-102.68,-44.71
1.30379e+07,-105.18,-44.71
1.30415e+07,-98.49,-44.72
1.30451e+07,-97.40,-44.73
1.30487e+07,-103.88,-44.73
1.30523e+07,-94.67,-44.74
1.30559e+07,-98.08,-44.75
1.30595e+07,-98.25,-44.75
1.30631e+07,-128.31,-44.76
1.30667e+07,-107.02,-44.77
1.30703e+07,-100.60,-44.77
1.30739e+07,-98.11,-44.78
1.30774e+07,-103.70,-44.79
1.3081e+07,-103.21,-44.79
1.30846e+07,-97.71,-44.80
1.30882e+07,-95.69,-44.81
1.30918e+07,-96.95,-44.81
1.30954e+07,-99.85,-44.82
1.3099e+07,-93.23,-44.83
1.31026e+07,-95.87,-44.83
1.31062e+07,-101.72,-44.84
1.31098e+07,-102.41,-44.85
1.31134e+07,-105.32,-44.85
1.3117e+07,-99.39,-44.86
1.31205e+07,-112.93,-44.87
1.31241e+07,-109.32,-44.87
1.31277e+07,-105.56,-44.88
1.31313e+07,-101.54,-44.88
1.31349e+07,-105.85,-44.89
1.31385e+07,-102.52,-44.90
1.31421e+07,-99.71,-44.90
1.31457e+07,-102.18,-44.91
1.31493e+07,-94.52,-44.92
1.31529e+07,-91.67,-44.92
1.31565e+07,-98.65,-44.93
1.31601e+07,-99.33,-44.94
1.31636e+07,-97.77,-44.94
1.31672e+07,-98.98,-44.95
1.31708e+07,-91.96,-44.96
1.31744e+07,-94.24,-44.96
1.3178e+07,-95.22,-44.97
1.31816e+07,-99.49,-44.98
1.31852e+07,-115.32,-44.98
1.31888e+07,-105.17,-44.99
1.31924e+07,-115.18,-45.00
1.3196e+07,-103.15,-45.00
1.31996e+07,-109.10,-45.01
1.32032e+07,-100.38,-45.02
1.32068e+07,-101.74,-45.02
1.32103e+07,-111.19,-45.03
1.32139e+07,-98.36,-45.03
1.32175e+07,-99.77,-45.04
1.32211e+07,-101.84,-45.05
1.32247e+07,-98.03,-45.05
1.32283e+07,-98.14,-45.06
1.32319e+07,-98.93,-45.07
1.32355e+07,-99.59,-45.07
1.32391e+07,-101.21,-45.08
1.32427e+07,-99.84,-45.09
1.32463e+07,-99.55,-45.09
1.32499e+07,-90.69,-45.10
1.32534e+07,-95.32,-45.11
1.3257e+07,-104.25,-45.11
1.32606e+07,-99.18,-45.12
1.32642e+07,-111.05,-45.13
1.32678e+07,-96.75,-45.13
1.32714e+07,-105.49,-45.14
1.3275e+07,-104.43,-45.14
1.32786e+07,-119.52,-45.15
1.32822e+07,-104.63,-45.16
1.32858e+07,-99.50,-45.16
1.32894e+07,-99.28,-45.17
1.3293e+07,-101.36,-45.18
1.32965e+07,-101.93,-45.18
1.33001e+07,-103.17,-45.19
1.33037e+07,-98.81,-45.20
1.33073e+07,-95.92,-45.20
1.33109e+07,-101.14,-45.21
1.33145e+07,-104.13,-45.22
1.33181e+07,-101.60,-45.22
1.33217e+07,-96.03,-45.23
1.33253e+07,-96.49,-45.23
1.33289e+07,-101.97,-45.24
1.33325e+07,-98.47,-45.25
1.33361e+07,-101.80,-45.25
1.33396e+07,-103.58,-45.26
1.33432e+07,-104.41,-45.27
1.33468e+07,-99.51,-45.27
1.33504e+07,-102.98,-45.28
1.3354e+07,-107.03,-45.29
1.33576e+07,-104.08,-45.29
1.33612e+07,-101.76,-45.30
1.33648e+07,-106.82,-45.30
1.33684e+07,-108.86,-45.31
1.3372e+07,-103.59,-45.32
1.33756e+07,-103.47,-45.32
1.33792e+07,-116.28,-45.33
1.33827e+07,-103.78,-45.34
1.33863e+07,-101.72,-45.34
1.33899e+07,-95.50,-45.35
1.33935e+07,-97.94,-45.36
1.33971e+07,-110.77,-45.36
1.34007e+07,-103.04,-45.37
1.34043e+07,-98.75,-45.37
1.34079e+07,-106.58,-45.38
1.34115e+07,-102.40,-45.39
1.34151e+07,-99.76,-45.39
1.34187e+07,-98.73,-45.40
1.34223e+07,-96.40,-45.41
1.34258e+07,-101.06,-45.41
1.34294e+07,-102.61,-45.42
1.3433e+07,-94.64,-45.43
1.34366e+07,-94.20,-45.43
1.34402e+07,-104.58,-45.44
1.34438e+07,-99.18,-45.44
1.34474e+07,-94.04,-45.45
1.3451e+07,-92.75,-45.46
1.34546e+07,-95.62,-45.46
1.34582e+07,-107.68,-45.47
1.34618e+07,-99.70,-45.48
1.34654e+07,-102.01,-45.48
1.34689e+07,-103.09,-45.49
1.34725e+07,-100.31,-45.49
1.34761e+07,-107.41,-45.50
1.34797e+07,-95.06,-45.51
1.34833e+07,-92.47,-45.51
1.34869e+07,-98.10,-45.52
1.34905e+07,-106.19,-45.53
1.34941e+07,-102.64,-45.53
1.34977e+07,-94.23,-45.54
1.35013e+07,-91.22,-45.54
1.35049e+07,-95.30,-45.55
1.35085e+07,-102.78,-45.56
1.3512e+07,-101.44,-45.56
1.35156e+07,-94.74,-45.57
1.35192e+07,-98.15,-45.58
1.35228e+07,-101.29,-45.58
1.35264e+07,-103.55,-45.59
1.353e+07,-105.59,-45.60
1.35336e+07,-96.26,-45.60
1.35372e+07,-93.34,-45.61
1.35408e+07,-96.96,-45.61
1.35444e+07,-108.79,-45.62
1.3548e+07,-110.50,-45.63
1.35516e+07,-98.91,-45.63
1.35551e+07,-103.35,-45.64
1.35587e+07,-96.99,-45.65
1.35623e+07,-94.35,-45.65
1.35659e+07,-111.39,-45.66
1.35695e+07,-97.52,-45.66
1.35731e+07,-98.18,-45.67
1.35767e+07,-100.62,-45.68
1.35803e+07,-100.78,-45.68
1.35839e+07,-110.19,-45.69
1.35875e+07,-96.37,-45.69
1.35911e+07,-101.80,-45.70
1.35947e+07,-98.03,-45.71
1.35982e+07,-95.75,-45.71
1.36018e+07,-98.01,-45.72
1.36054e+07,-100.80,-45.73
1.3609e+07,-102.89,-45.73
1.36126e+07,-103.44,-45.74
1.36162e+07,-101.87,-45.74
1.36198e+07,-94.56,-45.75
1.36234e+07,-99.12,-45.76
1.3627e+07,-103.49,-45.76
1.36306e+07,-99.35,-45.77
1.36342e+07,-104.46,-45.78
1.36378e+07,-105.48,-45.78
1.36413e+07,-103.09,-45.79
1.36449e+07,-118.57,-45.79
1.36485e+07,-101.00,-45.80
1.36521e+07,-103.34,-45.81
1.36557e+07,-97.71,-45.81
1.36593e+07,-99.78,-45.82
1.36629e+07,-99.19,-45.82
1.36665e+07,-102.51,-45.83
1.36701e+07,-105.68,-45.84
1.36737e+07,-96.31,-45.84
1.36773e+07,-97.21,-45.85
1.36809e+07,-103.17,-45.86
1.36844e+07,-101.31,-45.86
1.3688e+07,-97.43,-45.87
1.36916e+07,-99.95,-45.87
1.36952e+07,-102.32,-45.88
1.36988e+07,-98.65,-45.89
1.37024e+07,-100.21,-45.89
1.3706e+07,-105.14,-45.90
1.37096e+07,-108.64,-45.90
1.37132e+07,-116.31,-45.91
1.37168e+07,-102.78,-45.92
1.37204e+07,-104.10,-45.92
1.3724e+07,-107.93,-45.93
1.37275e+07,-102.22,-45.94
1.37311e+07,-110.86,-45.94
1.37347e+07,-102.17,-45.95
1.37383e+07,-96.37,-45.95
1.37419e+07,-96.42,-45.96
1.37455e+07,-96.87,-45.97
1.37491e+07,-102.71,-45.97
1.37527e+07,-101.43,-45.98
1.37563e+07,-103.05,-45.98
1.37599e+07,-101.34,-45.99
1.37635e+07,-95.53,-46.00
1.37671e+07,-96.29,-46.00
1.37707e+07,-101.04,-46.01
1.37742e+07,-98.38,-46.01
1.37778e+07,-95.57,-46.02
1.37814e+07,-100.07,-46.03
1.3785e+07,-112.37,-46.03
1.37886e+07,-98.75,-46.04
1.37922e+07,-97.72,-46.05
1.37958e+07,-100.95,-46.05
1.37994e+07,-110.00,-46.06
1.3803e+07,-103.93,-46.06
1.38066e+07,-104.43,-46.07
1.38102e+07,-103.25,-46.08
1.38138e+07,-100.81,-46.08
1.38173e+07,-107.14,-46.09
1.38209e+07,-102.04,-46.09
1.38245e+07,-98.01,-46.10
1.38281e+07,-99.39,-46.11
1.38317e+07,-106.79,-46.11
1.38353e+07,-104.22,-46.12
1.38389e+07,-102.27,-46.12
1.38425e+07,-103.25,-46.13
1.38461e+07,-101.52,-46.14
1.38497e+07,-97.31,-46.14
1.38533e+07,-103.99,-46.15
1.38569e+07,-116.90,-46.15
1.38604e+07,-104.46,-46.16
1.3864e+07,-102.44,-46.17
1.38676e+07,-102.37,-46.17
1.38712e+07,-103.51,-46.18
1.38748e+07,-100.35,-46.18
1.38784e+07,-100.96,-46.19
1.3882e+07,-99.77,-46.20
1.38856e+07,-97.72,-46.20
1.38892e+07,-96.73,-46.21
1.38928e+07,-97.36,-46.21
1.38964e+07,-100.70,-46.22
1.39e+07,-102.76,-46.23
1.39035e+07,-97.50,-46.23
1.39071e+07,-100.42,-46.24
1.39107e+07,-136.93,-46.24
1.39143e+07,-103.32,-46.25
1.39179e+07,-108.09,-46.26
1.39215e+07,-97.43,-46.26
1.39251e+07,-97.93,-46.27
1.39287e+07,-100.28,-46.27
1.39323e+07,-105.62,-46.28
1.39359e+07,-104.15,-46.29
1.39395e+07,-105.47,-46.29
1.39431e+07,-100.20,-46.30
1.39466e+07,-99.00,-46.30
1.39502e+07,-97.08,-46.31
1.39538e+07,-101.13,-46.32
1.39574e+07,-135.03,-46.32
1.3961e+07,-106.91,-46.33
1.39646e+07,-98.96,-46.33
1.39682e+07,-95.30,-46.34
1.39718e+07,-97.84,-46.35
1.39754e+07,-111.07,-46.35
1.3979e+07,-103.96,-46.36
1.39826e+07,-106.48,-46.36
1.39862e+07,-105.14,-46.37
1.39897e+07,-100.31,-46.38
1.39933e+07,-100.75,-46.38
1.39969e+07,-100.27,-46.39
1.40005e+07,-100.88,-46.39
1.40041e+07,-102.77,-46.40
1.40077e+07,-100.04,-46.41
1.40113e+07,-99.10,-46.41
1.40149e+07,-109.81,-46.42
1.40185e+07,-135.98,-46.42
1.40221e+07,-103.73,-46.43
1.40257e+07,-106.45,-46.44
1.40293e+07,-107.97,-46.44
1.40328e+07,-108.32,-46.45
1.40364e+07,-106.37,-46.45
1.404e+07,-105.41,-46.46
1.40436e+07,-103.92,-46.47
1.40472e+07,-97.75,-46.47
1.40508e+07,-99.61,-46.48
1.40544e+07,-112.17,-46.48
1.4058e+07,-101.52,-46.49
1.40616e+07,-97.58,-46.49
1.40652e+07,-97.47,-46.50
1.40688e+07,-103.09,-46.51
1.40724e+07,-98.69,-46.51
1.40759e+07,-100.30,-46.52
1.40795e+07,-99.13,-46.52
1.40831e+07,-95.00,-46.53
1.40867e+07,-94.95,-46.54
1.40903e+07,-99.61,-46.54
1.40939e+07,-100.18,-46.55
1.40975e+07,-116.31,-46.55
1.41011e+07,-98.89,-46.56
1.41047e+07,-100.08,-46.57
1.41083e+07,-96.78,-46.57
1.41119e+07,-95.59,-46.58
1.41155e+07,-106.04,-46.58
1.4119e+07,-99.85,-46.59
1.41226e+07,-98.16,-46.59
1.41262e+07,-104.99,-46.60
1.41298e+07,-118.14,-46.61
1.41334e+07,-106.12,-46.61
1.4137e+07,-100.01,-46.62
1.41406e+07,-95.36,-46.62
1.41442e+07,-95.56,-46.63
1.41478e+07,-113.31,-46.64
1.41514e+07,-105.32,-46.64
1.4155e+07,-97.69,-46.65
1.41586e+07,-96.80,-46.65
1.41621e+07,-101.32,-46.66
1.41657e+07,-100.13,-46.66
1.41693e+07,-93.82,-46.67
1.41729e+07,-96.05,-46.68
1.41765e+07,-104.88,-46.68
1.41801e+07,-108.05,-46.69
1.41837e+07,-100.29,-46.69
1.41873e+07,-95.92,-46.70
1.41909e+07,-94.67,-46.71
1.41945e+07,-93.32,-46.71
1.41981e+07,-95.80,-46.72
1.42017e+07,-105.73,-46.72
1.42052e+07,-105.04,-46.73
1.42088e+07,-99.49,-46.73
1.42124e+07,-102.58,-46.74
1.4216e+07,-115.18,-46.75
1.42196e+07,-110.05,-46.75
1.42232e+07,-101.19,-46.76
1.42268e+07,-100.49,-46.76
1.42304e+07,-100.48,-46.77
1.4234e+07,-97.69,-46.78
1.42376e+07,-98.29,-46.78
1.42412e+07,-116.00,-46.79
1.42448e+07,-97.61,-46.79
1.42483e+07,-94.77,-46.80
1.42519e+07,-95.92,-46.80
1.42555e+07,-98.32,-46.81
1.42591e+07,-104.72,-46.82
1.42627e+07,-113.99,-46.82
1.42663e+07,-103.96,-46.83
1.42699e+07,-125.70,-46.83
1.42735e+07,-99.61,-46.84
1.42771e+07,-103.57,-46.84
1.42807e+07,-97.43,-46.85
1.42843e+07,-99.05,-46.86
1.42879e+07,-105.65,-46.86
1.42914e+07,-104.31,-46.87
1.4295e+07,-113.87,-46.87
1.42986e+07,-102.64,-46.88
1.43022e+07,-97.73,-46.88
1.43058e+07,-97.98,-46.89
1.43094e+07,-100.75,-46.90
1.4313e+07,-112.90,-46.90
1.43166e+07,-105.36,-46.91
1.43202e+07,-104.87,-46.91
1.43238e+07,-122.33,-46.92
1.43274e+07,-109.00,-46.93
1.4331e+07,-103.37,-46.93
1.43346e+07,-100.39,-46.94
1.43381e+07,-113.82,-46.94
1.43417e+07,-107.46,-46.95
1.43453e+07,-97.49,-46.95
1.43489e+07,-95.37,-46.96
1.43525e+07,-101.41,-46.97
1.43561e+07,-110.16,-46.97
1.43597e+07,-116.10,-46.98
1.43633e+07,-104.87,-46.98
1.43669e+07,-105.97,-46.99
1.43705e+07,-115.52,-46.99
1.43741e+07,-98.51,-47.00
1.43777e+07,-98.17,-47.01
1.43812e+07,-101.24,-47.01
1.43848e+07,-103.80,-47.02
1.43884e+07,-105.74,-47.02
1.4392e+07,-108.09,-47.03
1.43956e+07,-102.79,-47.03
1.43992e+07,-99.18,-47.04
1.44028e+07,-98.93,-47.04
1.44064e+07,-102.53,-47.05
1.441e+07,-106.37,-47.06
1.44136e+07,-112.67,-47.06
1.44172e+07,-101.36,-47.07
1.44208e+07,-99.27,-47.07
1.44243e+07,-99.83,-47.08
1.44279e+07,-101.88,-47.08
1.44315e+07,-104.56,-47.09
1.44351e+07,-99.78,-47.10
1.44387e+07,-97.94,-47.10
1.44423e+07,-97.55,-47.11
1.44459e+07,-97.75,-47.11
1.44495e+07,-104.56,-47.12
1.44531e+07,-106.58,-47.12
1.44567e+07,-103.29,-47.13
1.44603e+07,-109.08,-47.14
1.44639e+07,-108.68,-47.14
1.44674e+07,-105.91,-47.15
1.4471e+07,-98.36,-47.15
1.44746e+07,-103.02,-47.16
1.44782e+07,-99.27,-47.16
1.44818e+07,-100.83,-47.17
1.44854e+07,-108.18,-47.18
1.4489e+07,-98.58,-47.18
1.44926e+07,-105.32,-47.19
1.44962e+07,-99.92,-47.19
1.44998e+07,-100.84,-47.20
1.45034e+07,-104.59,-47.20
1.4507e+07,-97.49,-47.21
1.45105e+07,-95.00,-47.21
1.45141e+07,-97.57,-47.22
1.45177e+07,-110.18,-47.23
1.45213e+07,-105.15,-47.23
1.45249e+07,-98.51,-47.24
1.45285e+07,-100.61,-47.24
1.45321e+07,-100.04,-47.25
1.45357e+07,-107.33,-47.25
1.45393e+07,-100.79,-47.26
1.45429e+07,-97.31,-47.26
1.45465e+07,-94.58,-47.27
1.45501e+07,-97.78,-47.28
1.45536e+07,-99.04,-47.28
1.45572e+07,-96.56,-47.29
1.45608e+07,-98.27,-47.29
1.45644e+07,-97.23,-47.30
1.4568e+07,-98.53,-47.30
1.45716e+07,-99.34,-47.31
1.45752e+07,-100.43,-47.32
1.45788e+07,-96.08,-47.32
1.45824e+07,-96.25,-47.33
1.4586e+07,-99.55,-47.33
1.45896e+07,-100.58,-47.34
1.45932e+07,-115.50,-47.34
1.45967e+07,-101.99,-47.35
1.46003e+07,-97.50,-47.35
1.46039e+07,-100.03,-47.36
1.46075e+07,-113.65,-47.37
1.46111e+07,-96.36,-47.37
1.46147e+07,-96.78,-47.38
1.46183e+07,-102.06,-47.38
1.46219e+07,-105.03,-47.39
1.46255e+07,-101.82,-47.39
1.46291e+07,-97.59,-47.40
1.46327e+07,-99.82,-47.40
1.46363e+07,-104.12,-47.41
1.46398e+07,-101.74,-47.42
1.46434e+07,-102.73,-47.42
1.4647e+07,-101.73,-47.43
1.46506e+07,-108.41,-47.43
1.46542e+07,-105.88,-47.44
1.46578e+07,-100.06,-47.44
1.46614e+07,-101.28,-47.45
1.4665e+07,-113.89,-47.45
1.46686e+07,-100.23,-47.46
1.46722e+07,-98.95,-47.47
1.46758e+07,-100.75,-47.47
1.46794e+07,-102.01,-47.48
1.46829e+07,-118.19,-47.48
1.46865e+07,-99.21,-47.49
1.46901e+07,-98.60,-47.49
1.46937e+07,-101.02,-47.50
1.46973e+07,-100.36,-47.50
1.47009e+07,-101.08,-47.51
1.47045e+07,-105.80,-47.51
1.47081e+07,-116.40,-47.52
1.47117e+07,-114.39,-47.53
1.47153e+07,-116.46,-47.53
1.47189e+07,-104.03,-47.54
1.47225e+07,-103.30,-47.54
1.4726e+07,-101.30,-47.55
1.47296e+07,-98.40,-47.55
1.47332e+07,-99.21,-47.56
1.47368e+07,-109.00,-47.56
1.47404e+07,-106.98,-47.57
1.4744e+07,-107.77,-47.57
1.47476e+07,-101.74,-47.58
1.47512e+07,-98.84,-47.59
1.47548e+07,-99.42,-47.59
1.47584e+07,-108.70,-47.60
1.4762e+07,-121.91,-47.60
1.47656e+07,-102.89,-47.61
1.47691e+07,-95.23,-47.61
1.47727e+07,-94.16,-47.62
1.47763e+07,-96.58,-47.62
1.47799e+07,-98.73,-47.63
1.47835e+07,-101.22,-47.64
1.47871e+07,-100.29,-47.64
1.47907e+07,-102.37,-47.65
1.47943e+07,-104.23,-47.65
1.47979e+07,-106.66,-47.66
1.48015e+07,-97.01,-47.66
1.48051e+07,-97.54,-47.67
1.48087e+07,-97.25,-47.67
1.48122e+07,-99.02,-47.68
1.48158e+07,-103.80,-47.68
1.48194e+07,-102.86,-47.69
1.4823e+07,-100.58,-47.69
1.48266e+07,-102.08,-47.70
1.48302e+07,-101.95,-47.71
1.48338e+07,-98.52,-47.71
1.48374e+07,-97.73,-47.72
1.4841e+07,-96.98,-47.72
1.48446e+07,-94.61,-47.73
1.48482e+07,-96.31,-47.73
1.48518e+07,-109.21,-47.74
1.48553e+07,-102.72,-47.74
1.48589e+07,-105.54,-47.75
1.48625e+07,-99.37,-47.75
1.48661e+07,-101.69,-47.76
1.48697e+07,-102.46,-47.77
1.48733e+07,-108.88,-47.77
1.48769e+07,-106.11,-47.78
1.48805e+07,-104.84,-47.78
1.48841e+07,-102.90,-47.79
1.48877e+07,-101.01,-47.79
1.48913e+07,-103.38,-47.80
1.48949e+07,-109.96,-47.80
1.48985e+07,-110.69,-47.81
1.4902e+07,-111.36,-47.81
1.49056e+07,-109.86,-47.82
1.49092e+07,-101.63,-47.82
1.49128e+07,-102.77,-47.83
1.49164e+07,-109.10,-47.84
1.492e+07,-114.27,-47.84
1.49236e+07,-119.79,-47.85
1.49272e+07,-103.00,-47.85
1.49308e+07,-108.95,-47.86
1.49344e+07,-120.27,-47.86
1.4938e+07,-100.28,-47.87
1.49416e+07,-98.82,-47.87
1.49451e+07,-116.55,-47.88
1.49487e+07,-103.92,-47.88
1.49523e+07,-104.99,-47.89
1.49559e+07,-96.91,-47.89
1.49595e+07,-104.12,-47.90
1.49631e+07,-118.08,-47.90
1.49667e+07,-124.33,-47.91
1.49703e+07,-116.42,-47.92
1.49739e+07,-102.06,-47.92
1.49775e+07,-100.32,-47.93
1.49811e+07,-102.64,-47.93
1.49847e+07,-106.09,-47.94
1.49882e+07,-103.56,-47.94
1.49918e+07,-101.21,-47.95
1.49954e+07,-109.99,-47.95
1.4999e+07,-108.57,-47.96
1.50026e+07,-107.16,-47.96
1.50062e+07,-106.15,-47.97
1.50098e+07,-103.19,-47.97
1.50134e+07,-107.12,-47.98
1.5017e+07,-106.39,-47.98
1.50206e+07,-110.10,-47.99
1.50242e+07,-103.97,-48.00
1.50278e+07,-113.92,-48.00
1.50313e+07,-102.61,-48.01
1.50349e+07,-99.89,-48.01
1.50385e+07,-100.28,-48.02
1.50421e+07,-106.24,-48.02
1.50457e+07,-103.61,-48.03
1.50493e+07,-101.51,-48.03
1.50529e+07,-110.02,-48.04
1.50565e+07,-108.68,-48.04
1.50601e+07,-110.20,-48.05
1.50637e+07,-112.86,-48.05
1.50673e+07,-104.84,-48.06
1.50709e+07,-105.26,-48.06
1.50744e+07,-101.72,-48.07
1.5078e+07,-98.65,-48.08
1.50816e+07,-98.76,-48.08
1.50852e+07,-104.37,-48.09
1.50888e+07,-106.36,-48.09
1.50924e+07,-110.06,-48.10
1.5096e+07,-120.44,-48.10
1.50996e+07,-109.67,-48.11
1.51032e+07,-109.09,-48.11
1.51068e+07,-106.38,-48.12
1.51104e+07,-102.35,-48.12
1.5114e+07,-103.30,-48.13
1.51175e+07,-100.36,-48.13
1.51211e+07,-98.50,-48.14
1.51247e+07,-105.40,-48.14
1.51283e+07,-107.11,-48.15
1.51319e+07,-104.69,-48.15
1.51355e+07,-105.17,-48.16
1.51391e+07,-105.29,-48.16
1.51427e+07,-104.55,-48.17
1.51463e+07,-98.75,-48.17
1.51499e+07,-98.40,-48.18
1.51535e+07,-96.11,-48.19
1.51571e+07,-100.90,-48.19
1.51606e+07,-120.75,-48.20
1.51642e+07,-119.68,-48.20
1.51678e+07,-103.89,-48.21
1.51714e+07,-102.83,-48.21
1.5175e+07,-96.93,-48.22
1.51786e+07,-100.20,-48.22
1.51822e+07,-103.30,-48.23
1.51858e+07,-106.92,-48.23
1.51894e+07,-100.24,-48.24
1.5193e+07,-100.50,-48.24
1.51966e+07,-102.26,-48.25
1.52002e+07,-106.89,-48.25
1.52037e+07,-114.61,-48.26
1.52073e+07,-106.10,-48.26
1.52109e+07,-104.14,-48.27
1.52145e+07,-99.33,-48.27
1.52181e+07,-101.29,-48.28
1.52217e+07,-105.56,-48.28
1.52253e+07,-102.20,-48.29
1.52289e+07,-111.60,-48.29
1.52325e+07,-107.90,-48.30
1.52361e+07,-112.03,-48.31
1.52397e+07,-106.68,-48.31
1.52433e+07,-101.11,-48.32
1.52468e+07,-107.91,-48.32
1.52504e+07,-107.98,-48.33
1.5254e+07,-108.03,-48.33
1.52576e+07,-103.04,-48.34
1.52612e+07,-103.78,-48.34
1.52648e+07,-99.20,-48.35
1.52684e+07,-96.91,-48.35
1.5272e+07,-104.61,-48.36
1.52756e+07,-113.76,-48.36
1.52792e+07,-106.44,-48.37
1.52828e+07,-106.18,-48.37
1.52864e+07,-112.55,-48.38
1.52899e+07,-108.01,-48.38
1.52935e+07,-99.25,-48.39
1.52971e+07,-101.74,-48.39
1.53007e+07,-106.15,-48.40
1.53043e+07,-101.70,-48.40
1.53079e+07,-98.93,-48.41
1.53115e+07,-101.12,-48.41
1.53151e+07,-111.20,-48.42
1.53187e+07,-105.04,-48.42
1.53223e+07,-105.32,-48.43
1.53259e+07,-101.93,-48.43
1.53295e+07,-103.47,-48.44
1.5333e+07,-104.37,-48.44
1.53366e+07,-104.02,-48.45
1.53402e+07,-109.91,-48.46
1.53438e+07,-104.84,-48.46
1.53474e+07,-117.26,-48.47
1.5351e+07,-115.09,-48.47
1.53546e+07,-114.43,-48.48
1.53582e+07,-102.33,-48.48
1.53618e+07,-95.03,-48.49
1.53654e+07,-99.35,-48.49
1.5369e+07,-110.33,-48.50
1.53726e+07,-103.07,-48.50
1.53761e+07,-101.44,-48.51
1.53797e+07,-103.83,-48.51
1.53833e+07,-104.54,-48.52
1.53869e+07,-104.22,-48.52
1.53905e+07,-107.75,-48.53
1.53941e+07,-107.06,-48.53
1.53977e+07,-101.04,-48.54
1.54013e+07,-102.00,-48.54
1.54049e+07,-102.70,-48.55
1.54085e+07,-103.17,-48.55
1.54121e+07,-105.18,-48.56
1.54157e+07,-101.98,-48.56
1.54192e+07,-97.12,-48.57
1.54228e+07,-96.53,-48.57
1.54264e+07,-101.83,-48.58
1.543e+07,-124.49,-48.58
1.54336e+07,-101.96,-48.59
1.54372e+07,-98.91,-48.59
1.54408e+07,-100.37,-48.60
1.54444e+07,-104.94,-48.60
1.5448e+07,-103.59,-48.61
1.54516e+07,-101.60,-48.61
1.54552e+07,-99.82,-48.62
1.54588e+07,-100.07,-48.62
1.54624e+07,-106.70,-48.63
1.54659e+07,-100.70,-48.63
1.54695e+07,-98.05,-48.64
1.54731e+07,-99.99,-48.64
1.54767e+07,-98.51,-48.65
1.54803e+07,-111.88,-48.65
1.54839e+07,-97.96,-48.66
1.54875e+07,-99.30,-48.66
1.54911e+07,-103.01,-48.67
1.54947e+07,-105.28,-48.67
1.54983e+07,-110.21,-48.68
1.55019e+07,-95.82,-48.68
1.55055e+07,-96.57,-48.69
1.5509e+07,-103.98,-48.69
1.55126e+07,-105.83,-48.70
1.55162e+07,-105.27,-48.70
1.55198e+07,-115.60,-48.71
1.55234e+07,-109.34,-48.71
1.5527e+07,-108.26,-48.72
1.55306e+07,-101.52,-48.72
1.55342e+07,-103.75,-48.73
1.55378e+07,-98.76,-48.73
1.55414e+07,-98.61,-48.74
1.5545e+07,-100.07,-48.74
1.55486e+07,-99.99,-48.75
1.55521e+07,-97.53,-48.75
1.55557e+07,-100.20,-48.76
1.55593e+07,-106.32,-48.76
1.55629e+07,-105.60,-48.77
1.55665e+07,-98.63,-48.77
1.55701e+07,-102.51,-48.78
1.55737e+07,-119.86,-48.78
1.55773e+07,-108.97,-48.79
1.55809e+07,-101.26,-48.79
1.55845e+07,-102.71,-48.80
1.55881e+07,-108.20,-48.80
1.55917e+07,-109.14,-48.81
1.55952e+07,-115.05,-48.81
1.55988e+07,-104.34,-48.82
1.56024e+07,-117.81,-48.82
1.5606e+07,-101.53,-48.83
1.56096e+07,-100.49,-48.83
1.56132e+07,-107.63,-48.84
1.56168e+07,-113.11,-48.84
1.56204e+07,-107.88,-48.85
1.5624e+07,-103.22,-48.85
1.56276e+07,-107.15,-48.86
1.56312e+07,-108.14,-48.86
1.56348e+07,-107.34,-48.87
1.56383e+07,-103.19,-48.87
1.56419e+07,-97.80,-48.88
1.56455e+07,-97.43,-48.88
1.56491e+07,-102.22,-48.89
1.56527e+07,-111.78,-48.89
1.56563e+07,-103.66,-48.90
1.56599e+07,-101.59,-48.90
1.56635e+07,-98.91,-48.91
1.56671e+07,-103.54,-48.91
1.56707e+07,-102.55,-48.92
1.56743e+07,-109.34,-48.92
1.56779e+07,-100.49,-48.93
1.56814e+07,-99.85,-48.93
1.5685e+07,-103.39,-48.94
1.56886e+07,-101.64,-48.94
1.56922e+07,-101.86,-48.95
1.56958e+07,-103.64,-48.95
1.56994e+07,-106.72,-48.96
1.5703e+07,-102.54,-48.96
1.57066e+07,-100.90,-48.97
1.57102e+07,-100.16,-48.97
1.57138e+07,-104.11,-48.98
1.57174e+07,-102.13,-48.98
1.5721e+07,-99.55,-48.99
1.57245e+07,-101.02,-48.99
1.57281e+07,-106.96,-49.00
1.57317e+07,-112.09,-49.00
1.57353e+07,-100.84,-49.01
1.57389e+07,-104.61,-49.01
1.57425e+07,-103.25,-49.02
1.57461e+07,-110.52,-49.02
1.57497e+07,-107.46,-49.03
1.57533e+07,-103.86,-49.03
1.57569e+07,-103.15,-49.04
1.57605e+07,-101.66,-49.04
1.57641e+07,-102.62,-49.05
1.57676e+07,-105.11,-49.05
1.57712e+07,-104.34,-49.06
1.57748e+07,-103.80,-49.06
1.57784e+07,-104.63,-49.07
1.5782e+07,-106.78,-49.07
1.57856e+07,-105.46,-49.08
1.57892e+07,-108.16,-49.08
1.57928e+07,-96.61,-49.09
1.57964e+07,-101.51,-49.09
1.58e+07,-111.13,-49.10
1.58036e+07,-101.14,-49.10
1.58072e+07,-100.94,-49.11
1.58107e+07,-110.00,-49.11
1.58143e+07,-103.35,-49.12
1.58179e+07,-101.57,-49.12
1.58215e+07,-112.42,-49.13
1.58251e+07,-113.27,-49.13
1.58287e+07,-110.38,-49.14
1.58323e+07,-99.53,-49.14
1.58359e+07,-97.48,-49.14
1.58395e+07,-101.43,-49.15
1.58431e+07,-101.48,-49.15
1.58467e+07,-100.20,-49.16
1.58503e+07,-111.52,-49.16
1.58538e+07,-106.78,-49.17
1.58574e+07,-104.33,-49.17
1.5861e+07,-103.72,-49.18
1.58646e+07,-103.55,-49.18
1.58682e+07,-98.82,-49.19
1.58718e+07,-100.18,-49.19
1.58754e+07,-105.43,-49.20
1.5879e+07,-110.73,-49.20
1.58826e+07,-110.43,-49.21
1.58862e+07,-103.89,-49.21
1.58898e+07,-99.95,-49.22
1.58934e+07,-97.61,-49.22
1.58969e+07,-98.86,-49.23
1.59005e+07,-106.97,-49.23
1.59041e+07,-98.60,-49.24
1.59077e+07,-96.01,-49.24
1.59113e+07,-102.57,-49.25
1.59149e+07,-120.82,-49.25
1.59185e+07,-116.52,-49.26
1.59221e+07,-105.51,-49.26
1.59257e+07,-100.94,-49.27
1.59293e+07,-98.04,-49.27
1.59329e+07,-98.47,-49.28
1.59365e+07,-99.45,-49.28
1.594e+07,-99.87,-49.29
1.59436e+07,-101.33,-49.29
1.59472e+07,-104.50,-49.29
1.59508e+07,-105.87,-49.30
1.59544e+07,-107.92,-49.30
1.5958e+07,-109.51,-49.31
1.59616e+07,-119.03,-49.31
1.59652e+07,-101.03,-49.32
1.59688e+07,-100.41,-49.32
1.59724e+07,-103.77,-49.33
1.5976e+07,-102.40,-49.33
1.59796e+07,-102.64,-49.34
1.59831e+07,-102.10,-49.34
1.59867e+07,-106.53,-49.35
1.59903e+07,-112.31,-49.35
1.59939e+07,-121.70,-49.36
1.59975e+07,-105.00,-49.36
1.60011e+07,-99.09,-49.37
1.60047e+07,-104.51,-49.37
1.60083e+07,-104.85,-49.38
1.60119e+07,-105.96,-49.38
1.60155e+07,-107.27,-49.39
1.60191e+07,-99.00,-49.39
1.60227e+07,-97.94,-49.40
1.60262e+07,-98.55,-49.40
1.60298e+07,-101.22,-49.40
1.60334e+07,-109.23,-49.41
1.6037e+07,-104.22,-49.41
1.60406e+07,-107.87,-49.42
1.60442e+07,-111.63,-49.42
1.60478e+07,-101.46,-49.43
1.60514e+07,-97.40,-49.43
1.6055e+07,-110.77,-49.44
1.60586e+07,-102.53,-49.44
1.60622e+07,-107.48,-49.45
1.60658e+07,-101.42,-49.45
1.60694e+07,-103.00,-49.46
1.60729e+07,-111.52,-49.46
1.60765e+07,-99.16,-49.47
1.60801e+07,-105.06,-49.47
1.60837e+07,-105.11,-49.48
1.60873e+07,-100.51,-49.48
1.60909e+07,-103.62,-49.49
1.60945e+07,-109.51,-49.49
1.60981e+07,-107.08,-49.50
1.61017e+07,-102.03,-49.50
1.61053e+07,-103.34,-49.50
1.61089e+07,-109.67,-49.51
1.61125e+07,-103.95,-49.51
1.6116e+07,-106.64,-49.52
1.61196e+07,-106.80,-49.52
1.61232e+07,-108.26,-49.53
1.61268e+07,-102.44,-49.53
1.61304e+07,-103.61,-49.54
1.6134e+07,-112.82,-49.54
1.61376e+07,-102.60,-49.55
1.61412e+07,-100.47,-49.55
1.61448e+07,-109.91,-49.56
1.61484e+07,-106.69,-49.56
1.6152e+07,-109.38,-49.57
1.61556e+07,-108.76,-49.57
1.61591e+07,-100.69,-49.58
1.61627e+07,-102.31,-49.58
1.61663e+07,-111.17,-49.58
1.61699e+07,-113.56,-49.59
1.61735e+07,-106.22,-49.59
1.61771e+07,-104.56,-49.60
1.61807e+07,-101.63,-49.60
1.61843e+07,-107.11,-49.61
1.61879e+07,-102.69,-49.61
1.61915e+07,-95.52,-49.62
1.61951e+07,-94.24,-49.62
1.61987e+07,-101.80,-49.63
1.62022e+07,-111.15,-49.63
1.62058e+07,-111.83,-49.64
1.62094e+07,-112.39,-49.64
1.6213e+07,-111.61,-49.65
1.62166e+07,-107.72,-49.65
1.62202e+07,-101.34,-49.66
1.62238e+07,-108.58,-49.66
1.62274e+07,-106.64,-49.66
1.6231e+07,-105.24,-49.67
1.62346e+07,-106.86,-49.67
1.62382e+07,-103.87,-49.68
1.62418e+07,-101.26,-49.68
1.62453e+07,-103.58,-49.69
1.62489e+07,-108.01,-49.69
1.62525e+07,-105.97,-49.70
1.62561e+07,-103.37,-49.70
1.62597e+07,-112.27,-49.71
1.62633e+07,-101.63,-49.71
1.62669e+07,-98.84,-49.72
1.62705e+07,-105.88,-49.72
1.62741e+07,-115.69,-49.73
1.62777e+07,-109.18,-49.73
1.62813e+07,-112.58,-49.73
1.62849e+07,-103.25,-49.74
1.62884e+07,-119.36,-49.74
1.6292e+07,-105.91,-49.75
1.62956e+07,-106.39,-49.75
1.62992e+07,-102.99,-49.76
1.63028e+07,-107.67,-49.76
1.63064e+07,-121.42,-49.77
1.631e+07,-109.15,-49.77
1.63136e+07,-113.22,-49.78
1.63172e+07,-109.07,-49.78
1.63208e+07,-109.97,-49.79
1.63244e+07,-113.08,-49.79
1.6328e+07,-109.59,-49.79
1.63315e+07,-105.57,-49.80
1.63351e+07,-106.65,-49.80
1.63387e+07,-102.07,-49.81
1.63423e+07,-109.66,-49.81
1.63459e+07,-105.68,-49.82
1.63495e+07,-99.29,-49.82
1.63531e+07,-97.81,-49.83
1.63567e+07,-95.45,-49.83
1.63603e+07,-99.79,-49.84
1.63639e+07,-113.35,-49.84
1.63675e+07,-101.31,-49.85
1.63711e+07,-101.81,-49.85
1.63746e+07,-104.56,-49.85
1.63782e+07,-102.25,-49.86
1.63818e+07,-103.44,-49.86
1.63854e+07,-103.76,-49.87
1.6389e+07,-110.26,-49.87
1.63926e+07,-111.78,-49.88
1.63962e+07,-107.70,-49.88
1.63998e+07,-102.66,-49.89
1.64034e+07,-109.35,-49.89
1.6407e+07,-99.73,-49.90
1.64106e+07,-101.05,-49.90
1.64142e+07,-104.27,-49.90
1.64177e+07,-100.16,-49.91
1.64213e+07,-99.29,-49.91
1.64249e+07,-101.75,-49.92
1.64285e+07,-102.93,-49.92
1.64321e+07,-111.12,-49.93
1.64357e+07,-106.09,-49.93
1.64393e+07,-101.63,-49.94
1.64429e+07,-108.41,-49.94
1.64465e+07,-110.03,-49.95
1.64501e+07,-99.59,-49.95
1.64537e+07,-100.61,-49.96
1.64573e+07,-108.55,-49.96
1.64608e+07,-102.76,-49.96
1.64644e+07,-102.70,-49.97
1.6468e+07,-104.70,-49.97
1.64716e+07,-106.94,-49.98
1.64752e+07,-103.01,-49.98
1.64788e+07,-106.03,-49.99
1.64824e+07,-101.58,-49.99
1.6486e+07,-102.30,-50.00
1.64896e+07,-102.23,-50.00
1.64932e+07,-110.13,-50.01
1.64968e+07,-105.62,-50.01
1.65004e+07,-108.30,-50.01
1.65039e+07,-116.46,-50.02
1.65075e+07,-102.83,-50.02
1.65111e+07,-104.14,-50.03
1.65147e+07,-107.15,-50.03
1.65183e+07,-105.27,-50.04
1.65219e+07,-105.16,-50.04
1.65255e+07,-105.56,-50.05
1.65291e+07,-113.66,-50.05
1.65327e+07,-114.08,-50.06
1.65363e+07,-111.50,-50.06
1.65399e+07,-101.16,-50.06
1.65435e+07,-100.55,-50.07
1.6547e+07,-105.82,-50.07
1.65506e+07,-109.26,-50.08
1.65542e+07,-107.85,-50.08
1.65578e+07,-115.41,-50.09
1.65614e+07,-103.29,-50.09
1.6565e+07,-102.41,-50.10
1.65686e+07,-121.69,-50.10
1.65722e+07,-103.81,-50.10
1.65758e+07,-103.61,-50.11
1.65794e+07,-104.95,-50.11
1.6583e+07,-105.52,-50.12
1.65866e+07,-106.45,-50.12
1.65901e+07,-100.27,-50.13
1.65937e+07,-98.20,-50.13
1.65973e+07,-102.03,-50.14
1.66009e+07,-105.79,-50.14
1.66045e+07,-113.53,-50.15
1.66081e+07,-111.84,-50.15
1.66117e+07,-104.54,-50.15
1.66153e+07,-105.07,-50.16
1.66189e+07,-109.03,-50.16
1.66225e+07,-110.85,-50.17
1.66261e+07,-104.71,-50.17
1.66297e+07,-108.94,-50.18
1.66333e+07,-104.40,-50.18
1.66368e+07,-101.82,-50.19
1.66404e+07,-100.35,-50.19
1.6644e+07,-105.15,-50.19
1.66476e+07,-110.67,-50.20
1.66512e+07,-102.60,-50.20
1.66548e+07,-97.63,-50.21
1.66584e+07,-101.84,-50.21
1.6662e+07,-112.86,-50.22
1.66656e+07,-114.16,-50.22
1.66692e+07,-112.70,-50.23
1.66728e+07,-106.87,-50.23
1.66764e+07,-103.30,-50.23
1.66799e+07,-103.60,-50.24
1.66835e+07,-103.48,-50.24
1.66871e+07,-105.70,-50.25
1.66907e+07,-100.28,-50.25
1.66943e+07,-101.94,-50.26
1.66979e+07,-109.71,-50.26
1.67015e+07,-110.04,-50.27
1.67051e+07,-108.56,-50.27
1.67087e+07,-120.66,-50.27
1.67123e+07,-120.66,-50.28
1.67159e+07,-102.09,-50.28
1.67195e+07,-99.01,-50.29
1.6723e+07,-109.47,-50.29
1.67266e+07,-105.88,-50.30
1.67302e+07,-104.10,-50.30
1.67338e+07,-103.68,-50.31
1.67374e+07,-108.43,-50.31
1.6741e+07,-106.29,-50.31
1.67446e+07,-117.23,-50.32
1.67482e+07,-105.32,-50.32
1.67518e+07,-109.36,-50.33
1.67554e+07,-113.41,-50.33
1.6759e+07,-109.55,-50.34
1.67626e+07,-110.54,-50.34
1.67661e+07,-103.57,-50.35
1.67697e+07,-102.84,-50.35
1.67733e+07,-101.01,-50.35
1.67769e+07,-105.85,-50.36
1.67805e+07,-110.91,-50.36
1.67841e+07,-104.98,-50.37
1.67877e+07,-113.37,-50.37
1.67913e+07,-106.34,-50.38
1.67949e+07,-107.35,-50.38
1.67985e+07,-100.44,-50.39
1.68021e+07,-102.35,-50.39
1.68057e+07,-103.90,-50.39
1.68092e+07,-111.52,-50.40
1.68128e+07,-102.36,-50.40
1.68164e+07,-101.72,-50.41
1.682e+07,-102.73,-50.41
1.68236e+07,-103.47,-50.42
1.68272e+07,-115.01,-50.42
1.68308e+07,-113.17,-50.42
1.68344e+07,-129.83,-50.43
1.6838e+07,-113.99,-50.43
1.68416e+07,-102.59,-50.44
1.68452e+07,-103.75,-50.44
1.68488e+07,-112.81,-50.45
1.68523e+07,-104.40,-50.45
1.68559e+07,-102.60,-50.46
1.68595e+07,-101.42,-50.46
1.68631e+07,-97.65,-50.46
1.68667e+07,-102.72,-50.47
1.68703e+07,-106.70,-50.47
1.68739e+07,-112.34,-50.48
1.68775e+07,-109.95,-50.48
1.68811e+07,-114.65,-50.49
1.68847e+07,-113.09,-50.49
1.68883e+07,-108.47,-50.49
1.68919e+07,-111.82,-50.50
1.68954e+07,-109.97,-50.50
1.6899e+07,-104.89,-50.51
1.69026e+07,-104.01,-50.51
1.69062e+07,-107.75,-50.52
1.69098e+07,-107.15,-50.52
1.69134e+07,-105.13,-50.53
1.6917e+07,-110.51,-50.53
1.69206e+07,-105.91,-50.53
1.69242e+07,-104.03,-50.54
1.69278e+07,-101.81,-50.54
1.69314e+07,-104.81,-50.55
1.6935e+07,-110.54,-50.55
1.69385e+07,-109.92,-50.56
1.69421e+07,-112.38,-50.56
1.69457e+07,-108.44,-50.56
1.69493e+07,-100.65,-50.57
1.69529e+07,-104.82,-50.57
1.69565e+07,-119.22,-50.58
1.69601e+07,-100.86,-50.58
1.69637e+07,-99.71,-50.59
1.69673e+07,-109.73,-50.59
1.69709e+07,-106.15,-50.59
1.69745e+07,-106.70,-50.60
1.69781e+07,-113.21,-50.60
1.69816e+07,-108.53,-50.61
1.69852e+07,-101.03,-50.61
1.69888e+07,-106.85,-50.62
1.69924e+07,-108.31,-50.62
1.6996e+07,-106.71,-50.63
1.69996e+07,-119.90,-50.63
1.70032e+07,-101.50,-50.63
1.70068e+07,-100.93,-50.64
1.70104e+07,-101.80,-50.64
1.7014e+07,-102.01,-50.65
1.70176e+07,-105.77,-50.65
1.70212e+07,-109.63,-50.66
1.70247e+07,-108.90,-50.66
1.70283e+07,-104.58,-50.66
1.70319e+07,-104.05,-50.67
1.70355e+07,-100.39,-50.67
1.70391e+07,-98.96,-50.68
1.70427e+07,-102.36,-50.68
1.70463e+07,-133.92,-50.69
1.70499e+07,-108.14,-50.69
1.70535e+07,-105.86,-50.69
1.70571e+07,-103.32,-50.70
1.70607e+07,-115.62,-50.70
1.70643e+07,-106.88,-50.71
1.70678e+07,-105.83,-50.71
1.70714e+07,-113.33,-50.72
1.7075e+07,-103.04,-50.72
1.70786e+07,-105.45,-50.72
1.70822e+07,-108.31,-50.73
1.70858e+07,-104.41,-50.73
1.70894e+07,-108.53,-50.74
1.7093e+07,-115.86,-50.74
1.70966e+07,-107.59,-50.75
1.71002e+07,-100.57,-50.75
1.71038e+07,-101.65,-50.75
1.71074e+07,-111.61,-50.76
1.71109e+07,-113.01,-50.76
1.71145e+07,-106.81,-50.77
1.71181e+07,-106.47,-50.77
1.71217e+07,-106.74,-50.78
1.71253e+07,-107.48,-50.78
1.71289e+07,-115.32,-50.78
1.71325e+07,-104.96,-50.79
1.71361e+07,-103.52,-50.79
1.71397e+07,-103.63,-50.80
1.71433e+07,-106.27,-50.80
1.71469e+07,-116.27,-50.80
1.71505e+07,-119.96,-50.81
1.7154e+07,-105.64,-50.81
1.71576e+07,-112.16,-50.82
1.71612e+07,-112.19,-50.82
1.71648e+07,-107.23,-50.83
1.71684e+07,-107.83,-50.83
1.7172e+07,-110.31,-50.83
1.71756e+07,-126.86,-50.84
1.71792e+07,-121.71,-50.84
1.71828e+07,-104.35,-50.85
1.71864e+07,-101.03,-50.85
1.719e+07,-99.89,-50.86
1.71936e+07,-98.46,-50.86
1.71972e+07,-99.39,-50.86
1.72007e+07,-100.37,-50.87
1.72043e+07,-105.09,-50.87
1.72079e+07,-117.89,-50.88
1.72115e+07,-104.61,-50.88
1.72151e+07,-101.28,-50.89
1.72187e+07,-105.04,-50.89
1.72223e+07,-108.42,-50.89
1.72259e+07,-113.09,-50.90
1.72295e+07,-102.81,-50.90
1.72331e+07,-108.32,-50.91
1.72367e+07,-107.52,-50.91
1.72403e+07,-103.12,-50.91
1.72438e+07,-107.92,-50.92
1.72474e+07,-106.12,-50.92
1.7251e+07,-97.91,-50.93
1.72546e+07,-99.08,-50.93
1.72582e+07,-107.58,-50.94
1.72618e+07,-123.89,-50.94
1.72654e+07,-107.89,-50.94
1.7269e+07,-102.43,-50.95
1.72726e+07,-103.17,-50.95
1.72762e+07,-101.87,-50.96
1.72798e+07,-106.24,-50.96
1.72834e+07,-107.03,-50.97
1.72869e+07,-105.56,-50.97
1.72905e+07,-98.77,-50.97
1.72941e+07,-97.98,-50.98
1.72977e+07,-107.07,-50.98
1.73013e+07,-115.21,-50.99
1.73049e+07,-109.42,-50.99
1.73085e+07,-105.15,-50.99
1.73121e+07,-103.34,-51.00
1.73157e+07,-104.38,-51.00
1.73193e+07,-110.18,-51.01
1.73229e+07,-106.92,-51.01
1.73265e+07,-114.84,-51.02
1.733e+07,-107.91,-51.02
1.73336e+07,-107.67,-51.02
1.73372e+07,-102.26,-51.03
1.73408e+07,-108.70,-51.03
1.73444e+07,-107.49,-51.04
1.7348e+07,-103.22,-51.04
1.73516e+07,-104.22,-51.04
1.73552e+07,-115.00,-51.05
1.73588e+07,-110.55,-51.05
1.73624e+07,-112.54,-51.06
1.7366e+07,-105.85,-51.06
1.73696e+07,-99.30,-51.07
1.73731e+07,-103.57,-51.07
1.73767e+07,-99.73,-51.07
1.73803e+07,-97.86,-51.08
1.73839e+07,-111.03,-51.08
1.73875e+07,-104.13,-51.09
1.73911e+07,-106.33,-51.09
1.73947e+07,-113.38,-51.09
1.73983e+07,-108.69,-51.10
1.74019e+07,-103.89,-51.10
1.74055e+07,-107.63,-51.11
1.74091e+07,-120.64,-51.11
1.74127e+07,-114.74,-51.11
1.74162e+07,-102.05,-51.12
1.74198e+07,-97.24,-51.12
1.74234e+07,-100.10,-51.13
1.7427e+07,-102.47,-51.13
1.74306e+07,-107.57,-51.14
1.74342e+07,-108.82,-51.14
1.74378e+07,-103.79,-51.14
1.74414e+07,-105.59,-51.15
1.7445e+07,-108.42,-51.15
1.74486e+07,-108.11,-51.16
1.74522e+07,-105.40,-51.16
1.74558e+07,-103.98,-51.16
1.74593e+07,-104.89,-51.17
1.74629e+07,-113.24,-51.17
1.74665e+07,-109.55,-51.18
1.74701e+07,-116.78,-51.18
1.74737e+07,-103.16,-51.19
1.74773e+07,-102.94,-51.19
1.74809e+07,-108.38,-51.19
1.74845e+07,-106.22,-51.20
1.74881e+07,-101.87,-51.20
1.74917e+07,-112.80,-51.21
1.74953e+07,-110.81,-51.21
1.74989e+07,-105.08,-51.21
1.75024e+07,-106.15,-51.22
1.7506e+07,-113.41,-51.22
1.75096e+07,-114.33,-51.23
1.75132e+07,-107.89,-51.23
1.75168e+07,-117.32,-51.23
1.75204e+07,-107.44,-51.24
1.7524e+07,-107.43,-51.24
1.75276e+07,-118.30,-51.25
1.75312e+07,-108.30,-51.25
1.75348e+07,-108.12,-51.25
1.75384e+07,-109.03,-51.26
1.7542e+07,-104.98,-51.26
1.75455e+07,-104.97,-51.27
1.75491e+07,-104.61,-51.27
1.75527e+07,-105.72,-51.28
1.75563e+07,-104.88,-51.28
1.75599e+07,-107.38,-51.28
1.75635e+07,-104.73,-51.29
1.75671e+07,-105.06,-51.29
1.75707e+07,-103.54,-51.30
1.75743e+07,-105.79,-51.30
1.75779e+07,-99.67,-51.30
1.75815e+07,-101.14,-51.31
1.75851e+07,-103.79,-51.31
1.75886e+07,-103.21,-51.32
1.75922e+07,-103.26,-51.32
1.75958e+07,-108.44,-51.32
1.75994e+07,-112.26,-51.33
1.7603e+07,-106.51,-51.33
1.76066e+07,-106.22,-51.34
1.76102e+07,-103.10,-51.34
1.76138e+07,-103.19,-51.34
1.76174e+07,-106.87,-51.35
1.7621e+07,-107.99,-51.35
1.76246e+07,-109.42,-51.36
1.76282e+07,-103.41,-51.36
1.76317e+07,-112.70,-51.36
1.76353e+07,-112.89,-51.37
1.76389e+07,-105.29,-51.37
1.76425e+07,-104.18,-51.38
1.76461e+07,-102.91,-51.38
1.76497e+07,-99.96,-51.38
1.76533e+07,-100.45,-51.39
1.76569e+07,-101.76,-51.39
1.76605e+07,-100.15,-51.40
1.76641e+07,-100.30,-51.40
1.76677e+07,-105.74,-51.40
1.76713e+07,-106.66,-51.41
1.76748e+07,-120.30,-51.41
1.76784e+07,-104.83,-51.42
1.7682e+07,-102.23,-51.42
1.76856e+07,-109.27,-51.42
1.76892e+07,-113.28,-51.43
1.76928e+07,-106.95,-51.43
1.76964e+07,-110.23,-51.44
1.77e+07,-108.22,-51.44
1.77036e+07,-114.02,-51.45
1.77072e+07,-108.39,-51.45
1.77108e+07,-108.84,-51.45
1.77144e+07,-104.27,-51.46
1.77179e+07,-100.05,-51.46
1.77215e+07,-103.11,-51.47
1.77251e+07,-107.55,-51.47
1.77287e+07,-108.22,-51.47
1.77323e+07,-116.74,-51.48
1.77359e+07,-115.68,-51.48
1.77395e+07,-103.23,-51.49
1.77431e+07,-100.37,-51.49
1.77467e+07,-102.58,-51.49
1.77503e+07,-102.04,-51.50
1.77539e+07,-100.97,-51.50
1.77575e+07,-107.69,-51.51
1.77611e+07,-109.89,-51.51
1.77646e+07,-110.41,-51.51
1.77682e+07,-110.34,-51.52
1.77718e+07,-109.60,-51.52
1.77754e+07,-114.94,-51.53
1.7779e+07,-110.20,-51.53
1.77826e+07,-106.19,-51.53
1.77862e+07,-106.43,-51.54
1.77898e+07,-107.88,-51.54
1.77934e+07,-104.81,-51.55
1.7797e+07,-122.11,-51.55
1.78006e+07,-106.44,-51.55
1.78042e+07,-104.28,-51.56
1.78077e+07,-108.00,-51.56
1.78113e+07,-113.79,-51.56
1.78149e+07,-116.37,-51.57
1.78185e+07,-105.31,-51.57
1.78221e+07,-107.06,-51.58
1.78257e+07,-108.89,-51.58
1.78293e+07,-107.92,-51.58
1.78329e+07,-110.01,-51.59
1.78365e+07,-110.13,-51.59
1.78401e+07,-111.19,-51.60
1.78437e+07,-111.43,-51.60
1.78473e+07,-107.20,-51.60
1.78508e+07,-104.93,-51.61
1.78544e+07,-128.36,-51.61
1.7858e+07,-118.96,-51.62
1.78616e+07,-115.94,-51.62
1.78652e+07,-111.09,-51.62
1.78688e+07,-107.82,-51.63
1.78724e+07,-112.44,-51.63
1.7876e+07,-104.74,-51.64
1.78796e+07,-110.85,-51.64
1.78832e+07,-127.91,-51.64
1.78868e+07,-115.40,-51.65
1.78904e+07,-106.26,-51.65
1.78939e+07,-101.76,-51.66
1.78975e+07,-109.11,-51.66
1.79011e+07,-116.02,-51.66
1.79047e+07,-111.24,-51.67
1.79083e+07,-114.27,-51.67
1.79119e+07,-105.78,-51.68
1.79155e+07,-102.88,-51.68
1.79191e+07,-107.76,-51.68
1.79227e+07,-106.03,-51.69
1.79263e+07,-105.63,-51.69
1.79299e+07,-109.74,-51.70
1.79335e+07,-108.94,-51.70
1.7937e+07,-107.61,-51.70
1.79406e+07,-108.63,-51.71
1.79442e+07,-106.97,-51.71
1.79478e+07,-109.45,-51.71
1.79514e+07,-112.31,-51.72
1.7955e+07,-104.25,-51.72
1.79586e+07,-106.80,-51.73
1.79622e+07,-105.75,-51.73
1.79658e+07,-109.44,-51.73
1.79694e+07,-114.51,-51.74
1.7973e+07,-103.37,-51.74
1.79766e+07,-104.03,-51.75
1.79801e+07,-102.13,-51.75
1.79837e+07,-97.67,-51.75
1.79873e+07,-102.81,-51.76
1.79909e+07,-108.53,-51.76
1.79945e+07,-107.24,-51.77
1.79981e+07,-106.34,-51.77
1.80017e+07,-107.46,-51.77
1.80053e+07,-109.99,-51.78
1.80089e+07,-108.36,-51.78
1.80125e+07,-109.69,-51.79
1.80161e+07,-106.83,-51.79
1.80197e+07,-109.36,-51.79
1.80232e+07,-101.03,-51.80
1.80268e+07,-104.97,-51.80
1.80304e+07,-105.32,-51.80
1.8034e+07,-104.51,-51.81
1.80376e+07,-103.33,-51.81
1.80412e+07,-106.02,-51.82
1.80448e+07,-117.00,-51.82
1.80484e+07,-107.24,-51.82
1.8052e+07,-104.34,-51.83
1.80556e+07,-111.51,-51.83
1.80592e+07,-102.88,-51.84
1.80628e+07,-104.22,-51.84
1.80663e+07,-113.52,-51.84
1.80699e+07,-103.22,-51.85
1.80735e+07,-101.80,-51.85
1.80771e+07,-102.18,-51.86
1.80807e+07,-103.53,-51.86
1.80843e+07,-105.22,-51.86
1.80879e+07,-100.17,-51.87
1.80915e+07,-101.35,-51.87
1.80951e+07,-107.70,-51.87
1.80987e+07,-101.20,-51.88
1.81023e+07,-106.12,-51.88
1.81059e+07,-112.20,-51.89
1.81094e+07,-101.22,-51.89
1.8113e+07,-102.70,-51.89
1.81166e+07,-105.12,-51.90
1.81202e+07,-102.66,-51.90
1.81238e+07,-102.45,-51.91
1.81274e+07,-106.87,-51.91
1.8131e+07,-111.06,-51.91
1.81346e+07,-115.83,-51.92
1.81382e+07,-109.42,-51.92
1.81418e+07,-108.51,-51.92
1.81454e+07,-108.18,-51.93
1.8149e+07,-107.75,-51.93
1.81525e+07,-105.15,-51.94
1.81561e+07,-114.25,-51.94
1.81597e+07,-112.82,-51.94
1.81633e+07,-119.20,-51.95
1.81669e+07,-118.08,-51.95
1.81705e+07,-109.51,-51.96
1.81741e+07,-106.04,-51.96
1.81777e+07,-101.43,-51.96
1.81813e+07,-104.11,-51.97
1.81849e+07,-104.33,-51.97
1.81885e+07,-105.63,-51.97
1.81921e+07,-115.77,-51.98
1.81956e+07,-106.56,-51.98
1.81992e+07,-120.25,-51.99
1.82028e+07,-107.90,-51.99
1.82064e+07,-112.14,-51.99
1.821e+07,-105.32,-52.00
1.82136e+07,-105.76,-52.00
1.82172e+07,-121.45,-52.01
1.82208e+07,-121.53,-52.01
1.82244e+07,-115.58,-52.01
1.8228e+07,-109.75,-52.02
1.82316e+07,-106.28,-52.02
1.82352e+07,-114.57,-52.02
1.82387e+07,-109.02,-52.03
1.82423e+07,-105.50,-52.03
1.82459e+07,-105.63,-52.04
1.82495e+07,-106.44,-52.04
1.82531e+07,-112.32,-52.04
1.82567e+07,-109.84,-52.05
1.82603e+07,-103.96,-52.05
1.82639e+07,-105.40,-52.05
1.82675e+07,-109.64,-52.06
1.82711e+07,-114.88,-52.06
1.82747e+07,-111.21,-52.07
1.82783e+07,-104.82,-52.07
1.82818e+07,-104.20,-52.07
1.82854e+07,-101.65,-52.08
1.8289e+07,-103.52,-52.08
1.82926e+07,-108.54,-52.08
1.82962e+07,-106.04,-52.09
1.82998e+07,-111.21,-52.09
1.83034e+07,-111.56,-52.10
1.8307e+07,-114.32,-52.10
1.83106e+07,-106.85,-52.10
1.83142e+07,-104.25,-52.11
1.83178e+07,-101.93,-52.11
1.83214e+07,-106.84,-52.12
1.8325e+07,-105.80,-52.12
1.83285e+07,-104.70,-52.12
1.83321e+07,-109.14,-52.13
1.83357e+07,-103.65,-52.13
1.83393e+07,-99.42,-52.13
1.83429e+07,-98.76,-52.14
1.83465e+07,-101.47,-52.14
1.83501e+07,-113.98,-52.15
1.83537e+07,-107.87,-52.15
1.83573e+07,-113.90,-52.15
1.83609e+07,-108.55,-52.16
1.83645e+07,-114.14,-52.16
1.83681e+07,-113.71,-52.16
1.83716e+07,-100.78,-52.17
1.83752e+07,-97.95,-52.17
1.83788e+07,-101.80,-52.18
1.83824e+07,-106.95,-52.18
1.8386e+07,-114.46,-52.18
1.83896e+07,-116.63,-52.19
1.83932e+07,-109.26,-52.19
1.83968e+07,-105.23,-52.19
1.84004e+07,-109.12,-52.20
1.8404e+07,-113.56,-52.20
1.84076e+07,-105.05,-52.21
1.84112e+07,-108.30,-52.21
1.84147e+07,-107.01,-52.21
1.84183e+07,-103.82,-52.22
1.84219e+07,-116.28,-52.22
1.84255e+07,-112.61,-52.22
1.84291e+07,-111.68,-52.23
1.84327e+07,-119.45,-52.23
1.84363e+07,-114.98,-52.24
1.84399e+07,-119.87,-52.24
1.84435e+07,-119.25,-52.24
1.84471e+07,-114.83,-52.25
1.84507e+07,-107.47,-52.25
1.84543e+07,-110.09,-52.25
1.84578e+07,-110.82,-52.26
1.84614e+07,-110.88,-52.26
1.8465e+07,-104.07,-52.27
1.84686e+07,-103.03,-52.27
1.84722e+07,-111.29,-52.27
1.84758e+07,-105.35,-52.28
1.84794e+07,-105.76,-52.28
1.8483e+07,-103.23,-52.28
1.84866e+07,-102.10,-52.29
1.84902e+07,-108.01,-52.29
1.84938e+07,-108.71,-52.30
1.84974e+07,-105.36,-52.30
1.85009e+07,-102.50,-52.30
1.85045e+07,-103.44,-52.31
1.85081e+07,-106.61,-52.31
1.85117e+07,-112.94,-52.31
1.85153e+07,-112.92,-52.32
1.85189e+07,-117.10,-52.32
1.85225e+07,-110.74,-52.32
1.85261e+07,-107.94,-52.33
1.85297e+07,-109.73,-52.33
1.85333e+07,-105.36,-52.34
1.85369e+07,-110.51,-52.34
1.85405e+07,-113.47,-52.34
1.8544e+07,-123.09,-52.35
1.85476e+07,-111.09,-52.35
1.85512e+07,-114.34,-52.35
1.85548e+07,-114.46,-52.36
1.85584e+07,-116.77,-52.36
1.8562e+07,-109.93,-52.37
1.85656e+07,-117.78,-52.37
1.85692e+07,-106.24,-52.37
1.85728e+07,-111.64,-52.38
1.85764e+07,-110.18,-52.38
1.858e+07,-106.80,-52.38
1.85836e+07,-107.74,-52.39
1.85871e+07,-104.61,-52.39
1.85907e+07,-102.73,-52.40
1.85943e+07,-105.23,-52.40
1.85979e+07,-118.68,-52.40
1.86015e+07,-116.30,-52.41
1.86051e+07,-120.84,-52.41
1.86087e+07,-110.09,-52.41
1.86123e+07,-102.31,-52.42
1.86159e+07,-103.52,-52.42
1.86195e+07,-106.25,-52.42
1.86231e+07,-109.91,-52.43
1.86267e+07,-112.06,-52.43
1.86302e+07,-114.47,-52.44
1.86338e+07,-112.84,-52.44
1.86374e+07,-114.96,-52.44
1.8641e+07,-108.07,-52.45
1.86446e+07,-105.04,-52.45
1.86482e+07,-113.28,-52.45
1.86518e+07,-106.39,-52.46
1.86554e+07,-102.88,-52.46
1.8659e+07,-102.93,-52.46
1.86626e+07,-109.59,-52.47
1.86662e+07,-108.17,-52.47
1.86698e+07,-115.70,-52.48
1.86733e+07,-107.45,-52.48
1.86769e+07,-105.92,-52.48
1.86805e+07,-111.83,-52.49
1.86841e+07,-107.12,-52.49
1.86877e+07,-103.87,-52.49
1.86913e+07,-116.03,-52.50
1.86949e+07,-109.22,-52.50
1.86985e+07,-105.71,-52.51
1.87021e+07,-107.77,-52.51
1.87057e+07,-104.19,-52.51
1.87093e+07,-106.46,-52.52
1.87129e+07,-104.20,-52.52
1.87164e+07,-102.16,-52.52
1.872e+07,-112.84,-52.53
1.87236e+07,-103.09,-52.53
1.87272e+07,-102.89,-52.53
1.87308e+07,-119.45,-52.54
1.87344e+07,-111.21,-52.54
1.8738e+07,-108.46,-52.55
1.87416e+07,-119.26,-52.55
1.87452e+07,-141.25,-52.55
1.87488e+07,-108.35,-52.56
1.87524e+07,-112.75,-52.56
1.8756e+07,-110.76,-52.56
1.87595e+07,-113.88,-52.57
1.87631e+07,-111.40,-52.57
1.87667e+07,-104.42,-52.57
1.87703e+07,-102.57,-52.58
1.87739e+07,-110.88,-52.58
1.87775e+07,-106.04,-52.58
1.87811e+07,-105.07,-52.59
1.87847e+07,-113.86,-52.59
1.87883e+07,-112.17,-52.60
1.87919e+07,-102.97,-52.60
1.87955e+07,-102.77,-52.60
1.87991e+07,-112.42,-52.61
1.88026e+07,-114.53,-52.61
1.88062e+07,-104.89,-52.61
1.88098e+07,-105.64,-52.62
1.88134e+07,-110.94,-52.62
1.8817e+07,-114.39,-52.62
1.88206e+07,-104.67,-52.63
1.88242e+07,-105.14,-52.63
1.88278e+07,-105.78,-52.64
1.88314e+07,-103.90,-52.64
1.8835e+07,-110.04,-52.64
1.88386e+07,-113.10,-52.65
1.88422e+07,-111.71,-52.65
1.88457e+07,-106.29,-52.65
1.88493e+07,-111.08,-52.66
1.88529e+07,-110.76,-52.66
1.88565e+07,-111.72,-52.66
1.88601e+07,-111.97,-52.67
1.88637e+07,-107.83,-52.67
1.88673e+07,-110.28,-52.68
1.88709e+07,-110.36,-52.68
1.88745e+07,-103.66,-52.68
1.88781e+07,-105.46,-52.69
1.88817e+07,-113.04,-52.69
1.88853e+07,-107.00,-52.69
1.88888e+07,-108.63,-52.70
1.88924e+07,-119.74,-52.70
1.8896e+07,-106.82,-52.70
1.88996e+07,-101.05,-52.71
1.89032e+07,-101.49,-52.71
1.89068e+07,-102.44,-52.71
1.89104e+07,-106.63,-52.72
1.8914e+07,-110.85,-52.72
1.89176e+07,-107.60,-52.73
1.89212e+07,-100.87,-52.73
1.89248e+07,-102.07,-52.73
1.89284e+07,-101.57,-52.74
1.8932e+07,-101.70,-52.74
1.89355e+07,-104.90,-52.74
1.89391e+07,-106.43,-52.75
1.89427e+07,-109.61,-52.75
1.89463e+07,-106.45,-52.75
1.89499e+07,-104.35,-52.76
1.89535e+07,-115.46,-52.76
1.89571e+07,-104.64,-52.76
1.89607e+07,-104.68,-52.77
1.89643e+07,-111.45,-52.77
1.89679e+07,-109.16,-52.77
1.89715e+07,-105.98,-52.78
1.89751e+07,-104.44,-52.78
1.89786e+07,-102.25,-52.79
1.89822e+07,-103.60,-52.79
1.89858e+07,-120.85,-52.79
1.89894e+07,-104.60,-52.80
1.8993e+07,-110.59,-52.80
1.89966e+07,-102.66,-52.80
1.90002e+07,-99.19,-52.81
1.90038e+07,-101.60,-52.81
1.90074e+07,-101.41,-52.81
1.9011e+07,-107.99,-52.82
1.90146e+07,-106.32,-52.82
1.90182e+07,-110.02,-52.82
1.90217e+07,-107.93,-52.83
1.90253e+07,-104.39,-52.83
1.90289e+07,-114.76,-52.84
1.90325e+07,-106.43,-52.84
1.90361e+07,-105.57,-52.84
1.90397e+07,-103.09,-52.85
1.90433e+07,-103.41,-52.85
1.90469e+07,-107.45,-52.85
1.90505e+07,-110.35,-52.86
1.90541e+07,-110.99,-52.86
1.90577e+07,-110.79,-52.86
1.90613e+07,-117.51,-52.87
1.90648e+07,-104.37,-52.87
1.90684e+07,-114.24,-52.87
1.9072e+07,-109.79,-52.88
1.90756e+07,-118.13,-52.88
1.90792e+07,-109.46,-52.88
1.90828e+07,-107.96,-52.89
1.90864e+07,-106.73,-52.89
1.909e+07,-113.35,-52.90
1.90936e+07,-105.83,-52.90
1.90972e+07,-109.40,-52.90
1.91008e+07,-110.24,-52.91
1.91044e+07,-108.14,-52.91
1.91079e+07,-111.35,-52.91
1.91115e+07,-128.57,-52.92
1.91151e+07,-107.82,-52.92
1.91187e+07,-108.91,-52.92
1.91223e+07,-106.42,-52.93
1.91259e+07,-102.05,-52.93
1.91295e+07,-106.90,-52.93
1.91331e+07,-119.66,-52.94
1.91367e+07,-117.31,-52.94
1.91403e+07,-118.87,-52.94
1.91439e+07,-108.59,-52.95
1.91475e+07,-112.29,-52.95
1.9151e+07,-114.71,-52.95
1.91546e+07,-110.54,-52.96
1.91582e+07,-114.81,-52.96
1.91618e+07,-114.82,-52.97
1.91654e+07,-110.20,-52.97
1.9169e+07,-109.39,-52.97
1.91726e+07,-105.20,-52.98
1.91762e+07,-108.74,-52.98
1.91798e+07,-114.14,-52.98
1.91834e+07,-110.34,-52.99
1.9187e+07,-110.61,-52.99
1.91906e+07,-115.79,-52.99
1.91941e+07,-125.84,-53.00
1.91977e+07,-116.22,-53.00
1.92013e+07,-105.24,-53.00
1.92049e+07,-105.69,-53.01
1.92085e+07,-115.55,-53.01
1.92121e+07,-111.46,-53.01
1.92157e+07,-126.28,-53.02
1.92193e+07,-118.28,-53.02
1.92229e+07,-123.87,-53.02
1.92265e+07,-110.54,-53.03
1.92301e+07,-105.89,-53.03
1.92337e+07,-115.92,-53.03
1.92372e+07,-111.89,-53.04
1.92408e+07,-116.73,-53.04
1.92444e+07,-111.72,-53.05
1.9248e+07,-107.25,-53.05
1.92516e+07,-109.61,-53.05
1.92552e+07,-109.50,-53.06
1.92588e+07,-105.51,-53.06
1.92624e+07,-115.49,-53.06
1.9266e+07,-106.38,-53.07
1.92696e+07,-101.84,-53.07
1.92732e+07,-110.06,-53.07
1.92768e+07,-107.29,-53.08
1.92803e+07,-104.76,-53.08
1.92839e+07,-106.57,-53.08
1.92875e+07,-107.54,-53.09
1.92911e+07,-110.65,-53.09
1.92947e+07,-113.81,-53.09
1.92983e+07,-121.41,-53.10
1.93019e+07,-111.21,-53.10
1.93055e+07,-105.29,-53.10
1.93091e+07,-102.56,-53.11
1.93127e+07,-114.67,-53.11
1.93163e+07,-111.29,-53.11
1.93199e+07,-112.15,-53.12
1.93234e+07,-110.54,-53.12
1.9327e+07,-112.29,-53.12
1.93306e+07,-109.64,-53.13
1.93342e+07,-111.07,-53.13
1.93378e+07,-107.96,-53.13
1.93414e+07,-106.72,-53.14
1.9345e+07,-116.25,-53.14
1.93486e+07,-113.52,-53.14
1.93522e+07,-105.83,-53.15
1.93558e+07,-106.75,-53.15
1.93594e+07,-106.03,-53.16
1.9363e+07,-105.08,-53.16
1.93665e+07,-108.74,-53.16
1.93701e+07,-105.87,-53.17
1.93737e+07,-103.16,-53.17
1.93773e+07,-113.40,-53.17
1.93809e+07,-106.00,-53.18
1.93845e+07,-105.23,-53.18
1.93881e+07,-119.43,-53.18
1.93917e+07,-117.70,-53.19
1.93953e+07,-109.14,-53.19
1.93989e+07,-107.47,-53.19
1.94025e+07,-108.37,-53.20
1.94061e+07,-105.53,-53.20
1.94096e+07,-104.25,-53.20
1.94132e+07,-101.87,-53.21
1.94168e+07,-104.43,-53.21
1.94204e+07,-110.41,-53.21
1.9424e+07,-108.69,-53.22
1.94276e+07,-116.90,-53.22
1.94312e+07,-111.47,-53.22
1.94348e+07,-110.85,-53.23
1.94384e+07,-113.54,-53.23
1.9442e+07,-107.23,-53.23
1.94456e+07,-101.03,-53.24
1.94492e+07,-101.03,-53.24
1.94527e+07,-109.50,-53.24
1.94563e+07,-110.98,-53.25
1.94599e+07,-115.94,-53.25
1.94635e+07,-105.55,-53.25
1.94671e+07,-111.95,-53.26
1.94707e+07,-115.54,-53.26
1.94743e+07,-110.34,-53.26
1.94779e+07,-108.71,-53.27
1.94815e+07,-106.26,-53.27
1.94851e+07,-112.88,-53.27
1.94887e+07,-120.06,-53.28
1.94923e+07,-113.24,-53.28
1.94959e+07,-108.40,-53.28
1.94994e+07,-111.80,-53.29
1.9503e+07,-109.98,-53.29
1.95066e+07,-114.54,-53.29
1.95102e+07,-115.24,-53.30
1.95138e+07,-108.11,-53.30
1.95174e+07,-114.95,-53.30
1.9521e+07,-112.42,-53.31
1.95246e+07,-109.76,-53.31
1.95282e+07,-104.20,-53.32
1.95318e+07,-105.15,-53.32
1.95354e+07,-103.63,-53.32
1.9539e+07,-101.57,-53.33
1.95425e+07,-102.09,-53.33
1.95461e+07,-107.52,-53.33
1.95497e+07,-104.78,-53.34
1.95533e+07,-111.09,-53.34
1.95569e+07,-114.13,-53.34
1.95605e+07,-113.66,-53.35
1.95641e+07,-113.79,-53.35
1.95677e+07,-120.68,-53.35
1.95713e+07,-115.60,-53.36
1.95749e+07,-109.39,-53.36
1.95785e+07,-109.30,-53.36
1.95821e+07,-115.82,-53.37
1.95856e+07,-111.70,-53.37
1.95892e+07,-102.13,-53.37
1.95928e+07,-103.13,-53.38
1.95964e+07,-104.29,-53.38
1.96e+07,-103.02,-53.38
1.96036e+07,-108.44,-53.39
1.96072e+07,-110.62,-53.39
1.96108e+07,-106.84,-53.39
1.96144e+07,-118.62,-53.40
1.9618e+07,-110.43,-53.40
1.96216e+07,-108.97,-53.40
1.96252e+07,-111.29,-53.41
1.96287e+07,-109.56,-53.41
1.96323e+07,-110.96,-53.41
1.96359e+07,-108.02,-53.42
1.96395e+07,-104.99,-53.42
1.96431e+07,-105.37,-53.42
1.96467e+07,-113.63,-53.43
1.96503e+07,-120.51,-53.43
1.96539e+07,-116.72,-53.43
1.96575e+07,-104.98,-53.44
1.96611e+07,-109.87,-53.44
1.96647e+07,-109.96,-53.44
1.96683e+07,-104.63,-53.45
1.96718e+07,-106.68,-53.45
1.96754e+07,-106.13,-53.45
1.9679e+07,-111.57,-53.46
1.96826e+07,-107.07,-53.46
1.96862e+07,-105.82,-53.46
1.96898e+07,-110.52,-53.47
1.96934e+07,-111.24,-53.47
1.9697e+07,-107.93,-53.47
1.97006e+07,-108.13,-53.48
1.97042e+07,-114.64,-53.48
1.97078e+07,-112.94,-53.48
1.97114e+07,-112.53,-53.49
1.97149e+07,-110.26,-53.49
1.97185e+07,-108.51,-53.49
1.97221e+07,-112.72,-53.50
1.97257e+07,-116.78,-53.50
1.97293e+07,-111.40,-53.50
1.97329e+07,-107.67,-53.51
1.97365e+07,-115.03,-53.51
1.97401e+07,-105.76,-53.51
1.97437e+07,-107.60,-53.52
1.97473e+07,-115.48,-53.52
1.97509e+07,-110.90,-53.52
1.97545e+07,-109.75,-53.53
1.9758e+07,-110.11,-53.53
1.97616e+07,-108.10,-53.53
1.97652e+07,-110.90,-53.54
1.97688e+07,-109.46,-53.54
1.97724e+07,-104.80,-53.54
1.9776e+07,-106.27,-53.55
1.97796e+07,-110.21,-53.55
1.97832e+07,-102.87,-53.55
1.97868e+07,-104.93,-53.55
1.97904e+07,-106.25,-53.56
1.9794e+07,-107.51,-53.56
1.97976e+07,-113.86,-53.56
1.98011e+07,-103.54,-53.57
1.98047e+07,-110.52,-53.57
1.98083e+07,-106.05,-53.57
1.98119e+07,-107.47,-53.58
1.98155e+07,-106.05,-53.58
1.98191e+07,-104.47,-53.58
1.98227e+07,-105.32,-53.59
1.98263e+07,-103.21,-53.59
1.98299e+07,-107.30,-53.59
1.98335e+07,-104.44,-53.60
1.98371e+07,-104.43,-53.60
1.98407e+07,-116.86,-53.60
1.98442e+07,-111.23,-53.61
1.98478e+07,-110.55,-53.61
1.98514e+07,-110.47,-53.61
1.9855e+07,-108.43,-53.62
1.98586e+07,-111.50,-53.62
1.98622e+07,-111.15,-53.62
1.98658e+07,-105.09,-53.63
1.98694e+07,-104.68,-53.63
1.9873e+07,-109.70,-53.63
1.98766e+07,-118.35,-53.64
1.98802e+07,-114.28,-53.64
1.98838e+07,-110.13,-53.64
1.98873e+07,-109.84,-53.65
1.98909e+07,-104.83,-53.65
1.98945e+07,-104.73,-53.65
1.98981e+07,-116.90,-53.66
1.99017e+07,-111.50,-53.66
1.99053e+07,-108.55,-53.66
1.99089e+07,-104.57,-53.67
1.99125e+07,-103.80,-53.67
1.99161e+07,-103.36,-53.67
1.99197e+07,-103.95,-53.68
1.99233e+07,-104.17,-53.68
1.99269e+07,-108.35,-53.68
1.99304e+07,-108.89,-53.69
1.9934e+07,-106.01,-53.69
1.99376e+07,-105.61,-53.69
1.99412e+07,-102.28,-53.70
1.99448e+07,-100.80,-53.70
1.99484e+07,-108.68,-53.70
1.9952e+07,-111.71,-53.71
1.99556e+07,-108.36,-53.71
1.99592e+07,-105.68,-53.71
1.99628e+07,-106.83,-53.72
1.99664e+07,-107.81,-53.72
1.997e+07,-102.79,-53.72
1.99735e+07,-101.53,-53.72
1.99771e+07,-105.13,-53.73
1.99807e+07,-103.27,-53.73
1.99843e+07,-102.46,-53.73
1.99879e+07,-102.22,-53.74
1.99915e+07,-114.70,-53.74
1.99951e+07,-107.09,-53.74
1.99987e+07,-110.84,-53.75
2.00023e+07,-116.01,-53.75
2.00059e+07,-103.98,-53.75
2.00095e+07,-104.41,-53.76
2.00131e+07,-113.10,-53.76
2.00166e+07,-104.57,-53.76
2.00202e+07,-101.41,-53.77
2.00238e+07,-103.03,-53.77
2.00274e+07,-116.08,-53.77
2.0031e+07,-108.93,-53.78
2.00346e+07,-106.07,-53.78
2.00382e+07,-105.90,-53.78
2.00418e+07,-111.17,-53.79
2.00454e+07,-105.53,-53.79
2.0049e+07,-101.87,-53.79
2.00526e+07,-105.65,-53.80
2.00562e+07,-107.64,-53.80
2.00598e+07,-104.20,-53.80
2.00633e+07,-106.24,-53.81
2.00669e+07,-114.11,-53.81
2.00705e+07,-120.28,-53.81
2.00741e+07,-117.57,-53.82
2.00777e+07,-112.66,-53.82
2.00813e+07,-104.81,-53.82
2.00849e+07,-105.13,-53.82
2.00885e+07,-107.25,-53.83
2.00921e+07,-107.39,-53.83
2.00957e+07,-117.69,-53.83
2.00993e+07,-115.01,-53.84
2.01029e+07,-118.52,-53.84
2.01064e+07,-109.31,-53.84
2.011e+07,-103.38,-53.85
2.01136e+07,-105.43,-53.85
2.01172e+07,-114.27,-53.85
2.01208e+07,-113.23,-53.86
2.01244e+07,-111.35,-53.86
2.0128e+07,-110.31,-53.86
2.01316e+07,-107.94,-53.87
2.01352e+07,-111.09,-53.87
2.01388e+07,-121.31,-53.87
2.01424e+07,-118.54,-53.88
2.0146e+07,-121.18,-53.88
2.01495e+07,-115.27,-53.88
2.01531e+07,-117.17,-53.89
2.01567e+07,-120.36,-53.89
2.01603e+07,-113.27,-53.89
2.01639e+07,-110.25,-53.89
2.01675e+07,-109.34,-53.90
2.01711e+07,-112.48,-53.90
2.01747e+07,-109.08,-53.90
2.01783e+07,-103.67,-53.91
2.01819e+07,-104.13,-53.91
2.01855e+07,-110.85,-53.91
2.01891e+07,-117.82,-53.92
2.01926e+07,-105.38,-53.92
2.01962e+07,-103.33,-53.92
2.01998e+07,-112.68,-53.93
2.02034e+07,-116.51,-53.93
2.0207e+07,-107.65,-53.93
2.02106e+07,-122.02,-53.94
2.02142e+07,-110.07,-53.94
2.02178e+07,-111.14,-53.94
2.02214e+07,-109.87,-53.95
2.0225e+07,-106.56,-53.95
2.02286e+07,-110.70,-53.95
2.02322e+07,-115.86,-53.96
2.02357e+07,-111.25,-53.96
2.02393e+07,-103.52,-53.96
2.02429e+07,-115.04,-53.96
2.02465e+07,-116.08,-53.97
2.02501e+07,-117.27,-53.97
2.02537e+07,-110.74,-53.97
2.02573e+07,-107.34,-53.98
2.02609e+07,-104.11,-53.98
2.02645e+07,-103.49,-53.98
2.02681e+07,-121.23,-53.99
2.02717e+07,-109.24,-53.99
2.02753e+07,-112.65,-53.99
2.02788e+07,-110.73,-54.00
2.02824e+07,-116.10,-54.00
2.0286e+07,-109.44,-54.00
2.02896e+07,-109.30,-54.01
2.02932e+07,-107.67,-54.01
2.02968e+07,-115.14,-54.01
2.03004e+07,-118.84,-54.02
2.0304e+07,-108.38,-54.02
2.03076e+07,-106.31,-54.02
2.03112e+07,-106.74,-54.02
2.03148e+07,-110.12,-54.03
2.03184e+07,-107.90,-54.03
2.03219e+07,-100.50,-54.03
2.03255e+07,-107.12,-54.04
2.03291e+07,-108.51,-54.04
2.03327e+07,-112.82,-54.04
2.03363e+07,-108.03,-54.05
2.03399e+07,-118.22,-54.05
2.03435e+07,-111.84,-54.05
2.03471e+07,-109.34,-54.06
2.03507e+07,-114.19,-54.06
2.03543e+07,-112.68,-54.06
2.03579e+07,-106.68,-54.07
2.03615e+07,-106.40,-54.07
2.0365e+07,-107.25,-54.07
2.03686e+07,-102.38,-54.07
2.03722e+07,-101.17,-54.08
2.03758e+07,-105.84,-54.08
2.03794e+07,-114.55,-54.08
2.0383e+07,-111.77,-54.09
2.03866e+07,-104.89,-54.09
2.03902e+07,-110.53,-54.09
2.03938e+07,-108.48,-54.10
2.03974e+07,-107.17,-54.10
2.0401e+07,-127.45,-54.10
2.04046e+07,-108.13,-54.11
2.04081e+07,-106.40,-54.11
2.04117e+07,-107.67,-54.11
2.04153e+07,-108.75,-54.12
2.04189e+07,-107.95,-54.12
2.04225e+07,-122.41,-54.12
2.04261e+07,-104.30,-54.12
2.04297e+07,-106.16,-54.13
2.04333e+07,-117.95,-54.13
2.04369e+07,-113.64,-54.13
2.04405e+07,-109.63,-54.14
2.04441e+07,-110.08,-54.14
2.04477e+07,-113.33,-54.14
2.04512e+07,-107.93,-54.15
2.04548e+07,-107.57,-54.15
2.04584e+07,-109.63,-54.15
2.0462e+07,-113.17,-54.16
2.04656e+07,-116.12,-54.16
2.04692e+07,-109.37,-54.16
2.04728e+07,-113.43,-54.16
2.04764e+07,-112.16,-54.17
2.048e+07,-107.68,-54.17
2.04836e+07,-105.86,-54.17
2.04872e+07,-110.13,-54.18
2.04908e+07,-112.86,-54.18
2.04943e+07,-109.48,-54.18
2.04979e+07,-114.30,-54.19
2.05015e+07,-108.46,-54.19
2.05051e+07,-106.57,-54.19
2.05087e+07,-109.14,-54.20
2.05123e+07,-116.23,-54.20
2.05159e+07,-108.62,-54.20
2.05195e+07,-109.44,-54.21
2.05231e+07,-107.82,-54.21
2.05267e+07,-104.04,-54.21
2.05303e+07,-110.52,-54.21
2.05339e+07,-107.57,-54.22
2.05374e+07,-102.47,-54.22
2.0541e+07,-107.28,-54.22
2.05446e+07,-105.72,-54.23
2.05482e+07,-108.00,-54.23
2.05518e+07,-112.21,-54.23
2.05554e+07,-112.34,-54.24
2.0559e+07,-118.45,-54.24
2.05626e+07,-107.34,-54.24
2.05662e+07,-110.52,-54.25
2.05698e+07,-112.81,-54.25
2.05734e+07,-106.83,-54.25
2.0577e+07,-106.79,-54.25
2.05805e+07,-108.37,-54.26
2.05841e+07,-108.87,-54.26
2.05877e+07,-110.87,-54.26
2.05913e+07,-111.75,-54.27
2.05949e+07,-113.42,-54.27
2.05985e+07,-107.54,-54.27
2.06021e+07,-103.10,-54.28
2.06057e+07,-102.58,-54.28
2.06093e+07,-108.84,-54.28
2.06129e+07,-116.96,-54.28
2.06165e+07,-117.26,-54.29
2.06201e+07,-124.65,-54.29
2.06237e+07,-128.27,-54.29
2.06272e+07,-118.35,-54.30
2.06308e+07,-117.39,-54.30
2.06344e+07,-111.72,-54.30
2.0638e+07,-116.46,-54.31
2.06416e+07,-135.69,-54.31
2.06452e+07,-103.95,-54.31
2.06488e+07,-100.97,-54.32
2.06524e+07,-101.94,-54.32
2.0656e+07,-102.92,-54.32
2.06596e+07,-107.60,-54.32
2.06632e+07,-114.00,-54.33
2.06668e+07,-118.71,-54.33
2.06703e+07,-110.77,-54.33
2.06739e+07,-104.55,-54.34
2.06775e+07,-107.14,-54.34
2.06811e+07,-117.31,-54.34
2.06847e+07,-110.14,-54.35
2.06883e+07,-105.08,-54.35
2.06919e+07,-111.30,-54.35
2.06955e+07,-109.88,-54.35
2.06991e+07,-110.50,-54.36
2.07027e+07,-110.39,-54.36
2.07063e+07,-106.92,-54.36
2.07099e+07,-111.36,-54.37
2.07134e+07,-109.71,-54.37
2.0717e+07,-107.74,-54.37
2.07206e+07,-107.44,-54.38
2.07242e+07,-103.28,-54.38
2.07278e+07,-101.04,-54.38
2.07314e+07,-107.96,-54.39
2.0735e+07,-119.45,-54.39
2.07386e+07,-112.22,-54.39
2.07422e+07,-111.16,-54.39
2.07458e+07,-112.03,-54.40
2.07494e+07,-110.21,-54.40
2.0753e+07,-107.81,-54.40
2.07565e+07,-113.25,-54.41
2.07601e+07,-115.22,-54.41
2.07637e+07,-125.78,-54.41
2.07673e+07,-120.72,-54.42
2.07709e+07,-113.79,-54.42
2.07745e+07,-111.85,-54.42
2.07781e+07,-124.99,-54.42
2.07817e+07,-110.21,-54.43
2.07853e+07,-105.86,-54.43
2.07889e+07,-108.15,-54.43
2.07925e+07,-116.93,-54.44
2.07961e+07,-115.87,-54.44
2.07996e+07,-107.90,-54.44
2.08032e+07,-113.96,-54.45
2.08068e+07,-116.32,-54.45
2.08104e+07,-109.68,-54.45
2.0814e+07,-104.76,-54.45
2.08176e+07,-101.49,-54.46
2.08212e+07,-103.35,-54.46
2.08248e+07,-108.51,-54.46
2.08284e+07,-106.36,-54.47
2.0832e+07,-105.75,-54.47
2.08356e+07,-106.54,-54.47
2.08392e+07,-106.69,-54.48
2.08427e+07,-116.58,-54.48
2.08463e+07,-104.34,-54.48
2.08499e+07,-106.41,-54.48
2.08535e+07,-111.05,-54.49
2.08571e+07,-107.40,-54.49
2.08607e+07,-108.51,-54.49
2.08643e+07,-104.94,-54.50
2.08679e+07,-107.32,-54.50
2.08715e+07,-107.42,-54.50
2.08751e+07,-115.90,-54.51
2.08787e+07,-113.49,-54.51
2.08823e+07,-107.77,-54.51
2.08858e+07,-107.96,-54.51
2.08894e+07,-112.71,-54.52
2.0893e+07,-104.76,-54.52
2.08966e+07,-108.20,-54.52
2.09002e+07,-114.78,-54.53
2.09038e+07,-117.12,-54.53
2.09074e+07,-110.99,-54.53
2.0911e+07,-120.79,-54.54
2.09146e+07,-125.07,-54.54
2.09182e+07,-110.78,-54.54
2.09218e+07,-110.36,-54.54
2.09254e+07,-111.88,-54.55
2.09289e+07,-107.90,-54.55
2.09325e+07,-109.01,-54.55
2.09361e+07,-107.26,-54.56
2.09397e+07,-109.34,-54.56
2.09433e+07,-117.63,-54.56
2.09469e+07,-111.80,-54.57
2.09505e+07,-103.92,-54.57
2.09541e+07,-104.33,-54.57
2.09577e+07,-106.99,-54.57
2.09613e+07,-112.72,-54.58
2.09649e+07,-113.39,-54.58
2.09685e+07,-119.04,-54.58
2.0972e+07,-107.89,-54.59
2.09756e+07,-115.39,-54.59
2.09792e+07,-110.83,-54.59
2.09828e+07,-114.03,-54.59
2.09864e+07,-112.05,-54.60
2.099e+07,-105.01,-54.60
2.09936e+07,-103.76,-54.60
2.09972e+07,-108.84,-54.61
2.10008e+07,-112.39,-54.61
2.10044e+07,-109.69,-54.61
2.1008e+07,-113.81,-54.62
2.10116e+07,-118.92,-54.62
2.10151e+07,-112.78,-54.62
2.10187e+07,-106.93,-54.62
2.10223e+07,-119.82,-54.63
2.10259e+07,-105.49,-54.63
2.10295e+07,-108.04,-54.63
2.10331e+07,-111.52,-54.64
2.10367e+07,-110.31,-54.64
2.10403e+07,-109.67,-54.64
2.10439e+07,-118.83,-54.65
2.10475e+07,-111.95,-54.65
2.10511e+07,-111.01,-54.65
2.10547e+07,-107.56,-54.65
2.10582e+07,-104.24,-54.66
2.10618e+07,-100.78,-54.66
2.10654e+07,-103.74,-54.66
2.1069e+07,-111.17,-54.67
2.10726e+07,-118.07,-54.67
2.10762e+07,-105.69,-54.67
2.10798e+07,-102.19,-54.67
2.10834e+07,-108.91,-54.68
2.1087e+07,-108.36,-54.68
2.10906e+07,-104.54,-54.68
2.10942e+07,-110.67,-54.69
2.10978e+07,-126.80,-54.69
2.11013e+07,-108.14,-54.69
2.11049e+07,-104.29,-54.70
2.11085e+07,-112.01,-54.70
2.11121e+07,-111.07,-54.70
2.11157e+07,-109.05,-54.70
2.11193e+07,-112.41,-54.71
2.11229e+07,-116.33,-54.71
2.11265e+07,-114.07,-54.71
2.11301e+07,-118.64,-54.72
2.11337e+07,-110.54,-54.72
2.11373e+07,-110.04,-54.72
2.11409e+07,-113.65,-54.72
2.11444e+07,-109.82,-54.73
2.1148e+07,-111.31,-54.73
2.11516e+07,-106.81,-54.73
2.11552e+07,-106.63,-54.74
2.11588e+07,-108.02,-54.74
2.11624e+07,-108.23,-54.74
2.1166e+07,-114.89,-54.74
2.11696e+07,-106.38,-54.75
2.11732e+07,-102.35,-54.75
2.11768e+07,-108.49,-54.75
2.11804e+07,-119.95,-54.76
2.1184e+07,-109.34,-54.76
2.11876e+07,-110.81,-54.76
2.11911e+07,-114.60,-54.77
2.11947e+07,-109.11,-54.77
2.11983e+07,-118.23,-54.77
2.12019e+07,-110.52,-54.77
2.12055e+07,-107.87,-54.78
2.12091e+07,-107.11,-54.78
2.12127e+07,-108.16,-54.78
2.12163e+07,-110.34,-54.79
2.12199e+07,-107.10,-54.79
2.12235e+07,-104.46,-54.79
2.12271e+07,-106.60,-54.79
2.12307e+07,-132.40,-54.80
2.12342e+07,-116.94,-54.80
2.12378e+07,-109.53,-54.80
2.12414e+07,-106.94,-54.81
2.1245e+07,-109.31,-54.81
2.12486e+07,-113.79,-54.81
2.12522e+07,-107.04,-54.81
2.12558e+07,-109.82,-54.82
2.12594e+07,-121.05,-54.82
2.1263e+07,-126.46,-54.82
2.12666e+07,-109.85,-54.83
2.12702e+07,-105.56,-54.83
2.12738e+07,-106.84,-54.83
2.12773e+07,-106.88,-54.83
2.12809e+07,-106.50,-54.84
2.12845e+07,-105.69,-54.84
2.12881e+07,-110.43,-54.84
2.12917e+07,-116.77,-54.85
2.12953e+07,-115.62,-54.85
2.12989e+07,-111.02,-54.85
2.13025e+07,-109.71,-54.85
2.13061e+07,-115.50,-54.86
2.13097e+07,-120.38,-54.86
2.13133e+07,-123.34,-54.86
2.13169e+07,-119.70,-54.87
2.13204e+07,-114.64,-54.87
2.1324e+07,-111.58,-54.87
2.13276e+07,-109.86,-54.87
2.13312e+07,-116.71,-54.88
2.13348e+07,-116.54,-54.88
2.13384e+07,-107.70,-54.88
2.1342e+07,-108.34,-54.89
2.13456e+07,-121.58,-54.89
2.13492e+07,-126.70,-54.89
2.13528e+07,-110.72,-54.90
2.13564e+07,-104.55,-54.90
2.136e+07,-119.87,-54.90
2.13635e+07,-105.84,-54.90
2.13671e+07,-114.57,-54.91
2.13707e+07,-108.73,-54.91
2.13743e+07,-110.47,-54.91
2.13779e+07,-112.84,-54.92
2.13815e+07,-117.24,-54.92
2.13851e+07,-109.90,-54.92
2.13887e+07,-112.78,-54.92
2.13923e+07,-113.24,-54.93
2.13959e+07,-125.97,-54.93
2.13995e+07,-115.54,-54.93
2.14031e+07,-115.98,-54.94
2.14066e+07,-115.07,-54.94
2.14102e+07,-118.36,-54.94
2.14138e+07,-110.91,-54.94
2.14174e+07,-107.05,-54.95
2.1421e+07,-109.35,-54.95
2.14246e+07,-110.50,-54.95
2.14282e+07,-110.79,-54.96
2.14318e+07,-119.78,-54.96
2.14354e+07,-118.44,-54.96
2.1439e+07,-109.91,-54.96
2.14426e+07,-123.51,-54.97
2.14462e+07,-130.18,-54.97
2.14497e+07,-108.23,-54.97
2.14533e+07,-106.11,-54.98
2.14569e+07,-109.01,-54.98
2.14605e+07,-107.74,-54.98
2.14641e+07,-110.10,-54.98
2.14677e+07,-104.39,-54.99
2.14713e+07,-108.28,-54.99
2.14749e+07,-110.15,-54.99
2.14785e+07,-109.58,-54.99
2.14821e+07,-109.71,-55.00
2.14857e+07,-114.55,-55.00
2.14893e+07,-113.15,-55.00
2.14928e+07,-107.46,-55.01
2.14964e+07,-110.11,-55.01
2.15e+07,-113.48,-55.01
2.15036e+07,-120.62,-55.01
2.15072e+07,-108.50,-55.02
2.15108e+07,-106.18,-55.02
2.15144e+07,-103.84,-55.02
2.1518e+07,-106.03,-55.03
2.15216e+07,-114.28,-55.03
2.15252e+07,-114.03,-55.03
2.15288e+07,-109.59,-55.03
2.15324e+07,-110.74,-55.04
2.15359e+07,-111.57,-55.04
2.15395e+07,-108.04,-55.04
2.15431e+07,-109.84,-55.05
2.15467e+07,-115.25,-55.05
2.15503e+07,-120.75,-55.05
2.15539e+07,-118.15,-55.05
2.15575e+07,-118.34,-55.06
2.15611e+07,-118.14,-55.06
2.15647e+07,-109.65,-55.06
2.15683e+07,-103.60,-55.07
2.15719e+07,-107.03,-55.07
2.15755e+07,-113.54,-55.07
2.1579e+07,-108.19,-55.07
2.15826e+07,-117.37,-55.08
2.15862e+07,-106.90,-55.08
2.15898e+07,-108.37,-55.08
2.15934e+07,-109.52,-55.09
2.1597e+07,-104.95,-55.09
2.16006e+07,-101.56,-55.09
2.16042e+07,-105.55,-55.09
2.16078e+07,-108.81,-55.10
2.16114e+07,-104.78,-55.10
2.1615e+07,-104.55,-55.10
2.16186e+07,-108.18,-55.10
2.16221e+07,-118.32,-55.11
2.16257e+07,-121.19,-55.11
2.16293e+07,-111.68,-55.11
2.16329e+07,-111.53,-55.12
2.16365e+07,-113.09,-55.12
2.16401e+07,-105.93,-55.12
2.16437e+07,-107.03,-55.12
2.16473e+07,-109.32,-55.13
2.16509e+07,-106.06,-55.13
2.16545e+07,-107.57,-55.13
2.16581e+07,-122.24,-55.14
2.16617e+07,-115.14,-55.14
2.16652e+07,-119.89,-55.14
2.16688e+07,-109.20,-55.14
2.16724e+07,-107.64,-55.15
2.1676e+07,-115.04,-55.15
2.16796e+07,-114.81,-55.15
2.16832e+07,-103.61,-55.16
2.16868e+07,-103.98,-55.16
2.16904e+07,-112.36,-55.16
2.1694e+07,-117.06,-55.16
2.16976e+07,-121.71,-55.17
2.17012e+07,-126.32,-55.17
2.17048e+07,-115.85,-55.17
2.17083e+07,-105.31,-55.17
2.17119e+07,-105.00,-55.18
2.17155e+07,-109.38,-55.18
2.17191e+07,-117.92,-55.18
2.17227e+07,-119.24,-55.19
2.17263e+07,-109.00,-55.19
2.17299e+07,-105.43,-55.19
2.17335e+07,-115.34,-55.19
2.17371e+07,-109.67,-55.20
2.17407e+07,-108.59,-55.20
2.17443e+07,-106.58,-55.20
2.17479e+07,-106.54,-55.21
2.17514e+07,-111.69,-55.21
2.1755e+07,-104.60,-55.21
2.17586e+07,-107.44,-55.21
2.17622e+07,-107.28,-55.22
2.17658e+07,-109.70,-55.22
2.17694e+07,-116.88,-55.22
2.1773e+07,-108.61,-55.22
2.17766e+07,-105.17,-55.23
2.17802e+07,-105.71,-55.23
2.17838e+07,-119.97,-55.23
2.17874e+07,-114.99,-55.24
2.1791e+07,-112.42,-55.24
2.17946e+07,-114.64,-55.24
2.17981e+07,-114.64,-55.24
2.18017e+07,-120.75,-55.25
2.18053e+07,-109.01,-55.25
2.18089e+07,-108.71,-55.25
2.18125e+07,-112.92,-55.26
2.18161e+07,-111.82,-55.26
2.18197e+07,-122.29,-55.26
2.18233e+07,-116.94,-55.26
2.18269e+07,-111.77,-55.27
2.18305e+07,-106.09,-55.27
2.18341e+07,-111.70,-55.27
2.18377e+07,-108.75,-55.27
2.18412e+07,-124.95,-55.28
2.18448e+07,-107.64,-55.28
2.18484e+07,-107.51,-55.28
2.1852e+07,-116.46,-55.29
2.18556e+07,-107.83,-55.29
2.18592e+07,-109.70,-55.29
2.18628e+07,-111.07,-55.29
2.18664e+07,-107.30,-55.30
2.187e+07,-108.80,-55.30
2.18736e+07,-119.53,-55.30
2.18772e+07,-122.48,-55.30
2.18808e+07,-115.27,-55.31
2.18843e+07,-109.48,-55.31
2.18879e+07,-111.49,-55.31
2.18915e+07,-112.48,-55.32
2.18951e+07,-105.62,-55.32
2.18987e+07,-109.25,-55.32
2.19023e+07,-117.68,-55.32
2.19059e+07,-117.23,-55.33
2.19095e+07,-113.62,-55.33
2.19131e+07,-116.17,-55.33
2.19167e+07,-119.52,-55.33
2.19203e+07,-114.44,-55.34
2.19239e+07,-122.87,-55.34
2.19274e+07,-120.28,-55.34
2.1931e+07,-116.20,-55.35
2.19346e+07,-119.80,-55.35
2.19382e+07,-114.70,-55.35
2.19418e+07,-109.19,-55.35
2.19454e+07,-110.31,-55.36
2.1949e+07,-115.03,-55.36
2.19526e+07,-128.20,-55.36
2.19562e+07,-120.57,-55.36
2.19598e+07,-111.63,-55.37
2.19634e+07,-107.08,-55.37
2.1967e+07,-106.96,-55.37
2.19705e+07,-105.03,-55.38
2.19741e+07,-104.57,-55.38
2.19777e+07,-107.49,-55.38
2.19813e+07,-110.37,-55.38
2.19849e+07,-111.38,-55.39
2.19885e+07,-111.95,-55.39
2.19921e+07,-104.48,-55.39
2.19957e+07,-105.62,-55.39
2.19993e+07,-118.20,-55.40
2.20029e+07,-118.37,-55.40
2.20065e+07,-114.16,-55.40
2.20101e+07,-109.33,-55.41
2.20136e+07,-111.16,-55.41
2.20172e+07,-105.90,-55.41
2.20208e+07,-132.88,-55.41
2.20244e+07,-109.06,-55.42
2.2028e+07,-106.67,-55.42
2.20316e+07,-110.84,-55.42
2.20352e+07,-123.80,-55.42
2.20388e+07,-111.87,-55.43
2.20424e+07,-114.64,-55.43
2.2046e+07,-113.29,-55.43
2.20496e+07,-109.63,-55.44
2.20532e+07,-115.10,-55.44
2.20567e+07,-103.72,-55.44
2.20603e+07,-101.46,-55.44
2.20639e+07,-106.99,-55.45
2.20675e+07,-107.65,-55.45
2.20711e+07,-113.00,-55.45
2.20747e+07,-115.17,-55.45
2.20783e+07,-120.36,-55.46
2.20819e+07,-108.65,-55.46
2.20855e+07,-103.90,-55.46
2.20891e+07,-106.45,-55.47
2.20927e+07,-117.32,-55.47
2.20963e+07,-115.90,-55.47
2.20998e+07,-116.58,-55.47
2.21034e+07,-111.33,-55.48
2.2107e+07,-106.44,-55.48
2.21106e+07,-110.42,-55.48
2.21142e+07,-119.37,-55.48
2.21178e+07,-111.98,-55.49
2.21214e+07,-108.16,-55.49
2.2125e+07,-107.39,-55.49
2.21286e+07,-106.50,-55.49
2.21322e+07,-110.06,-55.50
2.21358e+07,-115.82,-55.50
2.21394e+07,-113.76,-55.50
2.21429e+07,-109.27,-55.51
2.21465e+07,-107.79,-55.51
2.21501e+07,-119.41,-55.51
2.21537e+07,-133.58,-55.51
2.21573e+07,-113.74,-55.52
2.21609e+07,-109.59,-55.52
2.21645e+07,-107.25,-55.52
2.21681e+07,-109.41,-55.52
2.21717e+07,-115.58,-55.53
2.21753e+07,-113.06,-55.53
2.21789e+07,-117.17,-55.53
2.21825e+07,-113.77,-55.54
2.2186e+07,-107.82,-55.54
2.21896e+07,-131.37,-55.54
2.21932e+07,-108.25,-55.54
2.21968e+07,-112.63,-55.55
2.22004e+07,-115.49,-55.55
2.2204e+07,-106.77,-55.55
2.22076e+07,-105.27,-55.55
2.22112e+07,-110.52,-55.56
2.22148e+07,-107.40,-55.56
2.22184e+07,-104.09,-55.56
2.2222e+07,-113.02,-55.56
2.22256e+07,-112.73,-55.57
2.22291e+07,-115.24,-55.57
2.22327e+07,-105.64,-55.57
2.22363e+07,-105.79,-55.58
2.22399e+07,-123.01,-55.58
2.22435e+07,-116.53,-55.58
2.22471e+07,-109.41,-55.58
2.22507e+07,-109.76,-55.59
2.22543e+07,-114.34,-55.59
2.22579e+07,-111.73,-55.59
2.22615e+07,-105.92,-55.59
2.22651e+07,-105.84,-55.60
2.22687e+07,-108.39,-55.60
2.22722e+07,-109.32,-55.60
2.22758e+07,-118.12,-55.60
2.22794e+07,-113.58,-55.61
2.2283e+07,-107.69,-55.61
2.22866e+07,-105.72,-55.61
2.22902e+07,-107.47,-55.62
2.22938e+07,-108.76,-55.62
2.22974e+07,-111.13,-55.62
2.2301e+07,-129.16,-55.62
2.23046e+07,-107.80,-55.63
2.23082e+07,-105.49,-55.63
2.23118e+07,-109.95,-55.63
2.23153e+07,-144.05,-55.63
2.23189e+07,-111.90,-55.64
2.23225e+07,-113.70,-55.64
2.23261e+07,-113.67,-55.64
2.23297e+07,-112.55,-55.64
2.23333e+07,-122.25,-55.65
2.23369e+07,-120.16,-55.65
2.23405e+07,-119.60,-55.65
2.23441e+07,-112.87,-55.65
2.23477e+07,-114.67,-55.66
2.23513e+07,-115.81,-55.66
2.23549e+07,-114.35,-55.66
2.23585e+07,-112.40,-55.67
2.2362e+07,-104.83,-55.67
2.23656e+07,-107.81,-55.67
2.23692e+07,-124.11,-55.67
2.23728e+07,-108.53,-55.68
2.23764e+07,-117.43,-55.68
2.238e+07,-111.57,-55.68
2.23836e+07,-114.03,-55.68
2.23872e+07,-132.84,-55.69
2.23908e+07,-107.81,-55.69
2.23944e+07,-108.66,-55.69
2.2398e+07,-117.12,-55.69
2.24016e+07,-106.07,-55.70
2.24051e+07,-108.84,-55.70
2.24087e+07,-130.82,-55.70
2.24123e+07,-121.12,-55.70
2.24159e+07,-107.91,-55.71
2.24195e+07,-104.76,-55.71
2.24231e+07,-106.74,-55.71
2.24267e+07,-103.99,-55.72
2.24303e+07,-103.14,-55.72
2.24339e+07,-106.66,-55.72
2.24375e+07,-108.12,-55.72
2.24411e+07,-127.05,-55.73
2.24447e+07,-109.31,-55.73
2.24482e+07,-104.86,-55.73
2.24518e+07,-104.97,-55.73
2.24554e+07,-104.32,-55.74
2.2459e+07,-107.59,-55.74
2.24626e+07,-114.86,-55.74
2.24662e+07,-111.44,-55.74
2.24698e+07,-109.48,-55.75
2.24734e+07,-103.46,-55.75
2.2477e+07,-103.44,-55.75
2.24806e+07,-104.17,-55.75
2.24842e+07,-110.07,-55.76
2.24878e+07,-122.16,-55.76
2.24913e+07,-121.17,-55.76
2.24949e+07,-113.29,-55.77
2.24985e+07,-119.47,-55.77
2.25021e+07,-104.75,-55.77
2.25057e+07,-107.08,-55.77
2.25093e+07,-117.66,-55.78
2.25129e+07,-121.48,-55.78
2.25165e+07,-119.10,-55.78
2.25201e+07,-103.72,-55.78
2.25237e+07,-101.78,-55.79
2.25273e+07,-104.67,-55.79
2.25309e+07,-105.72,-55.79
2.25344e+07,-107.03,-55.79
2.2538e+07,-110.72,-55.80
2.25416e+07,-109.93,-55.80
2.25452e+07,-107.26,-55.80
2.25488e+07,-105.92,-55.80
2.25524e+07,-106.55,-55.81
2.2556e+07,-108.34,-55.81
2.25596e+07,-122.69,-55.81
2.25632e+07,-116.01,-55.81
2.25668e+07,-116.05,-55.82
2.25704e+07,-108.95,-55.82
2.2574e+07,-103.61,-55.82
2.25775e+07,-109.63,-55.82
2.25811e+07,-112.72,-55.83
2.25847e+07,-109.01,-55.83
2.25883e+07,-110.00,-55.83
2.25919e+07,-107.47,-55.84
2.25955e+07,-107.14,-55.84
2.25991e+07,-109.40,-55.84
2.26027e+07,-109.52,-55.84
2.26063e+07,-108.41,-55.85
2.26099e+07,-114.56,-55.85
2.26135e+07,-115.62,-55.85
2.26171e+07,-107.82,-55.85
2.26206e+07,-108.58,-55.86
2.26242e+07,-114.05,-55.86
2.26278e+07,-111.14,-55.86
2.26314e+07,-114.50,-55.86
2.2635e+07,-108.53,-55.87
2.26386e+07,-114.39,-55.87
2.26422e+07,-107.30,-55.87
2.26458e+07,-104.33,-55.87
2.26494e+07,-106.40,-55.88
2.2653e+07,-111.19,-55.88
2.26566e+07,-109.83,-55.88
2.26602e+07,-109.53,-55.88
2.26637e+07,-111.74,-55.89
2.26673e+07,-111.93,-55.89
2.26709e+07,-114.24,-55.89
2.26745e+07,-106.01,-55.89
2.26781e+07,-105.31,-55.90
2.26817e+07,-108.82,-55.90
2.26853e+07,-114.18,-55.90
2.26889e+07,-112.47,-55.90
2.26925e+07,-107.94,-55.91
2.26961e+07,-109.27,-55.91
2.26997e+07,-114.25,-55.91
2.27033e+07,-123.80,-55.92
2.27068e+07,-107.11,-55.92
2.27104e+07,-105.61,-55.92
2.2714e+07,-118.98,-55.92
2.27176e+07,-109.05,-55.93
2.27212e+07,-113.52,-55.93
2.27248e+07,-116.33,-55.93
2.27284e+07,-124.16,-55.93
2.2732e+07,-111.31,-55.94
2.27356e+07,-110.25,-55.94
2.27392e+07,-114.92,-55.94
2.27428e+07,-104.51,-55.94
2.27464e+07,-104.16,-55.95
2.27499e+07,-107.72,-55.95
2.27535e+07,-108.05,-55.95
2.27571e+07,-103.93,-55.95
2.27607e+07,-105.10,-55.96
2.27643e+07,-115.44,-55.96
2.27679e+07,-106.26,-55.96
2.27715e+07,-110.45,-55.96
2.27751e+07,-130.44,-55.97
2.27787e+07,-110.53,-55.97
2.27823e+07,-115.27,-55.97
2.27859e+07,-128.48,-55.97
2.27895e+07,-121.77,-55.98
2.2793e+07,-114.26,-55.98
2.27966e+07,-122.36,-55.98
2.28002e+07,-109.13,-55.98
2.28038e+07,-115.56,-55.99
2.28074e+07,-108.79,-55.99
2.2811e+07,-109.29,-55.99
2.28146e+07,-108.78,-55.99
2.28182e+07,-104.69,-56.00
2.28218e+07,-107.72,-56.00
2.28254e+07,-107.75,-56.00
2.2829e+07,-104.61,-56.00
2.28326e+07,-106.85,-56.01
2.28361e+07,-116.24,-56.01
2.28397e+07,-107.21,-56.01
2.28433e+07,-113.16,-56.01
2.28469e+07,-121.84,-56.02
2.28505e+07,-112.51,-56.02
2.28541e+07,-107.61,-56.02
2.28577e+07,-106.08,-56.02
2.28613e+07,-130.22,-56.03
2.28649e+07,-107.68,-56.03
2.28685e+07,-110.34,-56.03
2.28721e+07,-114.19,-56.04
2.28757e+07,-116.25,-56.04
2.28792e+07,-126.66,-56.04
2.28828e+07,-115.91,-56.04
2.28864e+07,-107.78,-56.05
2.289e+07,-109.20,-56.05
2.28936e+07,-118.91,-56.05
2.28972e+07,-113.92,-56.05
2.29008e+07,-117.57,-56.06
2.29044e+07,-116.49,-56.06
2.2908e+07,-118.45,-56.06
2.29116e+07,-120.14,-56.06
2.29152e+07,-110.75,-56.07
2.29188e+07,-113.11,-56.07
2.29224e+07,-123.31,-56.07
2.29259e+07,-122.49,-56.07
2.29295e+07,-119.42,-56.08
2.29331e+07,-129.25,-56.08
2.29367e+07,-112.59,-56.08
2.29403e+07,-117.25,-56.08
2.29439e+07,-110.81,-56.09
2.29475e+07,-107.03,-56.09
2.29511e+07,-109.02,-56.09
2.29547e+07,-122.35,-56.09
2.29583e+07,-107.16,-56.10
2.29619e+07,-106.54,-56.10
2.29655e+07,-114.46,-56.10
2.2969e+07,-113.78,-56.10
2.29726e+07,-106.06,-56.11
2.29762e+07,-111.86,-56.11
2.29798e+07,-115.91,-56.11
2.29834e+07,-115.30,-56.11
2.2987e+07,-116.56,-56.12
2.29906e+07,-113.60,-56.12
2.29942e+07,-116.56,-56.12
2.29978e+07,-118.23,-56.12
2.30014e+07,-111.20,-56.13
2.3005e+07,-109.32,-56.13
2.30086e+07,-104.99,-56.13
2.30121e+07,-103.47,-56.13
2.30157e+07,-104.11,-56.14
2.30193e+07,-112.02,-56.14
2.30229e+07,-138.06,-56.14
2.30265e+07,-110.40,-56.14
2.30301e+07,-109.25,-56.15
2.30337e+07,-109.02,-56.15
2.30373e+07,-120.29,-56.15
2.30409e+07,-110.24,-56.15
2.30445e+07,-109.79,-56.16
2.30481e+07,-113.72,-56.16
2.30517e+07,-107.26,-56.16
2.30552e+07,-110.35,-56.16
2.30588e+07,-110.29,-56.17
2.30624e+07,-104.24,-56.17
2.3066e+07,-106.06,-56.17
2.30696e+07,-111.84,-56.17
2.30732e+07,-107.98,-56.18
2.30768e+07,-121.47,-56.18
2.30804e+07,-119.86,-56.18
2.3084e+07,-114.62,-56.18
2.30876e+07,-107.19,-56.19
2.30912e+07,-108.63,-56.19
2.30948e+07,-118.37,-56.19
2.30983e+07,-111.97,-56.19
2.31019e+07,-108.99,-56.20
2.31055e+07,-109.53,-56.20
2.31091e+07,-118.86,-56.20
2.31127e+07,-114.00,-56.20
2.31163e+07,-108.03,-56.21
2.31199e+07,-110.84,-56.21
2.31235e+07,-110.46,-56.21
2.31271e+07,-112.66,-56.21
2.31307e+07,-111.66,-56.22
2.31343e+07,-121.88,-56.22
2.31379e+07,-113.94,-56.22
2.31414e+07,-114.85,-56.22
2.3145e+07,-121.84,-56.23
2.31486e+07,-126.53,-56.23
2.31522e+07,-113.30,-56.23
2.31558e+07,-111.15,-56.23
2.31594e+07,-112.32,-56.24
2.3163e+07,-111.86,-56.24
2.31666e+07,-117.02,-56.24
2.31702e+07,-107.77,-56.24
2.31738e+07,-103.75,-56.25
2.31774e+07,-105.45,-56.25
2.3181e+07,-112.83,-56.25
2.31845e+07,-107.56,-56.25
2.31881e+07,-104.66,-56.26
2.31917e+07,-109.39,-56.26
2.31953e+07,-120.00,-56.26
2.31989e+07,-119.48,-56.26
2.32025e+07,-115.70,-56.26
2.32061e+07,-107.94,-56.27
2.32097e+07,-103.95,-56.27
2.32133e+07,-111.77,-56.27
2.32169e+07,-124.49,-56.27
2.32205e+07,-113.19,-56.28
2.32241e+07,-116.78,-56.28
2.32276e+07,-118.47,-56.28
2.32312e+07,-123.34,-56.28
2.32348e+07,-114.55,-56.29
2.32384e+07,-118.41,-56.29
2.3242e+07,-121.75,-56.29
2.32456e+07,-121.20,-56.29
2.32492e+07,-110.88,-56.30
2.32528e+07,-115.08,-56.30
2.32564e+07,-128.18,-56.30
2.326e+07,-117.63,-56.30
2.32636e+07,-122.19,-56.31
2.32672e+07,-125.91,-56.31
2.32707e+07,-115.76,-56.31
2.32743e+07,-109.32,-56.31
2.32779e+07,-108.82,-56.32
2.32815e+07,-108.83,-56.32
2.32851e+07,-108.79,-56.32
2.32887e+07,-108.26,-56.32
2.32923e+07,-110.49,-56.33
2.32959e+07,-110.48,-56.33
2.32995e+07,-110.00,-56.33
2.33031e+07,-107.10,-56.33
2.33067e+07,-105.89,-56.34
2.33103e+07,-108.62,-56.34
2.33138e+07,-115.21,-56.34
2.33174e+07,-117.53,-56.34
2.3321e+07,-106.03,-56.35
2.33246e+07,-104.43,-56.35
2.33282e+07,-113.46,-56.35
2.33318e+07,-119.44,-56.35
2.33354e+07,-113.55,-56.36
2.3339e+07,-124.98,-56.36
2.33426e+07,-116.07,-56.36
2.33462e+07,-111.66,-56.36
2.33498e+07,-109.72,-56.37
2.33534e+07,-110.58,-56.37
2.33569e+07,-109.93,-56.37
2.33605e+07,-125.25,-56.37
2.33641e+07,-125.19,-56.38
2.33677e+07,-134.41,-56.38
2.33713e+07,-110.31,-56.38
2.33749e+07,-121.36,-56.38
2.33785e+07,-106.39,-56.39
2.33821e+07,-115.63,-56.39
2.33857e+07,-114.53,-56.39
2.33893e+07,-114.09,-56.39
2.33929e+07,-115.38,-56.39
2.33965e+07,-109.99,-56.40
2.34e+07,-106.59,-56.40
2.34036e+07,-106.02,-56.40
2.34072e+07,-105.09,-56.40
2.34108e+07,-104.01,-56.41
2.34144e+07,-107.25,-56.41
2.3418e+07,-109.45,-56.41
2.34216e+07,-113.25,-56.41
2.34252e+07,-110.86,-56.42
2.34288e+07,-110.11,-56.42
2.34324e+07,-110.20,-56.42
2.3436e+07,-108.21,-56.42
2.34396e+07,-111.45,-56.43
2.34431e+07,-107.58,-56.43
2.34467e+07,-106.93,-56.43
2.34503e+07,-114.44,-56.43
2.34539e+07,-108.68,-56.44
2.34575e+07,-111.46,-56.44
2.34611e+07,-111.02,-56.44
2.34647e+07,-108.38,-56.44
2.34683e+07,-121.41,-56.45
2.34719e+07,-106.64,-56.45
2.34755e+07,-107.65,-56.45
2.34791e+07,-111.00,-56.45
2.34827e+07,-113.30,-56.46
2.34863e+07,-114.90,-56.46
2.34898e+07,-123.54,-56.46
2.34934e+07,-124.28,-56.46
2.3497e+07,-109.54,-56.46
2.35006e+07,-105.96,-56.47
2.35042e+07,-105.63,-56.47
2.35078e+07,-115.32,-56.47
2.35114e+07,-116.36,-56.47
2.3515e+07,-115.35,-56.48
2.35186e+07,-107.12,-56.48
2.35222e+07,-112.95,-56.48
2.35258e+07,-110.01,-56.48
2.35294e+07,-111.71,-56.49
2.35329e+07,-111.86,-56.49
2.35365e+07,-106.47,-56.49
2.35401e+07,-104.98,-56.49
2.35437e+07,-117.36,-56.50
2.35473e+07,-113.31,-56.50
2.35509e+07,-111.74,-56.50
2.35545e+07,-110.87,-56.50
2.35581e+07,-118.42,-56.51
2.35617e+07,-112.84,-56.51
2.35653e+07,-110.82,-56.51
2.35689e+07,-112.92,-56.51
2.35725e+07,-138.89,-56.52
2.3576e+07,-114.66,-56.52
2.35796e+07,-125.47,-56.52
2.35832e+07,-112.44,-56.52
2.35868e+07,-118.83,-56.53
2.35904e+07,-112.06,-56.53
2.3594e+07,-109.78,-56.53
2.35976e+07,-110.71,-56.53
2.36012e+07,-114.91,-56.53
2.36048e+07,-113.94,-56.54
2.36084e+07,-108.30,-56.54
2.3612e+07,-111.88,-56.54
2.36156e+07,-113.91,-56.54
2.36191e+07,-117.34,-56.55
2.36227e+07,-107.79,-56.55
2.36263e+07,-108.25,-56.55
2.36299e+07,-113.79,-56.55
2.36335e+07,-122.19,-56.56
2.36371e+07,-121.64,-56.56
2.36407e+07,-115.99,-56.56
2.36443e+07,-110.37,-56.56
2.36479e+07,-118.56,-56.57
2.36515e+07,-113.49,-56.57
2.36551e+07,-115.16,-56.57
2.36587e+07,-129.31,-56.57
2.36622e+07,-118.55,-56.58
2.36658e+07,-114.37,-56.58
2.36694e+07,-113.97,-56.58
2.3673e+07,-113.96,-56.58
2.36766e+07,-106.90,-56.58
2.36802e+07,-104.44,-56.59
2.36838e+07,-107.13,-56.59
2.36874e+07,-113.35,-56.59
2.3691e+07,-111.28,-56.59
2.36946e+07,-109.93,-56.60
2.36982e+07,-109.14,-56.60
2.37018e+07,-108.17,-56.60
2.37053e+07,-123.79,-56.60
2.37089e+07,-109.42,-56.61
2.37125e+07,-109.46,-56.61
2.37161e+07,-117.49,-56.61
2.37197e+07,-114.48,-56.61
2.37233e+07,-110.34,-56.62
2.37269e+07,-111.49,-56.62
2.37305e+07,-109.09,-56.62
2.37341e+07,-116.70,-56.62
2.37377e+07,-116.61,-56.63
2.37413e+07,-110.94,-56.63
2.37449e+07,-112.72,-56.63
2.37484e+07,-120.70,-56.63
2.3752e+07,-126.18,-56.63
2.37556e+07,-116.57,-56.64
2.37592e+07,-112.06,-56.64
2.37628e+07,-115.03,-56.64
2.37664e+07,-114.55,-56.64
2.377e+07,-118.74,-56.65
2.37736e+07,-110.92,-56.65
2.37772e+07,-108.22,-56.65
2.37808e+07,-115.89,-56.65
2.37844e+07,-118.41,-56.66
2.3788e+07,-111.90,-56.66
2.37915e+07,-118.33,-56.66
2.37951e+07,-117.16,-56.66
2.37987e+07,-118.24,-56.67
2.38023e+07,-111.62,-56.67
2.38059e+07,-108.86,-56.67
2.38095e+07,-110.96,-56.67
2.38131e+07,-117.77,-56.67
2.38167e+07,-116.16,-56.68
2.38203e+07,-113.46,-56.68
2.38239e+07,-118.81,-56.68
2.38275e+07,-126.36,-56.68
2.38311e+07,-124.86,-56.69
2.38346e+07,-114.89,-56.69
2.38382e+07,-115.36,-56.69
2.38418e+07,-108.80,-56.69
2.38454e+07,-110.50,-56.70
2.3849e+07,-113.23,-56.70
2.38526e+07,-112.35,-56.70
2.38562e+07,-113.16,-56.70
2.38598e+07,-109.94,-56.71
2.38634e+07,-105.92,-56.71
2.3867e+07,-111.28,-56.71
2.38706e+07,-121.02,-56.71
2.38742e+07,-123.48,-56.71
2.38777e+07,-111.69,-56.72
2.38813e+07,-112.26,-56.72
2.38849e+07,-109.40,-56.72
2.38885e+07,-109.32,-56.72
2.38921e+07,-110.74,-56.73
2.38957e+07,-112.93,-56.73
2.38993e+07,-120.77,-56.73
2.39029e+07,-111.51,-56.73
2.39065e+07,-113.30,-56.74
2.39101e+07,-119.22,-56.74
2.39137e+07,-110.96,-56.74
2.39173e+07,-119.73,-56.74
2.39208e+07,-112.86,-56.74
2.39244e+07,-110.84,-56.75
2.3928e+07,-110.39,-56.75
2.39316e+07,-110.89,-56.75
2.39352e+07,-109.05,-56.75
2.39388e+07,-106.96,-56.76
2.39424e+07,-111.28,-56.76
2.3946e+07,-127.12,-56.76
2.39496e+07,-112.82,-56.76
2.39532e+07,-112.08,-56.77
2.39568e+07,-108.66,-56.77
2.39604e+07,-109.19,-56.77
2.39639e+07,-109.38,-56.77
2.39675e+07,-106.33,-56.78
2.39711e+07,-104.87,-56.78
2.39747e+07,-107.18,-56.78
2.39783e+07,-111.51,-56.78
2.39819e+07,-112.32,-56.78
2.39855e+07,-113.55,-56.79
2.39891e+07,-110.77,-56.79
2.39927e+07,-120.28,-56.79
2.39963e+07,-111.03,-56.79
2.39999e+07,-109.37,-56.80
2.40035e+07,-110.98,-56.80
2.4007e+07,-127.30,-56.80
2.40106e+07,-110.25,-56.80
2.40142e+07,-111.56,-56.81
2.40178e+07,-116.33,-56.81
2.40214e+07,-116.36,-56.81
2.4025e+07,-121.19,-56.81
2.40286e+07,-114.87,-56.81
2.40322e+07,-107.21,-56.82
2.40358e+07,-105.98,-56.82
2.40394e+07,-109.75,-56.82
2.4043e+07,-112.48,-56.82
2.40466e+07,-112.59,-56.83
2.40502e+07,-118.05,-56.83
2.40537e+07,-111.46,-56.83
2.40573e+07,-108.94,-56.83
2.40609e+07,-118.99,-56.84
2.40645e+07,-106.00,-56.84
2.40681e+07,-106.22,-56.84
2.40717e+07,-111.14,-56.84
2.40753e+07,-116.73,-56.84
2.40789e+07,-117.45,-56.85
2.40825e+07,-128.74,-56.85
2.40861e+07,-120.07,-56.85
2.40897e+07,-123.78,-56.85
2.40933e+07,-121.87,-56.86
2.40968e+07,-119.62,-56.86
2.41004e+07,-126.20,-56.86
2.4104e+07,-113.44,-56.86
2.41076e+07,-111.94,-56.87
2.41112e+07,-110.76,-56.87
2.41148e+07,-117.09,-56.87
2.41184e+07,-122.76,-56.87
2.4122e+07,-113.30,-56.87
2.41256e+07,-111.08,-56.88
2.41292e+07,-130.58,-56.88
2.41328e+07,-113.43,-56.88
2.41364e+07,-109.83,-56.88
2.41399e+07,-108.30,-56.89
2.41435e+07,-110.27,-56.89
2.41471e+07,-122.07,-56.89
2.41507e+07,-112.94,-56.89
2.41543e+07,-107.56,-56.90
2.41579e+07,-112.19,-56.90
2.41615e+07,-110.44,-56.90
2.41651e+07,-116.11,-56.90
2.41687e+07,-119.19,-56.90
2.41723e+07,-126.45,-56.91
2.41759e+07,-114.70,-56.91
2.41795e+07,-109.95,-56.91
2.4183e+07,-109.76,-56.91
2.41866e+07,-110.08,-56.92
2.41902e+07,-111.04,-56.92
2.41938e+07,-113.90,-56.92
2.41974e+07,-107.54,-56.92
2.4201e+07,-105.45,-56.93
2.42046e+07,-111.07,-56.93
2.42082e+07,-115.99,-56.93
2.42118e+07,-109.70,-56.93
2.42154e+07,-109.92,-56.93
2.4219e+07,-112.54,-56.94
2.42226e+07,-106.94,-56.94
2.42261e+07,-110.82,-56.94
2.42297e+07,-117.53,-56.94
2.42333e+07,-114.77,-56.95
2.42369e+07,-113.54,-56.95
2.42405e+07,-112.23,-56.95
2.42441e+07,-118.23,-56.95
2.42477e+07,-121.34,-56.95
2.42513e+07,-111.63,-56.96
2.42549e+07,-110.35,-56.96
2.42585e+07,-114.30,-56.96
2.42621e+07,-112.41,-56.96
2.42657e+07,-121.69,-56.97
2.42692e+07,-115.58,-56.97
2.42728e+07,-107.88,-56.97
2.42764e+07,-109.81,-56.97
2.428e+07,-112.03,-56.98
2.42836e+07,-123.25,-56.98
2.42872e+07,-115.07,-56.98
2.42908e+07,-120.69,-56.98
2.42944e+07,-106.96,-56.98
2.4298e+07,-110.05,-56.99
2.43016e+07,-118.51,-56.99
2.43052e+07,-114.92,-56.99
2.43088e+07,-112.12,-56.99
2.43123e+07,-109.85,-57.00
2.43159e+07,-109.58,-57.00
2.43195e+07,-106.87,-57.00
2.43231e+07,-107.21,-57.00
2.43267e+07,-111.25,-57.00
2.43303e+07,-113.78,-57.01
2.43339e+07,-123.37,-57.01
2.43375e+07,-122.62,-57.01
2.43411e+07,-126.36,-57.01
2.43447e+07,-120.76,-57.02
2.43483e+07,-113.44,-57.02
2.43519e+07,-111.38,-57.02
2.43554e+07,-109.23,-57.02
2.4359e+07,-112.54,-57.03
2.43626e+07,-122.42,-57.03
2.43662e+07,-126.00,-57.03
2.43698e+07,-110.10,-57.03
2.43734e+07,-105.94,-57.03
2.4377e+07,-107.59,-57.04
2.43806e+07,-109.94,-57.04
2.43842e+07,-108.91,-57.04
2.43878e+07,-108.48,-57.04
2.43914e+07,-110.00,-57.05
2.4395e+07,-105.01,-57.05
2.43985e+07,-103.94,-57.05
2.44021e+07,-106.33,-57.05
2.44057e+07,-107.45,-57.05
2.44093e+07,-108.61,-57.06
2.44129e+07,-118.50,-57.06
2.44165e+07,-116.33,-57.06
2.44201e+07,-112.64,-57.06
2.44237e+07,-112.89,-57.07
2.44273e+07,-104.53,-57.07
2.44309e+07,-106.24,-57.07
2.44345e+07,-113.50,-57.07
2.44381e+07,-111.03,-57.07
2.44416e+07,-109.87,-57.08
2.44452e+07,-109.48,-57.08
2.44488e+07,-108.08,-57.08
2.44524e+07,-116.35,-57.08
2.4456e+07,-113.83,-57.09
2.44596e+07,-107.67,-57.09
2.44632e+07,-104.36,-57.09
2.44668e+07,-109.78,-57.09
2.44704e+07,-113.49,-57.09
2.4474e+07,-115.49,-57.10
2.44776e+07,-115.61,-57.10
2.44812e+07,-110.69,-57.10
2.44847e+07,-117.03,-57.10
2.44883e+07,-111.88,-57.11
2.44919e+07,-109.15,-57.11
2.44955e+07,-111.75,-57.11
2.44991e+07,-113.08,-57.11
2.45027e+07,-118.30,-57.12
2.45063e+07,-125.46,-57.12
2.45099e+07,-110.62,-57.12
2.45135e+07,-111.19,-57.12
2.45171e+07,-126.43,-57.12
2.45207e+07,-119.06,-57.13
2.45243e+07,-110.40,-57.13
2.45278e+07,-112.93,-57.13
2.45314e+07,-105.11,-57.13
2.4535e+07,-108.08,-57.14
2.45386e+07,-111.68,-57.14
2.45422e+07,-114.44,-57.14
2.45458e+07,-111.09,-57.14
2.45494e+07,-112.77,-57.14
2.4553e+07,-117.13,-57.15
2.45566e+07,-111.08,-57.15
2.45602e+07,-112.38,-57.15
2.45638e+07,-111.46,-57.15
2.45674e+07,-107.83,-57.16
2.45709e+07,-114.60,-57.16
2.45745e+07,-121.33,-57.16
2.45781e+07,-121.32,-57.16
2.45817e+07,-111.65,-57.16
2.45853e+07,-113.00,-57.17
2.45889e+07,-113.39,-57.17
2.45925e+07,-104.81,-57.17
2.45961e+07,-105.69,-57.17
2.45997e+07,-116.23,-57.18
2.46033e+07,-125.44,-57.18
2.46069e+07,-112.26,-57.18
2.46105e+07,-112.53,-57.18
2.46141e+07,-109.52,-57.18
2.46176e+07,-106.52,-57.19
2.46212e+07,-108.83,-57.19
2.46248e+07,-109.73,-57.19
2.46284e+07,-113.99,-57.19
2.4632e+07,-107.27,-57.20
2.46356e+07,-112.23,-57.20
2.46392e+07,-111.72,-57.20
2.46428e+07,-108.47,-57.20
2.46464e+07,-105.99,-57.20
2.465e+07,-104.99,-57.21
2.46536e+07,-106.42,-57.21
2.46572e+07,-108.82,-57.21
2.46607e+07,-107.75,-57.21
2.46643e+07,-108.71,-57.22
2.46679e+07,-107.97,-57.22
2.46715e+07,-108.70,-57.22
2.46751e+07,-108.10,-57.22
2.46787e+07,-108.43,-57.22
2.46823e+07,-106.13,-57.23
2.46859e+07,-108.23,-57.23
2.46895e+07,-130.31,-57.23
2.46931e+07,-116.67,-57.23
2.46967e+07,-113.67,-57.23
2.47003e+07,-111.34,-57.24
2.47038e+07,-122.83,-57.24
2.47074e+07,-110.46,-57.24
2.4711e+07,-108.04,-57.24
2.47146e+07,-117.01,-57.25
2.47182e+07,-114.32,-57.25
2.47218e+07,-113.76,-57.25
2.47254e+07,-110.02,-57.25
2.4729e+07,-111.34,-57.25
2.47326e+07,-120.99,-57.26
2.47362e+07,-112.48,-57.26
2.47398e+07,-112.06,-57.26
2.47434e+07,-114.39,-57.26
2.47469e+07,-111.59,-57.27
2.47505e+07,-113.43,-57.27
2.47541e+07,-114.46,-57.27
2.47577e+07,-114.33,-57.27
2.47613e+07,-109.86,-57.27
2.47649e+07,-117.54,-57.28
2.47685e+07,-122.06,-57.28
2.47721e+07,-120.10,-57.28
2.47757e+07,-122.65,-57.28
2.47793e+07,-122.86,-57.29
2.47829e+07,-114.68,-57.29
2.47865e+07,-109.69,-57.29
2.479e+07,-108.23,-57.29
2.47936e+07,-108.98,-57.29
2.47972e+07,-114.16,-57.30
2.48008e+07,-110.54,-57.30
2.48044e+07,-114.12,-57.30
2.4808e+07,-117.76,-57.30
2.48116e+07,-115.55,-57.31
2.48152e+07,-113.68,-57.31
2.48188e+07,-118.53,-57.31
2.48224e+07,-111.97,-57.31
2.4826e+07,-118.38,-57.31
2.48296e+07,-116.13,-57.32
2.48331e+07,-107.75,-57.32
2.48367e+07,-111.04,-57.32
2.48403e+07,-116.69,-57.32
2.48439e+07,-111.73,-57.32
2.48475e+07,-115.66,-57.33
2.48511e+07,-121.22,-57.33
2.48547e+07,-118.98,-57.33
2.48583e+07,-110.44,-57.33
2.48619e+07,-110.90,-57.34
2.48655e+07,-109.16,-57.34
2.48691e+07,-123.59,-57.34
2.48727e+07,-116.58,-57.34
2.48762e+07,-122.63,-57.34
2.48798e+07,-119.45,-57.35
2.48834e+07,-110.54,-57.35
2.4887e+07,-121.75,-57.35
2.48906e+07,-111.35,-57.35
2.48942e+07,-119.68,-57.36
2.48978e+07,-111.13,-57.36
2.49014e+07,-109.60,-57.36
2.4905e+07,-107.39,-57.36
2.49086e+07,-109.90,-57.36
2.49122e+07,-108.63,-57.37
2.49158e+07,-111.65,-57.37
2.49193e+07,-112.33,-57.37
2.49229e+07,-117.42,-57.37
2.49265e+07,-116.52,-57.37
2.49301e+07,-117.01,-57.38
2.49337e+07,-117.78,-57.38
2.49373e+07,-111.46,-57.38
2.49409e+07,-114.45,-57.38
2.49445e+07,-124.44,-57.39
2.49481e+07,-117.34,-57.39
2.49517e+07,-113.83,-57.39
2.49553e+07,-107.76,-57.39
2.49589e+07,-101.63,-57.39
2.49624e+07,-104.25,-57.40
2.4966e+07,-112.42,-57.40
2.49696e+07,-122.39,-57.40
2.49732e+07,-117.47,-57.40
2.49768e+07,-113.50,-57.41
2.49804e+07,-108.41,-57.41
2.4984e+07,-109.15,-57.41
2.49876e+07,-113.03,-57.41
2.49912e+07,-113.71,-57.41
2.49948e+07,-113.48,-57.42
2.49984e+07,-107.36,-57.42
2.5002e+07,-109.36,-57.42
2.50055e+07,-116.05,-57.42
2.50091e+07,-113.24,-57.42
2.50127e+07,-117.33,-57.43
2.50163e+07,-113.36,-57.43
2.50199e+07,-115.56,-57.43
2.50235e+07,-113.72,-57.43
2.50271e+07,-109.41,-57.44
2.50307e+07,-118.14,-57.44
2.50343e+07,-108.23,-57.44
2.50379e+07,-108.64,-57.44
2.50415e+07,-110.08,-57.44
2.50451e+07,-106.77,-57.45
2.50486e+07,-114.52,-57.45
2.50522e+07,-117.87,-57.45
2.50558e+07,-113.65,-57.45
2.50594e+07,-106.39,-57.45
2.5063e+07,-109.41,-57.46
2.50666e+07,-112.56,-57.46
2.50702e+07,-110.39,-57.46
2.50738e+07,-113.58,-57.46
2.50774e+07,-113.85,-57.47
2.5081e+07,-110.47,-57.47
2.50846e+07,-113.71,-57.47
2.50882e+07,-116.55,-57.47
2.50917e+07,-111.09,-57.47
2.50953e+07,-121.35,-57.48
2.50989e+07,-111.17,-57.48
2.51025e+07,-112.35,-57.48
2.51061e+07,-116.96,-57.48
2.51097e+07,-116.91,-57.48
2.51133e+07,-122.23,-57.49
2.51169e+07,-124.78,-57.49
2.51205e+07,-109.75,-57.49
2.51241e+07,-106.28,-57.49
2.51277e+07,-111.91,-57.50
2.51313e+07,-111.16,-57.50
2.51348e+07,-106.77,-57.50
2.51384e+07,-108.70,-57.50
2.5142e+07,-121.08,-57.50
2.51456e+07,-118.91,-57.51
2.51492e+07,-122.87,-57.51
2.51528e+07,-116.34,-57.51
2.51564e+07,-125.65,-57.51
2.516e+07,-109.17,-57.51
2.51636e+07,-119.85,-57.52
2.51672e+07,-111.89,-57.52
2.51708e+07,-114.30,-57.52
2.51744e+07,-114.54,-57.52
2.51779e+07,-112.96,-57.53
2.51815e+07,-120.62,-57.53
2.51851e+07,-127.71,-57.53
2.51887e+07,-118.57,-57.53
2.51923e+07,-119.48,-57.53
2.51959e+07,-117.81,-57.54
2.51995e+07,-113.07,-57.54
2.52031e+07,-114.67,-57.54
2.52067e+07,-112.48,-57.54
2.52103e+07,-108.79,-57.54
2.52139e+07,-109.93,-57.55
2.52175e+07,-120.43,-57.55
2.52211e+07,-110.71,-57.55
2.52246e+07,-105.49,-57.55
2.52282e+07,-105.06,-57.56
2.52318e+07,-111.95,-57.56
2.52354e+07,-115.83,-57.56
2.5239e+07,-126.67,-57.56
2.52426e+07,-127.02,-57.56
2.52462e+07,-112.83,-57.57
2.52498e+07,-109.85,-57.57
2.52534e+07,-108.58,-57.57
2.5257e+07,-108.53,-57.57
2.52606e+07,-111.56,-57.57
2.52642e+07,-121.60,-57.58
2.52677e+07,-113.10,-57.58
2.52713e+07,-113.49,-57.58
2.52749e+07,-114.62,-57.58
2.52785e+07,-115.71,-57.58
2.52821e+07,-124.03,-57.59
2.52857e+07,-116.22,-57.59
2.52893e+07,-115.34,-57.59
2.52929e+07,-128.64,-57.59
2.52965e+07,-110.33,-57.60
2.53001e+07,-110.17,-57.60
2.53037e+07,-111.12,-57.60
2.53073e+07,-115.05,-57.60
2.53108e+07,-122.82,-57.60
2.53144e+07,-115.18,-57.61
2.5318e+07,-111.37,-57.61
2.53216e+07,-113.89,-57.61
2.53252e+07,-117.19,-57.61
2.53288e+07,-116.34,-57.61
2.53324e+07,-112.32,-57.62
2.5336e+07,-110.69,-57.62
2.53396e+07,-111.00,-57.62
2.53432e+07,-111.32,-57.62
2.53468e+07,-111.94,-57.62
2.53504e+07,-112.22,-57.63
2.53539e+07,-117.97,-57.63
2.53575e+07,-111.19,-57.63
2.53611e+07,-110.38,-57.63
2.53647e+07,-125.49,-57.64
2.53683e+07,-112.07,-57.64
2.53719e+07,-108.63,-57.64
2.53755e+07,-109.65,-57.64
2.53791e+07,-114.20,-57.64
2.53827e+07,-111.36,-57.65
2.53863e+07,-105.89,-57.65
2.53899e+07,-108.48,-57.65
2.53935e+07,-112.19,-57.65
2.5397e+07,-113.60,-57.65
2.54006e+07,-105.98,-57.66
2.54042e+07,-107.03,-57.66
2.54078e+07,-110.30,-57.66
2.54114e+07,-115.43,-57.66
2.5415e+07,-111.22,-57.66
2.54186e+07,-114.62,-57.67
2.54222e+07,-111.01,-57.67
2.54258e+07,-105.04,-57.67
2.54294e+07,-107.41,-57.67
2.5433e+07,-114.70,-57.68
2.54366e+07,-118.82,-57.68
2.54401e+07,-116.18,-57.68
2.54437e+07,-106.70,-57.68
2.54473e+07,-106.95,-57.68
2.54509e+07,-116.98,-57.69
2.54545e+07,-115.90,-57.69
2.54581e+07,-135.95,-57.69
2.54617e+07,-118.57,-57.69
2.54653e+07,-111.14,-57.69
2.54689e+07,-107.16,-57.70
2.54725e+07,-110.62,-57.70
2.54761e+07,-112.51,-57.70
2.54797e+07,-113.60,-57.70
2.54832e+07,-114.31,-57.70
2.54868e+07,-114.91,-57.71
2.54904e+07,-116.66,-57.71
2.5494e+07,-108.45,-57.71
2.54976e+07,-105.31,-57.71
2.55012e+07,-110.34,-57.71
2.55048e+07,-116.51,-57.72
2.55084e+07,-112.78,-57.72
2.5512e+07,-110.71,-57.72
2.55156e+07,-110.78,-57.72
2.55192e+07,-112.41,-57.73
2.55228e+07,-116.21,-57.73
2.55263e+07,-109.22,-57.73
2.55299e+07,-106.16,-57.73
2.55335e+07,-111.70,-57.73
2.55371e+07,-114.68,-57.74
2.55407e+07,-112.90,-57.74
2.55443e+07,-118.56,-57.74
2.55479e+07,-111.87,-57.74
2.55515e+07,-108.06,-57.74
2.55551e+07,-119.47,-57.75
2.55587e+07,-114.69,-57.75
2.55623e+07,-118.77,-57.75
2.55659e+07,-109.48,-57.75
2.55694e+07,-110.42,-57.75
2.5573e+07,-117.33,-57.76
2.55766e+07,-113.96,-57.76
2.55802e+07,-111.23,-57.76
2.55838e+07,-113.16,-57.76
2.55874e+07,-118.13,-57.76
2.5591e+07,-114.30,-57.77
2.55946e+07,-117.08,-57.77
2.55982e+07,-119.40,-57.77
2.56018e+07,-118.45,-57.77
2.56054e+07,-117.32,-57.77
2.5609e+07,-110.02,-57.78
2.56125e+07,-126.14,-57.78
2.56161e+07,-111.94,-57.78
2.56197e+07,-111.33,-57.78
2.56233e+07,-109.21,-57.79
2.56269e+07,-110.46,-57.79
2.56305e+07,-122.49,-57.79
2.56341e+07,-112.76,-57.79
2.56377e+07,-104.10,-57.79
2.56413e+07,-103.51,-57.80
2.56449e+07,-109.16,-57.80
2.56485e+07,-113.04,-57.80
2.56521e+07,-114.95,-57.80
2.56556e+07,-108.45,-57.80
2.56592e+07,-107.33,-57.81
2.56628e+07,-108.94,-57.81
2.56664e+07,-116.17,-57.81
2.567e+07,-108.13,-57.81
2.56736e+07,-107.80,-57.81
2.56772e+07,-114.40,-57.82
2.56808e+07,-113.40,-57.82
2.56844e+07,-109.50,-57.82
2.5688e+07,-119.89,-57.82
2.56916e+07,-115.75,-57.82
2.56952e+07,-119.58,-57.83
2.56987e+07,-120.81,-57.83
2.57023e+07,-118.28,-57.83
2.57059e+07,-110.10,-57.83
2.57095e+07,-111.23,-57.83
2.57131e+07,-118.80,-57.84
2.57167e+07,-110.12,-57.84
2.57203e+07,-117.95,-57.84
2.57239e+07,-115.67,-57.84
2.57275e+07,-123.54,-57.84
2.57311e+07,-123.83,-57.85
2.57347e+07,-116.61,-57.85
2.57383e+07,-116.53,-57.85
2.57418e+07,-120.37,-57.85
2.57454e+07,-115.73,-57.86
2.5749e+07,-114.17,-57.86
2.57526e+07,-119.41,-57.86
2.57562e+07,-116.39,-57.86
2.57598e+07,-117.22,-57.86
2.57634e+07,-115.06,-57.87
2.5767e+07,-110.59,-57.87
2.57706e+07,-123.27,-57.87
2.57742e+07,-122.74,-57.87
2.57778e+07,-117.38,-57.87
2.57814e+07,-124.47,-57.88
2.5785e+07,-123.03,-57.88
2.57885e+07,-121.33,-57.88
2.57921e+07,-126.10,-57.88
2.57957e+07,-115.68,-57.88
2.57993e+07,-120.39,-57.89
2.58029e+07,-108.42,-57.89
2.58065e+07,-112.71,-57.89
2.58101e+07,-116.15,-57.89
2.58137e+07,-110.65,-57.89
2.58173e+07,-114.58,-57.90
2.58209e+07,-112.25,-57.90
2.58245e+07,-110.64,-57.90
2.58281e+07,-107.60,-57.90
2.58316e+07,-106.10,-57.90
2.58352e+07,-115.52,-57.91
2.58388e+07,-118.83,-57.91
2.58424e+07,-122.94,-57.91
2.5846e+07,-119.09,-57.91
2.58496e+07,-114.02,-57.91
2.58532e+07,-112.36,-57.92
2.58568e+07,-110.95,-57.92
2.58604e+07,-112.68,-57.92
2.5864e+07,-113.96,-57.92
2.58676e+07,-116.02,-57.92
2.58712e+07,-116.86,-57.93
2.58747e+07,-119.43,-57.93
2.58783e+07,-122.19,-57.93
2.58819e+07,-112.80,-57.93
2.58855e+07,-116.81,-57.93
2.58891e+07,-121.64,-57.94
2.58927e+07,-130.88,-57.94
2.58963e+07,-116.54,-57.94
2.58999e+07,-113.27,-57.94
2.59035e+07,-110.07,-57.94
2.59071e+07,-128.44,-57.95
2.59107e+07,-115.82,-57.95
2.59143e+07,-131.21,-57.95
2.59178e+07,-118.91,-57.95
2.59214e+07,-108.84,-57.95
2.5925e+07,-108.18,-57.96
2.59286e+07,-115.49,-57.96
2.59322e+07,-114.53,-57.96
2.59358e+07,-109.26,-57.96
2.59394e+07,-111.02,-57.96
2.5943e+07,-119.95,-57.97
2.59466e+07,-106.03,-57.97
2.59502e+07,-108.78,-57.97
2.59538e+07,-122.23,-57.97
2.59574e+07,-112.13,-57.97
2.59609e+07,-123.27,-57.98
2.59645e+07,-108.68,-57.98
2.59681e+07,-111.26,-57.98
2.59717e+07,-110.52,-57.98
2.59753e+07,-107.81,-57.99
2.59789e+07,-107.80,-57.99
2.59825e+07,-111.42,-57.99
2.59861e+07,-109.42,-57.99
2.59897e+07,-115.35,-57.99
2.59933e+07,-117.60,-58.00
2.59969e+07,-109.15,-58.00
2.60005e+07,-114.69,-58.00
2.6004e+07,-113.01,-58.00
2.60076e+07,-125.10,-58.00
2.60112e+07,-109.93,-58.01
2.60148e+07,-109.46,-58.01
2.60184e+07,-109.24,-58.01
2.6022e+07,-109.36,-58.01
2.60256e+07,-111.52,-58.01
2.60292e+07,-112.57,-58.02
2.60328e+07,-114.21,-58.02
2.60364e+07,-114.04,-58.02
2.604e+07,-112.75,-58.02
2.60436e+07,-112.41,-58.02
2.60471e+07,-110.83,-58.03
2.60507e+07,-119.61,-58.03
2.60543e+07,-111.67,-58.03
2.60579e+07,-109.59,-58.03
2.60615e+07,-115.92,-58.03
2.60651e+07,-115.46,-58.04
2.60687e+07,-111.94,-58.04
2.60723e+07,-112.21,-58.04
2.60759e+07,-113.14,-58.04
2.60795e+07,-113.56,-58.04
2.60831e+07,-115.53,-58.05
2.60867e+07,-127.74,-58.05
2.60902e+07,-116.14,-58.05
2.60938e+07,-109.15,-58.05
2.60974e+07,-105.85,-58.05
2.6101e+07,-104.20,-58.06
2.61046e+07,-106.07,-58.06
2.61082e+07,-115.45,-58.06
2.61118e+07,-114.50,-58.06
2.61154e+07,-112.79,-58.06
2.6119e+07,-117.65,-58.07
2.61226e+07,-125.94,-58.07
2.61262e+07,-114.03,-58.07
2.61298e+07,-114.34,-58.07
2.61333e+07,-113.62,-58.07
2.61369e+07,-115.36,-58.08
2.61405e+07,-112.78,-58.08
2.61441e+07,-115.32,-58.08
2.61477e+07,-113.78,-58.08
2.61513e+07,-121.64,-58.08
2.61549e+07,-110.02,-58.09
2.61585e+07,-107.93,-58.09
2.61621e+07,-110.79,-58.09
2.61657e+07,-112.39,-58.09
2.61693e+07,-112.81,-58.09
2.61729e+07,-113.59,-58.10
2.61764e+07,-118.14,-58.10
2.618e+07,-111.65,-58.10
2.61836e+07,-109.16,-58.10
2.61872e+07,-112.70,-58.10
2.61908e+07,-111.46,-58.11
2.61944e+07,-114.80,-58.11
2.6198e+07,-116.38,-58.11
2.62016e+07,-115.03,-58.11
2.62052e+07,-114.59,-58.11
2.62088e+07,-125.61,-58.11
2.62124e+07,-111.63,-58.12
2.6216e+07,-117.37,-58.12
2.62195e+07,-115.49,-58.12
2.62231e+07,-110.80,-58.12
2.62267e+07,-105.08,-58.12
2.62303e+07,-109.32,-58.13
2.62339e+07,-119.60,-58.13
2.62375e+07,-118.86,-58.13
2.62411e+07,-115.94,-58.13
2.62447e+07,-120.23,-58.13
2.62483e+07,-117.14,-58.14
2.62519e+07,-116.15,-58.14
2.62555e+07,-116.66,-58.14
2.62591e+07,-110.01,-58.14
2.62626e+07,-110.33,-58.14
2.62662e+07,-114.73,-58.15
2.62698e+07,-112.87,-58.15
2.62734e+07,-108.67,-58.15
2.6277e+07,-109.30,-58.15
2.62806e+07,-111.42,-58.15
2.62842e+07,-114.75,-58.16
2.62878e+07,-120.53,-58.16
2.62914e+07,-118.29,-58.16
2.6295e+07,-120.08,-58.16
2.62986e+07,-113.25,-58.16
2.63022e+07,-109.55,-58.17
2.63057e+07,-115.23,-58.17
2.63093e+07,-114.78,-58.17
2.63129e+07,-111.65,-58.17
2.63165e+07,-111.44,-58.17
2.63201e+07,-115.54,-58.18
2.63237e+07,-111.61,-58.18
2.63273e+07,-110.87,-58.18
2.63309e+07,-115.45,-58.18
2.63345e+07,-114.82,-58.18
2.63381e+07,-110.99,-58.19
2.63417e+07,-110.19,-58.19
2.63453e+07,-110.62,-58.19
2.63489e+07,-109.42,-58.19
2.63524e+07,-109.31,-58.19
2.6356e+07,-111.65,-58.20
2.63596e+07,-119.12,-58.20
2.63632e+07,-120.36,-58.20
2.63668e+07,-118.01,-58.20
2.63704e+07,-117.36,-58.20
2.6374e+07,-113.27,-58.21
2.63776e+07,-110.89,-58.21
2.63812e+07,-119.17,-58.21
2.63848e+07,-114.76,-58.21
2.63884e+07,-119.07,-58.21
2.6392e+07,-107.08,-58.22
2.63955e+07,-107.34,-58.22
2.63991e+07,-111.22,-58.22
2.64027e+07,-118.67,-58.22
2.64063e+07,-120.82,-58.22
2.64099e+07,-120.42,-58.23
2.64135e+07,-118.07,-58.23
2.64171e+07,-110.79,-58.23
2.64207e+07,-108.55,-58.23
2.64243e+07,-117.32,-58.23
2.64279e+07,-115.07,-58.24
2.64315e+07,-110.32,-58.24
2.64351e+07,-110.11,-58.24
2.64386e+07,-108.62,-58.24
2.64422e+07,-109.20,-58.24
2.64458e+07,-112.11,-58.24
2.64494e+07,-119.41,-58.25
2.6453e+07,-127.72,-58.25
2.64566e+07,-111.76,-58.25
2.64602e+07,-106.42,-58.25
2.64638e+07,-108.75,-58.25
2.64674e+07,-109.15,-58.26
2.6471e+07,-122.18,-58.26
2.64746e+07,-111.23,-58.26
2.64782e+07,-107.01,-58.26
2.64817e+07,-109.37,-58.26
2.64853e+07,-111.44,-58.27
2.64889e+07,-112.05,-58.27
2.64925e+07,-118.52,-58.27
2.64961e+07,-115.57,-58.27
2.64997e+07,-107.63,-58.27
2.65033e+07,-108.25,-58.28
2.65069e+07,-112.59,-58.28
2.65105e+07,-109.95,-58.28
2.65141e+07,-111.43,-58.28
2.65177e+07,-115.06,-58.28
2.65213e+07,-113.31,-58.29
2.65248e+07,-114.74,-58.29
2.65284e+07,-112.32,-58.29
2.6532e+07,-116.10,-58.29
2.65356e+07,-118.12,-58.29
2.65392e+07,-118.30,-58.30
2.65428e+07,-127.61,-58.30
2.65464e+07,-112.62,-58.30
2.655e+07,-113.96,-58.30
2.65536e+07,-121.51,-58.30
2.65572e+07,-111.20,-58.31
2.65608e+07,-114.57,-58.31
2.65644e+07,-118.45,-58.31
2.65679e+07,-118.64,-58.31
2.65715e+07,-116.75,-58.31
2.65751e+07,-113.93,-58.31
2.65787e+07,-119.72,-58.32
2.65823e+07,-116.00,-58.32
2.65859e+07,-116.03,-58.32
2.65895e+07,-122.36,-58.32
2.65931e+07,-125.51,-58.32
2.65967e+07,-121.78,-58.33
2.66003e+07,-116.61,-58.33
2.66039e+07,-113.44,-58.33
2.66075e+07,-112.90,-58.33
2.6611e+07,-118.77,-58.33
2.66146e+07,-148.91,-58.34
2.66182e+07,-116.46,-58.34
2.66218e+07,-109.17,-58.34
2.66254e+07,-115.63,-58.34
2.6629e+07,-116.71,-58.34
2.66326e+07,-116.90,-58.35
2.66362e+07,-122.37,-58.35
2.66398e+07,-124.78,-58.35
2.66434e+07,-120.63,-58.35
2.6647e+07,-111.09,-58.35
2.66506e+07,-110.74,-58.36
2.66541e+07,-115.18,-58.36
2.66577e+07,-114.48,-58.36
2.66613e+07,-117.11,-58.36
2.66649e+07,-127.18,-58.36
2.66685e+07,-122.44,-58.36
2.66721e+07,-114.99,-58.37
2.66757e+07,-114.93,-58.37
2.66793e+07,-122.31,-58.37
2.66829e+07,-114.38,-58.37
2.66865e+07,-114.23,-58.37
2.66901e+07,-128.82,-58.38
2.66937e+07,-123.81,-58.38
2.66972e+07,-118.84,-58.38
2.67008e+07,-120.72,-58.38
2.67044e+07,-110.13,-58.38
2.6708e+07,-114.76,-58.39
2.67116e+07,-118.10,-58.39
2.67152e+07,-115.10,-58.39
2.67188e+07,-124.90,-58.39
2.67224e+07,-116.47,-58.39
2.6726e+07,-113.66,-58.40
2.67296e+07,-116.64,-58.40
2.67332e+07,-122.27,-58.40
2.67368e+07,-119.24,-58.40
2.67403e+07,-117.20,-58.40
2.67439e+07,-115.73,-58.41
2.67475e+07,-111.37,-58.41
2.67511e+07,-114.73,-58.41
2.67547e+07,-122.31,-58.41
2.67583e+07,-116.86,-58.41
2.67619e+07,-121.42,-58.41
2.67655e+07,-119.38,-58.42
2.67691e+07,-128.42,-58.42
2.67727e+07,-117.28,-58.42
2.67763e+07,-115.09,-58.42
2.67799e+07,-128.84,-58.42
2.67834e+07,-128.55,-58.43
2.6787e+07,-115.59,-58.43
2.67906e+07,-112.32,-58.43
2.67942e+07,-118.62,-58.43
2.67978e+07,-119.44,-58.43
2.68014e+07,-132.26,-58.44
2.6805e+07,-113.18,-58.44
2.68086e+07,-107.55,-58.44
2.68122e+07,-107.94,-58.44
2.68158e+07,-111.34,-58.44
2.68194e+07,-113.02,-58.45
2.6823e+07,-113.68,-58.45
2.68265e+07,-114.79,-58.45
2.68301e+07,-111.46,-58.45
2.68337e+07,-129.91,-58.45
2.68373e+07,-133.03,-58.45
2.68409e+07,-113.05,-58.46
2.68445e+07,-119.20,-58.46
2.68481e+07,-116.61,-58.46
2.68517e+07,-114.30,-58.46
2.68553e+07,-116.49,-58.46
2.68589e+07,-122.28,-58.47
2.68625e+07,-127.05,-58.47
2.68661e+07,-119.61,-58.47
2.68696e+07,-121.07,-58.47
2.68732e+07,-122.71,-58.47
2.68768e+07,-114.25,-58.48
2.68804e+07,-118.62,-58.48
2.6884e+07,-113.74,-58.48
2.68876e+07,-113.84,-58.48
2.68912e+07,-116.14,-58.48
2.68948e+07,-115.10,-58.49
2.68984e+07,-110.01,-58.49
2.6902e+07,-109.39,-58.49
2.69056e+07,-117.16,-58.49
2.69092e+07,-111.64,-58.49
2.69128e+07,-116.22,-58.49
2.69163e+07,-116.82,-58.50
2.69199e+07,-112.75,-58.50
2.69235e+07,-108.85,-58.50
2.69271e+07,-111.62,-58.50
2.69307e+07,-109.42,-58.50
2.69343e+07,-109.59,-58.51
2.69379e+07,-114.10,-58.51
2.69415e+07,-120.78,-58.51
2.69451e+07,-116.40,-58.51
2.69487e+07,-111.48,-58.51
2.69523e+07,-110.27,-58.52
2.69559e+07,-105.76,-58.52
2.69594e+07,-106.27,-58.52
2.6963e+07,-109.47,-58.52
2.69666e+07,-112.32,-58.52
2.69702e+07,-109.07,-58.52
2.69738e+07,-110.21,-58.53
2.69774e+07,-119.00,-58.53
2.6981e+07,-110.67,-58.53
2.69846e+07,-107.17,-58.53
2.69882e+07,-112.29,-58.53
2.69918e+07,-118.59,-58.54
2.69954e+07,-109.70,-58.54
2.6999e+07,-112.56,-58.54
2.70025e+07,-118.69,-58.54
2.70061e+07,-109.13,-58.54
2.70097e+07,-118.99,-58.55
2.70133e+07,-112.35,-58.55
2.70169e+07,-117.22,-58.55
2.70205e+07,-115.59,-58.55
2.70241e+07,-113.44,-58.55
2.70277e+07,-112.22,-58.55
2.70313e+07,-110.14,-58.56
2.70349e+07,-111.04,-58.56
2.70385e+07,-115.81,-58.56
2.70421e+07,-116.26,-58.56
2.70456e+07,-119.44,-58.56
2.70492e+07,-107.15,-58.57
2.70528e+07,-109.66,-58.57
2.70564e+07,-116.45,-58.57
2.706e+07,-132.84,-58.57
2.70636e+07,-118.87,-58.57
2.70672e+07,-121.41,-58.58
2.70708e+07,-116.62,-58.58
2.70744e+07,-117.36,-58.58
2.7078e+07,-110.85,-58.58
2.70816e+07,-116.23,-58.58
2.70852e+07,-130.50,-58.58
2.70887e+07,-112.10,-58.59
2.70923e+07,-108.02,-58.59
2.70959e+07,-106.87,-58.59
2.70995e+07,-105.45,-58.59
2.71031e+07,-107.60,-58.59
2.71067e+07,-113.03,-58.60
2.71103e+07,-125.00,-58.60
2.71139e+07,-110.61,-58.60
2.71175e+07,-110.42,-58.60
2.71211e+07,-109.67,-58.60
2.71247e+07,-110.90,-58.61
2.71283e+07,-113.50,-58.61
2.71318e+07,-124.55,-58.61
2.71354e+07,-112.66,-58.61
2.7139e+07,-110.55,-58.61
2.71426e+07,-112.54,-58.61
2.71462e+07,-112.56,-58.62
2.71498e+07,-112.69,-58.62
2.71534e+07,-115.14,-58.62
2.7157e+07,-108.52,-58.62
2.71606e+07,-105.36,-58.62
2.71642e+07,-110.34,-58.63
2.71678e+07,-114.98,-58.63
2.71714e+07,-114.38,-58.63
2.71749e+07,-119.09,-58.63
2.71785e+07,-113.81,-58.63
2.71821e+07,-111.07,-58.64
2.71857e+07,-112.42,-58.64
2.71893e+07,-106.44,-58.64
2.71929e+07,-110.36,-58.64
2.71965e+07,-112.99,-58.64
2.72001e+07,-122.24,-58.64
2.72037e+07,-114.34,-58.65
2.72073e+07,-117.57,-58.65
2.72109e+07,-116.01,-58.65
2.72145e+07,-115.82,-58.65
2.7218e+07,-115.37,-58.65
2.72216e+07,-114.73,-58.66
2.72252e+07,-112.37,-58.66
2.72288e+07,-113.98,-58.66
2.72324e+07,-110.14,-58.66
2.7236e+07,-109.21,-58.66
2.72396e+07,-113.16,-58.66
2.72432e+07,-117.32,-58.67
2.72468e+07,-116.17,-58.67
2.72504e+07,-132.83,-58.67
2.7254e+07,-120.26,-58.67
2.72576e+07,-116.60,-58.67
2.72611e+07,-118.07,-58.68
2.72647e+07,-123.89,-58.68
2.72683e+07,-116.54,-58.68
2.72719e+07,-115.36,-58.68
2.72755e+07,-112.24,-58.68
2.72791e+07,-118.79,-58.69
2.72827e+07,-108.47,-58.69
2.72863e+07,-112.76,-58.69
2.72899e+07,-116.85,-58.69
2.72935e+07,-114.16,-58.69
2.72971e+07,-116.91,-58.69
2.73007e+07,-118.35,-58.70
2.73042e+07,-116.97,-58.70
2.73078e+07,-116.17,-58.70
2.73114e+07,-108.82,-58.70
2.7315e+07,-110.68,-58.70
2.73186e+07,-119.98,-58.71
2.73222e+07,-112.02,-58.71
2.73258e+07,-110.57,-58.71
2.73294e+07,-107.06,-58.71
2.7333e+07,-111.25,-58.71
2.73366e+07,-124.23,-58.71
2.73402e+07,-132.14,-58.72
2.73438e+07,-119.23,-58.72
2.73473e+07,-111.95,-58.72
2.73509e+07,-107.76,-58.72
2.73545e+07,-105.82,-58.72
2.73581e+07,-109.89,-58.73
2.73617e+07,-121.98,-58.73
2.73653e+07,-121.06,-58.73
2.73689e+07,-119.29,-58.73
2.73725e+07,-111.71,-58.73
2.73761e+07,-108.74,-58.74
2.73797e+07,-108.54,-58.74
2.73833e+07,-115.50,-58.74
2.73869e+07,-118.56,-58.74
2.73904e+07,-114.60,-58.74
2.7394e+07,-115.84,-58.74
2.73976e+07,-107.31,-58.75
2.74012e+07,-107.35,-58.75
2.74048e+07,-112.50,-58.75
2.74084e+07,-116.20,-58.75
2.7412e+07,-124.19,-58.75
2.74156e+07,-112.71,-58.76
2.74192e+07,-110.33,-58.76
2.74228e+07,-111.52,-58.76
2.74264e+07,-123.79,-58.76
2.743e+07,-115.23,-58.76
2.74335e+07,-114.85,-58.76
2.74371e+07,-110.35,-58.77
2.74407e+07,-111.20,-58.77
2.74443e+07,-116.51,-58.77
2.74479e+07,-119.09,-58.77
2.74515e+07,-113.63,-58.77
2.74551e+07,-109.97,-58.78
2.74587e+07,-113.89,-58.78
2.74623e+07,-115.79,-58.78
2.74659e+07,-117.57,-58.78
2.74695e+07,-118.66,-58.78
2.74731e+07,-116.13,-58.78
2.74767e+07,-129.34,-58.79
2.74802e+07,-111.87,-58.79
2.74838e+07,-118.29,-58.79
2.74874e+07,-123.55,-58.79
2.7491e+07,-114.74,-58.79
2.74946e+07,-113.87,-58.80
2.74982e+07,-116.09,-58.80
2.75018e+07,-111.66,-58.80
2.75054e+07,-117.26,-58.80
2.7509e+07,-124.82,-58.80
2.75126e+07,-120.39,-58.80
2.75162e+07,-119.01,-58.81
2.75198e+07,-115.97,-58.81
2.75233e+07,-119.29,-58.81
2.75269e+07,-116.44,-58.81
2.75305e+07,-112.23,-58.81
2.75341e+07,-111.80,-58.82
2.75377e+07,-115.06,-58.82
2.75413e+07,-110.02,-58.82
2.75449e+07,-109.82,-58.82
2.75485e+07,-109.93,-58.82
2.75521e+07,-111.72,-58.82
2.75557e+07,-123.44,-58.83
2.75593e+07,-112.58,-58.83
2.75629e+07,-113.47,-58.83
2.75664e+07,-118.94,-58.83
2.757e+07,-110.01,-58.83
2.75736e+07,-107.53,-58.84
2.75772e+07,-108.60,-58.84
2.75808e+07,-113.69,-58.84
2.75844e+07,-118.38,-58.84
2.7588e+07,-111.69,-58.84
2.75916e+07,-112.76,-58.84
2.75952e+07,-109.47,-58.85
2.75988e+07,-114.42,-58.85
2.76024e+07,-118.87,-58.85
2.7606e+07,-116.95,-58.85
2.76095e+07,-110.76,-58.85
2.76131e+07,-109.48,-58.86
2.76167e+07,-110.71,-58.86
2.76203e+07,-111.66,-58.86
2.76239e+07,-116.39,-58.86
2.76275e+07,-122.59,-58.86
2.76311e+07,-113.60,-58.86
2.76347e+07,-109.71,-58.87
2.76383e+07,-110.88,-58.87
2.76419e+07,-111.15,-58.87
2.76455e+07,-111.72,-58.87
2.76491e+07,-116.60,-58.87
2.76526e+07,-123.35,-58.88
2.76562e+07,-128.10,-58.88
2.76598e+07,-125.84,-58.88
2.76634e+07,-112.26,-58.88
2.7667e+07,-111.52,-58.88
2.76706e+07,-112.83,-58.88
2.76742e+07,-112.54,-58.89
2.76778e+07,-117.08,-58.89
2.76814e+07,-108.83,-58.89
2.7685e+07,-107.26,-58.89
2.76886e+07,-110.62,-58.89
2.76922e+07,-110.54,-58.90
2.76957e+07,-111.37,-58.90
2.76993e+07,-110.80,-58.90
2.77029e+07,-112.81,-58.90
2.77065e+07,-109.44,-58.90
2.77101e+07,-112.21,-58.90
2.77137e+07,-115.63,-58.91
2.77173e+07,-110.72,-58.91
2.77209e+07,-116.47,-58.91
2.77245e+07,-124.68,-58.91
2.77281e+07,-121.54,-58.91
2.77317e+07,-111.84,-58.91
2.77353e+07,-108.28,-58.92
2.77388e+07,-115.19,-58.92
2.77424e+07,-129.10,-58.92
2.7746e+07,-113.78,-58.92
2.77496e+07,-118.88,-58.92
2.77532e+07,-112.56,-58.93
2.77568e+07,-110.07,-58.93
2.77604e+07,-108.14,-58.93
2.7764e+07,-110.78,-58.93
2.77676e+07,-119.03,-58.93
2.77712e+07,-112.00,-58.93
2.77748e+07,-113.33,-58.94
2.77784e+07,-123.23,-58.94
2.77819e+07,-123.88,-58.94
2.77855e+07,-129.33,-58.94
2.77891e+07,-120.86,-58.94
2.77927e+07,-121.53,-58.95
2.77963e+07,-119.31,-58.95
2.77999e+07,-125.07,-58.95
2.78035e+07,-121.74,-58.95
2.78071e+07,-123.56,-58.95
2.78107e+07,-123.58,-58.95
2.78143e+07,-118.24,-58.96
2.78179e+07,-112.33,-58.96
2.78215e+07,-112.99,-58.96
2.7825e+07,-112.90,-58.96
2.78286e+07,-112.76,-58.96
2.78322e+07,-109.75,-58.96
2.78358e+07,-108.92,-58.97
2.78394e+07,-113.84,-58.97
2.7843e+07,-119.64,-58.97
2.78466e+07,-115.96,-58.97
2.78502e+07,-112.39,-58.97
2.78538e+07,-112.52,-58.98
2.78574e+07,-111.44,-58.98
2.7861e+07,-111.38,-58.98
2.78646e+07,-120.13,-58.98
2.78681e+07,-116.21,-58.98
2.78717e+07,-113.99,-58.98
2.78753e+07,-112.43,-58.99
2.78789e+07,-114.74,-58.99
2.78825e+07,-119.56,-58.99
2.78861e+07,-113.61,-58.99
2.78897e+07,-116.87,-58.99
2.78933e+07,-114.55,-59.00
2.78969e+07,-111.17,-59.00
2.79005e+07,-109.32,-59.00
2.79041e+07,-111.48,-59.00
2.79077e+07,-109.11,-59.00
2.79112e+07,-113.87,-59.00
2.79148e+07,-125.42,-59.01
2.79184e+07,-113.76,-59.01
2.7922e+07,-110.29,-59.01
2.79256e+07,-111.39,-59.01
2.79292e+07,-113.19,-59.01
2.79328e+07,-108.24,-59.01
2.79364e+07,-109.67,-59.02
2.794e+07,-116.78,-59.02
2.79436e+07,-112.42,-59.02
2.79472e+07,-108.74,-59.02
2.79508e+07,-105.95,-59.02
2.79543e+07,-102.64,-59.03
2.79579e+07,-106.94,-59.03
2.79615e+07,-111.30,-59.03
2.79651e+07,-113.29,-59.03
2.79687e+07,-109.79,-59.03
2.79723e+07,-105.72,-59.03
2.79759e+07,-109.99,-59.04
2.79795e+07,-118.12,-59.04
2.79831e+07,-115.12,-59.04
2.79867e+07,-124.06,-59.04
2.79903e+07,-128.14,-59.04
2.79939e+07,-117.76,-59.04
2.79974e+07,-116.08,-59.05
2.8001e+07,-128.32,-59.05
2.80046e+07,-119.47,-59.05
2.80082e+07,-119.00,-59.05
2.80118e+07,-117.57,-59.05
2.80154e+07,-109.64,-59.06
2.8019e+07,-107.28,-59.06
2.80226e+07,-112.14,-59.06
2.80262e+07,-120.00,-59.06
2.80298e+07,-116.11,-59.06
2.80334e+07,-112.83,-59.06
2.8037e+07,-114.74,-59.07
2.80405e+07,-112.44,-59.07
2.80441e+07,-116.42,-59.07
2.80477e+07,-116.35,-59.07
2.80513e+07,-109.24,-59.07
2.80549e+07,-108.31,-59.07
2.80585e+07,-108.63,-59.08
2.80621e+07,-114.77,-59.08
2.80657e+07,-113.95,-59.08
2.80693e+07,-109.42,-59.08
2.80729e+07,-111.13,-59.08
2.80765e+07,-117.51,-59.09
2.80801e+07,-115.01,-59.09
2.80837e+07,-115.88,-59.09
2.80872e+07,-117.17,-59.09
2.80908e+07,-115.99,-59.09
2.80944e+07,-114.93,-59.09
2.8098e+07,-113.17,-59.10
2.81016e+07,-113.57,-59.10
2.81052e+07,-114.48,-59.10
2.81088e+07,-138.38,-59.10
2.81124e+07,-112.62,-59.10
2.8116e+07,-111.59,-59.10
2.81196e+07,-119.56,-59.11
2.81232e+07,-111.53,-59.11
2.81268e+07,-107.46,-59.11
2.81303e+07,-109.77,-59.11
2.81339e+07,-118.34,-59.11
2.81375e+07,-117.55,-59.12
2.81411e+07,-112.05,-59.12
2.81447e+07,-114.50,-59.12
2.81483e+07,-144.13,-59.12
2.81519e+07,-120.51,-59.12
2.81555e+07,-125.77,-59.12
2.81591e+07,-124.25,-59.13
2.81627e+07,-115.55,-59.13
2.81663e+07,-118.13,-59.13
2.81699e+07,-116.63,-59.13
2.81734e+07,-118.45,-59.13
2.8177e+07,-115.74,-59.13
2.81806e+07,-112.33,-59.14
2.81842e+07,-113.34,-59.14
2.81878e+07,-115.79,-59.14
2.81914e+07,-111.47,-59.14
2.8195e+07,-112.45,-59.14
2.81986e+07,-112.60,-59.14
2.82022e+07,-112.49,-59.15
2.82058e+07,-114.82,-59.15
2.82094e+07,-117.04,-59.15
2.8213e+07,-123.84,-59.15
2.82165e+07,-114.57,-59.15
2.82201e+07,-110.74,-59.16
2.82237e+07,-124.04,-59.16
2.82273e+07,-116.70,-59.16
2.82309e+07,-118.04,-59.16
2.82345e+07,-113.09,-59.16
2.82381e+07,-109.86,-59.16
2.82417e+07,-117.51,-59.17
2.82453e+07,-119.18,-59.17
2.82489e+07,-110.14,-59.17
2.82525e+07,-111.69,-59.17
2.82561e+07,-108.55,-59.17
2.82596e+07,-106.52,-59.17
2.82632e+07,-107.72,-59.18
2.82668e+07,-112.14,-59.18
2.82704e+07,-122.70,-59.18
2.8274e+07,-122.13,-59.18
2.82776e+07,-115.76,-59.18
2.82812e+07,-112.41,-59.18
2.82848e+07,-112.69,-59.19
2.82884e+07,-113.66,-59.19
2.8292e+07,-118.07,-59.19
2.82956e+07,-117.56,-59.19
2.82992e+07,-115.56,-59.19
2.83027e+07,-118.44,-59.20
2.83063e+07,-120.85,-59.20
2.83099e+07,-113.49,-59.20
2.83135e+07,-117.46,-59.20
2.83171e+07,-119.94,-59.20
2.83207e+07,-120.66,-59.20
2.83243e+07,-121.49,-59.21
2.83279e+07,-117.89,-59.21
2.83315e+07,-111.09,-59.21
2.83351e+07,-114.57,-59.21
2.83387e+07,-113.06,-59.21
2.83423e+07,-110.27,-59.21
2.83458e+07,-109.15,-59.22
2.83494e+07,-113.25,-59.22
2.8353e+07,-128.23,-59.22
2.83566e+07,-117.46,-59.22
2.83602e+07,-119.13,-59.22
2.83638e+07,-131.15,-59.22
2.83674e+07,-120.51,-59.23
2.8371e+07,-116.46,-59.23
2.83746e+07,-120.55,-59.23
2.83782e+07,-142.01,-59.23
2.83818e+07,-123.96,-59.23
2.83854e+07,-114.12,-59.24
2.83889e+07,-111.25,-59.24
2.83925e+07,-113.55,-59.24
2.83961e+07,-114.56,-59.24
2.83997e+07,-118.96,-59.24
2.84033e+07,-133.57,-59.24
2.84069e+07,-113.20,-59.25
2.84105e+07,-110.11,-59.25
2.84141e+07,-115.01,-59.25
2.84177e+07,-111.54,-59.25
2.84213e+07,-110.23,-59.25
2.84249e+07,-120.76,-59.25
2.84285e+07,-123.59,-59.26
2.8432e+07,-117.42,-59.26
2.84356e+07,-109.73,-59.26
2.84392e+07,-109.75,-59.26
2.84428e+07,-109.63,-59.26
2.84464e+07,-109.32,-59.26
2.845e+07,-114.83,-59.27
2.84536e+07,-109.21,-59.27
2.84572e+07,-109.12,-59.27
2.84608e+07,-116.64,-59.27
2.84644e+07,-109.01,-59.27
2.8468e+07,-109.96,-59.27
2.84716e+07,-110.75,-59.28
2.84751e+07,-112.50,-59.28
2.84787e+07,-106.71,-59.28
2.84823e+07,-110.77,-59.28
2.84859e+07,-114.55,-59.28
2.84895e+07,-112.21,-59.28
2.84931e+07,-109.78,-59.29
2.84967e+07,-113.48,-59.29
2.85003e+07,-120.34,-59.29
2.85039e+07,-123.28,-59.29
2.85075e+07,-119.43,-59.29
2.85111e+07,-115.30,-59.30
2.85147e+07,-112.20,-59.30
2.85182e+07,-114.68,-59.30
2.85218e+07,-122.24,-59.30
2.85254e+07,-116.09,-59.30
2.8529e+07,-123.10,-59.30
2.85326e+07,-111.15,-59.31
2.85362e+07,-111.70,-59.31
2.85398e+07,-109.58,-59.31
2.85434e+07,-111.80,-59.31
2.8547e+07,-120.21,-59.31
2.85506e+07,-110.81,-59.31
2.85542e+07,-116.66,-59.32
2.85578e+07,-111.13,-59.32
2.85613e+07,-110.80,-59.32
2.85649e+07,-115.29,-59.32
2.85685e+07,-112.87,-59.32
2.85721e+07,-107.99,-59.32
2.85757e+07,-112.71,-59.33
2.85793e+07,-115.27,-59.33
2.85829e+07,-113.26,-59.33
2.85865e+07,-111.85,-59.33
2.85901e+07,-109.13,-59.33
2.85937e+07,-110.28,-59.33
2.85973e+07,-115.87,-59.34
2.86009e+07,-114.48,-59.34
2.86044e+07,-118.47,-59.34
2.8608e+07,-119.21,-59.34
2.86116e+07,-111.28,-59.34
2.86152e+07,-113.80,-59.34
2.86188e+07,-109.79,-59.35
2.86224e+07,-113.00,-59.35
2.8626e+07,-119.12,-59.35
2.86296e+07,-114.90,-59.35
2.86332e+07,-109.30,-59.35
2.86368e+07,-110.99,-59.35
2.86404e+07,-113.63,-59.36
2.8644e+07,-114.66,-59.36
2.86476e+07,-122.91,-59.36
2.86511e+07,-121.88,-59.36
2.86547e+07,-113.81,-59.36
2.86583e+07,-109.51,-59.37
2.86619e+07,-112.50,-59.37
2.86655e+07,-120.62,-59.37
2.86691e+07,-112.51,-59.37
2.86727e+07,-108.41,-59.37
2.86763e+07,-115.42,-59.37
2.86799e+07,-117.89,-59.38
2.86835e+07,-122.28,-59.38
2.86871e+07,-121.95,-59.38
2.86907e+07,-114.08,-59.38
2.86942e+07,-108.78,-59.38
2.86978e+07,-111.55,-59.38
2.87014e+07,-113.32,-59.39
2.8705e+07,-113.12,-59.39
2.87086e+07,-110.11,-59.39
2.87122e+07,-114.80,-59.39
2.87158e+07,-123.79,-59.39
2.87194e+07,-111.04,-59.39
2.8723e+07,-109.48,-59.40
2.87266e+07,-113.76,-59.40
2.87302e+07,-140.85,-59.40
2.87338e+07,-128.84,-59.40
2.87373e+07,-125.18,-59.40
2.87409e+07,-127.62,-59.40
2.87445e+07,-113.98,-59.41
2.87481e+07,-114.27,-59.41
2.87517e+07,-113.49,-59.41
2.87553e+07,-112.90,-59.41
2.87589e+07,-114.99,-59.41
2.87625e+07,-115.89,-59.41
2.87661e+07,-109.69,-59.42
2.87697e+07,-119.48,-59.42
2.87733e+07,-118.13,-59.42
2.87769e+07,-113.83,-59.42
2.87804e+07,-120.88,-59.42
2.8784e+07,-119.80,-59.42
2.87876e+07,-120.66,-59.43
2.87912e+07,-111.53,-59.43
2.87948e+07,-111.23,-59.43
2.87984e+07,-116.55,-59.43
2.8802e+07,-113.54,-59.43
2.88056e+07,-130.23,-59.43
2.88092e+07,-115.36,-59.44
2.88128e+07,-116.93,-59.44
2.88164e+07,-113.79,-59.44
2.882e+07,-119.49,-59.44
2.88235e+07,-117.32,-59.44
2.88271e+07,-114.25,-59.44
2.88307e+07,-115.79,-59.45
2.88343e+07,-126.82,-59.45
2.88379e+07,-118.09,-59.45
2.88415e+07,-121.01,-59.45
2.88451e+07,-120.17,-59.45
2.88487e+07,-120.68,-59.45
2.88523e+07,-121.81,-59.46
2.88559e+07,-113.09,-59.46
2.88595e+07,-113.26,-59.46
2.88631e+07,-122.89,-59.46
2.88666e+07,-125.09,-59.46
2.88702e+07,-117.35,-59.46
2.88738e+07,-112.58,-59.47
2.88774e+07,-112.74,-59.47
2.8881e+07,-113.68,-59.47
2.88846e+07,-122.61,-59.47
2.88882e+07,-113.64,-59.47
2.88918e+07,-112.31,-59.47
2.88954e+07,-117.38,-59.48
2.8899e+07,-126.83,-59.48
2.89026e+07,-141.25,-59.48
2.89062e+07,-112.10,-59.48
2.89097e+07,-109.09,-59.48
2.89133e+07,-115.00,-59.48
2.89169e+07,-114.55,-59.49
2.89205e+07,-111.18,-59.49
2.89241e+07,-114.72,-59.49
2.89277e+07,-111.97,-59.49
2.89313e+07,-111.45,-59.49
2.89349e+07,-116.95,-59.49
2.89385e+07,-109.68,-59.50
2.89421e+07,-111.28,-59.50
2.89457e+07,-115.83,-59.50
2.89493e+07,-115.41,-59.50
2.89528e+07,-109.73,-59.50
2.89564e+07,-106.34,-59.50
2.896e+07,-110.12,-59.51
2.89636e+07,-125.90,-59.51
2.89672e+07,-129.65,-59.51
2.89708e+07,-119.47,-59.51
2.89744e+07,-118.94,-59.51
2.8978e+07,-111.18,-59.51
2.89816e+07,-107.39,-59.52
2.89852e+07,-110.40,-59.52
2.89888e+07,-127.02,-59.52
2.89924e+07,-118.62,-59.52
2.89959e+07,-118.75,-59.52
2.89995e+07,-115.22,-59.52
2.90031e+07,-117.14,-59.53
2.90067e+07,-114.75,-59.53
2.90103e+07,-118.14,-59.53
2.90139e+07,-113.32,-59.53
2.90175e+07,-109.92,-59.53
2.90211e+07,-111.67,-59.53
2.90247e+07,-124.51,-59.54
2.90283e+07,-112.33,-59.54
2.90319e+07,-125.88,-59.54
2.90355e+07,-122.36,-59.54
2.9039e+07,-124.61,-59.54
2.90426e+07,-123.25,-59.54
2.90462e+07,-120.05,-59.55
2.90498e+07,-115.44,-59.55
2.90534e+07,-110.13,-59.55
2.9057e+07,-114.01,-59.55
2.90606e+07,-131.50,-59.55
2.90642e+07,-113.92,-59.55
2.90678e+07,-111.02,-59.56
2.90714e+07,-114.44,-59.56
2.9075e+07,-117.39,-59.56
2.90786e+07,-112.08,-59.56
2.90821e+07,-114.18,-59.56
2.90857e+07,-117.72,-59.56
2.90893e+07,-117.28,-59.57
2.90929e+07,-114.68,-59.57
2.90965e+07,-112.00,-59.57
2.91001e+07,-115.77,-59.57
2.91037e+07,-122.74,-59.57
2.91073e+07,-120.12,-59.57
2.91109e+07,-115.36,-59.58
2.91145e+07,-110.03,-59.58
2.91181e+07,-111.80,-59.58
2.91217e+07,-116.40,-59.58
2.91252e+07,-119.18,-59.58
2.91288e+07,-120.23,-59.58
2.91324e+07,-122.84,-59.59
2.9136e+07,-114.23,-59.59
2.91396e+07,-119.85,-59.59
2.91432e+07,-118.02,-59.59
2.91468e+07,-112.49,-59.59
2.91504e+07,-113.98,-59.59
2.9154e+07,-119.49,-59.60
2.91576e+07,-120.00,-59.60
2.91612e+07,-113.10,-59.60
2.91648e+07,-115.47,-59.60
2.91683e+07,-130.25,-59.60
2.91719e+07,-111.89,-59.60
2.91755e+07,-110.72,-59.61
2.91791e+07,-130.70,-59.61
2.91827e+07,-112.41,-59.61
2.91863e+07,-112.03,-59.61
2.91899e+07,-115.46,-59.61
2.91935e+07,-115.06,-59.61
2.91971e+07,-120.17,-59.62
2.92007e+07,-115.82,-59.62
2.92043e+07,-118.60,-59.62
2.92079e+07,-114.87,-59.62
2.92115e+07,-111.12,-59.62
2.9215e+07,-106.93,-59.62
2.92186e+07,-113.47,-59.63
2.92222e+07,-113.16,-59.63
2.92258e+07,-109.62,-59.63
2.92294e+07,-110.33,-59.63
2.9233e+07,-112.13,-59.63
2.92366e+07,-112.78,-59.63
2.92402e+07,-124.73,-59.64
2.92438e+07,-125.45,-59.64
2.92474e+07,-127.81,-59.64
2.9251e+07,-118.03,-59.64
2.92546e+07,-116.00,-59.64
2.92581e+07,-113.52,-59.64
2.92617e+07,-115.80,-59.64
2.92653e+07,-125.81,-59.65
2.92689e+07,-115.33,-59.65
2.92725e+07,-111.07,-59.65
2.92761e+07,-114.56,-59.65
2.92797e+07,-120.26,-59.65
2.92833e+07,-115.57,-59.65
2.92869e+07,-117.96,-59.66
2.92905e+07,-112.97,-59.66
2.92941e+07,-112.88,-59.66
2.92977e+07,-118.97,-59.66
2.93012e+07,-125.21,-59.66
2.93048e+07,-116.02,-59.66
2.93084e+07,-120.63,-59.67
2.9312e+07,-114.58,-59.67
2.93156e+07,-115.91,-59.67
2.93192e+07,-117.00,-59.67
2.93228e+07,-115.07,-59.67
2.93264e+07,-135.06,-59.67
2.933e+07,-119.95,-59.68
2.93336e+07,-111.00,-59.68
2.93372e+07,-107.53,-59.68
2.93408e+07,-111.36,-59.68
2.93443e+07,-116.63,-59.68
2.93479e+07,-126.96,-59.68
2.93515e+07,-118.39,-59.69
2.93551e+07,-126.93,-59.69
2.93587e+07,-119.54,-59.69
2.93623e+07,-123.39,-59.69
2.93659e+07,-116.40,-59.69
2.93695e+07,-127.75,-59.69
2.93731e+07,-114.89,-59.70
2.93767e+07,-114.28,-59.70
2.93803e+07,-116.12,-59.70
2.93839e+07,-116.19,-59.70
2.93874e+07,-120.35,-59.70
2.9391e+07,-114.05,-59.70
2.93946e+07,-110.54,-59.71
2.93982e+07,-107.67,-59.71
2.94018e+07,-109.51,-59.71
2.94054e+07,-117.14,-59.71
2.9409e+07,-110.04,-59.71
2.94126e+07,-112.10,-59.71
2.94162e+07,-116.59,-59.71
2.94198e+07,-109.49,-59.72
2.94234e+07,-111.68,-59.72
2.9427e+07,-125.51,-59.72
2.94305e+07,-122.17,-59.72
2.94341e+07,-114.58,-59.72
2.94377e+07,-108.93,-59.72
2.94413e+07,-110.08,-59.73
2.94449e+07,-111.58,-59.73
2.94485e+07,-113.45,-59.73
2.94521e+07,-114.46,-59.73
2.94557e+07,-111.76,-59.73
2.94593e+07,-113.58,-59.73
2.94629e+07,-118.65,-59.74
2.94665e+07,-122.58,-59.74
2.94701e+07,-111.87,-59.74
2.94736e+07,-107.48,-59.74
2.94772e+07,-112.35,-59.74
2.94808e+07,-124.04,-59.74
2.94844e+07,-129.42,-59.75
2.9488e+07,-119.68,-59.75
2.94916e+07,-114.66,-59.75
2.94952e+07,-114.93,-59.75
2.94988e+07,-127.32,-59.75
2.95024e+07,-116.67,-59.75
2.9506e+07,-114.16,-59.76
2.95096e+07,-108.32,-59.76
2.95132e+07,-110.75,-59.76
2.95167e+07,-123.69,-59.76
2.95203e+07,-112.74,-59.76
2.95239e+07,-113.50,-59.76
2.95275e+07,-110.85,-59.77
2.95311e+07,-110.16,-59.77
2.95347e+07,-113.75,-59.77
2.95383e+07,-115.52,-59.77
2.95419e+07,-124.90,-59.77
2.95455e+07,-123.36,-59.77
2.95491e+07,-117.12,-59.77
2.95527e+07,-117.51,-59.78
2.95563e+07,-116.26,-59.78
2.95598e+07,-118.71,-59.78
2.95634e+07,-119.56,-59.78
2.9567e+07,-116.21,-59.78
2.95706e+07,-119.98,-59.78
2.95742e+07,-107.95,-59.79
2.95778e+07,-107.25,-59.79
2.95814e+07,-119.21,-59.79
2.9585e+07,-112.20,-59.79
2.95886e+07,-111.00,-59.79
2.95922e+07,-113.27,-59.79
2.95958e+07,-113.55,-59.80
2.95994e+07,-119.93,-59.80
2.96029e+07,-116.55,-59.80
2.96065e+07,-123.04,-59.80
2.96101e+07,-116.46,-59.80
2.96137e+07,-112.91,-59.80
2.96173e+07,-116.70,-59.81
2.96209e+07,-119.03,-59.81
2.96245e+07,-125.05,-59.81
2.96281e+07,-121.75,-59.81
2.96317e+07,-116.75,-59.81
2.96353e+07,-113.87,-59.81
2.96389e+07,-114.56,-59.81
2.96425e+07,-111.25,-59.82
2.9646e+07,-125.64,-59.82
2.96496e+07,-110.21,-59.82
2.96532e+07,-109.19,-59.82
2.96568e+07,-111.37,-59.82
2.96604e+07,-126.05,-59.82
2.9664e+07,-112.87,-59.83
2.96676e+07,-117.11,-59.83
2.96712e+07,-118.91,-59.83
2.96748e+07,-117.17,-59.83
2.96784e+07,-124.55,-59.83
2.9682e+07,-118.02,-59.83
2.96856e+07,-116.86,-59.84
2.96891e+07,-124.15,-59.84
2.96927e+07,-115.08,-59.84
2.96963e+07,-114.83,-59.84
2.96999e+07,-114.08,-59.84
2.97035e+07,-118.56,-59.84
2.97071e+07,-112.48,-59.85
2.97107e+07,-124.99,-59.85
2.97143e+07,-119.01,-59.85
2.97179e+07,-125.84,-59.85
2.97215e+07,-115.08,-59.85
2.97251e+07,-114.18,-59.85
2.97287e+07,-114.44,-59.85
2.97322e+07,-117.62,-59.86
2.97358e+07,-122.79,-59.86
2.97394e+07,-114.90,-59.86
2.9743e+07,-120.45,-59.86
2.97466e+07,-119.45,-59.86
2.97502e+07,-114.97,-59.86
2.97538e+07,-117.18,-59.87
2.97574e+07,-118.79,-59.87
2.9761e+07,-117.70,-59.87
2.97646e+07,-115.35,-59.87
2.97682e+07,-120.39,-59.87
2.97718e+07,-116.34,-59.87
2.97754e+07,-116.47,-59.88
2.97789e+07,-113.32,-59.88
2.97825e+07,-112.62,-59.88
2.97861e+07,-123.21,-59.88
2.97897e+07,-122.75,-59.88
2.97933e+07,-117.71,-59.88
2.97969e+07,-123.53,-59.89
2.98005e+07,-116.86,-59.89
2.98041e+07,-122.36,-59.89
2.98077e+07,-121.48,-59.89
2.98113e+07,-112.26,-59.89
2.98149e+07,-111.39,-59.89
2.98185e+07,-111.39,-59.89
2.9822e+07,-112.50,-59.90
2.98256e+07,-115.70,-59.90
2.98292e+07,-112.28,-59.90
2.98328e+07,-124.74,-59.90
2.98364e+07,-117.64,-59.90
2.984e+07,-120.19,-59.90
2.98436e+07,-115.35,-59.91
2.98472e+07,-117.61,-59.91
2.98508e+07,-125.30,-59.91
2.98544e+07,-123.54,-59.91
2.9858e+07,-117.15,-59.91
2.98616e+07,-113.73,-59.91
2.98651e+07,-122.80,-59.92
2.98687e+07,-121.00,-59.92
2.98723e+07,-121.49,-59.92
2.98759e+07,-126.02,-59.92
2.98795e+07,-123.58,-59.92
2.98831e+07,-119.51,-59.92
2.98867e+07,-114.91,-59.92
2.98903e+07,-114.09,-59.93
2.98939e+07,-118.61,-59.93
2.98975e+07,-116.55,-59.93
2.99011e+07,-116.12,-59.93
2.99047e+07,-122.76,-59.93
2.99082e+07,-117.95,-59.93
2.99118e+07,-117.94,-59.94
2.99154e+07,-128.91,-59.94
2.9919e+07,-118.62,-59.94
2.99226e+07,-116.43,-59.94
2.99262e+07,-115.89,-59.94
2.99298e+07,-113.41,-59.94
2.99334e+07,-114.67,-59.95
2.9937e+07,-118.36,-59.95
2.99406e+07,-117.10,-59.95
2.99442e+07,-112.63,-59.95
2.99478e+07,-110.48,-59.95
2.99513e+07,-114.10,-59.95
2.99549e+07,-121.77,-59.95
2.99585e+07,-125.86,-59.96
2.99621e+07,-120.32,-59.96
2.99657e+07,-118.16,-59.96
2.99693e+07,-118.13,-59.96
2.99729e+07,-124.30,-59.96
2.99765e+07,-117.44,-59.96
2.99801e+07,-114.68,-59.97
2.99837e+07,-128.78,-59.97
2.99873e+07,-118.67,-59.97
2.99909e+07,-117.75,-59.97
2.99944e+07,-112.68,-59.97
2.9998e+07,-117.81,-59.97
3.00016e+07,-111.86,-59.97
3.00052e+07,-112.32,-59.98
3.00088e+07,-115.66,-59.98
3.00124e+07,-121.57,-59.98
3.0016e+07,-136.51,-59.98
3.00196e+07,-124.66,-59.98
3.00232e+07,-127.36,-59.98
3.00268e+07,-117.12,-59.99
3.00304e+07,-114.70,-59.99
3.0034e+07,-112.96,-59.99
3.00375e+07,-110.26,-59.99
3.00411e+07,-114.11,-59.99
3.00447e+07,-114.26,-59.99
3.00483e+07,-116.59,-60.00
3.00519e+07,-119.24,-60.00
3.00555e+07,-118.02,-60.00
3.00591e+07,-117.95,-60.00
3.00627e+07,-118.59,-60.00
3.00663e+07,-120.38,-60.00
3.00699e+07,-114.28,-60.00
3.00735e+07,-122.52,-60.01
3.00771e+07,-125.23,-60.01
3.00806e+07,-119.64,-60.01
3.00842e+07,-118.97,-60.01
3.00878e+07,-115.79,-60.01
3.00914e+07,-118.14,-60.01
3.0095e+07,-114.58,-60.02
3.00986e+07,-115.30,-60.02
3.01022e+07,-126.85,-60.02
3.01058e+07,-126.49,-60.02
3.01094e+07,-119.12,-60.02
3.0113e+07,-125.86,-60.02
3.01166e+07,-122.95,-60.03
3.01202e+07,-130.46,-60.03
3.01237e+07,-116.92,-60.03
3.01273e+07,-114.01,-60.03
3.01309e+07,-118.23,-60.03
3.01345e+07,-119.61,-60.03
3.01381e+07,-114.25,-60.03
3.01417e+07,-114.57,-60.04
3.01453e+07,-118.86,-60.04
3.01489e+07,-115.39,-60.04
3.01525e+07,-112.73,-60.04
3.01561e+07,-110.04,-60.04
3.01597e+07,-113.31,-60.04
3.01633e+07,-122.16,-60.05
3.01668e+07,-115.65,-60.05
3.01704e+07,-114.91,-60.05
3.0174e+07,-115.75,-60.05
3.01776e+07,-120.62,-60.05
3.01812e+07,-126.76,-60.05
3.01848e+07,-118.74,-60.05
3.01884e+07,-118.52,-60.06
3.0192e+07,-118.29,-60.06
3.01956e+07,-114.96,-60.06
3.01992e+07,-115.14,-60.06
3.02028e+07,-115.38,-60.06
3.02064e+07,-133.34,-60.06
3.02099e+07,-117.66,-60.07
3.02135e+07,-112.48,-60.07
3.02171e+07,-115.34,-60.07
3.02207e+07,-123.03,-60.07
3.02243e+07,-130.95,-60.07
3.02279e+07,-111.90,-60.07
3.02315e+07,-113.13,-60.07
3.02351e+07,-122.64,-60.08
3.02387e+07,-124.72,-60.08
3.02423e+07,-119.99,-60.08
3.02459e+07,-114.64,-60.08
3.02495e+07,-113.15,-60.08
3.0253e+07,-109.73,-60.08
3.02566e+07,-110.42,-60.09
3.02602e+07,-118.01,-60.09
3.02638e+07,-122.13,-60.09
3.02674e+07,-116.45,-60.09
3.0271e+07,-125.12,-60.09
3.02746e+07,-122.49,-60.09
3.02782e+07,-119.11,-60.09
3.02818e+07,-111.80,-60.10
3.02854e+07,-111.31,-60.10
3.0289e+07,-117.54,-60.10
3.02926e+07,-116.67,-60.10
3.02961e+07,-113.94,-60.10
3.02997e+07,-116.65,-60.10
3.03033e+07,-112.45,-60.11
3.03069e+07,-112.69,-60.11
3.03105e+07,-117.31,-60.11
3.03141e+07,-112.37,-60.11
3.03177e+07,-110.52,-60.11
3.03213e+07,-111.25,-60.11
3.03249e+07,-112.32,-60.11
3.03285e+07,-118.96,-60.12
3.03321e+07,-116.10,-60.12
3.03357e+07,-113.25,-60.12
3.03393e+07,-117.59,-60.12
3.03428e+07,-118.25,-60.12
3.03464e+07,-116.07,-60.12
3.035e+07,-118.22,-60.13
3.03536e+07,-116.48,-60.13
3.03572e+07,-118.57,-60.13
3.03608e+07,-112.54,-60.13
3.03644e+07,-136.19,-60.13
3.0368e+07,-117.42,-60.13
3.03716e+07,-122.40,-60.13
3.03752e+07,-129.67,-60.14
3.03788e+07,-115.59,-60.14
3.03824e+07,-116.13,-60.14
3.03859e+07,-112.11,-60.14
3.03895e+07,-111.84,-60.14
3.03931e+07,-120.42,-60.14
3.03967e+07,-113.85,-60.15
3.04003e+07,-111.88,-60.15
3.04039e+07,-112.04,-60.15
3.04075e+07,-108.80,-60.15
3.04111e+07,-110.97,-60.15
3.04147e+07,-115.31,-60.15
3.04183e+07,-110.06,-60.15
3.04219e+07,-110.88,-60.16
3.04255e+07,-110.60,-60.16
3.0429e+07,-113.55,-60.16
3.04326e+07,-112.54,-60.16
3.04362e+07,-115.58,-60.16
3.04398e+07,-123.05,-60.16
3.04434e+07,-121.96,-60.17
3.0447e+07,-122.06,-60.17
3.04506e+07,-112.69,-60.17
3.04542e+07,-106.25,-60.17
3.04578e+07,-112.69,-60.17
3.04614e+07,-125.34,-60.17
3.0465e+07,-112.44,-60.17
3.04686e+07,-112.53,-60.18
3.04721e+07,-114.53,-60.18
3.04757e+07,-119.64,-60.18
3.04793e+07,-117.19,-60.18
3.04829e+07,-114.14,-60.18
3.04865e+07,-107.45,-60.18
3.04901e+07,-108.71,-60.19
3.04937e+07,-122.22,-60.19
3.04973e+07,-118.72,-60.19
3.05009e+07,-119.84,-60.19
3.05045e+07,-115.24,-60.19
3.05081e+07,-109.05,-60.19
3.05117e+07,-111.11,-60.19
3.05152e+07,-118.30,-60.20
3.05188e+07,-112.08,-60.20
3.05224e+07,-108.88,-60.20
3.0526e+07,-109.51,-60.20
3.05296e+07,-111.47,-60.20
3.05332e+07,-124.38,-60.20
3.05368e+07,-118.44,-60.21
3.05404e+07,-112.54,-60.21
3.0544e+07,-109.99,-60.21
3.05476e+07,-130.80,-60.21
3.05512e+07,-108.86,-60.21
3.05548e+07,-110.84,-60.21
3.05583e+07,-112.60,-60.21
3.05619e+07,-109.60,-60.22
3.05655e+07,-111.27,-60.22
3.05691e+07,-112.13,-60.22
3.05727e+07,-119.48,-60.22
3.05763e+07,-116.00,-60.22
3.05799e+07,-114.14,-60.22
3.05835e+07,-112.57,-60.23
3.05871e+07,-110.87,-60.23
3.05907e+07,-110.44,-60.23
3.05943e+07,-120.71,-60.23
3.05979e+07,-130.27,-60.23
3.06014e+07,-116.63,-60.23
3.0605e+07,-113.35,-60.23
3.06086e+07,-120.98,-60.24
3.06122e+07,-113.60,-60.24
3.06158e+07,-110.36,-60.24
3.06194e+07,-113.63,-60.24
3.0623e+07,-109.12,-60.24
3.06266e+07,-112.98,-60.24
3.06302e+07,-118.58,-60.24
3.06338e+07,-113.90,-60.25
3.06374e+07,-110.74,-60.25
3.0641e+07,-114.15,-60.25
3.06445e+07,-116.83,-60.25
3.06481e+07,-125.83,-60.25
3.06517e+07,-122.10,-60.25
3.06553e+07,-114.70,-60.26
3.06589e+07,-117.49,-60.26
3.06625e+07,-119.51,-60.26
3.06661e+07,-113.61,-60.26
3.06697e+07,-118.56,-60.26
3.06733e+07,-113.74,-60.26
3.06769e+07,-112.13,-60.26
3.06805e+07,-113.49,-60.27
3.06841e+07,-113.71,-60.27
3.06876e+07,-114.28,-60.27
3.06912e+07,-124.12,-60.27
3.06948e+07,-126.94,-60.27
3.06984e+07,-122.16,-60.27
3.0702e+07,-117.41,-60.28
3.07056e+07,-125.17,-60.28
3.07092e+07,-137.88,-60.28
3.07128e+07,-118.14,-60.28
3.07164e+07,-116.49,-60.28
3.072e+07,-114.95,-60.28
3.07236e+07,-123.67,-60.28
3.07272e+07,-111.76,-60.29
3.07307e+07,-108.87,-60.29
3.07343e+07,-112.35,-60.29
3.07379e+07,-118.29,-60.29
3.07415e+07,-109.28,-60.29
3.07451e+07,-110.18,-60.29
3.07487e+07,-114.32,-60.29
3.07523e+07,-116.12,-60.30
3.07559e+07,-119.30,-60.30
3.07595e+07,-126.96,-60.30
3.07631e+07,-115.89,-60.30
3.07667e+07,-113.68,-60.30
3.07703e+07,-114.88,-60.30
3.07738e+07,-112.92,-60.31
3.07774e+07,-111.20,-60.31
3.0781e+07,-111.58,-60.31
3.07846e+07,-114.74,-60.31
3.07882e+07,-119.71,-60.31
3.07918e+07,-113.99,-60.31
3.07954e+07,-111.97,-60.31
3.0799e+07,-114.64,-60.32
3.08026e+07,-113.32,-60.32
3.08062e+07,-115.25,-60.32
3.08098e+07,-117.34,-60.32
3.08134e+07,-120.22,-60.32
3.08169e+07,-129.41,-60.32
3.08205e+07,-111.99,-60.32
3.08241e+07,-119.83,-60.33
3.08277e+07,-122.98,-60.33
3.08313e+07,-115.42,-60.33
3.08349e+07,-115.08,-60.33
3.08385e+07,-136.33,-60.33
3.08421e+07,-117.27,-60.33
3.08457e+07,-120.91,-60.34
3.08493e+07,-116.48,-60.34
3.08529e+07,-109.82,-60.34
3.08565e+07,-110.56,-60.34
3.086e+07,-117.35,-60.34
3.08636e+07,-122.41,-60.34
3.08672e+07,-115.74,-60.34
3.08708e+07,-115.74,-60.35
3.08744e+07,-119.69,-60.35
3.0878e+07,-116.36,-60.35
3.08816e+07,-119.20,-60.35
3.08852e+07,-121.06,-60.35
3.08888e+07,-115.74,-60.35
3.08924e+07,-111.75,-60.35
3.0896e+07,-109.21,-60.36
3.08996e+07,-115.50,-60.36
3.09031e+07,-114.75,-60.36
3.09067e+07,-112.61,-60.36
3.09103e+07,-123.88,-60.36
3.09139e+07,-114.98,-60.36
3.09175e+07,-114.30,-60.37
3.09211e+07,-110.79,-60.37
3.09247e+07,-110.81,-60.37
3.09283e+07,-122.23,-60.37
3.09319e+07,-131.15,-60.37
3.09355e+07,-114.14,-60.37
3.09391e+07,-111.14,-60.37
3.09427e+07,-113.85,-60.38
3.09463e+07,-112.92,-60.38
3.09498e+07,-112.08,-60.38
3.09534e+07,-114.42,-60.38
3.0957e+07,-120.87,-60.38
3.09606e+07,-121.64,-60.38
3.09642e+07,-117.86,-60.38
3.09678e+07,-118.97,-60.39
3.09714e+07,-113.50,-60.39
3.0975e+07,-116.75,-60.39
3.09786e+07,-116.29,-60.39
3.09822e+07,-115.62,-60.39
3.09858e+07,-113.03,-60.39
3.09894e+07,-110.90,-60.39
3.09929e+07,-115.82,-60.40
3.09965e+07,-118.63,-60.40
3.10001e+07,-123.25,-60.40
3.10037e+07,-130.14,-60.40
3.10073e+07,-116.11,-60.40
3.10109e+07,-112.30,-60.40
3.10145e+07,-112.64,-60.41
3.10181e+07,-114.92,-60.41
3.10217e+07,-118.31,-60.41
3.10253e+07,-121.03,-60.41
3.10289e+07,-117.10,-60.41
3.10325e+07,-112.04,-60.41
3.1036e+07,-111.91,-60.41
3.10396e+07,-116.19,-60.42
3.10432e+07,-114.35,-60.42
3.10468e+07,-116.58,-60.42
3.10504e+07,-131.50,-60.42
3.1054e+07,-119.00,-60.42
3.10576e+07,-119.91,-60.42
3.10612e+07,-122.89,-60.42
3.10648e+07,-133.70,-60.43
3.10684e+07,-120.79,-60.43
3.1072e+07,-118.92,-60.43
3.10756e+07,-114.41,-60.43
3.10791e+07,-118.83,-60.43
3.10827e+07,-115.24,-60.43
3.10863e+07,-116.49,-60.43
3.10899e+07,-132.81,-60.44
3.10935e+07,-112.06,-60.44
3.10971e+07,-108.66,-60.44
3.11007e+07,-114.31,-60.44
3.11043e+07,-117.39,-60.44
3.11079e+07,-119.79,-60.44
3.11115e+07,-115.08,-60.45
3.11151e+07,-114.43,-60.45
3.11187e+07,-115.28,-60.45
3.11222e+07,-115.43,-60.45
3.11258e+07,-119.17,-60.45
3.11294e+07,-115.11,-60.45
3.1133e+07,-111.33,-60.45
3.11366e+07,-113.62,-60.46
3.11402e+07,-114.16,-60.46
3.11438e+07,-115.69,-60.46
3.11474e+07,-117.28,-60.46
3.1151e+07,-116.90,-60.46
3.11546e+07,-120.50,-60.46
3.11582e+07,-118.85,-60.46
3.11618e+07,-114.86,-60.47
3.11653e+07,-112.80,-60.47
3.11689e+07,-110.72,-60.47
3.11725e+07,-120.90,-60.47
3.11761e+07,-114.89,-60.47
3.11797e+07,-111.69,-60.47
3.11833e+07,-122.56,-60.47
3.11869e+07,-118.43,-60.48
3.11905e+07,-125.72,-60.48
3.11941e+07,-114.81,-60.48
3.11977e+07,-115.54,-60.48
3.12013e+07,-121.24,-60.48
3.12049e+07,-124.41,-60.48
3.12084e+07,-115.90,-60.48
3.1212e+07,-118.20,-60.49
3.12156e+07,-122.58,-60.49
3.12192e+07,-126.18,-60.49
3.12228e+07,-123.37,-60.49
3.12264e+07,-117.39,-60.49
3.123e+07,-126.47,-60.49
3.12336e+07,-121.36,-60.50
3.12372e+07,-126.84,-60.50
3.12408e+07,-125.81,-60.50
3.12444e+07,-115.29,-60.50
3.1248e+07,-113.10,-60.50
3.12515e+07,-113.54,-60.50
3.12551e+07,-114.99,-60.50
3.12587e+07,-115.16,-60.51
3.12623e+07,-109.75,-60.51
3.12659e+07,-115.70,-60.51
3.12695e+07,-119.64,-60.51
3.12731e+07,-118.95,-60.51
3.12767e+07,-112.56,-60.51
3.12803e+07,-116.32,-60.51
3.12839e+07,-117.66,-60.52
3.12875e+07,-114.07,-60.52
3.12911e+07,-113.98,-60.52
3.12946e+07,-123.30,-60.52
3.12982e+07,-117.14,-60.52
3.13018e+07,-123.10,-60.52
3.13054e+07,-121.34,-60.52
3.1309e+07,-133.40,-60.53
3.13126e+07,-118.46,-60.53
3.13162e+07,-126.42,-60.53
3.13198e+07,-115.06,-60.53
3.13234e+07,-112.37,-60.53
3.1327e+07,-114.91,-60.53
3.13306e+07,-111.01,-60.53
3.13342e+07,-109.72,-60.54
3.13377e+07,-110.71,-60.54
3.13413e+07,-114.07,-60.54
3.13449e+07,-128.60,-60.54
3.13485e+07,-137.56,-60.54
3.13521e+07,-118.64,-60.54
3.13557e+07,-116.87,-60.54
3.13593e+07,-122.64,-60.55
3.13629e+07,-117.60,-60.55
3.13665e+07,-109.62,-60.55
3.13701e+07,-111.05,-60.55
3.13737e+07,-123.18,-60.55
3.13773e+07,-118.75,-60.55
3.13808e+07,-116.26,-60.56
3.13844e+07,-110.27,-60.56
3.1388e+07,-109.83,-60.56
3.13916e+07,-112.48,-60.56
3.13952e+07,-118.57,-60.56
3.13988e+07,-120.63,-60.56
3.14024e+07,-116.21,-60.56
3.1406e+07,-113.74,-60.57
3.14096e+07,-118.56,-60.57
3.14132e+07,-124.93,-60.57
3.14168e+07,-119.97,-60.57
3.14204e+07,-130.96,-60.57
3.14239e+07,-115.99,-60.57
3.14275e+07,-124.86,-60.57
3.14311e+07,-120.97,-60.58
3.14347e+07,-120.91,-60.58
3.14383e+07,-124.65,-60.58
3.14419e+07,-121.44,-60.58
3.14455e+07,-122.21,-60.58
3.14491e+07,-122.17,-60.58
3.14527e+07,-126.71,-60.58
3.14563e+07,-114.82,-60.59
3.14599e+07,-114.89,-60.59
3.14635e+07,-118.89,-60.59
3.1467e+07,-118.95,-60.59
3.14706e+07,-114.34,-60.59
3.14742e+07,-110.50,-60.59
3.14778e+07,-113.58,-60.59
3.14814e+07,-119.38,-60.60
3.1485e+07,-130.16,-60.60
3.14886e+07,-113.68,-60.60
3.14922e+07,-114.03,-60.60
3.14958e+07,-125.67,-60.60
3.14994e+07,-116.60,-60.60
3.1503e+07,-115.31,-60.60
3.15066e+07,-118.22,-60.61
3.15102e+07,-111.39,-60.61
3.15137e+07,-111.74,-60.61
3.15173e+07,-112.34,-60.61
3.15209e+07,-120.21,-60.61
3.15245e+07,-111.96,-60.61
3.15281e+07,-108.92,-60.61
3.15317e+07,-112.64,-60.62
3.15353e+07,-127.45,-60.62
3.15389e+07,-119.07,-60.62
3.15425e+07,-113.67,-60.62
3.15461e+07,-118.06,-60.62
3.15497e+07,-123.06,-60.62
3.15533e+07,-117.46,-60.62
3.15568e+07,-120.08,-60.63
3.15604e+07,-131.13,-60.63
3.1564e+07,-113.66,-60.63
3.15676e+07,-110.09,-60.63
3.15712e+07,-111.01,-60.63
3.15748e+07,-113.03,-60.63
3.15784e+07,-129.52,-60.63
3.1582e+07,-116.75,-60.64
3.15856e+07,-113.53,-60.64
3.15892e+07,-112.49,-60.64
3.15928e+07,-113.70,-60.64
3.15964e+07,-117.42,-60.64
3.15999e+07,-117.47,-60.64
3.16035e+07,-114.35,-60.64
3.16071e+07,-115.61,-60.65
3.16107e+07,-120.94,-60.65
3.16143e+07,-119.23,-60.65
3.16179e+07,-114.41,-60.65
3.16215e+07,-111.80,-60.65
3.16251e+07,-111.56,-60.65
3.16287e+07,-110.09,-60.65
3.16323e+07,-108.78,-60.66
3.16359e+07,-110.86,-60.66
3.16395e+07,-116.97,-60.66
3.1643e+07,-116.53,-60.66
3.16466e+07,-115.74,-60.66
3.16502e+07,-115.98,-60.66
3.16538e+07,-119.65,-60.66
3.16574e+07,-127.37,-60.67
3.1661e+07,-118.86,-60.67
3.16646e+07,-116.08,-60.67
3.16682e+07,-132.98,-60.67
3.16718e+07,-121.27,-60.67
3.16754e+07,-115.78,-60.67
3.1679e+07,-116.54,-60.67
3.16826e+07,-115.58,-60.68
3.16861e+07,-113.39,-60.68
3.16897e+07,-118.66,-60.68
3.16933e+07,-125.77,-60.68
3.16969e+07,-114.15,-60.68
3.17005e+07,-115.83,-60.68
3.17041e+07,-120.42,-60.68
3.17077e+07,-118.21,-60.69
3.17113e+07,-128.12,-60.69
3.17149e+07,-115.21,-60.69
3.17185e+07,-113.33,-60.69
3.17221e+07,-114.16,-60.69
3.17257e+07,-112.57,-60.69
3.17292e+07,-114.77,-60.69
3.17328e+07,-125.10,-60.70
3.17364e+07,-119.71,-60.70
3.174e+07,-118.41,-60.70
3.17436e+07,-122.22,-60.70
3.17472e+07,-118.98,-60.70
3.17508e+07,-125.96,-60.70
3.17544e+07,-123.81,-60.70
3.1758e+07,-129.93,-60.71
3.17616e+07,-117.93,-60.71
3.17652e+07,-112.64,-60.71
3.17688e+07,-116.59,-60.71
3.17723e+07,-125.40,-60.71
3.17759e+07,-125.12,-60.71
3.17795e+07,-115.88,-60.71
3.17831e+07,-121.37,-60.72
3.17867e+07,-115.64,-60.72
3.17903e+07,-117.66,-60.72
3.17939e+07,-122.75,-60.72
3.17975e+07,-120.13,-60.72
3.18011e+07,-121.69,-60.72
3.18047e+07,-123.36,-60.72
3.18083e+07,-116.31,-60.73
3.18119e+07,-113.32,-60.73
3.18154e+07,-117.96,-60.73
3.1819e+07,-129.62,-60.73
3.18226e+07,-118.71,-60.73
3.18262e+07,-113.89,-60.73
3.18298e+07,-113.32,-60.73
3.18334e+07,-119.44,-60.74
3.1837e+07,-117.46,-60.74
3.18406e+07,-118.32,-60.74
3.18442e+07,-123.23,-60.74
3.18478e+07,-120.04,-60.74
3.18514e+07,-135.80,-60.74
3.1855e+07,-123.85,-60.74
3.18585e+07,-123.89,-60.75
3.18621e+07,-114.95,-60.75
3.18657e+07,-110.79,-60.75
3.18693e+07,-115.49,-60.75
3.18729e+07,-112.18,-60.75
3.18765e+07,-110.77,-60.75
3.18801e+07,-114.09,-60.75
3.18837e+07,-116.98,-60.76
3.18873e+07,-117.43,-60.76
3.18909e+07,-115.73,-60.76
3.18945e+07,-111.32,-60.76
3.18981e+07,-112.91,-60.76
3.19016e+07,-131.88,-60.76
3.19052e+07,-126.86,-60.76
3.19088e+07,-122.06,-60.77
3.19124e+07,-124.47,-60.77
3.1916e+07,-117.76,-60.77
3.19196e+07,-120.55,-60.77
3.19232e+07,-115.12,-60.77
3.19268e+07,-112.50,-60.77
3.19304e+07,-115.11,-60.77
3.1934e+07,-125.82,-60.78
3.19376e+07,-112.30,-60.78
3.19412e+07,-109.46,-60.78
3.19447e+07,-114.85,-60.78
3.19483e+07,-112.88,-60.78
3.19519e+07,-115.54,-60.78
3.19555e+07,-111.83,-60.78
3.19591e+07,-119.78,-60.79
3.19627e+07,-114.84,-60.79
3.19663e+07,-116.95,-60.79
3.19699e+07,-125.77,-60.79
3.19735e+07,-117.26,-60.79
3.19771e+07,-113.25,-60.79
3.19807e+07,-125.64,-60.79
3.19843e+07,-119.93,-60.80
3.19878e+07,-111.23,-60.80
3.19914e+07,-115.56,-60.80
3.1995e+07,-118.03,-60.80
3.19986e+07,-121.85,-60.80
3.20022e+07,-122.56,-60.80
3.20058e+07,-116.32,-60.80
3.20094e+07,-114.31,-60.81
3.2013e+07,-111.33,-60.81
3.20166e+07,-109.47,-60.81
3.20202e+07,-111.15,-60.81
3.20238e+07,-112.57,-60.81
3.20274e+07,-116.58,-60.81
3.20309e+07,-118.08,-60.81
3.20345e+07,-117.76,-60.82
3.20381e+07,-116.29,-60.82
3.20417e+07,-113.91,-60.82
3.20453e+07,-116.94,-60.82
3.20489e+07,-114.32,-60.82
3.20525e+07,-117.46,-60.82
3.20561e+07,-121.33,-60.82
3.20597e+07,-116.65,-60.83
3.20633e+07,-124.17,-60.83
3.20669e+07,-126.30,-60.83
3.20705e+07,-126.84,-60.83
3.20741e+07,-116.91,-60.83
3.20776e+07,-114.28,-60.83
3.20812e+07,-120.98,-60.83
3.20848e+07,-116.10,-60.84
3.20884e+07,-120.46,-60.84
3.2092e+07,-113.69,-60.84
3.20956e+07,-113.73,-60.84
3.20992e+07,-113.55,-60.84
3.21028e+07,-115.41,-60.84
3.21064e+07,-113.98,-60.84
3.211e+07,-119.09,-60.84
3.21136e+07,-119.93,-60.85
3.21172e+07,-110.65,-60.85
3.21207e+07,-111.33,-60.85
3.21243e+07,-130.81,-60.85
3.21279e+07,-117.14,-60.85
3.21315e+07,-118.10,-60.85
3.21351e+07,-117.44,-60.85
3.21387e+07,-118.46,-60.86
3.21423e+07,-112.88,-60.86
3.21459e+07,-118.02,-60.86
3.21495e+07,-117.50,-60.86
3.21531e+07,-117.35,-60.86
3.21567e+07,-131.82,-60.86
3.21603e+07,-124.82,-60.86
3.21638e+07,-115.70,-60.87
3.21674e+07,-121.30,-60.87
3.2171e+07,-123.70,-60.87
3.21746e+07,-118.08,-60.87
3.21782e+07,-113.45,-60.87
3.21818e+07,-112.83,-60.87
3.21854e+07,-131.35,-60.87
3.2189e+07,-114.14,-60.88
3.21926e+07,-116.63,-60.88
3.21962e+07,-121.35,-60.88
3.21998e+07,-118.77,-60.88
3.22034e+07,-112.02,-60.88
3.22069e+07,-110.34,-60.88
3.22105e+07,-115.96,-60.88
3.22141e+07,-121.41,-60.89
3.22177e+07,-115.88,-60.89
3.22213e+07,-113.61,-60.89
3.22249e+07,-117.09,-60.89
3.22285e+07,-117.04,-60.89
3.22321e+07,-121.93,-60.89
3.22357e+07,-119.11,-60.89
3.22393e+07,-124.10,-60.90
3.22429e+07,-126.78,-60.90
3.22465e+07,-110.88,-60.90
3.225e+07,-110.39,-60.90
3.22536e+07,-119.08,-60.90
3.22572e+07,-116.50,-60.90
3.22608e+07,-115.27,-60.90
3.22644e+07,-111.76,-60.90
3.2268e+07,-118.56,-60.91
3.22716e+07,-116.66,-60.91
3.22752e+07,-119.62,-60.91
3.22788e+07,-128.35,-60.91
3.22824e+07,-117.14,-60.91
3.2286e+07,-122.07,-60.91
3.22896e+07,-114.73,-60.91
3.22931e+07,-112.92,-60.92
3.22967e+07,-117.45,-60.92
3.23003e+07,-114.01,-60.92
3.23039e+07,-113.21,-60.92
3.23075e+07,-117.20,-60.92
3.23111e+07,-120.53,-60.92
3.23147e+07,-116.16,-60.92
3.23183e+07,-113.96,-60.93
3.23219e+07,-112.45,-60.93
3.23255e+07,-117.62,-60.93
3.23291e+07,-109.18,-60.93
3.23327e+07,-111.67,-60.93
3.23362e+07,-117.75,-60.93
3.23398e+07,-123.42,-60.93
3.23434e+07,-120.75,-60.94
3.2347e+07,-119.79,-60.94
3.23506e+07,-118.50,-60.94
3.23542e+07,-124.32,-60.94
3.23578e+07,-123.26,-60.94
3.23614e+07,-125.39,-60.94
3.2365e+07,-119.11,-60.94
3.23686e+07,-118.10,-60.95
3.23722e+07,-117.94,-60.95
3.23758e+07,-111.08,-60.95
3.23793e+07,-110.04,-60.95
3.23829e+07,-109.80,-60.95
3.23865e+07,-109.72,-60.95
3.23901e+07,-114.02,-60.95
3.23937e+07,-122.68,-60.95
3.23973e+07,-119.46,-60.96
3.24009e+07,-117.67,-60.96
3.24045e+07,-122.22,-60.96
3.24081e+07,-112.98,-60.96
3.24117e+07,-114.36,-60.96
3.24153e+07,-120.79,-60.96
3.24189e+07,-115.58,-60.96
3.24224e+07,-118.16,-60.97
3.2426e+07,-117.59,-60.97
3.24296e+07,-119.89,-60.97
3.24332e+07,-118.37,-60.97
3.24368e+07,-112.93,-60.97
3.24404e+07,-114.22,-60.97
3.2444e+07,-130.12,-60.97
3.24476e+07,-130.06,-60.98
3.24512e+07,-113.49,-60.98
3.24548e+07,-113.65,-60.98
3.24584e+07,-112.45,-60.98
3.2462e+07,-111.61,-60.98
3.24655e+07,-116.30,-60.98
3.24691e+07,-125.34,-60.98
3.24727e+07,-125.02,-60.99
3.24763e+07,-122.10,-60.99
3.24799e+07,-118.44,-60.99
3.24835e+07,-126.05,-60.99
3.24871e+07,-127.53,-60.99
3.24907e+07,-118.48,-60.99
3.24943e+07,-126.11,-60.99
3.24979e+07,-116.69,-60.99
3.25015e+07,-114.60,-61.00
3.25051e+07,-128.18,-61.00
3.25086e+07,-125.15,-61.00
3.25122e+07,-116.11,-61.00
3.25158e+07,-113.60,-61.00
3.25194e+07,-115.43,-61.00
3.2523e+07,-114.33,-61.00
3.25266e+07,-112.37,-61.01
3.25302e+07,-121.58,-61.01
3.25338e+07,-118.46,-61.01
3.25374e+07,-117.48,-61.01
3.2541e+07,-124.17,-61.01
3.25446e+07,-131.07,-61.01
3.25482e+07,-124.79,-61.01
3.25517e+07,-118.52,-61.02
3.25553e+07,-118.31,-61.02
3.25589e+07,-118.43,-61.02
3.25625e+07,-134.20,-61.02
3.25661e+07,-122.16,-61.02
3.25697e+07,-119.49,-61.02
3.25733e+07,-114.38,-61.02
3.25769e+07,-120.06,-61.02
3.25805e+07,-121.08,-61.03
3.25841e+07,-117.47,-61.03
3.25877e+07,-122.25,-61.03
3.25913e+07,-120.99,-61.03
3.25948e+07,-115.85,-61.03
3.25984e+07,-116.17,-61.03
3.2602e+07,-120.20,-61.03
3.26056e+07,-120.44,-61.04
3.26092e+07,-118.40,-61.04
3.26128e+07,-113.63,-61.04
3.26164e+07,-111.74,-61.04
3.262e+07,-117.08,-61.04
3.26236e+07,-116.64,-61.04
3.26272e+07,-128.36,-61.04
3.26308e+07,-121.30,-61.05
3.26344e+07,-116.02,-61.05
3.2638e+07,-115.32,-61.05
3.26415e+07,-118.04,-61.05
3.26451e+07,-122.66,-61.05
3.26487e+07,-113.67,-61.05
3.26523e+07,-116.71,-61.05
3.26559e+07,-134.96,-61.05
3.26595e+07,-129.46,-61.06
3.26631e+07,-124.71,-61.06
3.26667e+07,-116.47,-61.06
3.26703e+07,-113.11,-61.06
3.26739e+07,-118.11,-61.06
3.26775e+07,-117.48,-61.06
3.26811e+07,-118.41,-61.06
3.26846e+07,-123.55,-61.07
3.26882e+07,-122.89,-61.07
3.26918e+07,-126.36,-61.07
3.26954e+07,-115.11,-61.07
3.2699e+07,-114.93,-61.07
3.27026e+07,-120.65,-61.07
3.27062e+07,-118.50,-61.07
3.27098e+07,-115.07,-61.08
3.27134e+07,-114.71,-61.08
3.2717e+07,-115.25,-61.08
3.27206e+07,-127.55,-61.08
3.27242e+07,-114.13,-61.08
3.27277e+07,-112.55,-61.08
3.27313e+07,-116.41,-61.08
3.27349e+07,-118.46,-61.08
3.27385e+07,-132.95,-61.09
3.27421e+07,-117.60,-61.09
3.27457e+07,-115.46,-61.09
3.27493e+07,-127.03,-61.09
3.27529e+07,-116.31,-61.09
3.27565e+07,-123.38,-61.09
3.27601e+07,-122.27,-61.09
3.27637e+07,-119.40,-61.10
3.27673e+07,-122.31,-61.10
3.27708e+07,-115.25,-61.10
3.27744e+07,-120.99,-61.10
3.2778e+07,-115.30,-61.10
3.27816e+07,-115.18,-61.10
3.27852e+07,-117.77,-61.10
3.27888e+07,-117.26,-61.11
3.27924e+07,-118.42,-61.11
3.2796e+07,-116.47,-61.11
3.27996e+07,-116.87,-61.11
3.28032e+07,-111.16,-61.11
3.28068e+07,-111.42,-61.11
3.28104e+07,-115.91,-61.11
3.28139e+07,-115.77,-61.11
3.28175e+07,-114.66,-61.12
3.28211e+07,-115.08,-61.12
3.28247e+07,-117.85,-61.12
3.28283e+07,-117.32,-61.12
3.28319e+07,-113.94,-61.12
3.28355e+07,-120.38,-61.12
3.28391e+07,-127.02,-61.12
3.28427e+07,-120.60,-61.13
3.28463e+07,-118.74,-61.13
3.28499e+07,-129.19,-61.13
3.28535e+07,-123.69,-61.13
3.2857e+07,-120.63,-61.13
3.28606e+07,-115.49,-61.13
3.28642e+07,-117.98,-61.13
3.28678e+07,-114.58,-61.13
3.28714e+07,-120.22,-61.14
3.2875e+07,-119.96,-61.14
3.28786e+07,-111.09,-61.14
3.28822e+07,-111.36,-61.14
3.28858e+07,-112.82,-61.14
3.28894e+07,-114.13,-61.14
3.2893e+07,-115.95,-61.14
3.28966e+07,-112.48,-61.15
3.29001e+07,-109.09,-61.15
3.29037e+07,-113.43,-61.15
3.29073e+07,-122.64,-61.15
3.29109e+07,-118.33,-61.15
3.29145e+07,-117.39,-61.15
3.29181e+07,-122.37,-61.15
3.29217e+07,-116.61,-61.16
3.29253e+07,-111.65,-61.16
3.29289e+07,-113.08,-61.16
3.29325e+07,-118.88,-61.16
3.29361e+07,-111.79,-61.16
3.29397e+07,-109.14,-61.16
3.29432e+07,-112.10,-61.16
3.29468e+07,-110.19,-61.16
3.29504e+07,-109.28,-61.17
3.2954e+07,-107.58,-61.17
3.29576e+07,-113.65,-61.17
3.29612e+07,-111.93,-61.17
3.29648e+07,-112.95,-61.17
3.29684e+07,-118.36,-61.17
3.2972e+07,-109.83,-61.17
3.29756e+07,-112.31,-61.18
3.29792e+07,-116.33,-61.18
3.29828e+07,-114.73,-61.18
3.29863e+07,-113.91,-61.18
3.29899e+07,-121.20,-61.18
3.29935e+07,-117.91,-61.18
3.29971e+07,-111.88,-61.18
3.30007e+07,-110.28,-61.18
3.30043e+07,-109.35,-61.19
3.30079e+07,-112.07,-61.19
3.30115e+07,-117.32,-61.19
3.30151e+07,-109.54,-61.19
3.30187e+07,-110.67,-61.19
3.30223e+07,-115.29,-61.19
3.30259e+07,-119.36,-61.19
3.30294e+07,-122.49,-61.20
3.3033e+07,-119.47,-61.20
3.30366e+07,-124.74,-61.20
3.30402e+07,-111.76,-61.20
3.30438e+07,-114.09,-61.20
3.30474e+07,-118.24,-61.20
3.3051e+07,-120.78,-61.20
3.30546e+07,-113.25,-61.20
3.30582e+07,-111.87,-61.21
3.30618e+07,-117.48,-61.21
3.30654e+07,-125.68,-61.21
3.3069e+07,-116.11,-61.21
3.30725e+07,-114.62,-61.21
3.30761e+07,-119.11,-61.21
3.30797e+07,-118.91,-61.21
3.30833e+07,-118.45,-61.22
3.30869e+07,-115.54,-61.22
3.30905e+07,-123.38,-61.22
3.30941e+07,-121.28,-61.22
3.30977e+07,-127.18,-61.22
3.31013e+07,-118.40,-61.22
3.31049e+07,-116.20,-61.22
3.31085e+07,-124.36,-61.22
3.31121e+07,-112.48,-61.23
3.31156e+07,-109.21,-61.23
3.31192e+07,-110.62,-61.23
3.31228e+07,-111.26,-61.23
3.31264e+07,-114.22,-61.23
3.313e+07,-137.49,-61.23
3.31336e+07,-129.75,-61.23
3.31372e+07,-115.86,-61.24
3.31408e+07,-115.03,-61.24
3.31444e+07,-112.32,-61.24
3.3148e+07,-115.09,-61.24
3.31516e+07,-121.44,-61.24
3.31552e+07,-115.25,-61.24
3.31587e+07,-116.33,-61.24
3.31623e+07,-120.94,-61.24
3.31659e+07,-117.68,-61.25
3.31695e+07,-120.96,-61.25
3.31731e+07,-121.71,-61.25
3.31767e+07,-116.69,-61.25
3.31803e+07,-116.40,-61.25
3.31839e+07,-126.36,-61.25
3.31875e+07,-129.32,-61.25
3.31911e+07,-127.58,-61.26
3.31947e+07,-116.76,-61.26
3.31983e+07,-114.16,-61.26
3.32019e+07,-117.67,-61.26
3.32054e+07,-117.92,-61.26
3.3209e+07,-115.13,-61.26
3.32126e+07,-114.09,-61.26
3.32162e+07,-111.99,-61.26
3.32198e+07,-114.64,-61.27
3.32234e+07,-123.59,-61.27
3.3227e+07,-118.32,-61.27
3.32306e+07,-118.87,-61.27
3.32342e+07,-115.05,-61.27
3.32378e+07,-111.03,-61.27
3.32414e+07,-116.67,-61.27
3.3245e+07,-119.72,-61.28
3.32485e+07,-123.32,-61.28
3.32521e+07,-125.80,-61.28
3.32557e+07,-124.60,-61.28
3.32593e+07,-118.95,-61.28
3.32629e+07,-124.13,-61.28
3.32665e+07,-124.52,-61.28
3.32701e+07,-116.77,-61.28
3.32737e+07,-112.51,-61.29
3.32773e+07,-113.91,-61.29
3.32809e+07,-124.94,-61.29
3.32845e+07,-123.36,-61.29
3.32881e+07,-119.19,-61.29
3.32916e+07,-122.74,-61.29
3.32952e+07,-118.05,-61.29
3.32988e+07,-123.13,-61.30
3.33024e+07,-119.05,-61.30
3.3306e+07,-116.63,-61.30
3.33096e+07,-119.90,-61.30
3.33132e+07,-115.49,-61.30
3.33168e+07,-112.24,-61.30
3.33204e+07,-107.33,-61.30
3.3324e+07,-108.30,-61.30
3.33276e+07,-112.79,-61.31
3.33312e+07,-128.83,-61.31
3.33347e+07,-114.37,-61.31
3.33383e+07,-114.32,-61.31
3.33419e+07,-119.95,-61.31
3.33455e+07,-119.06,-61.31
3.33491e+07,-114.04,-61.31
3.33527e+07,-118.61,-61.31
3.33563e+07,-121.60,-61.32
3.33599e+07,-115.15,-61.32
3.33635e+07,-121.11,-61.32
3.33671e+07,-122.74,-61.32
3.33707e+07,-115.00,-61.32
3.33743e+07,-115.00,-61.32
3.33778e+07,-120.65,-61.32
3.33814e+07,-127.17,-61.33
3.3385e+07,-115.84,-61.33
3.33886e+07,-116.24,-61.33
3.33922e+07,-116.17,-61.33
3.33958e+07,-122.92,-61.33
3.33994e+07,-120.54,-61.33
3.3403e+07,-119.05,-61.33
3.34066e+07,-123.31,-61.33
3.34102e+07,-144.15,-61.34
3.34138e+07,-131.12,-61.34
3.34174e+07,-121.44,-61.34
3.34209e+07,-112.37,-61.34
3.34245e+07,-111.68,-61.34
3.34281e+07,-113.96,-61.34
3.34317e+07,-112.80,-61.34
3.34353e+07,-115.99,-61.35
3.34389e+07,-126.27,-61.35
3.34425e+07,-120.49,-61.35
3.34461e+07,-113.87,-61.35
3.34497e+07,-109.61,-61.35
3.34533e+07,-114.01,-61.35
3.34569e+07,-114.21,-61.35
3.34605e+07,-114.56,-61.35
3.3464e+07,-121.19,-61.36
3.34676e+07,-118.94,-61.36
3.34712e+07,-112.44,-61.36
3.34748e+07,-111.43,-61.36
3.34784e+07,-115.47,-61.36
3.3482e+07,-124.02,-61.36
3.34856e+07,-116.64,-61.36
3.34892e+07,-111.22,-61.36
3.34928e+07,-123.92,-61.37
3.34964e+07,-116.60,-61.37
3.35e+07,-120.34,-61.37
3.35036e+07,-112.71,-61.37
3.35071e+07,-114.28,-61.37
3.35107e+07,-120.88,-61.37
3.35143e+07,-120.87,-61.37
3.35179e+07,-115.49,-61.38
3.35215e+07,-109.86,-61.38
3.35251e+07,-110.40,-61.38
3.35287e+07,-120.34,-61.38
3.35323e+07,-117.37,-61.38
3.35359e+07,-128.62,-61.38
3.35395e+07,-115.01,-61.38
3.35431e+07,-131.05,-61.38
3.35467e+07,-114.89,-61.39
3.35502e+07,-135.43,-61.39
3.35538e+07,-114.96,-61.39
3.35574e+07,-113.38,-61.39
3.3561e+07,-126.94,-61.39
3.35646e+07,-117.90,-61.39
3.35682e+07,-117.26,-61.39
3.35718e+07,-112.77,-61.39
3.35754e+07,-112.67,-61.40
3.3579e+07,-116.38,-61.40
3.35826e+07,-120.48,-61.40
3.35862e+07,-113.60,-61.40
3.35898e+07,-113.27,-61.40
3.35933e+07,-117.77,-61.40
3.35969e+07,-121.14,-61.40
3.36005e+07,-116.10,-61.41
3.36041e+07,-113.09,-61.41
3.36077e+07,-125.86,-61.41
3.36113e+07,-114.70,-61.41
3.36149e+07,-121.32,-61.41
3.36185e+07,-118.72,-61.41
3.36221e+07,-121.30,-61.41
3.36257e+07,-112.09,-61.41
3.36293e+07,-109.98,-61.42
3.36329e+07,-107.88,-61.42
3.36364e+07,-109.90,-61.42
3.364e+07,-115.90,-61.42
3.36436e+07,-120.33,-61.42
3.36472e+07,-119.93,-61.42
3.36508e+07,-142.48,-61.42
3.36544e+07,-121.89,-61.42
3.3658e+07,-119.73,-61.43
3.36616e+07,-114.59,-61.43
3.36652e+07,-117.65,-61.43
3.36688e+07,-121.75,-61.43
3.36724e+07,-119.59,-61.43
3.3676e+07,-121.51,-61.43
3.36795e+07,-114.24,-61.43
3.36831e+07,-122.83,-61.44
3.36867e+07,-113.40,-61.44
3.36903e+07,-112.17,-61.44
3.36939e+07,-115.68,-61.44
3.36975e+07,-123.00,-61.44
3.37011e+07,-136.26,-61.44
3.37047e+07,-123.68,-61.44
3.37083e+07,-126.81,-61.44
3.37119e+07,-123.58,-61.45
3.37155e+07,-124.20,-61.45
3.37191e+07,-112.91,-61.45
3.37226e+07,-112.09,-61.45
3.37262e+07,-115.00,-61.45
3.37298e+07,-117.08,-61.45
3.37334e+07,-113.80,-61.45
3.3737e+07,-116.03,-61.45
3.37406e+07,-121.42,-61.46
3.37442e+07,-118.80,-61.46
3.37478e+07,-117.01,-61.46
3.37514e+07,-114.61,-61.46
3.3755e+07,-113.37,-61.46
3.37586e+07,-122.39,-61.46
3.37622e+07,-119.88,-61.46
3.37657e+07,-116.43,-61.46
3.37693e+07,-118.41,-61.47
3.37729e+07,-120.04,-61.47
3.37765e+07,-115.72,-61.47
3.37801e+07,-116.59,-61.47
3.37837e+07,-123.49,-61.47
3.37873e+07,-113.91,-61.47
3.37909e+07,-115.66,-61.47
3.37945e+07,-122.67,-61.48
3.37981e+07,-123.03,-61.48
3.38017e+07,-125.54,-61.48
3.38053e+07,-124.93,-61.48
3.38089e+07,-116.92,-61.48
3.38124e+07,-119.40,-61.48
3.3816e+07,-120.31,-61.48
3.38196e+07,-113.58,-61.48
3.38232e+07,-122.73,-61.49
3.38268e+07,-119.92,-61.49
3.38304e+07,-118.86,-61.49
3.3834e+07,-116.99,-61.49
3.38376e+07,-117.44,-61.49
3.38412e+07,-120.68,-61.49
3.38448e+07,-121.84,-61.49
3.38484e+07,-119.59,-61.49
3.3852e+07,-118.05,-61.50
3.38555e+07,-117.80,-61.50
3.38591e+07,-135.71,-61.50
3.38627e+07,-137.04,-61.50
3.38663e+07,-125.76,-61.50
3.38699e+07,-115.36,-61.50
3.38735e+07,-123.20,-61.50
3.38771e+07,-127.50,-61.50
3.38807e+07,-117.89,-61.51
3.38843e+07,-117.53,-61.51
3.38879e+07,-121.85,-61.51
3.38915e+07,-115.38,-61.51
3.38951e+07,-111.01,-61.51
3.38986e+07,-109.98,-61.51
3.39022e+07,-116.89,-61.51
3.39058e+07,-119.74,-61.52
3.39094e+07,-111.07,-61.52
3.3913e+07,-112.75,-61.52
3.39166e+07,-119.16,-61.52
3.39202e+07,-115.29,-61.52
3.39238e+07,-114.42,-61.52
3.39274e+07,-114.24,-61.52
3.3931e+07,-113.93,-61.52
3.39346e+07,-112.75,-61.53
3.39382e+07,-114.56,-61.53
3.39417e+07,-115.87,-61.53
3.39453e+07,-111.67,-61.53
3.39489e+07,-111.05,-61.53
3.39525e+07,-107.96,-61.53
3.39561e+07,-110.73,-61.53
3.39597e+07,-111.23,-61.53
3.39633e+07,-120.82,-61.54
3.39669e+07,-115.75,-61.54
3.39705e+07,-123.88,-61.54
3.39741e+07,-117.68,-61.54
3.39777e+07,-110.54,-61.54
3.39813e+07,-109.85,-61.54
3.39848e+07,-112.95,-61.54
3.39884e+07,-117.71,-61.54
3.3992e+07,-113.81,-61.55
3.39956e+07,-109.12,-61.55
3.39992e+07,-110.94,-61.55
3.40028e+07,-116.85,-61.55
3.40064e+07,-116.00,-61.55
3.401e+07,-111.87,-61.55
3.40136e+07,-111.81,-61.55
3.40172e+07,-112.64,-61.55
3.40208e+07,-121.01,-61.56
3.40244e+07,-121.28,-61.56
3.40279e+07,-117.07,-61.56
3.40315e+07,-118.29,-61.56
3.40351e+07,-126.05,-61.56
3.40387e+07,-124.16,-61.56
3.40423e+07,-112.79,-61.56
3.40459e+07,-112.95,-61.56
3.40495e+07,-116.34,-61.57
3.40531e+07,-113.37,-61.57
3.40567e+07,-115.32,-61.57
3.40603e+07,-122.84,-61.57
3.40639e+07,-118.38,-61.57
3.40675e+07,-126.39,-61.57
3.4071e+07,-119.48,-61.57
3.40746e+07,-122.48,-61.58
3.40782e+07,-121.59,-61.58
3.40818e+07,-119.81,-61.58
3.40854e+07,-116.43,-61.58
3.4089e+07,-113.74,-61.58
3.40926e+07,-116.44,-61.58
3.40962e+07,-123.51,-61.58
3.40998e+07,-121.30,-61.58
3.41034e+07,-116.04,-61.59
3.4107e+07,-119.59,-61.59
3.41106e+07,-117.57,-61.59
3.41141e+07,-114.04,-61.59
3.41177e+07,-115.16,-61.59
3.41213e+07,-122.74,-61.59
3.41249e+07,-114.35,-61.59
3.41285e+07,-114.91,-61.59
3.41321e+07,-116.59,-61.60
3.41357e+07,-119.92,-61.60
3.41393e+07,-118.15,-61.60
3.41429e+07,-117.70,-61.60
3.41465e+07,-119.67,-61.60
3.41501e+07,-121.73,-61.60
3.41537e+07,-125.10,-61.60
3.41572e+07,-122.07,-61.60
3.41608e+07,-122.69,-61.61
3.41644e+07,-120.26,-61.61
3.4168e+07,-115.99,-61.61
3.41716e+07,-115.45,-61.61
3.41752e+07,-119.40,-61.61
3.41788e+07,-125.93,-61.61
3.41824e+07,-127.44,-61.61
3.4186e+07,-124.17,-61.61
3.41896e+07,-121.60,-61.62
3.41932e+07,-118.33,-61.62
3.41968e+07,-120.57,-61.62
3.42003e+07,-123.67,-61.62
3.42039e+07,-117.41,-61.62
3.42075e+07,-116.11,-61.62
3.42111e+07,-120.10,-61.62
3.42147e+07,-113.15,-61.62
3.42183e+07,-113.06,-61.63
3.42219e+07,-120.48,-61.63
3.42255e+07,-116.78,-61.63
3.42291e+07,-122.73,-61.63
3.42327e+07,-116.69,-61.63
3.42363e+07,-123.91,-61.63
3.42399e+07,-126.55,-61.63
3.42434e+07,-122.48,-61.63
3.4247e+07,-114.37,-61.64
3.42506e+07,-113.17,-61.64
3.42542e+07,-114.09,-61.64
3.42578e+07,-118.94,-61.64
3.42614e+07,-126.47,-61.64
3.4265e+07,-134.76,-61.64
3.42686e+07,-115.51,-61.64
3.42722e+07,-112.90,-61.64
3.42758e+07,-114.14,-61.65
3.42794e+07,-117.48,-61.65
3.4283e+07,-119.65,-61.65
3.42865e+07,-117.84,-61.65
3.42901e+07,-111.29,-61.65
3.42937e+07,-110.90,-61.65
3.42973e+07,-114.19,-61.65
3.43009e+07,-111.86,-61.65
3.43045e+07,-118.78,-61.66
3.43081e+07,-118.80,-61.66
3.43117e+07,-122.44,-61.66
3.43153e+07,-118.09,-61.66
3.43189e+07,-113.91,-61.66
3.43225e+07,-116.95,-61.66
3.43261e+07,-122.62,-61.66
3.43296e+07,-113.26,-61.66
3.43332e+07,-122.41,-61.67
3.43368e+07,-115.09,-61.67
3.43404e+07,-115.67,-61.67
3.4344e+07,-119.83,-61.67
3.43476e+07,-133.69,-61.67
3.43512e+07,-137.69,-61.67
3.43548e+07,-125.74,-61.67
3.43584e+07,-116.12,-61.67
3.4362e+07,-113.26,-61.68
3.43656e+07,-116.23,-61.68
3.43692e+07,-116.14,-61.68
3.43728e+07,-113.10,-61.68
3.43763e+07,-115.67,-61.68
3.43799e+07,-135.32,-61.68
3.43835e+07,-125.35,-61.68
3.43871e+07,-125.21,-61.69
3.43907e+07,-115.00,-61.69
3.43943e+07,-114.83,-61.69
3.43979e+07,-118.77,-61.69
3.44015e+07,-128.12,-61.69
3.44051e+07,-119.28,-61.69
3.44087e+07,-111.77,-61.69
3.44123e+07,-110.15,-61.69
3.44159e+07,-109.55,-61.70
3.44194e+07,-109.67,-61.70
3.4423e+07,-113.10,-61.70
3.44266e+07,-115.17,-61.70
3.44302e+07,-117.12,-61.70
3.44338e+07,-114.30,-61.70
3.44374e+07,-114.89,-61.70
3.4441e+07,-117.07,-61.70
3.44446e+07,-122.66,-61.71
3.44482e+07,-114.96,-61.71
3.44518e+07,-118.44,-61.71
3.44554e+07,-128.91,-61.71
3.4459e+07,-123.99,-61.71
3.44625e+07,-116.78,-61.71
3.44661e+07,-115.16,-61.71
3.44697e+07,-112.95,-61.71
3.44733e+07,-110.99,-61.72
3.44769e+07,-116.51,-61.72
3.44805e+07,-125.82,-61.72
3.44841e+07,-124.59,-61.72
3.44877e+07,-120.34,-61.72
3.44913e+07,-112.91,-61.72
3.44949e+07,-119.91,-61.72
3.44985e+07,-122.49,-61.72
3.45021e+07,-113.52,-61.73
3.45056e+07,-112.59,-61.73
3.45092e+07,-113.26,-61.73
3.45128e+07,-114.29,-61.73
3.45164e+07,-114.86,-61.73
3.452e+07,-115.88,-61.73
3.45236e+07,-118.47,-61.73
3.45272e+07,-135.70,-61.73
3.45308e+07,-122.78,-61.74
3.45344e+07,-113.51,-61.74
3.4538e+07,-114.07,-61.74
3.45416e+07,-116.99,-61.74
3.45452e+07,-119.82,-61.74
3.45487e+07,-117.74,-61.74
3.45523e+07,-115.28,-61.74
3.45559e+07,-119.18,-61.74
3.45595e+07,-118.42,-61.74
3.45631e+07,-121.49,-61.75
3.45667e+07,-128.78,-61.75
3.45703e+07,-120.26,-61.75
3.45739e+07,-138.84,-61.75
3.45775e+07,-127.43,-61.75
3.45811e+07,-116.17,-61.75
3.45847e+07,-114.99,-61.75
3.45883e+07,-122.48,-61.75
3.45918e+07,-115.70,-61.76
3.45954e+07,-113.33,-61.76
3.4599e+07,-115.46,-61.76
3.46026e+07,-137.36,-61.76
3.46062e+07,-136.96,-61.76
3.46098e+07,-120.44,-61.76
3.46134e+07,-122.31,-61.76
3.4617e+07,-120.69,-61.76
3.46206e+07,-119.14,-61.77
3.46242e+07,-128.70,-61.77
3.46278e+07,-126.98,-61.77
3.46314e+07,-114.36,-61.77
3.46349e+07,-115.20,-61.77
3.46385e+07,-121.69,-61.77
3.46421e+07,-123.98,-61.77
3.46457e+07,-118.86,-61.77
3.46493e+07,-121.60,-61.78
3.46529e+07,-136.48,-61.78
3.46565e+07,-122.00,-61.78
3.46601e+07,-124.09,-61.78
3.46637e+07,-129.52,-61.78
3.46673e+07,-132.24,-61.78
3.46709e+07,-124.57,-61.78
3.46745e+07,-120.30,-61.78
3.4678e+07,-118.81,-61.79
3.46816e+07,-115.54,-61.79
3.46852e+07,-115.75,-61.79
3.46888e+07,-125.21,-61.79
3.46924e+07,-115.64,-61.79
3.4696e+07,-119.07,-61.79
3.46996e+07,-117.73,-61.79
3.47032e+07,-114.46,-61.79
3.47068e+07,-114.28,-61.80
3.47104e+07,-113.79,-61.80
3.4714e+07,-116.17,-61.80
3.47176e+07,-127.29,-61.80
3.47211e+07,-125.59,-61.80
3.47247e+07,-123.19,-61.80
3.47283e+07,-125.75,-61.80
3.47319e+07,-117.07,-61.80
3.47355e+07,-115.28,-61.81
3.47391e+07,-119.74,-61.81
3.47427e+07,-127.31,-61.81
3.47463e+07,-116.28,-61.81
3.47499e+07,-116.92,-61.81
3.47535e+07,-120.27,-61.81
3.47571e+07,-119.56,-61.81
3.47607e+07,-117.71,-61.81
3.47642e+07,-119.35,-61.82
3.47678e+07,-125.04,-61.82
3.47714e+07,-122.58,-61.82
3.4775e+07,-127.32,-61.82
3.47786e+07,-116.34,-61.82
3.47822e+07,-116.02,-61.82
3.47858e+07,-121.76,-61.82
3.47894e+07,-114.24,-61.82
3.4793e+07,-112.74,-61.83
3.47966e+07,-116.89,-61.83
3.48002e+07,-118.23,-61.83
3.48038e+07,-119.51,-61.83
3.48073e+07,-125.23,-61.83
3.48109e+07,-129.18,-61.83
3.48145e+07,-116.34,-61.83
3.48181e+07,-109.76,-61.83
3.48217e+07,-113.08,-61.84
3.48253e+07,-118.26,-61.84
3.48289e+07,-114.13,-61.84
3.48325e+07,-115.73,-61.84
3.48361e+07,-127.18,-61.84
3.48397e+07,-117.10,-61.84
3.48433e+07,-117.11,-61.84
3.48469e+07,-124.91,-61.84
3.48504e+07,-125.36,-61.85
3.4854e+07,-116.72,-61.85
3.48576e+07,-115.75,-61.85
3.48612e+07,-120.70,-61.85
3.48648e+07,-115.48,-61.85
3.48684e+07,-119.02,-61.85
3.4872e+07,-120.75,-61.85
3.48756e+07,-120.71,-61.85
3.48792e+07,-140.67,-61.85
3.48828e+07,-127.71,-61.86
3.48864e+07,-117.26,-61.86
3.489e+07,-110.53,-61.86
3.48935e+07,-110.18,-61.86
3.48971e+07,-111.34,-61.86
3.49007e+07,-113.83,-61.86
3.49043e+07,-122.39,-61.86
3.49079e+07,-122.30,-61.86
3.49115e+07,-124.87,-61.87
3.49151e+07,-123.74,-61.87
3.49187e+07,-133.08,-61.87
3.49223e+07,-114.53,-61.87
3.49259e+07,-111.71,-61.87
3.49295e+07,-117.92,-61.87
3.49331e+07,-119.44,-61.87
3.49367e+07,-114.75,-61.87
3.49402e+07,-115.72,-61.88
3.49438e+07,-113.62,-61.88
3.49474e+07,-116.88,-61.88
3.4951e+07,-114.32,-61.88
3.49546e+07,-126.66,-61.88
3.49582e+07,-118.68,-61.88
3.49618e+07,-129.65,-61.88
3.49654e+07,-120.60,-61.88
3.4969e+07,-117.68,-61.89
3.49726e+07,-119.15,-61.89
3.49762e+07,-143.19,-61.89
3.49798e+07,-113.57,-61.89
3.49833e+07,-113.33,-61.89
3.49869e+07,-118.73,-61.89
3.49905e+07,-129.19,-61.89
3.49941e+07,-114.53,-61.89
3.49977e+07,-120.14,-61.90
3.50013e+07,-121.74,-61.90
3.50049e+07,-115.03,-61.90
3.50085e+07,-112.78,-61.90
3.50121e+07,-115.01,-61.90
3.50157e+07,-116.93,-61.90
3.50193e+07,-122.93,-61.90
3.50229e+07,-117.22,-61.90
3.50264e+07,-116.11,-61.91
3.503e+07,-115.14,-61.91
3.50336e+07,-113.12,-61.91
3.50372e+07,-120.19,-61.91
3.50408e+07,-118.52,-61.91
3.50444e+07,-116.71,-61.91
3.5048e+07,-117.23,-61.91
3.50516e+07,-117.34,-61.91
3.50552e+07,-120.40,-61.91
3.50588e+07,-126.44,-61.92
3.50624e+07,-124.50,-61.92
3.5066e+07,-119.55,-61.92
3.50695e+07,-115.68,-61.92
3.50731e+07,-114.09,-61.92
3.50767e+07,-116.26,-61.92
3.50803e+07,-114.12,-61.92
3.50839e+07,-114.04,-61.92
3.50875e+07,-119.68,-61.93
3.50911e+07,-127.17,-61.93
3.50947e+07,-124.02,-61.93
3.50983e+07,-114.09,-61.93
3.51019e+07,-111.66,-61.93
3.51055e+07,-119.26,-61.93
3.51091e+07,-123.30,-61.93
3.51126e+07,-117.01,-61.93
3.51162e+07,-116.94,-61.94
3.51198e+07,-116.59,-61.94
3.51234e+07,-114.85,-61.94
3.5127e+07,-114.79,-61.94
3.51306e+07,-116.20,-61.94
3.51342e+07,-126.90,-61.94
3.51378e+07,-125.41,-61.94
3.51414e+07,-120.39,-61.94
3.5145e+07,-127.66,-61.95
3.51486e+07,-119.36,-61.95
3.51522e+07,-123.06,-61.95
3.51557e+07,-134.91,-61.95
3.51593e+07,-119.00,-61.95
3.51629e+07,-115.55,-61.95
3.51665e+07,-121.01,-61.95
3.51701e+07,-123.61,-61.95
3.51737e+07,-115.59,-61.95
3.51773e+07,-119.76,-61.96
3.51809e+07,-124.66,-61.96
3.51845e+07,-125.47,-61.96
3.51881e+07,-127.71,-61.96
3.51917e+07,-124.77,-61.96
3.51953e+07,-122.55,-61.96
3.51988e+07,-125.66,-61.96
3.52024e+07,-135.25,-61.96
3.5206e+07,-123.60,-61.97
3.52096e+07,-121.95,-61.97
3.52132e+07,-121.17,-61.97
3.52168e+07,-131.37,-61.97
3.52204e+07,-122.29,-61.97
3.5224e+07,-113.67,-61.97
3.52276e+07,-116.62,-61.97
3.52312e+07,-122.94,-61.97
3.52348e+07,-120.89,-61.98
3.52384e+07,-117.37,-61.98
3.52419e+07,-119.96,-61.98
3.52455e+07,-115.61,-61.98
3.52491e+07,-124.80,-61.98
3.52527e+07,-121.89,-61.98
3.52563e+07,-151.35,-61.98
3.52599e+07,-123.45,-61.98
3.52635e+07,-124.36,-61.99
3.52671e+07,-131.94,-61.99
3.52707e+07,-127.79,-61.99
3.52743e+07,-125.91,-61.99
3.52779e+07,-118.26,-61.99
3.52815e+07,-121.71,-61.99
3.5285e+07,-118.51,-61.99
3.52886e+07,-117.69,-61.99
3.52922e+07,-117.88,-61.99
3.52958e+07,-120.54,-62.00
3.52994e+07,-118.74,-62.00
3.5303e+07,-118.03,-62.00
3.53066e+07,-120.73,-62.00
3.53102e+07,-116.97,-62.00
3.53138e+07,-121.03,-62.00
3.53174e+07,-114.71,-62.00
3.5321e+07,-121.10,-62.00
3.53246e+07,-113.98,-62.01
3.53281e+07,-117.54,-62.01
3.53317e+07,-122.81,-62.01
3.53353e+07,-116.76,-62.01
3.53389e+07,-117.47,-62.01
3.53425e+07,-117.03,-62.01
3.53461e+07,-117.67,-62.01
3.53497e+07,-123.62,-62.01
3.53533e+07,-127.49,-62.02
3.53569e+07,-120.59,-62.02
3.53605e+07,-132.22,-62.02
3.53641e+07,-125.87,-62.02
3.53677e+07,-119.00,-62.02
3.53712e+07,-118.86,-62.02
3.53748e+07,-119.45,-62.02
3.53784e+07,-117.38,-62.02
3.5382e+07,-117.30,-62.02
3.53856e+07,-118.47,-62.03
3.53892e+07,-115.14,-62.03
3.53928e+07,-113.86,-62.03
3.53964e+07,-119.53,-62.03
3.54e+07,-137.99,-62.03
3.54036e+07,-126.82,-62.03
3.54072e+07,-120.73,-62.03
3.54108e+07,-111.23,-62.03
3.54143e+07,-109.79,-62.04
3.54179e+07,-112.21,-62.04
3.54215e+07,-115.36,-62.04
3.54251e+07,-112.60,-62.04
3.54287e+07,-115.04,-62.04
3.54323e+07,-116.27,-62.04
3.54359e+07,-132.99,-62.04
3.54395e+07,-150.45,-62.04
3.54431e+07,-116.57,-62.05
3.54467e+07,-109.32,-62.05
3.54503e+07,-114.01,-62.05
3.54539e+07,-127.93,-62.05
3.54574e+07,-126.13,-62.05
3.5461e+07,-114.91,-62.05
3.54646e+07,-116.48,-62.05
3.54682e+07,-112.18,-62.05
3.54718e+07,-108.86,-62.05
3.54754e+07,-108.06,-62.06
3.5479e+07,-107.91,-62.06
3.54826e+07,-109.59,-62.06
3.54862e+07,-116.28,-62.06
3.54898e+07,-124.31,-62.06
3.54934e+07,-121.84,-62.06
3.5497e+07,-121.80,-62.06
3.55006e+07,-113.43,-62.06
3.55041e+07,-110.00,-62.07
3.55077e+07,-111.02,-62.07
3.55113e+07,-124.70,-62.07
3.55149e+07,-114.51,-62.07
3.55185e+07,-116.55,-62.07
3.55221e+07,-127.82,-62.07
3.55257e+07,-118.00,-62.07
3.55293e+07,-118.06,-62.07
3.55329e+07,-122.58,-62.07
3.55365e+07,-114.77,-62.08
3.55401e+07,-111.60,-62.08
3.55437e+07,-120.49,-62.08
3.55472e+07,-128.18,-62.08
3.55508e+07,-122.54,-62.08
3.55544e+07,-124.63,-62.08
3.5558e+07,-120.17,-62.08
3.55616e+07,-123.37,-62.08
3.55652e+07,-120.01,-62.09
3.55688e+07,-112.66,-62.09
3.55724e+07,-111.81,-62.09
3.5576e+07,-113.29,-62.09
3.55796e+07,-117.90,-62.09
3.55832e+07,-114.96,-62.09
3.55868e+07,-117.62,-62.09
3.55903e+07,-126.80,-62.09
3.55939e+07,-123.96,-62.10
3.55975e+07,-115.17,-62.10
3.56011e+07,-115.72,-62.10
3.56047e+07,-117.44,-62.10
3.56083e+07,-116.86,-62.10
3.56119e+07,-118.55,-62.10
3.56155e+07,-116.57,-62.10
3.56191e+07,-122.05,-62.10
3.56227e+07,-115.50,-62.10
3.56263e+07,-126.70,-62.11
3.56299e+07,-122.08,-62.11
3.56334e+07,-116.51,-62.11
3.5637e+07,-113.08,-62.11
3.56406e+07,-114.26,-62.11
3.56442e+07,-119.35,-62.11
3.56478e+07,-119.54,-62.11
3.56514e+07,-119.18,-62.11
3.5655e+07,-116.37,-62.12
3.56586e+07,-122.71,-62.12
3.56622e+07,-115.88,-62.12
3.56658e+07,-115.14,-62.12
3.56694e+07,-121.14,-62.12
3.5673e+07,-119.96,-62.12
3.56765e+07,-114.66,-62.12
3.56801e+07,-122.48,-62.12
3.56837e+07,-121.33,-62.12
3.56873e+07,-122.67,-62.13
3.56909e+07,-115.13,-62.13
3.56945e+07,-116.80,-62.13
3.56981e+07,-117.33,-62.13
3.57017e+07,-123.03,-62.13
3.57053e+07,-113.87,-62.13
3.57089e+07,-113.11,-62.13
3.57125e+07,-117.59,-62.13
3.57161e+07,-120.20,-62.14
3.57196e+07,-113.04,-62.14
3.57232e+07,-117.69,-62.14
3.57268e+07,-119.67,-62.14
3.57304e+07,-120.26,-62.14
3.5734e+07,-125.84,-62.14
3.57376e+07,-117.73,-62.14
3.57412e+07,-115.52,-62.14
3.57448e+07,-117.92,-62.14
3.57484e+07,-114.58,-62.15
3.5752e+07,-115.74,-62.15
3.57556e+07,-116.90,-62.15
3.57592e+07,-122.04,-62.15
3.57627e+07,-120.93,-62.15
3.57663e+07,-121.41,-62.15
3.57699e+07,-113.73,-62.15
3.57735e+07,-114.35,-62.15
3.57771e+07,-121.81,-62.16
3.57807e+07,-118.60,-62.16
3.57843e+07,-120.75,-62.16
3.57879e+07,-119.11,-62.16
3.57915e+07,-122.59,-62.16
3.57951e+07,-120.67,-62.16
3.57987e+07,-116.92,-62.16
3.58023e+07,-119.00,-62.16
3.58058e+07,-119.33,-62.16
3.58094e+07,-118.66,-62.17
3.5813e+07,-118.04,-62.17
3.58166e+07,-117.50,-62.17
3.58202e+07,-116.38,-62.17
3.58238e+07,-116.48,-62.17
3.58274e+07,-115.53,-62.17
3.5831e+07,-124.26,-62.17
3.58346e+07,-125.88,-62.17
3.58382e+07,-116.33,-62.18
3.58418e+07,-113.14,-62.18
3.58454e+07,-116.79,-62.18
3.58489e+07,-120.71,-62.18
3.58525e+07,-122.98,-62.18
3.58561e+07,-122.02,-62.18
3.58597e+07,-122.00,-62.18
3.58633e+07,-124.03,-62.18
3.58669e+07,-119.37,-62.18
3.58705e+07,-120.21,-62.19
3.58741e+07,-117.39,-62.19
3.58777e+07,-116.00,-62.19
3.58813e+07,-112.39,-62.19
3.58849e+07,-113.74,-62.19
3.58885e+07,-114.72,-62.19
3.5892e+07,-118.22,-62.19
3.58956e+07,-132.51,-62.19
3.58992e+07,-117.86,-62.20
3.59028e+07,-112.99,-62.20
3.59064e+07,-116.62,-62.20
3.591e+07,-127.57,-62.20
3.59136e+07,-125.86,-62.20
3.59172e+07,-122.38,-62.20
3.59208e+07,-123.12,-62.20
3.59244e+07,-133.34,-62.20
3.5928e+07,-128.84,-62.20
3.59316e+07,-122.04,-62.21
3.59351e+07,-129.60,-62.21
3.59387e+07,-121.05,-62.21
3.59423e+07,-121.11,-62.21
3.59459e+07,-127.57,-62.21
3.59495e+07,-133.35,-62.21
3.59531e+07,-123.22,-62.21
3.59567e+07,-118.97,-62.21
3.59603e+07,-120.11,-62.22
3.59639e+07,-138.38,-62.22
3.59675e+07,-116.54,-62.22
3.59711e+07,-111.57,-62.22
3.59747e+07,-115.50,-62.22
3.59782e+07,-114.90,-62.22
3.59818e+07,-111.86,-62.22
3.59854e+07,-111.84,-62.22
3.5989e+07,-112.88,-62.22
3.59926e+07,-122.23,-62.23
3.59962e+07,-116.97,-62.23
3.59998e+07,-120.78,-62.23
3.60034e+07,-118.11,-62.23
3.6007e+07,-120.09,-62.23
3.60106e+07,-118.93,-62.23
3.60142e+07,-114.42,-62.23
3.60178e+07,-114.09,-62.23
3.60213e+07,-122.91,-62.24
3.60249e+07,-126.61,-62.24
3.60285e+07,-122.59,-62.24
3.60321e+07,-113.97,-62.24
3.60357e+07,-116.16,-62.24
3.60393e+07,-115.73,-62.24
3.60429e+07,-116.86,-62.24
3.60465e+07,-116.78,-62.24
3.60501e+07,-116.16,-62.24
3.60537e+07,-116.32,-62.25
3.60573e+07,-121.55,-62.25
3.60609e+07,-121.93,-62.25
3.60645e+07,-120.07,-62.25
3.6068e+07,-117.00,-62.25
3.60716e+07,-120.68,-62.25
3.60752e+07,-126.80,-62.25
3.60788e+07,-114.80,-62.25
3.60824e+07,-114.83,-62.26
3.6086e+07,-127.51,-62.26
3.60896e+07,-120.38,-62.26
3.60932e+07,-126.13,-62.26
3.60968e+07,-127.82,-62.26
3.61004e+07,-120.61,-62.26
3.6104e+07,-125.08,-62.26
3.61076e+07,-120.98,-62.26
3.61111e+07,-128.63,-62.26
3.61147e+07,-121.79,-62.27
3.61183e+07,-119.11,-62.27
3.61219e+07,-118.18,-62.27
3.61255e+07,-117.42,-62.27
3.61291e+07,-117.01,-62.27
3.61327e+07,-118.72,-62.27
3.61363e+07,-124.91,-62.27
3.61399e+07,-122.81,-62.27
3.61435e+07,-116.12,-62.27
3.61471e+07,-115.48,-62.28
3.61507e+07,-118.94,-62.28
3.61542e+07,-125.81,-62.28
3.61578e+07,-115.22,-62.28
3.61614e+07,-115.60,-62.28
3.6165e+07,-119.38,-62.28
3.61686e+07,-120.09,-62.28
3.61722e+07,-117.80,-62.28
3.61758e+07,-118.17,-62.29
3.61794e+07,-116.55,-62.29
3.6183e+07,-119.77,-62.29
3.61866e+07,-122.85,-62.29
3.61902e+07,-123.48,-62.29
3.61938e+07,-124.91,-62.29
3.61973e+07,-121.85,-62.29
3.62009e+07,-119.90,-62.29
3.62045e+07,-122.94,-62.29
3.62081e+07,-130.75,-62.30
3.62117e+07,-118.06,-62.30
3.62153e+07,-118.28,-62.30
3.62189e+07,-123.07,-62.30
3.62225e+07,-115.55,-62.30
3.62261e+07,-117.35,-62.30
3.62297e+07,-122.32,-62.30
3.62333e+07,-118.26,-62.30
3.62369e+07,-123.89,-62.30
3.62404e+07,-114.56,-62.31
3.6244e+07,-115.60,-62.31
3.62476e+07,-121.13,-62.31
3.62512e+07,-117.30,-62.31
3.62548e+07,-115.35,-62.31
3.62584e+07,-113.57,-62.31
3.6262e+07,-116.44,-62.31
3.62656e+07,-121.92,-62.31
3.62692e+07,-119.11,-62.32
3.62728e+07,-117.72,-62.32
3.62764e+07,-115.98,-62.32
3.628e+07,-118.98,-62.32
3.62835e+07,-121.81,-62.32
3.62871e+07,-112.04,-62.32
3.62907e+07,-114.70,-62.32
3.62943e+07,-126.58,-62.32
3.62979e+07,-130.15,-62.32
3.63015e+07,-128.25,-62.33
3.63051e+07,-125.02,-62.33
3.63087e+07,-125.29,-62.33
3.63123e+07,-123.41,-62.33
3.63159e+07,-124.31,-62.33
3.63195e+07,-128.63,-62.33
3.63231e+07,-115.41,-62.33
3.63266e+07,-115.79,-62.33
3.63302e+07,-123.22,-62.33
3.63338e+07,-134.33,-62.34
3.63374e+07,-118.63,-62.34
3.6341e+07,-115.21,-62.34
3.63446e+07,-118.01,-62.34
3.63482e+07,-118.67,-62.34
3.63518e+07,-125.06,-62.34
3.63554e+07,-127.48,-62.34
3.6359e+07,-121.81,-62.34
3.63626e+07,-118.13,-62.35
3.63662e+07,-123.36,-62.35
3.63697e+07,-130.62,-62.35
3.63733e+07,-119.38,-62.35
3.63769e+07,-111.61,-62.35
3.63805e+07,-109.71,-62.35
3.63841e+07,-112.12,-62.35
3.63877e+07,-114.94,-62.35
3.63913e+07,-119.46,-62.35
3.63949e+07,-118.50,-62.36
3.63985e+07,-117.92,-62.36
3.64021e+07,-125.46,-62.36
3.64057e+07,-112.51,-62.36
3.64093e+07,-110.31,-62.36
3.64128e+07,-112.20,-62.36
3.64164e+07,-113.78,-62.36
3.642e+07,-114.15,-62.36
3.64236e+07,-114.47,-62.36
3.64272e+07,-111.37,-62.37
3.64308e+07,-115.65,-62.37
3.64344e+07,-124.44,-62.37
3.6438e+07,-123.08,-62.37
3.64416e+07,-112.57,-62.37
3.64452e+07,-114.83,-62.37
3.64488e+07,-123.99,-62.37
3.64524e+07,-126.43,-62.37
3.64559e+07,-138.17,-62.38
3.64595e+07,-132.77,-62.38
3.64631e+07,-116.08,-62.38
3.64667e+07,-113.60,-62.38
3.64703e+07,-120.10,-62.38
3.64739e+07,-120.52,-62.38
3.64775e+07,-115.54,-62.38
3.64811e+07,-110.47,-62.38
3.64847e+07,-111.44,-62.38
3.64883e+07,-127.88,-62.39
3.64919e+07,-114.73,-62.39
3.64955e+07,-112.97,-62.39
3.6499e+07,-114.76,-62.39
3.65026e+07,-112.99,-62.39
3.65062e+07,-116.08,-62.39
3.65098e+07,-115.91,-62.39
3.65134e+07,-120.22,-62.39
3.6517e+07,-113.91,-62.39
3.65206e+07,-112.45,-62.40
3.65242e+07,-117.57,-62.40
3.65278e+07,-115.41,-62.40
3.65314e+07,-118.90,-62.40
3.6535e+07,-118.36,-62.40
3.65386e+07,-117.20,-62.40
3.65421e+07,-117.20,-62.40
3.65457e+07,-123.96,-62.40
3.65493e+07,-114.36,-62.40
3.65529e+07,-113.81,-62.41
3.65565e+07,-130.84,-62.41
3.65601e+07,-125.38,-62.41
3.65637e+07,-111.96,-62.41
3.65673e+07,-112.39,-62.41
3.65709e+07,-128.68,-62.41
3.65745e+07,-114.51,-62.41
3.65781e+07,-113.13,-62.41
3.65817e+07,-111.82,-62.42
3.65852e+07,-113.26,-62.42
3.65888e+07,-128.47,-62.42
3.65924e+07,-142.86,-62.42
3.6596e+07,-120.57,-62.42
3.65996e+07,-113.98,-62.42
3.66032e+07,-116.69,-62.42
3.66068e+07,-119.40,-62.42
3.66104e+07,-114.08,-62.42
3.6614e+07,-113.78,-62.43
3.66176e+07,-119.80,-62.43
3.66212e+07,-121.11,-62.43
3.66248e+07,-118.32,-62.43
3.66283e+07,-124.63,-62.43
3.66319e+07,-114.42,-62.43
3.66355e+07,-113.66,-62.43
3.66391e+07,-115.22,-62.43
3.66427e+07,-114.41,-62.43
3.66463e+07,-114.28,-62.44
3.66499e+07,-113.83,-62.44
3.66535e+07,-115.12,-62.44
3.66571e+07,-130.99,-62.44
3.66607e+07,-130.52,-62.44
3.66643e+07,-117.30,-62.44
3.66679e+07,-116.12,-62.44
3.66715e+07,-125.61,-62.44
3.6675e+07,-124.81,-62.44
3.66786e+07,-133.27,-62.45
3.66822e+07,-121.62,-62.45
3.66858e+07,-121.19,-62.45
3.66894e+07,-110.86,-62.45
3.6693e+07,-114.23,-62.45
3.66966e+07,-121.65,-62.45
3.67002e+07,-123.83,-62.45
3.67038e+07,-119.40,-62.45
3.67074e+07,-124.45,-62.45
3.6711e+07,-117.58,-62.46
3.67146e+07,-122.82,-62.46
3.67181e+07,-137.78,-62.46
3.67217e+07,-125.24,-62.46
3.67253e+07,-119.68,-62.46
3.67289e+07,-120.59,-62.46
3.67325e+07,-135.53,-62.46
3.67361e+07,-124.77,-62.46
3.67397e+07,-125.60,-62.46
3.67433e+07,-117.68,-62.47
3.67469e+07,-114.48,-62.47
3.67505e+07,-112.10,-62.47
3.67541e+07,-117.60,-62.47
3.67577e+07,-122.32,-62.47
3.67612e+07,-122.78,-62.47
3.67648e+07,-116.53,-62.47
3.67684e+07,-111.71,-62.47
3.6772e+07,-114.09,-62.48
3.67756e+07,-119.43,-62.48
3.67792e+07,-117.54,-62.48
3.67828e+07,-129.22,-62.48
3.67864e+07,-119.30,-62.48
3.679e+07,-116.58,-62.48
3.67936e+07,-116.00,-62.48
3.67972e+07,-125.45,-62.48
3.68008e+07,-124.57,-62.48
3.68043e+07,-121.13,-62.49
3.68079e+07,-114.09,-62.49
3.68115e+07,-114.89,-62.49
3.68151e+07,-121.30,-62.49
3.68187e+07,-114.92,-62.49
3.68223e+07,-122.40,-62.49
3.68259e+07,-121.88,-62.49
3.68295e+07,-121.85,-62.49
3.68331e+07,-114.81,-62.49
3.68367e+07,-113.09,-62.50
3.68403e+07,-118.68,-62.50
3.68439e+07,-114.34,-62.50
3.68474e+07,-114.89,-62.50
3.6851e+07,-117.69,-62.50
3.68546e+07,-126.94,-62.50
3.68582e+07,-119.73,-62.50
3.68618e+07,-120.64,-62.50
3.68654e+07,-125.46,-62.50
3.6869e+07,-127.20,-62.51
3.68726e+07,-124.58,-62.51
3.68762e+07,-120.56,-62.51
3.68798e+07,-120.68,-62.51
3.68834e+07,-114.96,-62.51
3.6887e+07,-114.08,-62.51
3.68905e+07,-119.59,-62.51
3.68941e+07,-122.06,-62.51
3.68977e+07,-120.25,-62.51
3.69013e+07,-118.27,-62.52
3.69049e+07,-120.76,-62.52
3.69085e+07,-125.65,-62.52
3.69121e+07,-118.60,-62.52
3.69157e+07,-113.35,-62.52
3.69193e+07,-112.52,-62.52
3.69229e+07,-113.69,-62.52
3.69265e+07,-122.07,-62.52
3.69301e+07,-122.07,-62.52
3.69336e+07,-114.81,-62.53
3.69372e+07,-122.17,-62.53
3.69408e+07,-114.25,-62.53
3.69444e+07,-115.43,-62.53
3.6948e+07,-120.36,-62.53
3.69516e+07,-120.20,-62.53
3.69552e+07,-118.07,-62.53
3.69588e+07,-117.99,-62.53
3.69624e+07,-115.55,-62.53
3.6966e+07,-117.66,-62.54
3.69696e+07,-124.61,-62.54
3.69732e+07,-114.12,-62.54
3.69767e+07,-114.15,-62.54
3.69803e+07,-119.44,-62.54
3.69839e+07,-118.35,-62.54
3.69875e+07,-119.59,-62.54
3.69911e+07,-113.73,-62.54
3.69947e+07,-111.34,-62.54
3.69983e+07,-123.24,-62.55
3.70019e+07,-122.06,-62.55
3.70055e+07,-117.86,-62.55
3.70091e+07,-113.17,-62.55
3.70127e+07,-117.95,-62.55
3.70163e+07,-127.39,-62.55
3.70198e+07,-119.52,-62.55
3.70234e+07,-120.30,-62.55
3.7027e+07,-120.07,-62.55
3.70306e+07,-115.20,-62.56
3.70342e+07,-118.45,-62.56
3.70378e+07,-116.66,-62.56
3.70414e+07,-111.91,-62.56
3.7045e+07,-114.35,-62.56
3.70486e+07,-119.71,-62.56
3.70522e+07,-112.05,-62.56
3.70558e+07,-115.33,-62.56
3.70594e+07,-116.44,-62.57
3.70629e+07,-115.13,-62.57
3.70665e+07,-117.96,-62.57
3.70701e+07,-123.04,-62.57
3.70737e+07,-125.12,-62.57
3.70773e+07,-131.89,-62.57
3.70809e+07,-117.73,-62.57
3.70845e+07,-120.13,-62.57
3.70881e+07,-125.25,-62.57
3.70917e+07,-124.57,-62.58
3.70953e+07,-120.06,-62.58
3.70989e+07,-123.16,-62.58
3.71025e+07,-121.72,-62.58
3.7106e+07,-117.86,-62.58
3.71096e+07,-117.68,-62.58
3.71132e+07,-120.64,-62.58
3.71168e+07,-114.31,-62.58
3.71204e+07,-127.18,-62.58
3.7124e+07,-114.08,-62.59
3.71276e+07,-112.06,-62.59
3.71312e+07,-112.24,-62.59
3.71348e+07,-113.39,-62.59
3.71384e+07,-114.80,-62.59
3.7142e+07,-117.30,-62.59
3.71456e+07,-127.25,-62.59
3.71491e+07,-123.04,-62.59
3.71527e+07,-124.67,-62.59
3.71563e+07,-116.16,-62.60
3.71599e+07,-115.11,-62.60
3.71635e+07,-120.24,-62.60
3.71671e+07,-111.48,-62.60
3.71707e+07,-121.14,-62.60
3.71743e+07,-118.89,-62.60
3.71779e+07,-118.92,-62.60
3.71815e+07,-120.62,-62.60
3.71851e+07,-118.46,-62.60
3.71887e+07,-114.90,-62.61
3.71922e+07,-113.88,-62.61
3.71958e+07,-113.10,-62.61
3.71994e+07,-125.03,-62.61
3.7203e+07,-114.40,-62.61
3.72066e+07,-110.22,-62.61
3.72102e+07,-109.76,-62.61
3.72138e+07,-113.36,-62.61
3.72174e+07,-121.58,-62.61
3.7221e+07,-125.18,-62.62
3.72246e+07,-127.12,-62.62
3.72282e+07,-118.66,-62.62
3.72318e+07,-113.76,-62.62
3.72354e+07,-120.73,-62.62
3.72389e+07,-126.19,-62.62
3.72425e+07,-123.89,-62.62
3.72461e+07,-122.99,-62.62
3.72497e+07,-116.16,-62.62
3.72533e+07,-118.69,-62.63
3.72569e+07,-122.37,-62.63
3.72605e+07,-121.80,-62.63
3.72641e+07,-117.84,-62.63
3.72677e+07,-118.44,-62.63
3.72713e+07,-120.19,-62.63
3.72749e+07,-113.46,-62.63
3.72785e+07,-112.43,-62.63
3.7282e+07,-113.99,-62.63
3.72856e+07,-115.50,-62.64
3.72892e+07,-123.63,-62.64
3.72928e+07,-121.37,-62.64
3.72964e+07,-122.22,-62.64
3.73e+07,-117.99,-62.64
3.73036e+07,-114.55,-62.64
3.73072e+07,-115.56,-62.64
3.73108e+07,-116.81,-62.64
3.73144e+07,-117.79,-62.64
3.7318e+07,-118.95,-62.64
3.73216e+07,-121.62,-62.65
3.73251e+07,-120.09,-62.65
3.73287e+07,-114.89,-62.65
3.73323e+07,-113.02,-62.65
3.73359e+07,-118.39,-62.65
3.73395e+07,-132.17,-62.65
3.73431e+07,-134.26,-62.65
3.73467e+07,-118.98,-62.65
3.73503e+07,-119.02,-62.65
3.73539e+07,-123.73,-62.66
3.73575e+07,-125.91,-62.66
3.73611e+07,-126.69,-62.66
3.73647e+07,-123.87,-62.66
3.73682e+07,-120.07,-62.66
3.73718e+07,-117.12,-62.66
3.73754e+07,-114.20,-62.66
3.7379e+07,-113.06,-62.66
3.73826e+07,-119.69,-62.66
3.73862e+07,-124.60,-62.67
3.73898e+07,-129.28,-62.67
3.73934e+07,-116.21,-62.67
3.7397e+07,-114.48,-62.67
3.74006e+07,-136.46,-62.67
3.74042e+07,-112.87,-62.67
3.74078e+07,-110.31,-62.67
3.74113e+07,-115.11,-62.67
3.74149e+07,-119.37,-62.67
3.74185e+07,-121.25,-62.68
3.74221e+07,-137.11,-62.68
3.74257e+07,-121.99,-62.68
3.74293e+07,-119.94,-62.68
3.74329e+07,-116.72,-62.68
3.74365e+07,-117.64,-62.68
3.74401e+07,-115.13,-62.68
3.74437e+07,-112.31,-62.68
3.74473e+07,-115.83,-62.68
3.74509e+07,-114.61,-62.69
3.74544e+07,-113.57,-62.69
3.7458e+07,-116.49,-62.69
3.74616e+07,-116.56,-62.69
3.74652e+07,-117.22,-62.69
3.74688e+07,-119.18,-62.69
3.74724e+07,-114.13,-62.69
3.7476e+07,-111.03,-62.69
3.74796e+07,-114.72,-62.69
3.74832e+07,-120.71,-62.70
3.74868e+07,-117.72,-62.70
3.74904e+07,-117.02,-62.70
3.7494e+07,-128.49,-62.70
3.74975e+07,-117.41,-62.70
3.75011e+07,-114.74,-62.70
3.75047e+07,-119.69,-62.70
3.75083e+07,-115.69,-62.70
3.75119e+07,-113.49,-62.70
3.75155e+07,-118.83,-62.71
3.75191e+07,-119.25,-62.71
3.75227e+07,-115.96,-62.71
3.75263e+07,-119.38,-62.71
3.75299e+07,-124.19,-62.71
3.75335e+07,-119.88,-62.71
3.75371e+07,-121.79,-62.71
3.75406e+07,-126.89,-62.71
3.75442e+07,-119.59,-62.71
3.75478e+07,-119.12,-62.72
3.75514e+07,-115.91,-62.72
3.7555e+07,-119.01,-62.72
3.75586e+07,-121.83,-62.72
3.75622e+07,-117.10,-62.72
3.75658e+07,-118.12,-62.72
3.75694e+07,-116.27,-62.72
3.7573e+07,-113.19,-62.72
3.75766e+07,-119.87,-62.72
3.75802e+07,-117.54,-62.73
3.75837e+07,-119.28,-62.73
3.75873e+07,-128.34,-62.73
3.75909e+07,-126.75,-62.73
3.75945e+07,-123.09,-62.73
3.75981e+07,-127.95,-62.73
3.76017e+07,-120.24,-62.73
3.76053e+07,-133.35,-62.73
3.76089e+07,-125.46,-62.73
3.76125e+07,-123.67,-62.74
3.76161e+07,-116.92,-62.74
3.76197e+07,-117.42,-62.74
3.76233e+07,-116.99,-62.74
3.76268e+07,-119.10,-62.74
3.76304e+07,-137.80,-62.74
3.7634e+07,-125.71,-62.74
3.76376e+07,-119.39,-62.74
3.76412e+07,-115.79,-62.74
3.76448e+07,-131.39,-62.74
3.76484e+07,-118.99,-62.75
3.7652e+07,-119.99,-62.75
3.76556e+07,-110.46,-62.75
3.76592e+07,-114.18,-62.75
3.76628e+07,-121.35,-62.75
3.76664e+07,-116.73,-62.75
3.76699e+07,-122.03,-62.75
3.76735e+07,-120.61,-62.75
3.76771e+07,-130.68,-62.75
3.76807e+07,-118.36,-62.76
3.76843e+07,-115.46,-62.76
3.76879e+07,-123.23,-62.76
3.76915e+07,-125.76,-62.76
3.76951e+07,-122.25,-62.76
3.76987e+07,-121.36,-62.76
3.77023e+07,-118.80,-62.76
3.77059e+07,-114.48,-62.76
3.77095e+07,-117.05,-62.76
3.7713e+07,-125.83,-62.77
3.77166e+07,-143.05,-62.77
3.77202e+07,-120.47,-62.77
3.77238e+07,-125.47,-62.77
3.77274e+07,-124.70,-62.77
3.7731e+07,-115.17,-62.77
3.77346e+07,-119.63,-62.77
3.77382e+07,-117.43,-62.77
3.77418e+07,-120.27,-62.77
3.77454e+07,-123.21,-62.78
3.7749e+07,-115.56,-62.78
3.77526e+07,-116.89,-62.78
3.77561e+07,-119.37,-62.78
3.77597e+07,-122.98,-62.78
3.77633e+07,-121.50,-62.78
3.77669e+07,-124.37,-62.78
3.77705e+07,-119.29,-62.78
3.77741e+07,-120.11,-62.78
3.77777e+07,-121.68,-62.79
3.77813e+07,-113.25,-62.79
3.77849e+07,-116.49,-62.79
3.77885e+07,-117.02,-62.79
3.77921e+07,-115.40,-62.79
3.77957e+07,-118.77,-62.79
3.77993e+07,-123.16,-62.79
3.78028e+07,-123.77,-62.79
3.78064e+07,-126.74,-62.79
3.781e+07,-117.40,-62.79
3.78136e+07,-119.28,-62.80
3.78172e+07,-118.72,-62.80
3.78208e+07,-115.81,-62.80
3.78244e+07,-124.00,-62.80
3.7828e+07,-120.74,-62.80
3.78316e+07,-119.76,-62.80
3.78352e+07,-115.76,-62.80
3.78388e+07,-119.19,-62.80
3.78424e+07,-125.94,-62.80
3.78459e+07,-125.28,-62.81
3.78495e+07,-117.98,-62.81
3.78531e+07,-115.33,-62.81
3.78567e+07,-120.35,-62.81
3.78603e+07,-117.43,-62.81
3.78639e+07,-128.87,-62.81
3.78675e+07,-114.74,-62.81
3.78711e+07,-116.39,-62.81
3.78747e+07,-127.96,-62.81
3.78783e+07,-121.20,-62.82
3.78819e+07,-120.51,-62.82
3.78855e+07,-115.14,-62.82
3.7889e+07,-112.96,-62.82
3.78926e+07,-113.82,-62.82
3.78962e+07,-128.26,-62.82
3.78998e+07,-122.01,-62.82
3.79034e+07,-122.14,-62.82
3.7907e+07,-112.87,-62.82
3.79106e+07,-112.95,-62.83
3.79142e+07,-114.06,-62.83
3.79178e+07,-111.00,-62.83
3.79214e+07,-112.95,-62.83
3.7925e+07,-116.54,-62.83
3.79286e+07,-109.91,-62.83
3.79321e+07,-109.42,-62.83
3.79357e+07,-112.58,-62.83
3.79393e+07,-111.65,-62.83
3.79429e+07,-113.91,-62.83
3.79465e+07,-112.13,-62.84
3.79501e+07,-115.75,-62.84
3.79537e+07,-114.59,-62.84
3.79573e+07,-112.70,-62.84
3.79609e+07,-113.89,-62.84
3.79645e+07,-114.22,-62.84
3.79681e+07,-111.28,-62.84
3.79717e+07,-113.78,-62.84
3.79752e+07,-116.23,-62.84
3.79788e+07,-115.47,-62.85
3.79824e+07,-119.14,-62.85
3.7986e+07,-121.81,-62.85
3.79896e+07,-119.12,-62.85
3.79932e+07,-114.98,-62.85
3.79968e+07,-114.99,-62.85
3.80004e+07,-116.34,-62.85
3.8004e+07,-118.70,-62.85
3.80076e+07,-116.19,-62.85
3.80112e+07,-117.80,-62.86
3.80148e+07,-123.09,-62.86
3.80183e+07,-120.77,-62.86
3.80219e+07,-116.80,-62.86
3.80255e+07,-113.21,-62.86
3.80291e+07,-119.06,-62.86
3.80327e+07,-121.70,-62.86
3.80363e+07,-119.25,-62.86
3.80399e+07,-118.66,-62.86
3.80435e+07,-120.36,-62.86
3.80471e+07,-131.57,-62.87
3.80507e+07,-125.05,-62.87
3.80543e+07,-125.66,-62.87
3.80579e+07,-134.42,-62.87
3.80614e+07,-142.49,-62.87
3.8065e+07,-117.44,-62.87
3.80686e+07,-111.30,-62.87
3.80722e+07,-110.84,-62.87
3.80758e+07,-113.16,-62.87
3.80794e+07,-115.13,-62.88
3.8083e+07,-116.33,-62.88
3.80866e+07,-139.09,-62.88
3.80902e+07,-123.09,-62.88
3.80938e+07,-128.31,-62.88
3.80974e+07,-128.61,-62.88
3.8101e+07,-123.03,-62.88
3.81045e+07,-122.63,-62.88
3.81081e+07,-118.72,-62.88
3.81117e+07,-128.04,-62.89
3.81153e+07,-117.60,-62.89
3.81189e+07,-116.34,-62.89
3.81225e+07,-128.41,-62.89
3.81261e+07,-124.42,-62.89
3.81297e+07,-122.13,-62.89
3.81333e+07,-119.38,-62.89
3.81369e+07,-126.86,-62.89
3.81405e+07,-123.56,-62.89
3.81441e+07,-129.47,-62.89
3.81476e+07,-122.89,-62.90
3.81512e+07,-128.27,-62.90
3.81548e+07,-128.46,-62.90
3.81584e+07,-121.60,-62.90
3.8162e+07,-132.16,-62.90
3.81656e+07,-118.47,-62.90
3.81692e+07,-120.76,-62.90
3.81728e+07,-120.84,-62.90
3.81764e+07,-118.39,-62.90
3.818e+07,-141.83,-62.91
3.81836e+07,-119.17,-62.91
3.81872e+07,-115.39,-62.91
3.81907e+07,-118.53,-62.91
3.81943e+07,-117.93,-62.91
3.81979e+07,-117.10,-62.91
3.82015e+07,-124.81,-62.91
3.82051e+07,-131.14,-62.91
3.82087e+07,-120.63,-62.91
3.82123e+07,-121.87,-62.92
3.82159e+07,-117.78,-62.92
3.82195e+07,-123.60,-62.92
3.82231e+07,-125.77,-62.92
3.82267e+07,-116.36,-62.92
3.82303e+07,-125.94,-62.92
3.82338e+07,-120.64,-62.92
3.82374e+07,-120.20,-62.92
3.8241e+07,-118.43,-62.92
3.82446e+07,-117.83,-62.92
3.82482e+07,-114.29,-62.93
3.82518e+07,-113.15,-62.93
3.82554e+07,-117.77,-62.93
3.8259e+07,-122.52,-62.93
3.82626e+07,-116.58,-62.93
3.82662e+07,-122.65,-62.93
3.82698e+07,-122.50,-62.93
3.82734e+07,-119.54,-62.93
3.82769e+07,-122.75,-62.93
3.82805e+07,-120.69,-62.94
3.82841e+07,-132.88,-62.94
3.82877e+07,-123.10,-62.94
3.82913e+07,-127.87,-62.94
3.82949e+07,-128.16,-62.94
3.82985e+07,-134.71,-62.94
3.83021e+07,-117.25,-62.94
3.83057e+07,-111.75,-62.94
3.83093e+07,-112.46,-62.94
3.83129e+07,-119.31,-62.94
3.83165e+07,-123.02,-62.95
3.832e+07,-125.91,-62.95
3.83236e+07,-123.49,-62.95
3.83272e+07,-122.19,-62.95
3.83308e+07,-122.88,-62.95
3.83344e+07,-124.46,-62.95
3.8338e+07,-116.10,-62.95
3.83416e+07,-119.70,-62.95
3.83452e+07,-123.42,-62.95
3.83488e+07,-117.27,-62.96
3.83524e+07,-120.56,-62.96
3.8356e+07,-118.51,-62.96
3.83596e+07,-113.89,-62.96
3.83632e+07,-117.30,-62.96
3.83667e+07,-114.76,-62.96
3.83703e+07,-113.52,-62.96
3.83739e+07,-117.89,-62.96
3.83775e+07,-120.99,-62.96
3.83811e+07,-120.55,-62.97
3.83847e+07,-123.11,-62.97
3.83883e+07,-119.21,-62.97
3.83919e+07,-111.67,-62.97
3.83955e+07,-112.32,-62.97
3.83991e+07,-118.25,-62.97
3.84027e+07,-120.01,-62.97
3.84063e+07,-117.94,-62.97
3.84098e+07,-121.15,-62.97
3.84134e+07,-127.32,-62.97
3.8417e+07,-126.43,-62.98
3.84206e+07,-121.03,-62.98
3.84242e+07,-122.52,-62.98
3.84278e+07,-121.06,-62.98
3.84314e+07,-116.80,-62.98
3.8435e+07,-118.95,-62.98
3.84386e+07,-121.04,-62.98
3.84422e+07,-117.53,-62.98
3.84458e+07,-115.38,-62.98
3.84494e+07,-113.33,-62.99
3.84529e+07,-112.59,-62.99
3.84565e+07,-119.82,-62.99
3.84601e+07,-127.09,-62.99
3.84637e+07,-115.72,-62.99
3.84673e+07,-120.63,-62.99
3.84709e+07,-117.66,-62.99
3.84745e+07,-114.57,-62.99
3.84781e+07,-114.65,-62.99
3.84817e+07,-117.65,-62.99
3.84853e+07,-129.71,-63.00
3.84889e+07,-122.09,-63.00
3.84925e+07,-123.89,-63.00
3.8496e+07,-131.05,-63.00
3.84996e+07,-123.65,-63.00
3.85032e+07,-125.12,-63.00
3.85068e+07,-123.91,-63.00
3.85104e+07,-114.07,-63.00
3.8514e+07,-111.69,-63.00
3.85176e+07,-117.02,-63.01
3.85212e+07,-119.44,-63.01
3.85248e+07,-121.85,-63.01
3.85284e+07,-123.20,-63.01
3.8532e+07,-119.96,-63.01
3.85356e+07,-118.59,-63.01
3.85391e+07,-118.06,-63.01
3.85427e+07,-115.27,-63.01
3.85463e+07,-114.39,-63.01
3.85499e+07,-121.06,-63.01
3.85535e+07,-123.13,-63.02
3.85571e+07,-117.45,-63.02
3.85607e+07,-117.31,-63.02
3.85643e+07,-120.76,-63.02
3.85679e+07,-127.36,-63.02
3.85715e+07,-123.18,-63.02
3.85751e+07,-120.86,-63.02
3.85787e+07,-126.87,-63.02
3.85822e+07,-128.48,-63.02
3.85858e+07,-122.34,-63.03
3.85894e+07,-118.54,-63.03
3.8593e+07,-117.24,-63.03
3.85966e+07,-123.04,-63.03
3.86002e+07,-145.32,-63.03
3.86038e+07,-125.34,-63.03
3.86074e+07,-125.61,-63.03
3.8611e+07,-116.15,-63.03
3.86146e+07,-118.67,-63.03
3.86182e+07,-117.60,-63.03
3.86218e+07,-120.94,-63.04
3.86253e+07,-117.66,-63.04
3.86289e+07,-116.26,-63.04
3.86325e+07,-120.63,-63.04
3.86361e+07,-122.13,-63.04
3.86397e+07,-131.01,-63.04
3.86433e+07,-118.14,-63.04
3.86469e+07,-122.60,-63.04
3.86505e+07,-124.27,-63.04
3.86541e+07,-121.14,-63.05
3.86577e+07,-123.83,-63.05
3.86613e+07,-116.43,-63.05
3.86649e+07,-123.02,-63.05
3.86684e+07,-124.46,-63.05
3.8672e+07,-122.17,-63.05
3.86756e+07,-121.77,-63.05
3.86792e+07,-123.99,-63.05
3.86828e+07,-130.11,-63.05
3.86864e+07,-120.42,-63.05
3.869e+07,-120.77,-63.06
3.86936e+07,-120.45,-63.06
3.86972e+07,-131.05,-63.06
3.87008e+07,-121.44,-63.06
3.87044e+07,-121.31,-63.06
3.8708e+07,-142.61,-63.06
3.87115e+07,-133.19,-63.06
3.87151e+07,-119.42,-63.06
3.87187e+07,-116.29,-63.06
3.87223e+07,-120.39,-63.07
3.87259e+07,-124.14,-63.07
3.87295e+07,-118.79,-63.07
3.87331e+07,-125.46,-63.07
3.87367e+07,-122.60,-63.07
3.87403e+07,-116.28,-63.07
3.87439e+07,-117.38,-63.07
3.87475e+07,-118.87,-63.07
3.87511e+07,-117.96,-63.07
3.87546e+07,-117.73,-63.07
3.87582e+07,-126.71,-63.08
3.87618e+07,-121.30,-63.08
3.87654e+07,-127.71,-63.08
3.8769e+07,-122.35,-63.08
3.87726e+07,-126.51,-63.08
3.87762e+07,-119.84,-63.08
3.87798e+07,-119.32,-63.08
3.87834e+07,-125.02,-63.08
3.8787e+07,-120.47,-63.08
3.87906e+07,-115.80,-63.08
3.87942e+07,-117.89,-63.09
3.87977e+07,-122.83,-63.09
3.88013e+07,-119.33,-63.09
3.88049e+07,-117.09,-63.09
3.88085e+07,-115.56,-63.09
3.88121e+07,-117.22,-63.09
3.88157e+07,-135.71,-63.09
3.88193e+07,-122.56,-63.09
3.88229e+07,-119.16,-63.09
3.88265e+07,-121.22,-63.10
3.88301e+07,-121.88,-63.10
3.88337e+07,-118.43,-63.10
3.88373e+07,-121.51,-63.10
3.88408e+07,-126.72,-63.10
3.88444e+07,-119.33,-63.10
3.8848e+07,-116.56,-63.10
3.88516e+07,-118.51,-63.10
3.88552e+07,-120.23,-63.10
3.88588e+07,-119.13,-63.10
3.88624e+07,-115.97,-63.11
3.8866e+07,-117.69,-63.11
3.88696e+07,-130.28,-63.11
3.88732e+07,-121.66,-63.11
3.88768e+07,-119.89,-63.11
3.88804e+07,-122.78,-63.11
3.88839e+07,-119.57,-63.11
3.88875e+07,-133.55,-63.11
3.88911e+07,-126.07,-63.11
3.88947e+07,-126.04,-63.12
3.88983e+07,-121.50,-63.12
3.89019e+07,-119.50,-63.12
3.89055e+07,-114.95,-63.12
3.89091e+07,-126.63,-63.12
3.89127e+07,-125.91,-63.12
3.89163e+07,-122.60,-63.12
3.89199e+07,-113.71,-63.12
3.89235e+07,-119.58,-63.12
3.89271e+07,-120.59,-63.12
3.89306e+07,-117.30,-63.13
3.89342e+07,-121.22,-63.13
3.89378e+07,-114.43,-63.13
3.89414e+07,-111.87,-63.13
3.8945e+07,-111.89,-63.13
3.89486e+07,-112.78,-63.13
3.89522e+07,-110.58,-63.13
3.89558e+07,-114.17,-63.13
3.89594e+07,-123.59,-63.13
3.8963e+07,-114.58,-63.13
3.89666e+07,-112.29,-63.14
3.89702e+07,-114.43,-63.14
3.89737e+07,-114.68,-63.14
3.89773e+07,-119.23,-63.14
3.89809e+07,-120.07,-63.14
3.89845e+07,-118.71,-63.14
3.89881e+07,-125.91,-63.14
3.89917e+07,-118.41,-63.14
3.89953e+07,-123.31,-63.14
3.89989e+07,-121.44,-63.15
3.90025e+07,-123.51,-63.15
3.90061e+07,-126.59,-63.15
3.90097e+07,-121.90,-63.15
3.90133e+07,-123.51,-63.15
3.90168e+07,-122.70,-63.15
3.90204e+07,-125.14,-63.15
3.9024e+07,-121.58,-63.15
3.90276e+07,-127.00,-63.15
3.90312e+07,-122.14,-63.15
3.90348e+07,-125.78,-63.16
3.90384e+07,-135.68,-63.16
3.9042e+07,-134.33,-63.16
3.90456e+07,-122.43,-63.16
3.90492e+07,-112.88,-63.16
3.90528e+07,-114.28,-63.16
3.90564e+07,-120.93,-63.16
3.90599e+07,-124.55,-63.16
3.90635e+07,-120.65,-63.16
3.90671e+07,-116.56,-63.16
3.90707e+07,-115.46,-63.17
3.90743e+07,-114.04,-63.17
3.90779e+07,-111.70,-63.17
3.90815e+07,-113.37,-63.17
3.90851e+07,-117.64,-63.17
3.90887e+07,-135.60,-63.17
3.90923e+07,-122.22,-63.17
3.90959e+07,-121.45,-63.17
3.90995e+07,-116.01,-63.17
3.9103e+07,-118.99,-63.17
3.91066e+07,-128.71,-63.18
3.91102e+07,-117.98,-63.18
3.91138e+07,-123.49,-63.18
3.91174e+07,-127.71,-63.18
3.9121e+07,-123.08,-63.18
3.91246e+07,-116.20,-63.18
3.91282e+07,-115.32,-63.18
3.91318e+07,-121.07,-63.18
3.91354e+07,-124.69,-63.18
3.9139e+07,-114.63,-63.19
3.91426e+07,-113.91,-63.19
3.91461e+07,-123.87,-63.19
3.91497e+07,-133.92,-63.19
3.91533e+07,-141.12,-63.19
3.91569e+07,-132.47,-63.19
3.91605e+07,-116.11,-63.19
3.91641e+07,-116.22,-63.19
3.91677e+07,-125.71,-63.19
3.91713e+07,-128.08,-63.19
3.91749e+07,-119.94,-63.20
3.91785e+07,-114.93,-63.20
3.91821e+07,-123.20,-63.20
3.91857e+07,-121.72,-63.20
3.91892e+07,-120.70,-63.20
3.91928e+07,-125.50,-63.20
3.91964e+07,-122.81,-63.20
3.92e+07,-119.80,-63.20
3.92036e+07,-122.23,-63.20
3.92072e+07,-122.78,-63.20
3.92108e+07,-125.78,-63.21
3.92144e+07,-114.61,-63.21
3.9218e+07,-117.26,-63.21
3.92216e+07,-121.32,-63.21
3.92252e+07,-118.45,-63.21
3.92288e+07,-117.25,-63.21
3.92323e+07,-116.74,-63.21
3.92359e+07,-121.62,-63.21
3.92395e+07,-126.33,-63.21
3.92431e+07,-117.42,-63.22
3.92467e+07,-122.81,-63.22
3.92503e+07,-124.29,-63.22
3.92539e+07,-125.40,-63.22
3.92575e+07,-127.57,-63.22
3.92611e+07,-128.40,-63.22
3.92647e+07,-120.16,-63.22
3.92683e+07,-118.18,-63.22
3.92719e+07,-116.87,-63.22
3.92754e+07,-122.01,-63.22
3.9279e+07,-130.23,-63.23
3.92826e+07,-142.67,-63.23
3.92862e+07,-121.95,-63.23
3.92898e+07,-118.79,-63.23
3.92934e+07,-121.79,-63.23
3.9297e+07,-123.58,-63.23
3.93006e+07,-131.80,-63.23
3.93042e+07,-122.67,-63.23
3.93078e+07,-132.18,-63.23
3.93114e+07,-119.57,-63.23
3.9315e+07,-119.98,-63.24
3.93185e+07,-120.42,-63.24
3.93221e+07,-119.28,-63.24
3.93257e+07,-116.02,-63.24
3.93293e+07,-115.87,-63.24
3.93329e+07,-123.24,-63.24
3.93365e+07,-122.05,-63.24
3.93401e+07,-127.27,-63.24
3.93437e+07,-117.60,-63.24
3.93473e+07,-128.49,-63.24
3.93509e+07,-118.73,-63.25
3.93545e+07,-120.63,-63.25
3.93581e+07,-125.15,-63.25
3.93616e+07,-124.46,-63.25
3.93652e+07,-132.74,-63.25
3.93688e+07,-126.14,-63.25
3.93724e+07,-118.65,-63.25
3.9376e+07,-117.69,-63.25
3.93796e+07,-120.45,-63.25
3.93832e+07,-122.46,-63.25
3.93868e+07,-120.82,-63.26
3.93904e+07,-113.17,-63.26
3.9394e+07,-115.56,-63.26
3.93976e+07,-125.66,-63.26
3.94012e+07,-120.86,-63.26
3.94047e+07,-112.60,-63.26
3.94083e+07,-111.57,-63.26
3.94119e+07,-116.10,-63.26
3.94155e+07,-116.15,-63.26
3.94191e+07,-113.84,-63.27
3.94227e+07,-113.33,-63.27
3.94263e+07,-125.96,-63.27
3.94299e+07,-116.33,-63.27
3.94335e+07,-122.34,-63.27
3.94371e+07,-116.23,-63.27
3.94407e+07,-109.44,-63.27
3.94443e+07,-111.70,-63.27
3.94478e+07,-121.36,-63.27
3.94514e+07,-124.18,-63.27
3.9455e+07,-115.70,-63.28
3.94586e+07,-117.13,-63.28
3.94622e+07,-114.36,-63.28
3.94658e+07,-118.08,-63.28
3.94694e+07,-125.62,-63.28
3.9473e+07,-124.56,-63.28
3.94766e+07,-113.72,-63.28
3.94802e+07,-111.18,-63.28
3.94838e+07,-121.15,-63.28
3.94874e+07,-124.01,-63.28
3.94909e+07,-119.52,-63.29
3.94945e+07,-126.25,-63.29
3.94981e+07,-120.27,-63.29
3.95017e+07,-117.63,-63.29
3.95053e+07,-116.78,-63.29
3.95089e+07,-117.67,-63.29
3.95125e+07,-121.80,-63.29
3.95161e+07,-120.27,-63.29
3.95197e+07,-120.32,-63.29
3.95233e+07,-121.69,-63.29
3.95269e+07,-119.40,-63.30
3.95305e+07,-113.80,-63.30
3.95341e+07,-119.41,-63.30
3.95376e+07,-114.08,-63.30
3.95412e+07,-113.06,-63.30
3.95448e+07,-115.93,-63.30
3.95484e+07,-118.74,-63.30
3.9552e+07,-115.47,-63.30
3.95556e+07,-115.13,-63.30
3.95592e+07,-117.80,-63.30
3.95628e+07,-121.50,-63.31
3.95664e+07,-113.82,-63.31
3.957e+07,-113.88,-63.31
3.95736e+07,-119.35,-63.31
3.95772e+07,-115.56,-63.31
3.95807e+07,-119.44,-63.31
3.95843e+07,-119.60,-63.31
3.95879e+07,-121.74,-63.31
3.95915e+07,-122.79,-63.31
3.95951e+07,-112.60,-63.31
3.95987e+07,-116.05,-63.32
3.96023e+07,-119.02,-63.32
3.96059e+07,-123.79,-63.32
3.96095e+07,-120.22,-63.32
3.96131e+07,-122.83,-63.32
3.96167e+07,-122.45,-63.32
3.96203e+07,-120.75,-63.32
3.96238e+07,-114.42,-63.32
3.96274e+07,-113.64,-63.32
3.9631e+07,-116.61,-63.32
3.96346e+07,-131.08,-63.33
3.96382e+07,-124.33,-63.33
3.96418e+07,-121.56,-63.33
3.96454e+07,-126.88,-63.33
3.9649e+07,-116.87,-63.33
3.96526e+07,-117.71,-63.33
3.96562e+07,-123.40,-63.33
3.96598e+07,-128.84,-63.33
3.96634e+07,-130.57,-63.33
3.96669e+07,-130.40,-63.33
3.96705e+07,-121.10,-63.34
3.96741e+07,-132.01,-63.34
3.96777e+07,-126.70,-63.34
3.96813e+07,-122.02,-63.34
3.96849e+07,-116.31,-63.34
3.96885e+07,-117.94,-63.34
3.96921e+07,-124.42,-63.34
3.96957e+07,-120.80,-63.34
3.96993e+07,-120.13,-63.34
3.97029e+07,-117.16,-63.35
3.97065e+07,-115.17,-63.35
3.971e+07,-122.81,-63.35
3.97136e+07,-116.39,-63.35
3.97172e+07,-116.75,-63.35
3.97208e+07,-123.58,-63.35
3.97244e+07,-118.60,-63.35
3.9728e+07,-119.05,-63.35
3.97316e+07,-116.80,-63.35
3.97352e+07,-115.07,-63.35
3.97388e+07,-120.54,-63.36
3.97424e+07,-128.03,-63.36
3.9746e+07,-123.25,-63.36
3.97496e+07,-125.14,-63.36
3.97531e+07,-121.67,-63.36
3.97567e+07,-122.85,-63.36
3.97603e+07,-130.43,-63.36
3.97639e+07,-123.35,-63.36
3.97675e+07,-118.23,-63.36
3.97711e+07,-120.46,-63.36
3.97747e+07,-133.00,-63.37
3.97783e+07,-126.62,-63.37
3.97819e+07,-125.19,-63.37
3.97855e+07,-119.11,-63.37
3.97891e+07,-119.38,-63.37
3.97927e+07,-117.21,-63.37
3.97962e+07,-118.56,-63.37
3.97998e+07,-128.30,-63.37
3.98034e+07,-127.02,-63.37
3.9807e+07,-116.92,-63.37
3.98106e+07,-116.51,-63.38
3.98142e+07,-112.98,-63.38
3.98178e+07,-117.22,-63.38
3.98214e+07,-123.15,-63.38
3.9825e+07,-135.81,-63.38
3.98286e+07,-124.61,-63.38
3.98322e+07,-120.50,-63.38
3.98358e+07,-123.90,-63.38
3.98393e+07,-131.52,-63.38
3.98429e+07,-121.93,-63.38
3.98465e+07,-130.77,-63.39
3.98501e+07,-127.85,-63.39
3.98537e+07,-121.46,-63.39
3.98573e+07,-120.51,-63.39
3.98609e+07,-119.51,-63.39
3.98645e+07,-134.78,-63.39
3.98681e+07,-138.43,-63.39
3.98717e+07,-121.20,-63.39
3.98753e+07,-128.72,-63.39
3.98789e+07,-123.28,-63.39
3.98824e+07,-125.19,-63.40
3.9886e+07,-132.24,-63.40
3.98896e+07,-121.10,-63.40
3.98932e+07,-116.73,-63.40
3.98968e+07,-117.88,-63.40
3.99004e+07,-126.01,-63.40
3.9904e+07,-126.10,-63.40
3.99076e+07,-122.34,-63.40
3.99112e+07,-117.32,-63.40
3.99148e+07,-116.04,-63.40
3.99184e+07,-119.39,-63.41
3.9922e+07,-116.96,-63.41
3.99255e+07,-121.76,-63.41
3.99291e+07,-116.98,-63.41
3.99327e+07,-115.04,-63.41
3.99363e+07,-116.96,-63.41
3.99399e+07,-147.21,-63.41
3.99435e+07,-120.05,-63.41
3.99471e+07,-117.55,-63.41
3.99507e+07,-118.40,-63.41
3.99543e+07,-122.11,-63.42
3.99579e+07,-122.34,-63.42
3.99615e+07,-119.15,-63.42
3.99651e+07,-123.42,-63.42
3.99686e+07,-128.33,-63.42
3.99722e+07,-126.02,-63.42
3.99758e+07,-120.45,-63.42
3.99794e+07,-118.12,-63.42
3.9983e+07,-122.24,-63.42
3.99866e+07,-121.15,-63.42
3.99902e+07,-117.60,-63.43
3.99938e+07,-124.43,-63.43
3.99974e+07,-127.21,-63.43
4.0001e+07,-126.56,-63.43
4.00046e+07,-118.09,-63.43
4.00082e+07,-119.13,-63.43
4.00117e+07,-123.34,-63.43
4.00153e+07,-123.16,-63.43
4.00189e+07,-123.68,-63.43
4.00225e+07,-126.16,-63.43
4.00261e+07,-115.20,-63.44
4.00297e+07,-118.21,-63.44
4.00333e+07,-121.96,-63.44
4.00369e+07,-113.59,-63.44
4.00405e+07,-114.11,-63.44
4.00441e+07,-125.19,-63.44
4.00477e+07,-125.58,-63.44
4.00513e+07,-124.81,-63.44
4.00548e+07,-120.12,-63.44
4.00584e+07,-120.89,-63.44
4.0062e+07,-125.14,-63.45
4.00656e+07,-119.41,-63.45
4.00692e+07,-120.11,-63.45
4.00728e+07,-120.70,-63.45
4.00764e+07,-118.24,-63.45
4.008e+07,-138.05,-63.45
4.00836e+07,-127.97,-63.45
4.00872e+07,-118.68,-63.45
4.00908e+07,-120.83,-63.45
4.00944e+07,-115.53,-63.45
4.0098e+07,-115.49,-63.45
4.01015e+07,-118.15,-63.46
4.01051e+07,-127.05,-63.46
4.01087e+07,-124.09,-63.46
4.01123e+07,-112.97,-63.46
4.01159e+07,-116.48,-63.46
4.01195e+07,-151.23,-63.46
4.01231e+07,-119.67,-63.46
4.01267e+07,-115.20,-63.46
4.01303e+07,-115.73,-63.46
4.01339e+07,-115.38,-63.46
4.01375e+07,-113.17,-63.47
4.01411e+07,-118.65,-63.47
4.01446e+07,-130.63,-63.47
4.01482e+07,-119.09,-63.47
4.01518e+07,-118.63,-63.47
4.01554e+07,-126.28,-63.47
4.0159e+07,-125.70,-63.47
4.01626e+07,-125.98,-63.47
4.01662e+07,-117.36,-63.47
4.01698e+07,-121.05,-63.47
4.01734e+07,-122.83,-63.48
4.0177e+07,-115.91,-63.48
4.01806e+07,-117.57,-63.48
4.01842e+07,-128.49,-63.48
4.01877e+07,-117.07,-63.48
4.01913e+07,-117.18,-63.48
4.01949e+07,-119.46,-63.48
4.01985e+07,-122.35,-63.48
4.02021e+07,-118.26,-63.48
4.02057e+07,-126.49,-63.48
4.02093e+07,-118.24,-63.49
4.02129e+07,-123.90,-63.49
4.02165e+07,-122.89,-63.49
4.02201e+07,-115.80,-63.49
4.02237e+07,-118.24,-63.49
4.02273e+07,-127.92,-63.49
4.02308e+07,-148.44,-63.49
4.02344e+07,-120.41,-63.49
4.0238e+07,-119.41,-63.49
4.02416e+07,-119.27,-63.49
4.02452e+07,-117.57,-63.50
4.02488e+07,-120.57,-63.50
4.02524e+07,-119.15,-63.50
4.0256e+07,-120.67,-63.50
4.02596e+07,-115.99,-63.50
4.02632e+07,-122.39,-63.50
4.02668e+07,-125.73,-63.50
4.02704e+07,-117.28,-63.50
4.02739e+07,-121.34,-63.50
4.02775e+07,-120.69,-63.50
4.02811e+07,-120.71,-63.51
4.02847e+07,-116.62,-63.51
4.02883e+07,-119.39,-63.51
4.02919e+07,-120.33,-63.51
4.02955e+07,-122.95,-63.51
4.02991e+07,-123.47,-63.51
4.03027e+07,-139.94,-63.51
4.03063e+07,-119.02,-63.51
4.03099e+07,-115.05,-63.51
4.03135e+07,-119.27,-63.51
4.0317e+07,-128.72,-63.52
4.03206e+07,-127.52,-63.52
4.03242e+07,-120.16,-63.52
4.03278e+07,-121.95,-63.52
4.03314e+07,-128.81,-63.52
4.0335e+07,-126.24,-63.52
4.03386e+07,-119.65,-63.52
4.03422e+07,-121.40,-63.52
4.03458e+07,-128.61,-63.52
4.03494e+07,-124.65,-63.52
4.0353e+07,-119.33,-63.53
4.03566e+07,-124.55,-63.53
4.03601e+07,-119.21,-63.53
4.03637e+07,-115.35,-63.53
4.03673e+07,-120.21,-63.53
4.03709e+07,-113.41,-63.53
4.03745e+07,-111.97,-63.53
4.03781e+07,-118.63,-63.53
4.03817e+07,-116.49,-63.53
4.03853e+07,-114.24,-63.53
4.03889e+07,-119.61,-63.53
4.03925e+07,-122.85,-63.54
4.03961e+07,-120.25,-63.54
4.03997e+07,-121.75,-63.54
4.04032e+07,-115.88,-63.54
4.04068e+07,-120.03,-63.54
4.04104e+07,-121.95,-63.54
4.0414e+07,-113.86,-63.54
4.04176e+07,-109.65,-63.54
4.04212e+07,-110.58,-63.54
4.04248e+07,-118.62,-63.54
4.04284e+07,-132.78,-63.55
4.0432e+07,-132.43,-63.55
4.04356e+07,-119.76,-63.55
4.04392e+07,-112.71,-63.55
4.04428e+07,-119.68,-63.55
4.04463e+07,-118.93,-63.55
4.04499e+07,-116.01,-63.55
4.04535e+07,-120.06,-63.55
4.04571e+07,-125.42,-63.55
4.04607e+07,-123.58,-63.55
4.04643e+07,-124.49,-63.56
4.04679e+07,-118.64,-63.56
4.04715e+07,-114.72,-63.56
4.04751e+07,-113.09,-63.56
4.04787e+07,-115.48,-63.56
4.04823e+07,-130.66,-63.56
4.04859e+07,-114.49,-63.56
4.04894e+07,-113.10,-63.56
4.0493e+07,-115.70,-63.56
4.04966e+07,-115.89,-63.56
4.05002e+07,-121.12,-63.57
4.05038e+07,-122.59,-63.57
4.05074e+07,-120.77,-63.57
4.0511e+07,-118.84,-63.57
4.05146e+07,-115.46,-63.57
4.05182e+07,-119.85,-63.57
4.05218e+07,-115.88,-63.57
4.05254e+07,-118.49,-63.57
4.0529e+07,-122.34,-63.57
4.05325e+07,-130.33,-63.57
4.05361e+07,-119.64,-63.58
4.05397e+07,-113.20,-63.58
4.05433e+07,-113.33,-63.58
4.05469e+07,-112.55,-63.58
4.05505e+07,-113.43,-63.58
4.05541e+07,-113.93,-63.58
4.05577e+07,-113.21,-63.58
4.05613e+07,-114.67,-63.58
4.05649e+07,-118.87,-63.58
4.05685e+07,-122.44,-63.58
4.05721e+07,-134.96,-63.58
4.05756e+07,-125.17,-63.59
4.05792e+07,-123.95,-63.59
4.05828e+07,-125.06,-63.59
4.05864e+07,-125.47,-63.59
4.059e+07,-124.64,-63.59
4.05936e+07,-115.65,-63.59
4.05972e+07,-117.57,-63.59
4.06008e+07,-127.73,-63.59
4.06044e+07,-131.15,-63.59
4.0608e+07,-124.84,-63.59
4.06116e+07,-127.60,-63.60
4.06152e+07,-116.56,-63.60
4.06187e+07,-113.62,-63.60
4.06223e+07,-113.95,-63.60
4.06259e+07,-114.80,-63.60
4.06295e+07,-118.36,-63.60
4.06331e+07,-118.31,-63.60
4.06367e+07,-115.18,-63.60
4.06403e+07,-119.59,-63.60
4.06439e+07,-126.54,-63.60
4.06475e+07,-120.84,-63.61
4.06511e+07,-118.55,-63.61
4.06547e+07,-119.77,-63.61
4.06583e+07,-118.49,-63.61
4.06619e+07,-116.18,-63.61
4.06654e+07,-115.03,-63.61
4.0669e+07,-119.93,-63.61
4.06726e+07,-121.46,-63.61
4.06762e+07,-118.75,-63.61
4.06798e+07,-129.38,-63.61
4.06834e+07,-118.13,-63.62
4.0687e+07,-116.86,-63.62
4.06906e+07,-119.41,-63.62
4.06942e+07,-124.83,-63.62
4.06978e+07,-126.34,-63.62
4.07014e+07,-125.81,-63.62
4.0705e+07,-129.02,-63.62
4.07085e+07,-122.22,-63.62
4.07121e+07,-124.54,-63.62
4.07157e+07,-124.18,-63.62
4.07193e+07,-126.73,-63.62
4.07229e+07,-122.01,-63.63
4.07265e+07,-115.50,-63.63
4.07301e+07,-115.78,-63.63
4.07337e+07,-126.56,-63.63
4.07373e+07,-119.14,-63.63
4.07409e+07,-122.19,-63.63
4.07445e+07,-120.31,-63.63
4.07481e+07,-120.55,-63.63
4.07516e+07,-129.51,-63.63
4.07552e+07,-135.76,-63.63
4.07588e+07,-134.02,-63.64
4.07624e+07,-120.16,-63.64
4.0766e+07,-117.46,-63.64
4.07696e+07,-119.39,-63.64
4.07732e+07,-113.28,-63.64
4.07768e+07,-116.55,-63.64
4.07804e+07,-122.24,-63.64
4.0784e+07,-121.81,-63.64
4.07876e+07,-125.20,-63.64
4.07912e+07,-123.33,-63.64
4.07947e+07,-121.06,-63.65
4.07983e+07,-118.68,-63.65
4.08019e+07,-114.77,-63.65
4.08055e+07,-116.77,-63.65
4.08091e+07,-128.85,-63.65
4.08127e+07,-129.96,-63.65
4.08163e+07,-125.08,-63.65
4.08199e+07,-123.80,-63.65
4.08235e+07,-121.79,-63.65
4.08271e+07,-120.40,-63.65
4.08307e+07,-130.33,-63.65
4.08343e+07,-126.82,-63.66
4.08378e+07,-113.56,-63.66
4.08414e+07,-114.07,-63.66
4.0845e+07,-127.40,-63.66
4.08486e+07,-126.41,-63.66
4.08522e+07,-120.39,-63.66
4.08558e+07,-120.24,-63.66
4.08594e+07,-118.74,-63.66
4.0863e+07,-128.56,-63.66
4.08666e+07,-119.66,-63.66
4.08702e+07,-120.72,-63.67
4.08738e+07,-124.45,-63.67
4.08774e+07,-122.87,-63.67
4.08809e+07,-119.40,-63.67
4.08845e+07,-121.24,-63.67
4.08881e+07,-119.54,-63.67
4.08917e+07,-119.23,-63.67
4.08953e+07,-119.16,-63.67
4.08989e+07,-121.33,-63.67
4.09025e+07,-120.30,-63.67
4.09061e+07,-124.38,-63.68
4.09097e+07,-128.26,-63.68
4.09133e+07,-130.58,-63.68
4.09169e+07,-118.98,-63.68
4.09205e+07,-125.72,-63.68
4.0924e+07,-130.39,-63.68
4.09276e+07,-134.56,-63.68
4.09312e+07,-125.21,-63.68
4.09348e+07,-114.46,-63.68
4.09384e+07,-114.80,-63.68
4.0942e+07,-116.05,-63.68
4.09456e+07,-123.22,-63.69
4.09492e+07,-120.77,-63.69
4.09528e+07,-118.24,-63.69
4.09564e+07,-124.99,-63.69
4.096e+07,-128.07,-63.69
4.09636e+07,-124.66,-63.69
4.09671e+07,-124.49,-63.69
4.09707e+07,-126.36,-63.69
4.09743e+07,-123.41,-63.69
4.09779e+07,-123.83,-63.69
4.09815e+07,-127.41,-63.70
4.09851e+07,-127.87,-63.70
4.09887e+07,-129.59,-63.70
4.09923e+07,-123.43,-63.70
4.09959e+07,-117.70,-63.70
4.09995e+07,-117.28,-63.70
4.10031e+07,-118.15,-63.70
4.10067e+07,-120.71,-63.70
4.10102e+07,-130.12,-63.70
4.10138e+07,-125.94,-63.70
4.10174e+07,-127.79,-63.70
4.1021e+07,-127.76,-63.71
4.10246e+07,-125.80,-63.71
4.10282e+07,-124.03,-63.71
4.10318e+07,-122.89,-63.71
4.10354e+07,-125.04,-63.71
4.1039e+07,-118.27,-63.71
4.10426e+07,-114.72,-63.71
4.10462e+07,-116.50,-63.71
4.10498e+07,-120.94,-63.71
4.10533e+07,-132.75,-63.71
4.10569e+07,-121.64,-63.72
4.10605e+07,-121.16,-63.72
4.10641e+07,-134.14,-63.72
4.10677e+07,-123.60,-63.72
4.10713e+07,-125.64,-63.72
4.10749e+07,-119.03,-63.72
4.10785e+07,-117.13,-63.72
4.10821e+07,-117.09,-63.72
4.10857e+07,-117.66,-63.72
4.10893e+07,-119.23,-63.72
4.10929e+07,-124.66,-63.72
4.10964e+07,-123.19,-63.73
4.11e+07,-120.98,-63.73
4.11036e+07,-121.63,-63.73
4.11072e+07,-130.06,-63.73
4.11108e+07,-131.35,-63.73
4.11144e+07,-127.45,-63.73
4.1118e+07,-119.60,-63.73
4.11216e+07,-124.26,-63.73
4.11252e+07,-128.80,-63.73
4.11288e+07,-126.69,-63.73
4.11324e+07,-119.74,-63.74
4.1136e+07,-118.90,-63.74
4.11395e+07,-119.93,-63.74
4.11431e+07,-124.34,-63.74
4.11467e+07,-127.35,-63.74
4.11503e+07,-118.48,-63.74
4.11539e+07,-121.19,-63.74
4.11575e+07,-117.34,-63.74
4.11611e+07,-115.41,-63.74
4.11647e+07,-118.23,-63.74
4.11683e+07,-120.68,-63.75
4.11719e+07,-122.04,-63.75
4.11755e+07,-125.50,-63.75
4.11791e+07,-125.54,-63.75
4.11826e+07,-126.58,-63.75
4.11862e+07,-121.96,-63.75
4.11898e+07,-121.56,-63.75
4.11934e+07,-122.94,-63.75
4.1197e+07,-125.91,-63.75
4.12006e+07,-120.62,-63.75
4.12042e+07,-117.36,-63.75
4.12078e+07,-119.73,-63.76
4.12114e+07,-127.62,-63.76
4.1215e+07,-127.38,-63.76
4.12186e+07,-125.10,-63.76
4.12222e+07,-128.26,-63.76
4.12258e+07,-123.67,-63.76
4.12293e+07,-123.33,-63.76
4.12329e+07,-129.55,-63.76
4.12365e+07,-118.15,-63.76
4.12401e+07,-114.69,-63.76
4.12437e+07,-116.02,-63.77
4.12473e+07,-115.37,-63.77
4.12509e+07,-115.57,-63.77
4.12545e+07,-135.45,-63.77
4.12581e+07,-120.08,-63.77
4.12617e+07,-125.13,-63.77
4.12653e+07,-137.00,-63.77
4.12689e+07,-123.65,-63.77
4.12724e+07,-123.28,-63.77
4.1276e+07,-125.79,-63.77
4.12796e+07,-119.69,-63.77
4.12832e+07,-117.87,-63.78
4.12868e+07,-120.30,-63.78
4.12904e+07,-125.40,-63.78
4.1294e+07,-135.32,-63.78
4.12976e+07,-123.25,-63.78
4.13012e+07,-132.38,-63.78
4.13048e+07,-127.43,-63.78
4.13084e+07,-125.03,-63.78
4.1312e+07,-133.65,-63.78
4.13155e+07,-127.62,-63.78
4.13191e+07,-134.18,-63.79
4.13227e+07,-127.22,-63.79
4.13263e+07,-121.97,-63.79
4.13299e+07,-117.46,-63.79
4.13335e+07,-116.89,-63.79
4.13371e+07,-127.75,-63.79
4.13407e+07,-121.49,-63.79
4.13443e+07,-118.48,-63.79
4.13479e+07,-116.56,-63.79
4.13515e+07,-118.78,-63.79
4.13551e+07,-119.82,-63.79
4.13586e+07,-116.05,-63.80
4.13622e+07,-123.01,-63.80
4.13658e+07,-145.60,-63.80
4.13694e+07,-122.86,-63.80
4.1373e+07,-116.21,-63.80
4.13766e+07,-114.20,-63.80
4.13802e+07,-113.66,-63.80
4.13838e+07,-116.24,-63.80
4.13874e+07,-119.05,-63.80
4.1391e+07,-119.22,-63.80
4.13946e+07,-126.63,-63.80
4.13982e+07,-116.14,-63.81
4.14017e+07,-112.76,-63.81
4.14053e+07,-116.98,-63.81
4.14089e+07,-136.89,-63.81
4.14125e+07,-118.34,-63.81
4.14161e+07,-119.57,-63.81
4.14197e+07,-121.44,-63.81
4.14233e+07,-120.68,-63.81
4.14269e+07,-127.09,-63.81
4.14305e+07,-120.75,-63.81
4.14341e+07,-120.76,-63.82
4.14377e+07,-110.89,-63.82
4.14413e+07,-121.79,-63.82
4.14448e+07,-116.64,-63.82
4.14484e+07,-114.47,-63.82
4.1452e+07,-127.25,-63.82
4.14556e+07,-118.71,-63.82
4.14592e+07,-112.62,-63.82
4.14628e+07,-112.30,-63.82
4.14664e+07,-115.55,-63.82
4.147e+07,-114.17,-63.82
4.14736e+07,-114.10,-63.83
4.14772e+07,-126.50,-63.83
4.14808e+07,-122.12,-63.83
4.14844e+07,-121.49,-63.83
4.14879e+07,-120.61,-63.83
4.14915e+07,-115.08,-63.83
4.14951e+07,-117.71,-63.83
4.14987e+07,-129.08,-63.83
4.15023e+07,-121.97,-63.83
4.15059e+07,-121.67,-63.83
4.15095e+07,-119.23,-63.84
4.15131e+07,-117.01,-63.84
4.15167e+07,-122.76,-63.84
4.15203e+07,-121.33,-63.84
4.15239e+07,-127.31,-63.84
4.15275e+07,-119.44,-63.84
4.1531e+07,-131.02,-63.84
4.15346e+07,-123.48,-63.84
4.15382e+07,-126.37,-63.84
4.15418e+07,-120.67,-63.84
4.15454e+07,-133.63,-63.84
4.1549e+07,-125.07,-63.85
4.15526e+07,-125.00,-63.85
4.15562e+07,-125.48,-63.85
4.15598e+07,-118.49,-63.85
4.15634e+07,-117.76,-63.85
4.1567e+07,-120.92,-63.85
4.15706e+07,-118.86,-63.85
4.15741e+07,-125.38,-63.85
4.15777e+07,-120.21,-63.85
4.15813e+07,-121.99,-63.85
4.15849e+07,-125.05,-63.86
4.15885e+07,-116.64,-63.86
4.15921e+07,-113.99,-63.86
4.15957e+07,-122.99,-63.86
4.15993e+07,-129.11,-63.86
4.16029e+07,-121.35,-63.86
4.16065e+07,-123.98,-63.86
4.16101e+07,-127.51,-63.86
4.16137e+07,-127.58,-63.86
4.16172e+07,-123.43,-63.86
4.16208e+07,-121.90,-63.86
4.16244e+07,-121.63,-63.87
4.1628e+07,-121.68,-63.87
4.16316e+07,-124.99,-63.87
4.16352e+07,-135.39,-63.87
4.16388e+07,-129.33,-63.87
4.16424e+07,-129.51,-63.87
4.1646e+07,-125.35,-63.87
4.16496e+07,-123.18,-63.87
4.16532e+07,-121.88,-63.87
4.16568e+07,-124.32,-63.87
4.16603e+07,-118.51,-63.87
4.16639e+07,-119.05,-63.88
4.16675e+07,-124.99,-63.88
4.16711e+07,-122.43,-63.88
4.16747e+07,-126.37,-63.88
4.16783e+07,-122.07,-63.88
4.16819e+07,-127.20,-63.88
4.16855e+07,-126.70,-63.88
4.16891e+07,-121.68,-63.88
4.16927e+07,-119.15,-63.88
4.16963e+07,-123.88,-63.88
4.16999e+07,-115.23,-63.89
4.17034e+07,-114.86,-63.89
4.1707e+07,-124.37,-63.89
4.17106e+07,-132.96,-63.89
4.17142e+07,-137.85,-63.89
4.17178e+07,-124.10,-63.89
4.17214e+07,-121.11,-63.89
4.1725e+07,-121.30,-63.89
4.17286e+07,-118.20,-63.89
4.17322e+07,-127.28,-63.89
4.17358e+07,-122.30,-63.89
4.17394e+07,-118.37,-63.90
4.1743e+07,-116.51,-63.90
4.17465e+07,-116.51,-63.90
4.17501e+07,-118.01,-63.90
4.17537e+07,-137.76,-63.90
4.17573e+07,-135.06,-63.90
4.17609e+07,-130.94,-63.90
4.17645e+07,-123.38,-63.90
4.17681e+07,-119.93,-63.90
4.17717e+07,-126.07,-63.90
4.17753e+07,-117.00,-63.90
4.17789e+07,-114.61,-63.91
4.17825e+07,-118.03,-63.91
4.17861e+07,-127.46,-63.91
4.17897e+07,-128.11,-63.91
4.17932e+07,-124.94,-63.91
4.17968e+07,-126.53,-63.91
4.18004e+07,-119.99,-63.91
4.1804e+07,-117.05,-63.91
4.18076e+07,-120.00,-63.91
4.18112e+07,-122.28,-63.91
4.18148e+07,-115.07,-63.92
4.18184e+07,-120.97,-63.92
4.1822e+07,-137.74,-63.92
4.18256e+07,-131.12,-63.92
4.18292e+07,-120.01,-63.92
4.18328e+07,-120.02,-63.92
4.18363e+07,-117.54,-63.92
4.18399e+07,-121.33,-63.92
4.18435e+07,-120.21,-63.92
4.18471e+07,-118.81,-63.92
4.18507e+07,-121.22,-63.92
4.18543e+07,-125.65,-63.93
4.18579e+07,-124.13,-63.93
4.18615e+07,-125.46,-63.93
4.18651e+07,-129.17,-63.93
4.18687e+07,-133.27,-63.93
4.18723e+07,-115.42,-63.93
4.18759e+07,-114.72,-63.93
4.18794e+07,-122.48,-63.93
4.1883e+07,-115.76,-63.93
4.18866e+07,-116.73,-63.93
4.18902e+07,-119.82,-63.93
4.18938e+07,-132.86,-63.94
4.18974e+07,-120.58,-63.94
4.1901e+07,-118.54,-63.94
4.19046e+07,-120.00,-63.94
4.19082e+07,-118.76,-63.94
4.19118e+07,-115.74,-63.94
4.19154e+07,-118.63,-63.94
4.1919e+07,-118.54,-63.94
4.19225e+07,-115.69,-63.94
4.19261e+07,-114.29,-63.94
4.19297e+07,-117.63,-63.94
4.19333e+07,-110.04,-63.95
4.19369e+07,-109.88,-63.95
4.19405e+07,-109.65,-63.95
4.19441e+07,-113.07,-63.95
4.19477e+07,-118.05,-63.95
4.19513e+07,-122.45,-63.95
4.19549e+07,-118.42,-63.95
4.19585e+07,-122.01,-63.95
4.19621e+07,-115.91,-63.95
4.19656e+07,-117.08,-63.95
4.19692e+07,-126.16,-63.96
4.19728e+07,-132.58,-63.96
4.19764e+07,-130.30,-63.96
4.198e+07,-119.64,-63.96
4.19836e+07,-122.01,-63.96
4.19872e+07,-115.83,-63.96
4.19908e+07,-114.74,-63.96
4.19944e+07,-116.07,-63.96
4.1998e+07,-117.06,-63.96
4.20016e+07,-121.06,-63.96
4.20052e+07,-116.13,-63.96
4.20087e+07,-115.32,-63.97
4.20123e+07,-119.85,-63.97
4.20159e+07,-121.71,-63.97
4.20195e+07,-117.72,-63.97
4.20231e+07,-117.52,-63.97
4.20267e+07,-123.88,-63.97
4.20303e+07,-126.73,-63.97
4.20339e+07,-123.97,-63.97
4.20375e+07,-117.24,-63.97
4.20411e+07,-119.38,-63.97
4.20447e+07,-121.93,-63.97
4.20483e+07,-125.18,-63.98
4.20518e+07,-120.54,-63.98
4.20554e+07,-123.82,-63.98
4.2059e+07,-117.81,-63.98
4.20626e+07,-116.07,-63.98
4.20662e+07,-119.27,-63.98
4.20698e+07,-118.24,-63.98
4.20734e+07,-120.01,-63.98
4.2077e+07,-124.38,-63.98
4.20806e+07,-127.54,-63.98
4.20842e+07,-117.12,-63.98
4.20878e+07,-116.02,-63.99
4.20914e+07,-119.65,-63.99
4.20949e+07,-124.82,-63.99
4.20985e+07,-131.90,-63.99
4.21021e+07,-131.86,-63.99
4.21057e+07,-122.18,-63.99
4.21093e+07,-120.40,-63.99
4.21129e+07,-117.03,-63.99
4.21165e+07,-118.30,-63.99
4.21201e+07,-136.84,-63.99
4.21237e+07,-120.89,-63.99
4.21273e+07,-118.97,-64.00
4.21309e+07,-126.37,-64.00
4.21345e+07,-120.71,-64.00
4.2138e+07,-117.65,-64.00
4.21416e+07,-129.76,-64.00
4.21452e+07,-119.22,-64.00
4.21488e+07,-136.23,-64.00
4.21524e+07,-120.96,-64.00
4.2156e+07,-134.24,-64.00
4.21596e+07,-117.31,-64.00
4.21632e+07,-117.32,-64.01
4.21668e+07,-124.35,-64.01
4.21704e+07,-122.57,-64.01
4.2174e+07,-122.27,-64.01
4.21776e+07,-128.12,-64.01
4.21811e+07,-127.93,-64.01
4.21847e+07,-127.49,-64.01
4.21883e+07,-134.12,-64.01
4.21919e+07,-128.22,-64.01
4.21955e+07,-127.80,-64.01
4.21991e+07,-120.16,-64.01
4.22027e+07,-119.43,-64.02
4.22063e+07,-124.43,-64.02
4.22099e+07,-126.02,-64.02
4.22135e+07,-126.76,-64.02
4.22171e+07,-125.85,-64.02
4.22207e+07,-130.09,-64.02
4.22242e+07,-118.45,-64.02
4.22278e+07,-114.02,-64.02
4.22314e+07,-119.60,-64.02
4.2235e+07,-121.38,-64.02
4.22386e+07,-125.86,-64.02
4.22422e+07,-122.46,-64.03
4.22458e+07,-114.90,-64.03
4.22494e+07,-113.39,-64.03
4.2253e+07,-114.71,-64.03
4.22566e+07,-117.15,-64.03
4.22602e+07,-122.09,-64.03
4.22638e+07,-124.86,-64.03
4.22673e+07,-120.43,-64.03
4.22709e+07,-127.09,-64.03
4.22745e+07,-126.31,-64.03
4.22781e+07,-119.82,-64.03
4.22817e+07,-119.82,-64.04
4.22853e+07,-117.07,-64.04
4.22889e+07,-125.98,-64.04
4.22925e+07,-122.28,-64.04
4.22961e+07,-127.27,-64.04
4.22997e+07,-116.53,-64.04
4.23033e+07,-117.84,-64.04
4.23069e+07,-121.23,-64.04
4.23104e+07,-128.37,-64.04
4.2314e+07,-122.79,-64.04
4.23176e+07,-130.87,-64.04
4.23212e+07,-129.50,-64.05
4.23248e+07,-117.11,-64.05
4.23284e+07,-118.43,-64.05
4.2332e+07,-130.24,-64.05
4.23356e+07,-133.47,-64.05
4.23392e+07,-139.59,-64.05
4.23428e+07,-129.62,-64.05
4.23464e+07,-122.75,-64.05
4.235e+07,-128.51,-64.05
4.23535e+07,-119.86,-64.05
4.23571e+07,-124.38,-64.05
4.23607e+07,-122.69,-64.06
4.23643e+07,-126.86,-64.06
4.23679e+07,-118.14,-64.06
4.23715e+07,-116.32,-64.06
4.23751e+07,-124.19,-64.06
4.23787e+07,-121.49,-64.06
4.23823e+07,-117.09,-64.06
4.23859e+07,-120.05,-64.06
4.23895e+07,-126.61,-64.06
4.23931e+07,-120.65,-64.06
4.23967e+07,-118.48,-64.06
4.24002e+07,-128.45,-64.07
4.24038e+07,-129.96,-64.07
4.24074e+07,-119.55,-64.07
4.2411e+07,-119.05,-64.07
4.24146e+07,-125.16,-64.07
4.24182e+07,-121.62,-64.07
4.24218e+07,-130.15,-64.07
4.24254e+07,-119.84,-64.07
4.2429e+07,-114.77,-64.07
4.24326e+07,-116.13,-64.07
4.24362e+07,-118.40,-64.07
4.24398e+07,-121.03,-64.08
4.24433e+07,-127.60,-64.08
4.24469e+07,-116.09,-64.08
4.24505e+07,-117.81,-64.08
4.24541e+07,-123.86,-64.08
4.24577e+07,-121.77,-64.08
4.24613e+07,-116.22,-64.08
4.24649e+07,-115.04,-64.08
4.24685e+07,-115.32,-64.08
4.24721e+07,-116.66,-64.08
4.24757e+07,-118.61,-64.08
4.24793e+07,-121.98,-64.09
4.24829e+07,-129.11,-64.09
4.24864e+07,-130.65,-64.09
4.249e+07,-117.52,-64.09
4.24936e+07,-116.69,-64.09
4.24972e+07,-118.95,-64.09
4.25008e+07,-117.07,-64.09
4.25044e+07,-117.76,-64.09
4.2508e+07,-120.28,-64.09
4.25116e+07,-119.44,-64.09
4.25152e+07,-113.36,-64.09
4.25188e+07,-113.92,-64.10
4.25224e+07,-132.06,-64.10
4.2526e+07,-121.85,-64.10
4.25295e+07,-122.87,-64.10
4.25331e+07,-118.91,-64.10
4.25367e+07,-116.86,-64.10
4.25403e+07,-118.40,-64.10
4.25439e+07,-134.48,-64.10
4.25475e+07,-132.75,-64.10
4.25511e+07,-134.89,-64.10
4.25547e+07,-125.61,-64.11
4.25583e+07,-123.61,-64.11
4.25619e+07,-122.44,-64.11
4.25655e+07,-120.10,-64.11
4.25691e+07,-126.05,-64.11
4.25726e+07,-116.80,-64.11
4.25762e+07,-112.04,-64.11
4.25798e+07,-112.55,-64.11
4.25834e+07,-114.45,-64.11
4.2587e+07,-116.34,-64.11
4.25906e+07,-136.90,-64.11
4.25942e+07,-124.13,-64.12
4.25978e+07,-123.89,-64.12
4.26014e+07,-124.20,-64.12
4.2605e+07,-125.06,-64.12
4.26086e+07,-129.03,-64.12
4.26122e+07,-121.61,-64.12
4.26157e+07,-137.04,-64.12
4.26193e+07,-117.94,-64.12
4.26229e+07,-115.47,-64.12
4.26265e+07,-119.13,-64.12
4.26301e+07,-120.77,-64.12
4.26337e+07,-123.83,-64.13
4.26373e+07,-125.75,-64.13
4.26409e+07,-116.87,-64.13
4.26445e+07,-119.61,-64.13
4.26481e+07,-135.71,-64.13
4.26517e+07,-121.81,-64.13
4.26553e+07,-116.19,-64.13
4.26588e+07,-122.72,-64.13
4.26624e+07,-125.02,-64.13
4.2666e+07,-131.72,-64.13
4.26696e+07,-125.03,-64.13
4.26732e+07,-125.87,-64.14
4.26768e+07,-129.39,-64.14
4.26804e+07,-143.72,-64.14
4.2684e+07,-117.23,-64.14
4.26876e+07,-122.22,-64.14
4.26912e+07,-125.33,-64.14
4.26948e+07,-130.17,-64.14
4.26984e+07,-150.92,-64.14
4.27019e+07,-128.44,-64.14
4.27055e+07,-121.84,-64.14
4.27091e+07,-125.01,-64.14
4.27127e+07,-123.65,-64.14
4.27163e+07,-124.52,-64.15
4.27199e+07,-122.40,-64.15
4.27235e+07,-119.10,-64.15
4.27271e+07,-124.21,-64.15
4.27307e+07,-127.66,-64.15
4.27343e+07,-122.21,-64.15
4.27379e+07,-118.60,-64.15
4.27415e+07,-119.54,-64.15
4.2745e+07,-121.37,-64.15
4.27486e+07,-119.67,-64.15
4.27522e+07,-124.14,-64.15
4.27558e+07,-132.47,-64.16
4.27594e+07,-124.95,-64.16
4.2763e+07,-120.18,-64.16
4.27666e+07,-118.04,-64.16
4.27702e+07,-125.24,-64.16
4.27738e+07,-133.15,-64.16
4.27774e+07,-122.11,-64.16
4.2781e+07,-117.36,-64.16
4.27846e+07,-119.90,-64.16
4.27881e+07,-121.21,-64.16
4.27917e+07,-131.21,-64.16
4.27953e+07,-131.41,-64.17
4.27989e+07,-123.83,-64.17
4.28025e+07,-115.69,-64.17
4.28061e+07,-115.12,-64.17
4.28097e+07,-115.62,-64.17
4.28133e+07,-116.88,-64.17
4.28169e+07,-120.48,-64.17
4.28205e+07,-124.23,-64.17
4.28241e+07,-124.60,-64.17
4.28277e+07,-124.33,-64.17
4.28312e+07,-117.95,-64.17
4.28348e+07,-117.22,-64.18
4.28384e+07,-117.52,-64.18
4.2842e+07,-118.40,-64.18
4.28456e+07,-120.35,-64.18
4.28492e+07,-125.34,-64.18
4.28528e+07,-126.02,-64.18
4.28564e+07,-120.76,-64.18
4.286e+07,-121.40,-64.18
4.28636e+07,-126.62,-64.18
4.28672e+07,-124.92,-64.18
4.28708e+07,-129.40,-64.18
4.28743e+07,-124.73,-64.19
4.28779e+07,-117.69,-64.19
4.28815e+07,-122.15,-64.19
4.28851e+07,-116.58,-64.19
4.28887e+07,-118.57,-64.19
4.28923e+07,-130.52,-64.19
4.28959e+07,-116.22,-64.19
4.28995e+07,-113.22,-64.19
4.29031e+07,-120.33,-64.19
4.29067e+07,-149.07,-64.19
4.29103e+07,-115.72,-64.19
4.29139e+07,-114.78,-64.20
4.29174e+07,-119.44,-64.20
4.2921e+07,-114.86,-64.20
4.29246e+07,-112.51,-64.20
4.29282e+07,-114.69,-64.20
4.29318e+07,-113.92,-64.20
4.29354e+07,-113.80,-64.20
4.2939e+07,-115.11,-64.20
4.29426e+07,-111.69,-64.20
4.29462e+07,-110.80,-64.20
4.29498e+07,-112.48,-64.20
4.29534e+07,-125.92,-64.21
4.2957e+07,-114.69,-64.21
4.29606e+07,-109.44,-64.21
4.29641e+07,-111.96,-64.21
4.29677e+07,-117.28,-64.21
4.29713e+07,-119.61,-64.21
4.29749e+07,-124.15,-64.21
4.29785e+07,-117.95,-64.21
4.29821e+07,-121.14,-64.21
4.29857e+07,-120.64,-64.21
4.29893e+07,-127.88,-64.21
4.29929e+07,-114.84,-64.22
4.29965e+07,-112.53,-64.22
4.30001e+07,-117.07,-64.22
4.30037e+07,-135.00,-64.22
4.30072e+07,-132.95,-64.22
4.30108e+07,-128.23,-64.22
4.30144e+07,-128.17,-64.22
4.3018e+07,-115.26,-64.22
4.30216e+07,-116.84,-64.22
4.30252e+07,-118.68,-64.22
4.30288e+07,-128.55,-64.22
4.30324e+07,-117.17,-64.23
4.3036e+07,-117.50,-64.23
4.30396e+07,-141.75,-64.23
4.30432e+07,-120.39,-64.23
4.30468e+07,-120.40,-64.23
4.30503e+07,-121.27,-64.23
4.30539e+07,-118.17,-64.23
4.30575e+07,-119.31,-64.23
4.30611e+07,-122.05,-64.23
4.30647e+07,-126.05,-64.23
4.30683e+07,-117.11,-64.23
4.30719e+07,-113.35,-64.24
4.30755e+07,-111.53,-64.24
4.30791e+07,-112.37,-64.24
4.30827e+07,-120.33,-64.24
4.30863e+07,-118.50,-64.24
4.30899e+07,-117.86,-64.24
4.30934e+07,-118.37,-64.24
4.3097e+07,-121.08,-64.24
4.31006e+07,-128.76,-64.24
4.31042e+07,-118.18,-64.24
4.31078e+07,-126.26,-64.24
4.31114e+07,-118.94,-64.24
4.3115e+07,-122.66,-64.25
4.31186e+07,-122.36,-64.25
4.31222e+07,-118.52,-64.25
4.31258e+07,-116.93,-64.25
4.31294e+07,-116.27,-64.25
4.3133e+07,-114.90,-64.25
4.31365e+07,-118.38,-64.25
4.31401e+07,-117.21,-64.25
4.31437e+07,-118.28,-64.25
4.31473e+07,-125.86,-64.25
4.31509e+07,-120.28,-64.25
4.31545e+07,-121.87,-64.26
4.31581e+07,-121.56,-64.26
4.31617e+07,-115.88,-64.26
4.31653e+07,-118.79,-64.26
4.31689e+07,-125.04,-64.26
4.31725e+07,-120.04,-64.26
4.31761e+07,-120.08,-64.26
4.31796e+07,-117.96,-64.26
4.31832e+07,-122.04,-64.26
4.31868e+07,-124.35,-64.26
4.31904e+07,-117.89,-64.26
4.3194e+07,-113.70,-64.27
4.31976e+07,-111.68,-64.27
4.32012e+07,-113.71,-64.27
4.32048e+07,-116.08,-64.27
4.32084e+07,-117.38,-64.27
4.3212e+07,-121.11,-64.27
4.32156e+07,-118.70,-64.27
4.32192e+07,-119.22,-64.27
4.32227e+07,-119.23,-64.27
4.32263e+07,-120.76,-64.27
4.32299e+07,-129.11,-64.27
4.32335e+07,-120.76,-64.28
4.32371e+07,-127.46,-64.28
4.32407e+07,-134.74,-64.28
4.32443e+07,-125.20,-64.28
4.32479e+07,-116.44,-64.28
4.32515e+07,-115.46,-64.28
4.32551e+07,-115.28,-64.28
4.32587e+07,-116.36,-64.28
4.32623e+07,-121.73,-64.28
4.32658e+07,-117.18,-64.28
4.32694e+07,-122.05,-64.28
4.3273e+07,-132.77,-64.29
4.32766e+07,-123.49,-64.29
4.32802e+07,-124.31,-64.29
4.32838e+07,-120.45,-64.29
4.32874e+07,-115.81,-64.29
4.3291e+07,-117.51,-64.29
4.32946e+07,-127.12,-64.29
4.32982e+07,-116.73,-64.29
4.33018e+07,-126.40,-64.29
4.33054e+07,-122.32,-64.29
4.33089e+07,-121.74,-64.29
4.33125e+07,-126.23,-64.29
4.33161e+07,-120.28,-64.30
4.33197e+07,-117.64,-64.30
4.33233e+07,-128.55,-64.30
4.33269e+07,-128.38,-64.30
4.33305e+07,-122.10,-64.30
4.33341e+07,-121.72,-64.30
4.33377e+07,-123.66,-64.30
4.33413e+07,-118.17,-64.30
4.33449e+07,-119.32,-64.30
4.33485e+07,-123.02,-64.30
4.3352e+07,-122.81,-64.30
4.33556e+07,-117.05,-64.31
4.33592e+07,-115.29,-64.31
4.33628e+07,-118.16,-64.31
4.33664e+07,-118.99,-64.31
4.337e+07,-119.80,-64.31
4.33736e+07,-119.93,-64.31
4.33772e+07,-119.51,-64.31
4.33808e+07,-121.18,-64.31
4.33844e+07,-119.32,-64.31
4.3388e+07,-120.60,-64.31
4.33916e+07,-124.09,-64.31
4.33951e+07,-116.90,-64.32
4.33987e+07,-114.43,-64.32
4.34023e+07,-116.93,-64.32
4.34059e+07,-124.66,-64.32
4.34095e+07,-113.76,-64.32
4.34131e+07,-114.92,-64.32
4.34167e+07,-115.31,-64.32
4.34203e+07,-117.12,-64.32
4.34239e+07,-117.95,-64.32
4.34275e+07,-130.41,-64.32
4.34311e+07,-123.68,-64.32
4.34347e+07,-118.13,-64.32
4.34382e+07,-115.56,-64.33
4.34418e+07,-120.94,-64.33
4.34454e+07,-125.42,-64.33
4.3449e+07,-126.46,-64.33
4.34526e+07,-117.68,-64.33
4.34562e+07,-114.95,-64.33
4.34598e+07,-114.49,-64.33
4.34634e+07,-115.54,-64.33
4.3467e+07,-111.74,-64.33
4.34706e+07,-110.39,-64.33
4.34742e+07,-119.36,-64.33
4.34778e+07,-115.41,-64.34
4.34813e+07,-114.50,-64.34
4.34849e+07,-116.82,-64.34
4.34885e+07,-124.81,-64.34
4.34921e+07,-125.39,-64.34
4.34957e+07,-118.13,-64.34
4.34993e+07,-112.89,-64.34
4.35029e+07,-111.66,-64.34
4.35065e+07,-112.14,-64.34
4.35101e+07,-112.48,-64.34
4.35137e+07,-115.84,-64.34
4.35173e+07,-119.19,-64.35
4.35209e+07,-114.03,-64.35
4.35245e+07,-112.31,-64.35
4.3528e+07,-118.23,-64.35
4.35316e+07,-130.81,-64.35
4.35352e+07,-130.23,-64.35
4.35388e+07,-123.29,-64.35
4.35424e+07,-115.47,-64.35
4.3546e+07,-118.05,-64.35
4.35496e+07,-124.01,-64.35
4.35532e+07,-122.91,-64.35
4.35568e+07,-129.03,-64.35
4.35604e+07,-126.44,-64.36
4.3564e+07,-116.23,-64.36
4.35676e+07,-115.35,-64.36
4.35711e+07,-113.17,-64.36
4.35747e+07,-115.12,-64.36
4.35783e+07,-117.04,-64.36
4.35819e+07,-117.89,-64.36
4.35855e+07,-117.80,-64.36
4.35891e+07,-118.50,-64.36
4.35927e+07,-124.48,-64.36
4.35963e+07,-124.04,-64.36
4.35999e+07,-126.61,-64.37
4.36035e+07,-118.92,-64.37
4.36071e+07,-118.14,-64.37
4.36107e+07,-116.80,-64.37
4.36142e+07,-119.36,-64.37
4.36178e+07,-112.92,-64.37
4.36214e+07,-112.18,-64.37
4.3625e+07,-119.88,-64.37
4.36286e+07,-124.14,-64.37
4.36322e+07,-122.36,-64.37
4.36358e+07,-124.90,-64.37
4.36394e+07,-121.81,-64.38
4.3643e+07,-124.63,-64.38
4.36466e+07,-122.30,-64.38
4.36502e+07,-121.33,-64.38
4.36538e+07,-121.87,-64.38
4.36573e+07,-119.44,-64.38
4.36609e+07,-116.35,-64.38
4.36645e+07,-130.48,-64.38
4.36681e+07,-116.57,-64.38
4.36717e+07,-117.57,-64.38
4.36753e+07,-123.50,-64.38
4.36789e+07,-119.32,-64.38
4.36825e+07,-116.86,-64.39
4.36861e+07,-126.94,-64.39
4.36897e+07,-123.13,-64.39
4.36933e+07,-128.80,-64.39
4.36969e+07,-118.81,-64.39
4.37004e+07,-127.56,-64.39
4.3704e+07,-128.20,-64.39
4.37076e+07,-119.61,-64.39
4.37112e+07,-125.64,-64.39
4.37148e+07,-130.39,-64.39
4.37184e+07,-122.02,-64.39
4.3722e+07,-123.36,-64.40
4.37256e+07,-125.91,-64.40
4.37292e+07,-121.38,-64.40
4.37328e+07,-118.40,-64.40
4.37364e+07,-121.50,-64.40
4.374e+07,-118.19,-64.40
4.37435e+07,-120.04,-64.40
4.37471e+07,-116.20,-64.40
4.37507e+07,-124.56,-64.40
4.37543e+07,-129.04,-64.40
4.37579e+07,-121.82,-64.40
4.37615e+07,-119.23,-64.41
4.37651e+07,-123.34,-64.41
4.37687e+07,-124.88,-64.41
4.37723e+07,-127.19,-64.41
4.37759e+07,-127.20,-64.41
4.37795e+07,-119.55,-64.41
4.37831e+07,-119.27,-64.41
4.37866e+07,-122.75,-64.41
4.37902e+07,-123.64,-64.41
4.37938e+07,-124.77,-64.41
4.37974e+07,-121.65,-64.41
4.3801e+07,-121.69,-64.41
4.38046e+07,-118.23,-64.42
4.38082e+07,-122.71,-64.42
4.38118e+07,-129.18,-64.42
4.38154e+07,-125.04,-64.42
4.3819e+07,-137.34,-64.42
4.38226e+07,-131.76,-64.42
4.38262e+07,-124.26,-64.42
4.38297e+07,-118.27,-64.42
4.38333e+07,-116.53,-64.42
4.38369e+07,-119.07,-64.42
4.38405e+07,-119.23,-64.42
4.38441e+07,-117.24,-64.43
4.38477e+07,-123.22,-64.43
4.38513e+07,-133.62,-64.43
4.38549e+07,-128.02,-64.43
4.38585e+07,-122.14,-64.43
4.38621e+07,-121.66,-64.43
4.38657e+07,-120.55,-64.43
4.38693e+07,-117.51,-64.43
4.38728e+07,-123.20,-64.43
4.38764e+07,-121.76,-64.43
4.388e+07,-123.25,-64.43
4.38836e+07,-124.00,-64.43
4.38872e+07,-138.30,-64.44
4.38908e+07,-119.17,-64.44
4.38944e+07,-118.30,-64.44
4.3898e+07,-115.90,-64.44
4.39016e+07,-120.34,-64.44
4.39052e+07,-117.80,-64.44
4.39088e+07,-116.56,-64.44
4.39124e+07,-118.63,-64.44
4.39159e+07,-120.90,-64.44
4.39195e+07,-119.40,-64.44
4.39231e+07,-115.31,-64.44
4.39267e+07,-113.87,-64.45
4.39303e+07,-113.69,-64.45
4.39339e+07,-117.74,-64.45
4.39375e+07,-122.88,-64.45
4.39411e+07,-121.13,-64.45
4.39447e+07,-122.00,-64.45
4.39483e+07,-119.93,-64.45
4.39519e+07,-122.20,-64.45
4.39555e+07,-126.07,-64.45
4.3959e+07,-123.40,-64.45
4.39626e+07,-125.66,-64.45
4.39662e+07,-126.81,-64.45
4.39698e+07,-117.39,-64.46
4.39734e+07,-121.17,-64.46
4.3977e+07,-132.39,-64.46
4.39806e+07,-123.96,-64.46
4.39842e+07,-115.02,-64.46
4.39878e+07,-115.28,-64.46
4.39914e+07,-120.59,-64.46
4.3995e+07,-122.99,-64.46
4.39986e+07,-123.77,-64.46
4.40021e+07,-118.43,-64.46
4.40057e+07,-120.47,-64.46
4.40093e+07,-117.99,-64.47
4.40129e+07,-116.14,-64.47
4.40165e+07,-116.90,-64.47
4.40201e+07,-119.37,-64.47
4.40237e+07,-142.94,-64.47
4.40273e+07,-122.81,-64.47
4.40309e+07,-122.70,-64.47
4.40345e+07,-127.49,-64.47
4.40381e+07,-118.53,-64.47
4.40417e+07,-119.25,-64.47
4.40452e+07,-121.20,-64.47
4.40488e+07,-122.04,-64.47
4.40524e+07,-124.73,-64.48
4.4056e+07,-121.72,-64.48
4.40596e+07,-134.17,-64.48
4.40632e+07,-122.43,-64.48
4.40668e+07,-120.80,-64.48
4.40704e+07,-121.05,-64.48
4.4074e+07,-117.58,-64.48
4.40776e+07,-123.22,-64.48
4.40812e+07,-131.13,-64.48
4.40848e+07,-120.70,-64.48
4.40884e+07,-123.93,-64.48
4.40919e+07,-124.71,-64.49
4.40955e+07,-115.31,-64.49
4.40991e+07,-113.50,-64.49
4.41027e+07,-120.64,-64.49
4.41063e+07,-124.18,-64.49
4.41099e+07,-125.05,-64.49
4.41135e+07,-129.74,-64.49
4.41171e+07,-125.63,-64.49
4.41207e+07,-123.41,-64.49
4.41243e+07,-122.80,-64.49
4.41279e+07,-125.47,-64.49
4.41315e+07,-122.42,-64.49
4.4135e+07,-117.00,-64.50
4.41386e+07,-128.97,-64.50
4.41422e+07,-118.18,-64.50
4.41458e+07,-119.46,-64.50
4.41494e+07,-127.06,-64.50
4.4153e+07,-126.14,-64.50
4.41566e+07,-119.55,-64.50
4.41602e+07,-119.16,-64.50
4.41638e+07,-128.66,-64.50
4.41674e+07,-119.88,-64.50
4.4171e+07,-121.29,-64.50
4.41746e+07,-123.38,-64.51
4.41781e+07,-121.28,-64.51
4.41817e+07,-125.45,-64.51
4.41853e+07,-132.12,-64.51
4.41889e+07,-123.91,-64.51
4.41925e+07,-119.35,-64.51
4.41961e+07,-124.28,-64.51
4.41997e+07,-123.96,-64.51
4.42033e+07,-114.90,-64.51
4.42069e+07,-115.39,-64.51
4.42105e+07,-128.03,-64.51
4.42141e+07,-117.68,-64.51
4.42177e+07,-118.98,-64.52
4.42212e+07,-122.91,-64.52
4.42248e+07,-124.92,-64.52
4.42284e+07,-124.45,-64.52
4.4232e+07,-122.51,-64.52
4.42356e+07,-116.83,-64.52
4.42392e+07,-116.74,-64.52
4.42428e+07,-117.25,-64.52
4.42464e+07,-123.37,-64.52
4.425e+07,-123.94,-64.52
4.42536e+07,-128.12,-64.52
4.42572e+07,-133.04,-64.52
4.42608e+07,-125.96,-64.53
4.42643e+07,-133.24,-64.53
4.42679e+07,-125.99,-64.53
4.42715e+07,-120.50,-64.53
4.42751e+07,-127.01,-64.53
4.42787e+07,-126.77,-64.53
4.42823e+07,-123.18,-64.53
4.42859e+07,-125.01,-64.53
4.42895e+07,-122.35,-64.53
4.42931e+07,-122.02,-64.53
4.42967e+07,-120.18,-64.53
4.43003e+07,-118.10,-64.54
4.43039e+07,-120.80,-64.54
4.43074e+07,-116.55,-64.54
4.4311e+07,-117.29,-64.54
4.43146e+07,-123.06,-64.54
4.43182e+07,-119.54,-64.54
4.43218e+07,-116.56,-64.54
4.43254e+07,-121.57,-64.54
4.4329e+07,-127.70,-64.54
4.43326e+07,-129.49,-64.54
4.43362e+07,-126.59,-64.54
4.43398e+07,-122.92,-64.54
4.43434e+07,-122.47,-64.55
4.4347e+07,-127.08,-64.55
4.43505e+07,-125.41,-64.55
4.43541e+07,-126.44,-64.55
4.43577e+07,-125.23,-64.55
4.43613e+07,-124.70,-64.55
4.43649e+07,-119.26,-64.55
4.43685e+07,-117.23,-64.55
4.43721e+07,-117.92,-64.55
4.43757e+07,-118.63,-64.55
4.43793e+07,-115.29,-64.55
4.43829e+07,-117.79,-64.55
4.43865e+07,-119.95,-64.56
4.43901e+07,-121.30,-64.56
4.43936e+07,-114.38,-64.56
4.43972e+07,-113.88,-64.56
4.44008e+07,-117.60,-64.56
4.44044e+07,-117.71,-64.56
4.4408e+07,-123.61,-64.56
4.44116e+07,-120.37,-64.56
4.44152e+07,-118.69,-64.56
4.44188e+07,-122.28,-64.56
4.44224e+07,-122.52,-64.56
4.4426e+07,-124.92,-64.57
4.44296e+07,-121.69,-64.57
4.44332e+07,-115.15,-64.57
4.44367e+07,-126.89,-64.57
4.44403e+07,-117.41,-64.57
4.44439e+07,-121.73,-64.57
4.44475e+07,-126.69,-64.57
4.44511e+07,-119.22,-64.57
4.44547e+07,-116.74,-64.57
4.44583e+07,-124.01,-64.57
4.44619e+07,-124.66,-64.57
4.44655e+07,-123.88,-64.57
4.44691e+07,-118.01,-64.58
4.44727e+07,-119.93,-64.58
4.44763e+07,-122.46,-64.58
4.44798e+07,-116.46,-64.58
4.44834e+07,-115.89,-64.58
4.4487e+07,-114.42,-64.58
4.44906e+07,-114.77,-64.58
4.44942e+07,-119.29,-64.58
4.44978e+07,-119.48,-64.58
4.45014e+07,-129.12,-64.58
4.4505e+07,-113.76,-64.58
4.45086e+07,-113.68,-64.58
4.45122e+07,-118.68,-64.59
4.45158e+07,-117.62,-64.59
4.45194e+07,-143.54,-64.59
4.45229e+07,-118.96,-64.59
4.45265e+07,-121.86,-64.59
4.45301e+07,-119.33,-64.59
4.45337e+07,-116.05,-64.59
4.45373e+07,-118.08,-64.59
4.45409e+07,-130.06,-64.59
4.45445e+07,-119.55,-64.59
4.45481e+07,-120.83,-64.59
4.45517e+07,-124.40,-64.60
4.45553e+07,-119.03,-64.60
4.45589e+07,-116.95,-64.60
4.45625e+07,-117.68,-64.60
4.4566e+07,-121.04,-64.60
4.45696e+07,-123.51,-64.60
4.45732e+07,-119.60,-64.60
4.45768e+07,-117.73,-64.60
4.45804e+07,-129.97,-64.60
4.4584e+07,-125.12,-64.60
4.45876e+07,-118.06,-64.60
4.45912e+07,-114.64,-64.60
4.45948e+07,-116.69,-64.61
4.45984e+07,-117.51,-64.61
4.4602e+07,-124.25,-64.61
4.46056e+07,-120.00,-64.61
4.46091e+07,-128.85,-64.61
4.46127e+07,-125.27,-64.61
4.46163e+07,-116.13,-64.61
4.46199e+07,-114.80,-64.61
4.46235e+07,-124.01,-64.61
4.46271e+07,-119.95,-64.61
4.46307e+07,-117.04,-64.61
4.46343e+07,-117.43,-64.61
4.46379e+07,-121.41,-64.62
4.46415e+07,-131.95,-64.62
4.46451e+07,-122.50,-64.62
4.46487e+07,-124.21,-64.62
4.46523e+07,-125.24,-64.62
4.46558e+07,-128.14,-64.62
4.46594e+07,-122.84,-64.62
4.4663e+07,-117.08,-64.62
4.46666e+07,-120.39,-64.62
4.46702e+07,-123.03,-64.62
4.46738e+07,-118.06,-64.62
4.46774e+07,-130.97,-64.63
4.4681e+07,-123.34,-64.63
4.46846e+07,-119.42,-64.63
4.46882e+07,-116.98,-64.63
4.46918e+07,-117.14,-64.63
4.46954e+07,-122.90,-64.63
4.46989e+07,-128.19,-64.63
4.47025e+07,-117.40,-64.63
4.47061e+07,-122.92,-64.63
4.47097e+07,-124.52,-64.63
4.47133e+07,-127.53,-64.63
4.47169e+07,-121.05,-64.63
4.47205e+07,-126.32,-64.64
4.47241e+07,-126.12,-64.64
4.47277e+07,-124.98,-64.64
4.47313e+07,-115.79,-64.64
4.47349e+07,-116.28,-64.64
4.47385e+07,-119.11,-64.64
4.4742e+07,-130.41,-64.64
4.47456e+07,-127.42,-64.64
4.47492e+07,-123.39,-64.64
4.47528e+07,-126.18,-64.64
4.47564e+07,-122.49,-64.64
4.476e+07,-119.85,-64.64
4.47636e+07,-121.16,-64.65
4.47672e+07,-125.64,-64.65
4.47708e+07,-144.49,-64.65
4.47744e+07,-134.20,-64.65
4.4778e+07,-135.28,-64.65
4.47816e+07,-118.94,-64.65
4.47851e+07,-122.03,-64.65
4.47887e+07,-124.28,-64.65
4.47923e+07,-124.53,-64.65
4.47959e+07,-131.54,-64.65
4.47995e+07,-128.53,-64.65
4.48031e+07,-119.87,-64.65
4.48067e+07,-124.27,-64.66
4.48103e+07,-121.76,-64.66
4.48139e+07,-123.30,-64.66
4.48175e+07,-119.77,-64.66
4.48211e+07,-121.25,-64.66
4.48247e+07,-123.83,-64.66
4.48282e+07,-119.32,-64.66
4.48318e+07,-119.58,-64.66
4.48354e+07,-117.63,-64.66
4.4839e+07,-118.65,-64.66
4.48426e+07,-125.68,-64.66
4.48462e+07,-124.69,-64.66
4.48498e+07,-132.47,-64.67
4.48534e+07,-136.03,-64.67
4.4857e+07,-122.96,-64.67
4.48606e+07,-118.94,-64.67
4.48642e+07,-121.84,-64.67
4.48678e+07,-132.61,-64.67
4.48713e+07,-122.78,-64.67
4.48749e+07,-125.00,-64.67
4.48785e+07,-126.48,-64.67
4.48821e+07,-128.55,-64.67
4.48857e+07,-135.45,-64.67
4.48893e+07,-127.05,-64.68
4.48929e+07,-123.29,-64.68
4.48965e+07,-120.61,-64.68
4.49001e+07,-121.04,-64.68
4.49037e+07,-127.30,-64.68
4.49073e+07,-121.59,-64.68
4.49109e+07,-131.54,-64.68
4.49144e+07,-124.31,-64.68
4.4918e+07,-127.11,-64.68
4.49216e+07,-125.25,-64.68
4.49252e+07,-124.12,-64.68
4.49288e+07,-117.00,-64.68
4.49324e+07,-121.12,-64.69
4.4936e+07,-117.98,-64.69
4.49396e+07,-122.31,-64.69
4.49432e+07,-121.44,-64.69
4.49468e+07,-130.27,-64.69
4.49504e+07,-119.92,-64.69
4.4954e+07,-123.62,-64.69
4.49575e+07,-122.49,-64.69
4.49611e+07,-121.55,-64.69
4.49647e+07,-121.92,-64.69
4.49683e+07,-118.85,-64.69
4.49719e+07,-127.38,-64.69
4.49755e+07,-121.27,-64.70
4.49791e+07,-124.63,-64.70
4.49827e+07,-128.55,-64.70
4.49863e+07,-121.74,-64.70
4.49899e+07,-115.08,-64.70
4.49935e+07,-115.21,-64.70
4.49971e+07,-121.13,-64.70
4.50006e+07,-126.18,-64.70
4.50042e+07,-127.11,-64.70
4.50078e+07,-141.98,-64.70
4.50114e+07,-125.97,-64.70
4.5015e+07,-129.14,-64.70
4.50186e+07,-123.49,-64.71
4.50222e+07,-122.65,-64.71
4.50258e+07,-123.65,-64.71
4.50294e+07,-122.42,-64.71
4.5033e+07,-127.66,-64.71
4.50366e+07,-132.55,-64.71
4.50402e+07,-126.02,-64.71
4.50437e+07,-117.02,-64.71
4.50473e+07,-119.18,-64.71
4.50509e+07,-121.12,-64.71
4.50545e+07,-120.99,-64.71
4.50581e+07,-117.88,-64.71
4.50617e+07,-120.25,-64.72
4.50653e+07,-120.39,-64.72
4.50689e+07,-121.23,-64.72
4.50725e+07,-120.14,-64.72
4.50761e+07,-122.37,-64.72
4.50797e+07,-118.55,-64.72
4.50833e+07,-118.81,-64.72
4.50868e+07,-134.25,-64.72
4.50904e+07,-126.43,-64.72
4.5094e+07,-129.69,-64.72
4.50976e+07,-120.08,-64.72
4.51012e+07,-117.14,-64.72
4.51048e+07,-119.30,-64.73
4.51084e+07,-121.56,-64.73
4.5112e+07,-122.54,-64.73
4.51156e+07,-119.00,-64.73
4.51192e+07,-117.70,-64.73
4.51228e+07,-127.18,-64.73
4.51264e+07,-126.32,-64.73
4.51299e+07,-130.55,-64.73
4.51335e+07,-130.28,-64.73
4.51371e+07,-124.37,-64.73
4.51407e+07,-121.52,-64.73
4.51443e+07,-122.09,-64.73
4.51479e+07,-121.48,-64.74
4.51515e+07,-115.98,-64.74
4.51551e+07,-115.53,-64.74
4.51587e+07,-119.15,-64.74
4.51623e+07,-117.40,-64.74
4.51659e+07,-118.35,-64.74
4.51695e+07,-121.78,-64.74
4.5173e+07,-123.31,-64.74
4.51766e+07,-136.15,-64.74
4.51802e+07,-140.24,-64.74
4.51838e+07,-121.88,-64.74
4.51874e+07,-127.67,-64.74
4.5191e+07,-123.10,-64.75
4.51946e+07,-127.97,-64.75
4.51982e+07,-124.56,-64.75
4.52018e+07,-119.87,-64.75
4.52054e+07,-134.45,-64.75
4.5209e+07,-131.97,-64.75
4.52126e+07,-132.95,-64.75
4.52161e+07,-126.95,-64.75
4.52197e+07,-119.08,-64.75
4.52233e+07,-117.84,-64.75
4.52269e+07,-121.80,-64.75
4.52305e+07,-143.77,-64.75
4.52341e+07,-132.94,-64.76
4.52377e+07,-123.32,-64.76
4.52413e+07,-121.11,-64.76
4.52449e+07,-121.05,-64.76
4.52485e+07,-122.47,-64.76
4.52521e+07,-117.81,-64.76
4.52557e+07,-120.80,-64.76
4.52593e+07,-120.35,-64.76
4.52628e+07,-132.74,-64.76
4.52664e+07,-125.23,-64.76
4.527e+07,-122.85,-64.76
4.52736e+07,-119.81,-64.76
4.52772e+07,-121.78,-64.77
4.52808e+07,-116.36,-64.77
4.52844e+07,-115.70,-64.77
4.5288e+07,-123.92,-64.77
4.52916e+07,-133.90,-64.77
4.52952e+07,-124.84,-64.77
4.52988e+07,-122.42,-64.77
4.53024e+07,-125.33,-64.77
4.53059e+07,-126.94,-64.77
4.53095e+07,-129.35,-64.77
4.53131e+07,-133.71,-64.77
4.53167e+07,-125.78,-64.77
4.53203e+07,-133.24,-64.78
4.53239e+07,-133.79,-64.78
4.53275e+07,-136.05,-64.78
4.53311e+07,-139.72,-64.78
4.53347e+07,-134.46,-64.78
4.53383e+07,-123.19,-64.78
4.53419e+07,-123.52,-64.78
4.53455e+07,-121.11,-64.78
4.5349e+07,-117.36,-64.78
4.53526e+07,-135.22,-64.78
4.53562e+07,-124.02,-64.78
4.53598e+07,-135.07,-64.78
4.53634e+07,-120.57,-64.79
4.5367e+07,-119.07,-64.79
4.53706e+07,-129.65,-64.79
4.53742e+07,-115.56,-64.79
4.53778e+07,-116.73,-64.79
4.53814e+07,-119.26,-64.79
4.5385e+07,-122.29,-64.79
4.53886e+07,-125.22,-64.79
4.53921e+07,-124.10,-64.79
4.53957e+07,-117.57,-64.79
4.53993e+07,-119.62,-64.79
4.54029e+07,-117.68,-64.79
4.54065e+07,-112.41,-64.80
4.54101e+07,-113.32,-64.80
4.54137e+07,-116.94,-64.80
4.54173e+07,-123.01,-64.80
4.54209e+07,-126.29,-64.80
4.54245e+07,-120.84,-64.80
4.54281e+07,-122.23,-64.80
4.54317e+07,-115.00,-64.80
4.54352e+07,-118.15,-64.80
4.54388e+07,-126.68,-64.80
4.54424e+07,-121.85,-64.80
4.5446e+07,-119.26,-64.80
4.54496e+07,-118.84,-64.81
4.54532e+07,-116.21,-64.81
4.54568e+07,-116.15,-64.81
4.54604e+07,-123.62,-64.81
4.5464e+07,-124.96,-64.81
4.54676e+07,-119.35,-64.81
4.54712e+07,-121.38,-64.81
4.54748e+07,-128.66,-64.81
4.54783e+07,-122.86,-64.81
4.54819e+07,-120.56,-64.81
4.54855e+07,-115.70,-64.81
4.54891e+07,-112.04,-64.81
4.54927e+07,-117.94,-64.82
4.54963e+07,-132.35,-64.82
4.54999e+07,-126.47,-64.82
4.55035e+07,-121.31,-64.82
4.55071e+07,-116.09,-64.82
4.55107e+07,-133.93,-64.82
4.55143e+07,-116.40,-64.82
4.55179e+07,-120.97,-64.82
4.55214e+07,-121.66,-64.82
4.5525e+07,-124.10,-64.82
4.55286e+07,-138.89,-64.82
4.55322e+07,-126.76,-64.82
4.55358e+07,-120.47,-64.83
4.55394e+07,-119.01,-64.83
4.5543e+07,-132.40,-64.83
4.55466e+07,-130.31,-64.83
4.55502e+07,-120.19,-64.83
4.55538e+07,-120.11,-64.83
4.55574e+07,-126.89,-64.83
4.5561e+07,-119.90,-64.83
4.55645e+07,-119.00,-64.83
4.55681e+07,-121.62,-64.83
4.55717e+07,-122.04,-64.83
4.55753e+07,-120.30,-64.83
4.55789e+07,-126.10,-64.84
4.55825e+07,-131.72,-64.84
4.55861e+07,-117.99,-64.84
4.55897e+07,-115.56,-64.84
4.55933e+07,-119.98,-64.84
4.55969e+07,-125.84,-64.84
4.56005e+07,-124.04,-64.84
4.56041e+07,-122.75,-64.84
4.56076e+07,-127.13,-64.84
4.56112e+07,-121.65,-64.84
4.56148e+07,-128.65,-64.84
4.56184e+07,-127.18,-64.84
4.5622e+07,-129.46,-64.85
4.56256e+07,-121.08,-64.85
4.56292e+07,-122.16,-64.85
4.56328e+07,-119.41,-64.85
4.56364e+07,-130.98,-64.85
4.564e+07,-118.59,-64.85
4.56436e+07,-118.72,-64.85
4.56472e+07,-136.59,-64.85
4.56507e+07,-128.18,-64.85
4.56543e+07,-122.48,-64.85
4.56579e+07,-120.90,-64.85
4.56615e+07,-118.19,-64.85
4.56651e+07,-117.69,-64.86
4.56687e+07,-119.43,-64.86
4.56723e+07,-150.31,-64.86
4.56759e+07,-122.76,-64.86
4.56795e+07,-125.20,-64.86
4.56831e+07,-130.53,-64.86
4.56867e+07,-129.14,-64.86
4.56903e+07,-133.33,-64.86
4.56938e+07,-125.92,-64.86
4.56974e+07,-127.15,-64.86
4.5701e+07,-127.39,-64.86
4.57046e+07,-120.01,-64.86
4.57082e+07,-115.13,-64.87
4.57118e+07,-122.95,-64.87
4.57154e+07,-128.20,-64.87
4.5719e+07,-126.69,-64.87
4.57226e+07,-118.26,-64.87
4.57262e+07,-121.31,-64.87
4.57298e+07,-136.98,-64.87
4.57334e+07,-127.96,-64.87
4.57369e+07,-127.08,-64.87
4.57405e+07,-122.77,-64.87
4.57441e+07,-116.56,-64.87
4.57477e+07,-116.92,-64.87
4.57513e+07,-118.13,-64.88
4.57549e+07,-127.14,-64.88
4.57585e+07,-121.58,-64.88
4.57621e+07,-119.55,-64.88
4.57657e+07,-120.64,-64.88
4.57693e+07,-123.27,-64.88
4.57729e+07,-127.94,-64.88
4.57765e+07,-131.35,-64.88
4.578e+07,-122.79,-64.88
4.57836e+07,-116.49,-64.88
4.57872e+07,-113.48,-64.88
4.57908e+07,-113.50,-64.88
4.57944e+07,-116.77,-64.89
4.5798e+07,-121.51,-64.89
4.58016e+07,-129.98,-64.89
4.58052e+07,-125.36,-64.89
4.58088e+07,-133.68,-64.89
4.58124e+07,-124.04,-64.89
4.5816e+07,-117.99,-64.89
4.58196e+07,-121.15,-64.89
4.58232e+07,-127.92,-64.89
4.58267e+07,-126.77,-64.89
4.58303e+07,-120.13,-64.89
4.58339e+07,-116.90,-64.89
4.58375e+07,-121.77,-64.89
4.58411e+07,-136.77,-64.90
4.58447e+07,-127.77,-64.90
4.58483e+07,-128.85,-64.90
4.58519e+07,-128.87,-64.90
4.58555e+07,-127.62,-64.90
4.58591e+07,-123.75,-64.90
4.58627e+07,-123.01,-64.90
4.58663e+07,-134.24,-64.90
4.58698e+07,-118.47,-64.90
4.58734e+07,-121.53,-64.90
4.5877e+07,-121.11,-64.90
4.58806e+07,-119.49,-64.90
4.58842e+07,-136.13,-64.91
4.58878e+07,-127.00,-64.91
4.58914e+07,-121.40,-64.91
4.5895e+07,-115.45,-64.91
4.58986e+07,-116.65,-64.91
4.59022e+07,-116.18,-64.91
4.59058e+07,-117.62,-64.91
4.59094e+07,-118.41,-64.91
4.59129e+07,-122.65,-64.91
4.59165e+07,-121.89,-64.91
4.59201e+07,-117.59,-64.91
4.59237e+07,-117.94,-64.91
4.59273e+07,-113.72,-64.92
4.59309e+07,-120.62,-64.92
4.59345e+07,-116.59,-64.92
4.59381e+07,-118.66,-64.92
4.59417e+07,-115.86,-64.92
4.59453e+07,-117.42,-64.92
4.59489e+07,-120.31,-64.92
4.59525e+07,-124.76,-64.92
4.5956e+07,-127.67,-64.92
4.59596e+07,-117.48,-64.92
4.59632e+07,-115.51,-64.92
4.59668e+07,-114.33,-64.92
4.59704e+07,-127.96,-64.93
4.5974e+07,-123.06,-64.93
4.59776e+07,-127.07,-64.93
4.59812e+07,-131.61,-64.93
4.59848e+07,-126.89,-64.93
4.59884e+07,-125.91,-64.93
4.5992e+07,-128.74,-64.93
4.59956e+07,-131.61,-64.93
4.59991e+07,-127.10,-64.93
4.60027e+07,-127.05,-64.93
4.60063e+07,-117.77,-64.93
4.60099e+07,-132.67,-64.93
4.60135e+07,-116.37,-64.94
4.60171e+07,-115.63,-64.94
4.60207e+07,-113.36,-64.94
4.60243e+07,-124.19,-64.94
4.60279e+07,-117.60,-64.94
4.60315e+07,-116.34,-64.94
4.60351e+07,-120.90,-64.94
4.60387e+07,-131.95,-64.94
4.60422e+07,-124.06,-64.94
4.60458e+07,-118.20,-64.94
4.60494e+07,-116.27,-64.94
4.6053e+07,-115.97,-64.94
4.60566e+07,-125.39,-64.94
4.60602e+07,-121.66,-64.95
4.60638e+07,-125.03,-64.95
4.60674e+07,-125.49,-64.95
4.6071e+07,-127.47,-64.95
4.60746e+07,-130.47,-64.95
4.60782e+07,-122.61,-64.95
4.60818e+07,-120.31,-64.95
4.60853e+07,-119.99,-64.95
4.60889e+07,-117.94,-64.95
4.60925e+07,-114.99,-64.95
4.60961e+07,-122.33,-64.95
4.60997e+07,-129.30,-64.95
4.61033e+07,-119.99,-64.96
4.61069e+07,-118.81,-64.96
4.61105e+07,-119.96,-64.96
4.61141e+07,-116.66,-64.96
4.61177e+07,-127.12,-64.96
4.61213e+07,-122.27,-64.96
4.61249e+07,-124.99,-64.96
4.61284e+07,-123.26,-64.96
4.6132e+07,-125.99,-64.96
4.61356e+07,-126.71,-64.96
4.61392e+07,-125.07,-64.96
4.61428e+07,-121.97,-64.96
4.61464e+07,-121.43,-64.97
4.615e+07,-121.55,-64.97
4.61536e+07,-119.83,-64.97
4.61572e+07,-134.42,-64.97
4.61608e+07,-119.80,-64.97
4.61644e+07,-124.72,-64.97
4.6168e+07,-124.54,-64.97
4.61715e+07,-126.64,-64.97
4.61751e+07,-116.86,-64.97
4.61787e+07,-114.14,-64.97
4.61823e+07,-120.78,-64.97
4.61859e+07,-147.74,-64.97
4.61895e+07,-132.00,-64.98
4.61931e+07,-124.74,-64.98
4.61967e+07,-126.52,-64.98
4.62003e+07,-132.90,-64.98
4.62039e+07,-125.01,-64.98
4.62075e+07,-125.46,-64.98
4.62111e+07,-126.38,-64.98
4.62146e+07,-124.28,-64.98
4.62182e+07,-133.28,-64.98
4.62218e+07,-130.18,-64.98
4.62254e+07,-131.31,-64.98
4.6229e+07,-122.84,-64.98
4.62326e+07,-118.50,-64.98
4.62362e+07,-119.86,-64.99
4.62398e+07,-122.27,-64.99
4.62434e+07,-123.27,-64.99
4.6247e+07,-128.39,-64.99
4.62506e+07,-121.13,-64.99
4.62542e+07,-135.34,-64.99
4.62577e+07,-125.62,-64.99
4.62613e+07,-119.28,-64.99
4.62649e+07,-117.98,-64.99
4.62685e+07,-120.07,-64.99
4.62721e+07,-126.88,-64.99
4.62757e+07,-119.95,-64.99
4.62793e+07,-123.16,-65.00
4.62829e+07,-119.29,-65.00
4.62865e+07,-115.14,-65.00
4.62901e+07,-115.57,-65.00
4.62937e+07,-120.44,-65.00
4.62973e+07,-123.74,-65.00
4.63008e+07,-118.56,-65.00
4.63044e+07,-127.37,-65.00
4.6308e+07,-120.41,-65.00
4.63116e+07,-123.81,-65.00
4.63152e+07,-132.30,-65.00
4.63188e+07,-126.76,-65.00
4.63224e+07,-130.76,-65.01
4.6326e+07,-120.67,-65.01
4.63296e+07,-121.12,-65.01
4.63332e+07,-119.35,-65.01
4.63368e+07,-122.88,-65.01
4.63404e+07,-119.81,-65.01
4.63439e+07,-120.05,-65.01
4.63475e+07,-127.30,-65.01
4.63511e+07,-125.85,-65.01
4.63547e+07,-117.48,-65.01
4.63583e+07,-121.40,-65.01
4.63619e+07,-135.68,-65.01
4.63655e+07,-128.08,-65.01
4.63691e+07,-125.26,-65.02
4.63727e+07,-125.08,-65.02
4.63763e+07,-117.85,-65.02
4.63799e+07,-116.84,-65.02
4.63835e+07,-122.46,-65.02
4.63871e+07,-121.42,-65.02
4.63906e+07,-124.21,-65.02
4.63942e+07,-124.05,-65.02
4.63978e+07,-120.15,-65.02
4.64014e+07,-121.12,-65.02
4.6405e+07,-122.25,-65.02
4.64086e+07,-127.91,-65.02
4.64122e+07,-129.05,-65.03
4.64158e+07,-128.92,-65.03
4.64194e+07,-124.41,-65.03
4.6423e+07,-125.35,-65.03
4.64266e+07,-133.16,-65.03
4.64302e+07,-118.23,-65.03
4.64337e+07,-120.43,-65.03
4.64373e+07,-120.49,-65.03
4.64409e+07,-119.24,-65.03
4.64445e+07,-124.27,-65.03
4.64481e+07,-124.12,-65.03
4.64517e+07,-119.34,-65.03
4.64553e+07,-115.67,-65.03
4.64589e+07,-116.79,-65.04
4.64625e+07,-126.85,-65.04
4.64661e+07,-123.26,-65.04
4.64697e+07,-123.73,-65.04
4.64733e+07,-130.59,-65.04
4.64768e+07,-124.12,-65.04
4.64804e+07,-127.20,-65.04
4.6484e+07,-122.00,-65.04
4.64876e+07,-119.90,-65.04
4.64912e+07,-121.30,-65.04
4.64948e+07,-121.98,-65.04
4.64984e+07,-121.34,-65.04
4.6502e+07,-124.20,-65.05
4.65056e+07,-121.39,-65.05
4.65092e+07,-134.40,-65.05
4.65128e+07,-118.85,-65.05
4.65164e+07,-118.01,-65.05
4.65199e+07,-120.77,-65.05
4.65235e+07,-122.64,-65.05
4.65271e+07,-122.82,-65.05
4.65307e+07,-119.96,-65.05
4.65343e+07,-122.60,-65.05
4.65379e+07,-123.30,-65.05
4.65415e+07,-131.16,-65.05
4.65451e+07,-123.21,-65.06
4.65487e+07,-124.02,-65.06
4.65523e+07,-130.37,-65.06
4.65559e+07,-122.26,-65.06
4.65595e+07,-117.43,-65.06
4.6563e+07,-126.67,-65.06
4.65666e+07,-116.55,-65.06
4.65702e+07,-112.55,-65.06
4.65738e+07,-116.32,-65.06
4.65774e+07,-121.08,-65.06
4.6581e+07,-121.49,-65.06
4.65846e+07,-115.52,-65.06
4.65882e+07,-122.57,-65.06
4.65918e+07,-123.95,-65.07
4.65954e+07,-128.82,-65.07
4.6599e+07,-120.79,-65.07
4.66026e+07,-123.05,-65.07
4.66061e+07,-118.88,-65.07
4.66097e+07,-119.51,-65.07
4.66133e+07,-119.81,-65.07
4.66169e+07,-115.84,-65.07
4.66205e+07,-123.92,-65.07
4.66241e+07,-122.32,-65.07
4.66277e+07,-121.61,-65.07
4.66313e+07,-121.22,-65.07
4.66349e+07,-119.87,-65.08
4.66385e+07,-119.05,-65.08
4.66421e+07,-120.78,-65.08
4.66457e+07,-126.31,-65.08
4.66492e+07,-120.05,-65.08
4.66528e+07,-118.48,-65.08
4.66564e+07,-126.47,-65.08
4.666e+07,-130.98,-65.08
4.66636e+07,-121.32,-65.08
4.66672e+07,-121.05,-65.08
4.66708e+07,-119.93,-65.08
4.66744e+07,-122.08,-65.08
4.6678e+07,-122.05,-65.08
4.66816e+07,-123.30,-65.09
4.66852e+07,-121.45,-65.09
4.66888e+07,-114.48,-65.09
4.66923e+07,-115.99,-65.09
4.66959e+07,-132.99,-65.09
4.66995e+07,-119.25,-65.09
4.67031e+07,-118.13,-65.09
4.67067e+07,-123.84,-65.09
4.67103e+07,-129.79,-65.09
4.67139e+07,-120.19,-65.09
4.67175e+07,-118.10,-65.09
4.67211e+07,-131.23,-65.09
4.67247e+07,-117.80,-65.10
4.67283e+07,-118.94,-65.10
4.67319e+07,-121.79,-65.10
4.67354e+07,-120.09,-65.10
4.6739e+07,-124.26,-65.10
4.67426e+07,-133.18,-65.10
4.67462e+07,-131.02,-65.10
4.67498e+07,-122.56,-65.10
4.67534e+07,-132.60,-65.10
4.6757e+07,-119.53,-65.10
4.67606e+07,-120.54,-65.10
4.67642e+07,-121.08,-65.10
4.67678e+07,-127.24,-65.10
4.67714e+07,-128.64,-65.11
4.6775e+07,-120.06,-65.11
4.67785e+07,-121.94,-65.11
4.67821e+07,-125.87,-65.11
4.67857e+07,-124.35,-65.11
4.67893e+07,-125.34,-65.11
4.67929e+07,-123.39,-65.11
4.67965e+07,-120.60,-65.11
4.68001e+07,-119.79,-65.11
4.68037e+07,-129.24,-65.11
4.68073e+07,-132.31,-65.11
4.68109e+07,-128.76,-65.11
4.68145e+07,-125.23,-65.12
4.68181e+07,-119.91,-65.12
4.68216e+07,-120.91,-65.12
4.68252e+07,-133.72,-65.12
4.68288e+07,-123.80,-65.12
4.68324e+07,-121.29,-65.12
4.6836e+07,-131.16,-65.12
4.68396e+07,-116.55,-65.12
4.68432e+07,-115.87,-65.12
4.68468e+07,-123.17,-65.12
4.68504e+07,-122.62,-65.12
4.6854e+07,-116.45,-65.12
4.68576e+07,-118.89,-65.12
4.68612e+07,-126.20,-65.13
4.68647e+07,-128.12,-65.13
4.68683e+07,-120.75,-65.13
4.68719e+07,-118.72,-65.13
4.68755e+07,-116.87,-65.13
4.68791e+07,-113.41,-65.13
4.68827e+07,-117.20,-65.13
4.68863e+07,-127.59,-65.13
4.68899e+07,-123.99,-65.13
4.68935e+07,-118.44,-65.13
4.68971e+07,-119.16,-65.13
4.69007e+07,-124.68,-65.13
4.69043e+07,-117.67,-65.14
4.69078e+07,-116.38,-65.14
4.69114e+07,-145.04,-65.14
4.6915e+07,-116.12,-65.14
4.69186e+07,-115.95,-65.14
4.69222e+07,-117.50,-65.14
4.69258e+07,-111.23,-65.14
4.69294e+07,-113.82,-65.14
4.6933e+07,-114.58,-65.14
4.69366e+07,-115.52,-65.14
4.69402e+07,-116.92,-65.14
4.69438e+07,-117.15,-65.14
4.69474e+07,-116.75,-65.14
4.6951e+07,-117.32,-65.15
4.69545e+07,-113.89,-65.15
4.69581e+07,-119.04,-65.15
4.69617e+07,-123.84,-65.15
4.69653e+07,-116.57,-65.15
4.69689e+07,-118.27,-65.15
4.69725e+07,-119.16,-65.15
4.69761e+07,-124.89,-65.15
4.69797e+07,-128.74,-65.15
4.69833e+07,-133.83,-65.15
4.69869e+07,-115.10,-65.15
4.69905e+07,-112.58,-65.15
4.69941e+07,-118.18,-65.15
4.69976e+07,-129.75,-65.16
4.70012e+07,-119.03,-65.16
4.70048e+07,-116.88,-65.16
4.70084e+07,-119.76,-65.16
4.7012e+07,-115.77,-65.16
4.70156e+07,-114.59,-65.16
4.70192e+07,-118.32,-65.16
4.70228e+07,-123.47,-65.16
4.70264e+07,-146.16,-65.16
4.703e+07,-126.71,-65.16
4.70336e+07,-123.60,-65.16
4.70372e+07,-118.28,-65.16
4.70407e+07,-121.12,-65.17
4.70443e+07,-138.08,-65.17
4.70479e+07,-120.39,-65.17
4.70515e+07,-116.74,-65.17
4.70551e+07,-120.37,-65.17
4.70587e+07,-134.75,-65.17
4.70623e+07,-120.57,-65.17
4.70659e+07,-115.83,-65.17
4.70695e+07,-117.30,-65.17
4.70731e+07,-124.27,-65.17
4.70767e+07,-130.77,-65.17
4.70803e+07,-125.55,-65.17
4.70838e+07,-125.27,-65.17
4.70874e+07,-126.58,-65.18
4.7091e+07,-124.52,-65.18
4.70946e+07,-122.27,-65.18
4.70982e+07,-120.00,-65.18
4.71018e+07,-127.15,-65.18
4.71054e+07,-120.02,-65.18
4.7109e+07,-119.84,-65.18
4.71126e+07,-121.83,-65.18
4.71162e+07,-118.49,-65.18
4.71198e+07,-120.76,-65.18
4.71234e+07,-122.92,-65.18
4.71269e+07,-122.65,-65.18
4.71305e+07,-114.58,-65.18
4.71341e+07,-112.45,-65.19
4.71377e+07,-116.27,-65.19
4.71413e+07,-133.88,-65.19
4.71449e+07,-119.27,-65.19
4.71485e+07,-121.89,-65.19
4.71521e+07,-125.35,-65.19
4.71557e+07,-126.88,-65.19
4.71593e+07,-123.67,-65.19
4.71629e+07,-128.85,-65.19
4.71665e+07,-131.92,-65.19
4.717e+07,-129.63,-65.19
4.71736e+07,-125.41,-65.19
4.71772e+07,-130.37,-65.20
4.71808e+07,-124.18,-65.20
4.71844e+07,-115.17,-65.20
4.7188e+07,-112.75,-65.20
4.71916e+07,-115.02,-65.20
4.71952e+07,-123.80,-65.20
4.71988e+07,-136.58,-65.20
4.72024e+07,-125.00,-65.20
4.7206e+07,-121.71,-65.20
4.72096e+07,-126.17,-65.20
4.72131e+07,-127.29,-65.20
4.72167e+07,-120.32,-65.20
4.72203e+07,-118.33,-65.20
4.72239e+07,-129.08,-65.21
4.72275e+07,-137.69,-65.21
4.72311e+07,-136.83,-65.21
4.72347e+07,-134.61,-65.21
4.72383e+07,-133.09,-65.21
4.72419e+07,-123.39,-65.21
4.72455e+07,-119.84,-65.21
4.72491e+07,-120.00,-65.21
4.72527e+07,-129.66,-65.21
4.72562e+07,-128.14,-65.21
4.72598e+07,-127.90,-65.21
4.72634e+07,-127.01,-65.21
4.7267e+07,-124.25,-65.21
4.72706e+07,-120.65,-65.22
4.72742e+07,-122.51,-65.22
4.72778e+07,-125.70,-65.22
4.72814e+07,-118.08,-65.22
4.7285e+07,-122.41,-65.22
4.72886e+07,-120.10,-65.22
4.72922e+07,-116.42,-65.22
4.72958e+07,-117.48,-65.22
4.72993e+07,-119.70,-65.22
4.73029e+07,-130.63,-65.22
4.73065e+07,-118.84,-65.22
4.73101e+07,-115.06,-65.22
4.73137e+07,-114.64,-65.23
4.73173e+07,-117.06,-65.23
4.73209e+07,-123.78,-65.23
4.73245e+07,-123.13,-65.23
4.73281e+07,-121.39,-65.23
4.73317e+07,-125.91,-65.23
4.73353e+07,-122.02,-65.23
4.73389e+07,-120.82,-65.23
4.73424e+07,-119.03,-65.23
4.7346e+07,-117.42,-65.23
4.73496e+07,-121.28,-65.23
4.73532e+07,-123.92,-65.23
4.73568e+07,-129.53,-65.23
4.73604e+07,-114.43,-65.24
4.7364e+07,-115.30,-65.24
4.73676e+07,-129.03,-65.24
4.73712e+07,-121.29,-65.24
4.73748e+07,-121.17,-65.24
4.73784e+07,-123.23,-65.24
4.7382e+07,-133.66,-65.24
4.73855e+07,-122.17,-65.24
4.73891e+07,-117.94,-65.24
4.73927e+07,-117.18,-65.24
4.73963e+07,-123.76,-65.24
4.73999e+07,-135.04,-65.24
4.74035e+07,-115.94,-65.24
4.74071e+07,-115.85,-65.25
4.74107e+07,-118.29,-65.25
4.74143e+07,-120.30,-65.25
4.74179e+07,-122.18,-65.25
4.74215e+07,-118.30,-65.25
4.74251e+07,-117.24,-65.25
4.74286e+07,-116.72,-65.25
4.74322e+07,-114.44,-65.25
4.74358e+07,-116.33,-65.25
4.74394e+07,-124.11,-65.25
4.7443e+07,-121.64,-65.25
4.74466e+07,-119.87,-65.25
4.74502e+07,-117.41,-65.26
4.74538e+07,-120.66,-65.26
4.74574e+07,-124.08,-65.26
4.7461e+07,-115.97,-65.26
4.74646e+07,-114.07,-65.26
4.74682e+07,-121.55,-65.26
4.74717e+07,-132.86,-65.26
4.74753e+07,-117.08,-65.26
4.74789e+07,-118.74,-65.26
4.74825e+07,-117.81,-65.26
4.74861e+07,-113.85,-65.26
4.74897e+07,-116.02,-65.26
4.74933e+07,-114.91,-65.26
4.74969e+07,-111.48,-65.27
4.75005e+07,-111.47,-65.27
4.75041e+07,-114.65,-65.27
4.75077e+07,-125.87,-65.27
4.75113e+07,-155.06,-65.27
4.75149e+07,-121.73,-65.27
4.75184e+07,-114.81,-65.27
4.7522e+07,-114.99,-65.27
4.75256e+07,-116.55,-65.27
4.75292e+07,-113.33,-65.27
4.75328e+07,-116.79,-65.27
4.75364e+07,-119.13,-65.27
4.754e+07,-118.70,-65.27
4.75436e+07,-127.57,-65.28
4.75472e+07,-118.43,-65.28
4.75508e+07,-115.67,-65.28
4.75544e+07,-123.49,-65.28
4.7558e+07,-115.81,-65.28
4.75615e+07,-117.04,-65.28
4.75651e+07,-127.02,-65.28
4.75687e+07,-126.45,-65.28
4.75723e+07,-120.50,-65.28
4.75759e+07,-125.34,-65.28
4.75795e+07,-128.89,-65.28
4.75831e+07,-123.85,-65.28
4.75867e+07,-121.00,-65.28
4.75903e+07,-119.34,-65.29
4.75939e+07,-129.20,-65.29
4.75975e+07,-116.71,-65.29
4.76011e+07,-123.16,-65.29
4.76046e+07,-121.19,-65.29
4.76082e+07,-117.58,-65.29
4.76118e+07,-113.17,-65.29
4.76154e+07,-112.46,-65.29
4.7619e+07,-116.22,-65.29
4.76226e+07,-117.86,-65.29
4.76262e+07,-118.52,-65.29
4.76298e+07,-126.08,-65.29
4.76334e+07,-130.64,-65.29
4.7637e+07,-122.58,-65.30
4.76406e+07,-128.05,-65.30
4.76442e+07,-120.25,-65.30
4.76477e+07,-122.72,-65.30
4.76513e+07,-125.85,-65.30
4.76549e+07,-117.63,-65.30
4.76585e+07,-124.85,-65.30
4.76621e+07,-132.48,-65.30
4.76657e+07,-125.15,-65.30
4.76693e+07,-121.87,-65.30
4.76729e+07,-127.03,-65.30
4.76765e+07,-128.56,-65.30
4.76801e+07,-120.67,-65.30
4.76837e+07,-119.01,-65.31
4.76873e+07,-120.63,-65.31
4.76908e+07,-120.05,-65.31
4.76944e+07,-127.97,-65.31
4.7698e+07,-117.67,-65.31
4.77016e+07,-119.69,-65.31
4.77052e+07,-118.39,-65.31
4.77088e+07,-119.31,-65.31
4.77124e+07,-117.45,-65.31
4.7716e+07,-124.58,-65.31
4.77196e+07,-118.39,-65.31
4.77232e+07,-116.04,-65.31
4.77268e+07,-115.82,-65.32
4.77304e+07,-118.82,-65.32
4.77339e+07,-119.31,-65.32
4.77375e+07,-117.08,-65.32
4.77411e+07,-117.45,-65.32
4.77447e+07,-127.56,-65.32
4.77483e+07,-135.79,-65.32
4.77519e+07,-120.68,-65.32
4.77555e+07,-119.82,-65.32
4.77591e+07,-125.92,-65.32
4.77627e+07,-129.92,-65.32
4.77663e+07,-125.84,-65.32
4.77699e+07,-120.72,-65.32
4.77735e+07,-115.85,-65.33
4.7777e+07,-116.12,-65.33
4.77806e+07,-119.29,-65.33
4.77842e+07,-119.59,-65.33
4.77878e+07,-118.37,-65.33
4.77914e+07,-117.84,-65.33
4.7795e+07,-118.71,-65.33
4.77986e+07,-116.35,-65.33
4.78022e+07,-116.17,-65.33
4.78058e+07,-115.25,-65.33
4.78094e+07,-120.41,-65.33
4.7813e+07,-131.93,-65.33
4.78166e+07,-119.78,-65.33
4.78201e+07,-121.13,-65.34
4.78237e+07,-122.03,-65.34
4.78273e+07,-126.43,-65.34
4.78309e+07,-133.17,-65.34
4.78345e+07,-122.36,-65.34
4.78381e+07,-121.39,-65.34
4.78417e+07,-120.53,-65.34
4.78453e+07,-119.25,-65.34
4.78489e+07,-120.66,-65.34
4.78525e+07,-124.85,-65.34
4.78561e+07,-122.82,-65.34
4.78597e+07,-121.76,-65.34
4.78632e+07,-121.28,-65.34
4.78668e+07,-127.73,-65.35
4.78704e+07,-140.27,-65.35
4.7874e+07,-120.65,-65.35
4.78776e+07,-115.84,-65.35
4.78812e+07,-117.81,-65.35
4.78848e+07,-127.37,-65.35
4.78884e+07,-123.25,-65.35
4.7892e+07,-116.87,-65.35
4.78956e+07,-117.06,-65.35
4.78992e+07,-115.15,-65.35
4.79028e+07,-115.12,-65.35
4.79063e+07,-118.68,-65.35
4.79099e+07,-119.37,-65.35
4.79135e+07,-127.17,-65.36
4.79171e+07,-121.06,-65.36
4.79207e+07,-118.91,-65.36
4.79243e+07,-118.84,-65.36
4.79279e+07,-120.50,-65.36
4.79315e+07,-116.77,-65.36
4.79351e+07,-122.36,-65.36
4.79387e+07,-133.93,-65.36
4.79423e+07,-123.23,-65.36
4.79459e+07,-123.79,-65.36
4.79494e+07,-116.51,-65.36
4.7953e+07,-119.79,-65.36
4.79566e+07,-125.45,-65.36
4.79602e+07,-127.50,-65.37
4.79638e+07,-121.16,-65.37
4.79674e+07,-119.94,-65.37
4.7971e+07,-127.56,-65.37
4.79746e+07,-119.96,-65.37
4.79782e+07,-115.57,-65.37
4.79818e+07,-117.80,-65.37
4.79854e+07,-118.46,-65.37
4.7989e+07,-124.20,-65.37
4.79925e+07,-129.31,-65.37
4.79961e+07,-124.24,-65.37
4.79997e+07,-123.62,-65.37
4.80033e+07,-129.94,-65.37
4.80069e+07,-122.35,-65.38
4.80105e+07,-120.12,-65.38
4.80141e+07,-118.43,-65.38
4.80177e+07,-118.29,-65.38
4.80213e+07,-118.86,-65.38
4.80249e+07,-116.32,-65.38
4.80285e+07,-119.45,-65.38
4.80321e+07,-122.43,-65.38
4.80356e+07,-120.84,-65.38
4.80392e+07,-128.91,-65.38
4.80428e+07,-135.85,-65.38
4.80464e+07,-124.33,-65.38
4.805e+07,-122.33,-65.38
4.80536e+07,-124.75,-65.39
4.80572e+07,-121.56,-65.39
4.80608e+07,-118.07,-65.39
4.80644e+07,-112.91,-65.39
4.8068e+07,-118.54,-65.39
4.80716e+07,-123.95,-65.39
4.80752e+07,-117.47,-65.39
4.80787e+07,-116.72,-65.39
4.80823e+07,-121.09,-65.39
4.80859e+07,-121.30,-65.39
4.80895e+07,-117.24,-65.39
4.80931e+07,-123.44,-65.39
4.80967e+07,-123.48,-65.39
4.81003e+07,-122.33,-65.40
4.81039e+07,-130.33,-65.40
4.81075e+07,-132.51,-65.40
4.81111e+07,-123.82,-65.40
4.81147e+07,-117.31,-65.40
4.81183e+07,-117.92,-65.40
4.81219e+07,-124.12,-65.40
4.81254e+07,-121.32,-65.40
4.8129e+07,-122.74,-65.40
4.81326e+07,-138.86,-65.40
4.81362e+07,-122.94,-65.40
4.81398e+07,-117.24,-65.40
4.81434e+07,-119.14,-65.40
4.8147e+07,-126.77,-65.41
4.81506e+07,-130.52,-65.41
4.81542e+07,-124.40,-65.41
4.81578e+07,-123.63,-65.41
4.81614e+07,-117.58,-65.41
4.8165e+07,-133.42,-65.41
4.81685e+07,-124.08,-65.41
4.81721e+07,-127.27,-65.41
4.81757e+07,-131.12,-65.41
4.81793e+07,-132.49,-65.41
4.81829e+07,-126.82,-65.41
4.81865e+07,-126.44,-65.41
4.81901e+07,-119.46,-65.41
4.81937e+07,-117.36,-65.42
4.81973e+07,-117.29,-65.42
4.82009e+07,-119.22,-65.42
4.82045e+07,-119.90,-65.42
4.82081e+07,-117.61,-65.42
4.82116e+07,-118.70,-65.42
4.82152e+07,-125.75,-65.42
4.82188e+07,-123.80,-65.42
4.82224e+07,-128.93,-65.42
4.8226e+07,-120.51,-65.42
4.82296e+07,-116.72,-65.42
4.82332e+07,-116.47,-65.42
4.82368e+07,-126.16,-65.42
4.82404e+07,-119.15,-65.43
4.8244e+07,-116.83,-65.43
4.82476e+07,-119.80,-65.43
4.82512e+07,-121.51,-65.43
4.82547e+07,-123.63,-65.43
4.82583e+07,-119.31,-65.43
4.82619e+07,-117.13,-65.43
4.82655e+07,-119.22,-65.43
4.82691e+07,-122.30,-65.43
4.82727e+07,-125.62,-65.43
4.82763e+07,-130.08,-65.43
4.82799e+07,-131.82,-65.43
4.82835e+07,-124.14,-65.43
4.82871e+07,-125.48,-65.44
4.82907e+07,-128.17,-65.44
4.82943e+07,-127.63,-65.44
4.82978e+07,-129.76,-65.44
4.83014e+07,-125.24,-65.44
4.8305e+07,-127.84,-65.44
4.83086e+07,-120.84,-65.44
4.83122e+07,-123.18,-65.44
4.83158e+07,-130.45,-65.44
4.83194e+07,-125.32,-65.44
4.8323e+07,-126.50,-65.44
4.83266e+07,-132.23,-65.44
4.83302e+07,-123.66,-65.44
4.83338e+07,-123.12,-65.45
4.83374e+07,-119.85,-65.45
4.83409e+07,-123.15,-65.45
4.83445e+07,-129.74,-65.45
4.83481e+07,-126.99,-65.45
4.83517e+07,-127.70,-65.45
4.83553e+07,-124.40,-65.45
4.83589e+07,-140.55,-65.45
4.83625e+07,-120.10,-65.45
4.83661e+07,-115.83,-65.45
4.83697e+07,-112.78,-65.45
4.83733e+07,-115.34,-65.45
4.83769e+07,-120.68,-65.45
4.83805e+07,-117.21,-65.46
4.8384e+07,-126.06,-65.46
4.83876e+07,-117.30,-65.46
4.83912e+07,-114.43,-65.46
4.83948e+07,-120.20,-65.46
4.83984e+07,-126.67,-65.46
4.8402e+07,-123.42,-65.46
4.84056e+07,-124.33,-65.46
4.84092e+07,-120.80,-65.46
4.84128e+07,-122.78,-65.46
4.84164e+07,-120.06,-65.46
4.842e+07,-119.09,-65.46
4.84236e+07,-126.07,-65.46
4.84271e+07,-122.88,-65.47
4.84307e+07,-124.37,-65.47
4.84343e+07,-124.45,-65.47
4.84379e+07,-122.20,-65.47
4.84415e+07,-122.89,-65.47
4.84451e+07,-119.99,-65.47
4.84487e+07,-121.09,-65.47
4.84523e+07,-121.00,-65.47
4.84559e+07,-125.88,-65.47
4.84595e+07,-120.95,-65.47
4.84631e+07,-117.77,-65.47
4.84667e+07,-120.46,-65.47
4.84702e+07,-125.76,-65.47
4.84738e+07,-117.12,-65.48
4.84774e+07,-120.02,-65.48
4.8481e+07,-120.67,-65.48
4.84846e+07,-117.85,-65.48
4.84882e+07,-131.60,-65.48
4.84918e+07,-133.90,-65.48
4.84954e+07,-118.47,-65.48
4.8499e+07,-114.75,-65.48
4.85026e+07,-115.40,-65.48
4.85062e+07,-125.54,-65.48
4.85098e+07,-117.86,-65.48
4.85133e+07,-121.33,-65.48
4.85169e+07,-115.86,-65.48
4.85205e+07,-122.18,-65.48
4.85241e+07,-133.88,-65.49
4.85277e+07,-124.70,-65.49
4.85313e+07,-124.33,-65.49
4.85349e+07,-124.65,-65.49
4.85385e+07,-126.75,-65.49
4.85421e+07,-135.11,-65.49
4.85457e+07,-120.93,-65.49
4.85493e+07,-116.17,-65.49
4.85529e+07,-124.53,-65.49
4.85564e+07,-123.52,-65.49
4.856e+07,-122.35,-65.49
4.85636e+07,-119.24,-65.49
4.85672e+07,-118.67,-65.49
4.85708e+07,-126.84,-65.50
4.85744e+07,-127.66,-65.50
4.8578e+07,-128.30,-65.50
4.85816e+07,-116.77,-65.50
4.85852e+07,-116.29,-65.50
4.85888e+07,-123.98,-65.50
4.85924e+07,-117.77,-65.50
4.8596e+07,-117.38,-65.50
4.85995e+07,-137.27,-65.50
4.86031e+07,-126.07,-65.50
4.86067e+07,-122.07,-65.50
4.86103e+07,-118.59,-65.50
4.86139e+07,-114.45,-65.50
4.86175e+07,-117.89,-65.51
4.86211e+07,-125.86,-65.51
4.86247e+07,-120.57,-65.51
4.86283e+07,-117.16,-65.51
4.86319e+07,-120.87,-65.51
4.86355e+07,-122.92,-65.51
4.86391e+07,-128.01,-65.51
4.86426e+07,-120.05,-65.51
4.86462e+07,-119.77,-65.51
4.86498e+07,-118.19,-65.51
4.86534e+07,-120.32,-65.51
4.8657e+07,-132.66,-65.51
4.86606e+07,-122.44,-65.51
4.86642e+07,-119.31,-65.52
4.86678e+07,-118.71,-65.52
4.86714e+07,-116.46,-65.52
4.8675e+07,-115.68,-65.52
4.86786e+07,-120.62,-65.52
4.86822e+07,-132.76,-65.52
4.86858e+07,-126.54,-65.52
4.86893e+07,-124.09,-65.52
4.86929e+07,-127.95,-65.52
4.86965e+07,-135.88,-65.52
4.87001e+07,-122.45,-65.52
4.87037e+07,-122.66,-65.52
4.87073e+07,-123.25,-65.52
4.87109e+07,-123.62,-65.53
4.87145e+07,-123.68,-65.53
4.87181e+07,-128.31,-65.53
4.87217e+07,-126.30,-65.53
4.87253e+07,-121.46,-65.53
4.87289e+07,-121.79,-65.53
4.87324e+07,-121.94,-65.53
4.8736e+07,-115.14,-65.53
4.87396e+07,-116.50,-65.53
4.87432e+07,-117.51,-65.53
4.87468e+07,-116.14,-65.53
4.87504e+07,-113.93,-65.53
4.8754e+07,-114.82,-65.53
4.87576e+07,-118.84,-65.53
4.87612e+07,-120.72,-65.54
4.87648e+07,-126.53,-65.54
4.87684e+07,-123.69,-65.54
4.8772e+07,-128.53,-65.54
4.87755e+07,-123.71,-65.54
4.87791e+07,-125.90,-65.54
4.87827e+07,-123.72,-65.54
4.87863e+07,-135.03,-65.54
4.87899e+07,-125.23,-65.54
4.87935e+07,-125.43,-65.54
4.87971e+07,-123.33,-65.54
4.88007e+07,-135.52,-65.54
4.88043e+07,-132.30,-65.54
4.88079e+07,-137.87,-65.55
4.88115e+07,-137.96,-65.55
4.88151e+07,-145.24,-65.55
4.88186e+07,-125.89,-65.55
4.88222e+07,-119.16,-65.55
4.88258e+07,-117.67,-65.55
4.88294e+07,-120.35,-65.55
4.8833e+07,-124.55,-65.55
4.88366e+07,-118.66,-65.55
4.88402e+07,-122.49,-65.55
4.88438e+07,-118.35,-65.55
4.88474e+07,-121.40,-65.55
4.8851e+07,-120.29,-65.55
4.88546e+07,-122.98,-65.56
4.88582e+07,-121.17,-65.56
4.88617e+07,-118.86,-65.56
4.88653e+07,-115.88,-65.56
4.88689e+07,-117.42,-65.56
4.88725e+07,-123.38,-65.56
4.88761e+07,-121.10,-65.56
4.88797e+07,-126.02,-65.56
4.88833e+07,-126.64,-65.56
4.88869e+07,-124.42,-65.56
4.88905e+07,-129.70,-65.56
4.88941e+07,-130.16,-65.56
4.88977e+07,-133.93,-65.56
4.89013e+07,-129.81,-65.57
4.89048e+07,-120.96,-65.57
4.89084e+07,-119.94,-65.57
4.8912e+07,-122.57,-65.57
4.89156e+07,-121.16,-65.57
4.89192e+07,-123.85,-65.57
4.89228e+07,-135.20,-65.57
4.89264e+07,-121.84,-65.57
4.893e+07,-120.26,-65.57
4.89336e+07,-137.59,-65.57
4.89372e+07,-126.43,-65.57
4.89408e+07,-119.34,-65.57
4.89444e+07,-116.58,-65.57
4.89479e+07,-117.15,-65.57
4.89515e+07,-123.18,-65.58
4.89551e+07,-130.03,-65.58
4.89587e+07,-131.82,-65.58
4.89623e+07,-122.69,-65.58
4.89659e+07,-116.53,-65.58
4.89695e+07,-122.39,-65.58
4.89731e+07,-127.03,-65.58
4.89767e+07,-125.49,-65.58
4.89803e+07,-121.64,-65.58
4.89839e+07,-120.55,-65.58
4.89875e+07,-126.25,-65.58
4.8991e+07,-144.13,-65.58
4.89946e+07,-121.02,-65.58
4.89982e+07,-115.35,-65.59
4.90018e+07,-117.56,-65.59
4.90054e+07,-138.75,-65.59
4.9009e+07,-130.30,-65.59
4.90126e+07,-123.08,-65.59
4.90162e+07,-119.75,-65.59
4.90198e+07,-116.72,-65.59
4.90234e+07,-117.46,-65.59
4.9027e+07,-118.62,-65.59
4.90306e+07,-120.83,-65.59
4.90341e+07,-117.19,-65.59
4.90377e+07,-119.49,-65.59
4.90413e+07,-121.02,-65.59
4.90449e+07,-121.56,-65.60
4.90485e+07,-120.71,-65.60
4.90521e+07,-138.61,-65.60
4.90557e+07,-132.78,-65.60
4.90593e+07,-128.73,-65.60
4.90629e+07,-127.08,-65.60
4.90665e+07,-121.89,-65.60
4.90701e+07,-122.30,-65.60
4.90737e+07,-122.99,-65.60
4.90772e+07,-117.69,-65.60
4.90808e+07,-119.07,-65.60
4.90844e+07,-127.79,-65.60
4.9088e+07,-122.06,-65.60
4.90916e+07,-125.56,-65.60
4.90952e+07,-117.20,-65.61
4.90988e+07,-119.55,-65.61
4.91024e+07,-123.18,-65.61
4.9106e+07,-127.63,-65.61
4.91096e+07,-125.91,-65.61
4.91132e+07,-120.85,-65.61
4.91168e+07,-118.13,-65.61
4.91203e+07,-116.13,-65.61
4.91239e+07,-118.98,-65.61
4.91275e+07,-124.80,-65.61
4.91311e+07,-119.76,-65.61
4.91347e+07,-120.03,-65.61
4.91383e+07,-121.41,-65.61
4.91419e+07,-133.45,-65.62
4.91455e+07,-134.21,-65.62
4.91491e+07,-125.91,-65.62
4.91527e+07,-122.51,-65.62
4.91563e+07,-118.44,-65.62
4.91599e+07,-122.38,-65.62
4.91634e+07,-127.72,-65.62
4.9167e+07,-125.06,-65.62
4.91706e+07,-124.75,-65.62
4.91742e+07,-138.12,-65.62
4.91778e+07,-119.94,-65.62
4.91814e+07,-127.23,-65.62
4.9185e+07,-123.42,-65.62
4.91886e+07,-127.09,-65.63
4.91922e+07,-130.29,-65.63
4.91958e+07,-118.90,-65.63
4.91994e+07,-119.66,-65.63
4.9203e+07,-120.15,-65.63
4.92065e+07,-118.24,-65.63
4.92101e+07,-121.56,-65.63
4.92137e+07,-123.28,-65.63
4.92173e+07,-124.28,-65.63
4.92209e+07,-131.33,-65.63
4.92245e+07,-135.13,-65.63
4.92281e+07,-124.96,-65.63
4.92317e+07,-123.60,-65.63
4.92353e+07,-147.33,-65.63
4.92389e+07,-122.62,-65.64
4.92425e+07,-123.59,-65.64
4.92461e+07,-131.00,-65.64
4.92497e+07,-132.00,-65.64
4.92532e+07,-132.64,-65.64
4.92568e+07,-120.34,-65.64
4.92604e+07,-120.69,-65.64
4.9264e+07,-119.15,-65.64
4.92676e+07,-119.59,-65.64
4.92712e+07,-119.98,-65.64
4.92748e+07,-128.91,-65.64
4.92784e+07,-134.17,-65.64
4.9282e+07,-125.16,-65.64
4.92856e+07,-127.78,-65.65
4.92892e+07,-124.11,-65.65
4.92928e+07,-132.14,-65.65
4.92963e+07,-120.67,-65.65
4.92999e+07,-122.63,-65.65
4.93035e+07,-118.85,-65.65
4.93071e+07,-117.51,-65.65
4.93107e+07,-119.91,-65.65
4.93143e+07,-123.95,-65.65
4.93179e+07,-118.03,-65.65
4.93215e+07,-116.53,-65.65
4.93251e+07,-119.88,-65.65
4.93287e+07,-129.90,-65.65
4.93323e+07,-126.28,-65.65
4.93359e+07,-120.63,-65.66
4.93394e+07,-141.65,-65.66
4.9343e+07,-120.01,-65.66
4.93466e+07,-130.60,-65.66
4.93502e+07,-117.24,-65.66
4.93538e+07,-118.64,-65.66
4.93574e+07,-126.33,-65.66
4.9361e+07,-121.70,-65.66
4.93646e+07,-119.48,-65.66
4.93682e+07,-121.59,-65.66
4.93718e+07,-128.51,-65.66
4.93754e+07,-137.16,-65.66
4.9379e+07,-121.85,-65.66
4.93825e+07,-122.73,-65.67
4.93861e+07,-116.47,-65.67
4.93897e+07,-115.94,-65.67
4.93933e+07,-121.33,-65.67
4.93969e+07,-132.10,-65.67
4.94005e+07,-127.36,-65.67
4.94041e+07,-122.10,-65.67
4.94077e+07,-122.34,-65.67
4.94113e+07,-125.16,-65.67
4.94149e+07,-125.68,-65.67
4.94185e+07,-124.03,-65.67
4.94221e+07,-130.67,-65.67
4.94256e+07,-126.78,-65.67
4.94292e+07,-125.13,-65.67
4.94328e+07,-125.34,-65.68
4.94364e+07,-126.69,-65.68
4.944e+07,-124.29,-65.68
4.94436e+07,-119.47,-65.68
4.94472e+07,-122.87,-65.68
4.94508e+07,-131.72,-65.68
4.94544e+07,-136.79,-65.68
4.9458e+07,-120.66,-65.68
4.94616e+07,-121.61,-65.68
4.94652e+07,-131.92,-65.68
4.94687e+07,-119.23,-65.68
4.94723e+07,-117.75,-65.68
4.94759e+07,-122.14,-65.68
4.94795e+07,-127.22,-65.69
4.94831e+07,-132.56,-65.69
4.94867e+07,-126.49,-65.69
4.94903e+07,-118.77,-65.69
4.94939e+07,-116.85,-65.69
4.94975e+07,-117.53,-65.69
4.95011e+07,-117.81,-65.69
4.95047e+07,-131.28,-65.69
4.95083e+07,-119.62,-65.69
4.95118e+07,-117.85,-65.69
4.95154e+07,-118.75,-65.69
4.9519e+07,-130.99,-65.69
4.95226e+07,-118.13,-65.69
4.95262e+07,-121.33,-65.69
4.95298e+07,-126.58,-65.70
4.95334e+07,-117.28,-65.70
4.9537e+07,-119.78,-65.70
4.95406e+07,-126.41,-65.70
4.95442e+07,-133.81,-65.70
4.95478e+07,-126.39,-65.70
4.95514e+07,-127.85,-65.70
4.95549e+07,-131.80,-65.70
4.95585e+07,-141.48,-65.70
4.95621e+07,-123.60,-65.70
4.95657e+07,-119.73,-65.70
4.95693e+07,-118.55,-65.70
4.95729e+07,-116.87,-65.70
4.95765e+07,-131.01,-65.71
4.95801e+07,-127.30,-65.71
4.95837e+07,-124.13,-65.71
4.95873e+07,-118.09,-65.71
4.95909e+07,-124.72,-65.71
4.95945e+07,-123.04,-65.71
4.9598e+07,-128.15,-65.71
4.96016e+07,-131.24,-65.71
4.96052e+07,-121.41,-65.71
4.96088e+07,-116.94,-65.71
4.96124e+07,-117.75,-65.71
4.9616e+07,-124.55,-65.71
4.96196e+07,-127.10,-65.71
4.96232e+07,-119.52,-65.71
4.96268e+07,-120.68,-65.72
4.96304e+07,-122.64,-65.72
4.9634e+07,-123.21,-65.72
4.96376e+07,-117.90,-65.72
4.96411e+07,-117.78,-65.72
4.96447e+07,-121.52,-65.72
4.96483e+07,-122.92,-65.72
4.96519e+07,-122.15,-65.72
4.96555e+07,-119.91,-65.72
4.96591e+07,-121.85,-65.72
4.96627e+07,-130.37,-65.72
4.96663e+07,-124.47,-65.72
4.96699e+07,-122.04,-65.72
4.96735e+07,-125.78,-65.73
4.96771e+07,-120.30,-65.73
4.96807e+07,-117.43,-65.73
4.96842e+07,-118.72,-65.73
4.96878e+07,-119.74,-65.73
4.96914e+07,-118.21,-65.73
4.9695e+07,-119.86,-65.73
4.96986e+07,-124.28,-65.73
4.97022e+07,-128.79,-65.73
4.97058e+07,-126.36,-65.73
4.97094e+07,-129.84,-65.73
4.9713e+07,-123.93,-65.73
4.97166e+07,-122.00,-65.73
4.97202e+07,-117.82,-65.73
4.97238e+07,-120.33,-65.74
4.97273e+07,-121.63,-65.74
4.97309e+07,-124.70,-65.74
4.97345e+07,-125.55,-65.74
4.97381e+07,-123.16,-65.74
4.97417e+07,-125.33,-65.74
4.97453e+07,-127.10,-65.74
4.97489e+07,-142.75,-65.74
4.97525e+07,-126.26,-65.74
4.97561e+07,-139.85,-65.74
4.97597e+07,-125.99,-65.74
4.97633e+07,-131.32,-65.74
4.97669e+07,-125.95,-65.74
4.97704e+07,-120.93,-65.75
4.9774e+07,-130.25,-65.75
4.97776e+07,-128.66,-65.75
4.97812e+07,-124.83,-65.75
4.97848e+07,-123.30,-65.75
4.97884e+07,-125.67,-65.75
4.9792e+07,-119.00,-65.75
4.97956e+07,-115.62,-65.75
4.97992e+07,-121.09,-65.75
4.98028e+07,-121.39,-65.75
4.98064e+07,-128.62,-65.75
4.981e+07,-136.56,-65.75
4.98136e+07,-133.82,-65.75
4.98171e+07,-134.77,-65.75
4.98207e+07,-131.75,-65.76
4.98243e+07,-126.90,-65.76
4.98279e+07,-117.13,-65.76
4.98315e+07,-127.98,-65.76
4.98351e+07,-119.24,-65.76
4.98387e+07,-127.56,-65.76
4.98423e+07,-126.53,-65.76
4.98459e+07,-118.06,-65.76
4.98495e+07,-116.69,-65.76
4.98531e+07,-122.69,-65.76
4.98567e+07,-125.42,-65.76
4.98602e+07,-125.81,-65.76
4.98638e+07,-134.82,-65.76
4.98674e+07,-128.27,-65.76
4.9871e+07,-120.92,-65.77
4.98746e+07,-114.99,-65.77
4.98782e+07,-118.55,-65.77
4.98818e+07,-132.54,-65.77
4.98854e+07,-121.87,-65.77
4.9889e+07,-118.99,-65.77
4.98926e+07,-129.67,-65.77
4.98962e+07,-128.57,-65.77
4.98998e+07,-119.38,-65.77
4.99033e+07,-114.56,-65.77
4.99069e+07,-120.30,-65.77
4.99105e+07,-126.50,-65.77
4.99141e+07,-119.00,-65.77
4.99177e+07,-121.98,-65.78
4.99213e+07,-122.04,-65.78
4.99249e+07,-118.14,-65.78
4.99285e+07,-119.27,-65.78
4.99321e+07,-119.86,-65.78
4.99357e+07,-116.30,-65.78
4.99393e+07,-117.42,-65.78
4.99429e+07,-135.64,-65.78
4.99464e+07,-118.11,-65.78
4.995e+07,-116.66,-65.78
4.99536e+07,-119.87,-65.78
4.99572e+07,-124.62,-65.78
4.99608e+07,-129.45,-65.78
4.99644e+07,-123.26,-65.78
4.9968e+07,-123.85,-65.79
4.99716e+07,-114.98,-65.79
4.99752e+07,-115.88,-65.79
4.99788e+07,-123.58,-65.79
4.99824e+07,-118.72,-65.79
4.9986e+07,-117.27,-65.79
4.99895e+07,-121.80,-65.79
4.99931e+07,-129.56,-65.79
4.99967e+07,-120.63,-65.79
5.00003e+07,-122.14,-65.79
5.00039e+07,-123.84,-65.79
5.00075e+07,-121.62,-65.79
5.00111e+07,-121.72,-65.79
5.00147e+07,-119.89,-65.79
5.00183e+07,-120.05,-65.80
5.00219e+07,-124.57,-65.80
5.00255e+07,-122.02,-65.80
5.00291e+07,-117.18,-65.80
5.00326e+07,-118.55,-65.80
5.00362e+07,-123.87,-65.80
5.00398e+07,-125.98,-65.80
5.00434e+07,-132.73,-65.80
5.0047e+07,-125.31,-65.80
5.00506e+07,-129.87,-65.80
5.00542e+07,-129.50,-65.80
5.00578e+07,-132.66,-65.80
5.00614e+07,-122.10,-65.80
5.0065e+07,-117.57,-65.81
5.00686e+07,-118.18,-65.81
5.00722e+07,-123.38,-65.81
5.00757e+07,-135.94,-65.81
5.00793e+07,-125.00,-65.81
5.00829e+07,-127.00,-65.81
5.00865e+07,-121.06,-65.81
5.00901e+07,-122.61,-65.81
5.00937e+07,-124.12,-65.81
5.00973e+07,-121.86,-65.81
5.01009e+07,-118.28,-65.81
5.01045e+07,-121.13,-65.81
5.01081e+07,-121.03,-65.81
5.01117e+07,-123.54,-65.81
5.01153e+07,-119.89,-65.82
5.01188e+07,-117.17,-65.82
5.01224e+07,-117.55,-65.82
5.0126e+07,-117.21,-65.82
5.01296e+07,-116.25,-65.82
5.01332e+07,-119.68,-65.82
5.01368e+07,-130.60,-65.82
5.01404e+07,-131.97,-65.82
5.0144e+07,-126.36,-65.82
5.01476e+07,-123.59,-65.82
5.01512e+07,-116.79,-65.82
5.01548e+07,-123.95,-65.82
5.01584e+07,-121.82,-65.82
5.01619e+07,-127.11,-65.82
5.01655e+07,-130.03,-65.83
5.01691e+07,-123.82,-65.83
5.01727e+07,-119.06,-65.83
5.01763e+07,-115.03,-65.83
5.01799e+07,-118.22,-65.83
5.01835e+07,-124.68,-65.83
5.01871e+07,-123.70,-65.83
5.01907e+07,-120.15,-65.83
5.01943e+07,-121.04,-65.83
5.01979e+07,-136.92,-65.83
5.02015e+07,-124.58,-65.83
5.0205e+07,-123.09,-65.83
5.02086e+07,-123.95,-65.83
5.02122e+07,-123.21,-65.84
5.02158e+07,-118.79,-65.84
5.02194e+07,-117.90,-65.84
5.0223e+07,-115.39,-65.84
5.02266e+07,-117.43,-65.84
5.02302e+07,-121.27,-65.84
5.02338e+07,-117.53,-65.84
5.02374e+07,-119.88,-65.84
5.0241e+07,-121.38,-65.84
5.02446e+07,-124.50,-65.84
5.02481e+07,-122.97,-65.84
5.02517e+07,-134.79,-65.84
5.02553e+07,-125.98,-65.84
5.02589e+07,-129.89,-65.84
5.02625e+07,-122.43,-65.85
5.02661e+07,-128.76,-65.85
5.02697e+07,-153.90,-65.85
5.02733e+07,-126.41,-65.85
5.02769e+07,-127.35,-65.85
5.02805e+07,-128.71,-65.85
5.02841e+07,-126.43,-65.85
5.02877e+07,-126.67,-65.85
5.02912e+07,-124.90,-65.85
5.02948e+07,-118.29,-65.85
5.02984e+07,-120.73,-65.85
5.0302e+07,-117.03,-65.85
5.03056e+07,-118.16,-65.85
5.03092e+07,-124.76,-65.85
5.03128e+07,-126.22,-65.86
5.03164e+07,-121.74,-65.86
5.032e+07,-117.08,-65.86
5.03236e+07,-118.12,-65.86
5.03272e+07,-127.36,-65.86
5.03308e+07,-127.13,-65.86
5.03343e+07,-124.10,-65.86
5.03379e+07,-123.89,-65.86
5.03415e+07,-121.68,-65.86
5.03451e+07,-131.60,-65.86
5.03487e+07,-118.55,-65.86
5.03523e+07,-117.82,-65.86
5.03559e+07,-123.00,-65.86
5.03595e+07,-140.53,-65.86
5.03631e+07,-122.76,-65.87
5.03667e+07,-125.18,-65.87
5.03703e+07,-126.85,-65.87
5.03739e+07,-118.30,-65.87
5.03775e+07,-116.96,-65.87
5.0381e+07,-121.90,-65.87
5.03846e+07,-135.45,-65.87
5.03882e+07,-124.17,-65.87
5.03918e+07,-120.40,-65.87
5.03954e+07,-118.50,-65.87
5.0399e+07,-123.94,-65.87
5.04026e+07,-134.01,-65.87
5.04062e+07,-139.15,-65.87
5.04098e+07,-126.73,-65.87
5.04134e+07,-126.30,-65.88
5.0417e+07,-119.35,-65.88
5.04206e+07,-122.32,-65.88
5.04241e+07,-127.72,-65.88
5.04277e+07,-127.80,-65.88
5.04313e+07,-122.83,-65.88
5.04349e+07,-120.12,-65.88
5.04385e+07,-128.42,-65.88
5.04421e+07,-123.53,-65.88
5.04457e+07,-118.09,-65.88
5.04493e+07,-119.06,-65.88
5.04529e+07,-124.66,-65.88
5.04565e+07,-126.50,-65.88
5.04601e+07,-121.93,-65.88
5.04637e+07,-132.07,-65.89
5.04672e+07,-130.62,-65.89
5.04708e+07,-130.22,-65.89
5.04744e+07,-121.87,-65.89
5.0478e+07,-124.27,-65.89
5.04816e+07,-124.17,-65.89
5.04852e+07,-128.76,-65.89
5.04888e+07,-137.82,-65.89
5.04924e+07,-131.97,-65.89
5.0496e+07,-121.15,-65.89
5.04996e+07,-123.02,-65.89
5.05032e+07,-120.20,-65.89
5.05068e+07,-115.35,-65.89
5.05103e+07,-116.82,-65.90
5.05139e+07,-118.10,-65.90
5.05175e+07,-121.17,-65.90
5.05211e+07,-123.62,-65.90
5.05247e+07,-128.02,-65.90
5.05283e+07,-148.88,-65.90
5.05319e+07,-125.99,-65.90
5.05355e+07,-122.52,-65.90
5.05391e+07,-122.61,-65.90
5.05427e+07,-122.88,-65.90
5.05463e+07,-128.40,-65.90
5.05499e+07,-130.01,-65.90
5.05534e+07,-130.96,-65.90
5.0557e+07,-122.84,-65.90
5.05606e+07,-122.45,-65.91
5.05642e+07,-126.19,-65.91
5.05678e+07,-138.24,-65.91
5.05714e+07,-135.06,-65.91
5.0575e+07,-129.46,-65.91
5.05786e+07,-126.88,-65.91
5.05822e+07,-132.64,-65.91
5.05858e+07,-120.09,-65.91
5.05894e+07,-124.33,-65.91
5.0593e+07,-128.90,-65.91
5.05965e+07,-125.73,-65.91
5.06001e+07,-126.70,-65.91
5.06037e+07,-134.08,-65.91
5.06073e+07,-125.50,-65.91
5.06109e+07,-122.84,-65.92
5.06145e+07,-122.30,-65.92
5.06181e+07,-120.84,-65.92
5.06217e+07,-121.06,-65.92
5.06253e+07,-125.20,-65.92
5.06289e+07,-121.75,-65.92
5.06325e+07,-120.17,-65.92
5.06361e+07,-122.70,-65.92
5.06396e+07,-129.72,-65.92
5.06432e+07,-124.37,-65.92
5.06468e+07,-139.40,-65.92
5.06504e+07,-124.69,-65.92
5.0654e+07,-130.66,-65.92
5.06576e+07,-130.59,-65.92
5.06612e+07,-129.61,-65.93
5.06648e+07,-123.23,-65.93
5.06684e+07,-119.94,-65.93
5.0672e+07,-123.21,-65.93
5.06756e+07,-123.30,-65.93
5.06792e+07,-123.62,-65.93
5.06827e+07,-123.61,-65.93
5.06863e+07,-123.42,-65.93
5.06899e+07,-121.94,-65.93
5.06935e+07,-123.15,-65.93
5.06971e+07,-124.34,-65.93
5.07007e+07,-123.01,-65.93
5.07043e+07,-121.87,-65.93
5.07079e+07,-120.18,-65.93
5.07115e+07,-120.83,-65.94
5.07151e+07,-131.56,-65.94
5.07187e+07,-130.50,-65.94
5.07223e+07,-128.84,-65.94
5.07258e+07,-125.95,-65.94
5.07294e+07,-126.58,-65.94
5.0733e+07,-125.56,-65.94
5.07366e+07,-121.72,-65.94
5.07402e+07,-123.34,-65.94
5.07438e+07,-140.02,-65.94
5.07474e+07,-136.05,-65.94
5.0751e+07,-126.16,-65.94
5.07546e+07,-120.30,-65.94
5.07582e+07,-120.64,-65.94
5.07618e+07,-125.74,-65.95
5.07654e+07,-130.57,-65.95
5.07689e+07,-122.10,-65.95
5.07725e+07,-119.16,-65.95
5.07761e+07,-128.66,-65.95
5.07797e+07,-117.27,-65.95
5.07833e+07,-114.26,-65.95
5.07869e+07,-118.56,-65.95
5.07905e+07,-120.79,-65.95
5.07941e+07,-125.40,-65.95
5.07977e+07,-122.74,-65.95
5.08013e+07,-125.14,-65.95
5.08049e+07,-124.03,-65.95
5.08085e+07,-123.15,-65.95
5.0812e+07,-126.47,-65.96
5.08156e+07,-120.17,-65.96
5.08192e+07,-122.91,-65.96
5.08228e+07,-125.28,-65.96
5.08264e+07,-134.64,-65.96
5.083e+07,-123.17,-65.96
5.08336e+07,-118.85,-65.96
5.08372e+07,-117.04,-65.96
5.08408e+07,-122.09,-65.96
5.08444e+07,-124.94,-65.96
5.0848e+07,-118.83,-65.96
5.08516e+07,-124.30,-65.96
5.08551e+07,-123.74,-65.96
5.08587e+07,-118.57,-65.96
5.08623e+07,-122.02,-65.97
5.08659e+07,-124.77,-65.97
5.08695e+07,-117.95,-65.97
5.08731e+07,-121.03,-65.97
5.08767e+07,-127.48,-65.97
5.08803e+07,-121.38,-65.97
5.08839e+07,-129.57,-65.97
5.08875e+07,-144.77,-65.97
5.08911e+07,-126.91,-65.97
5.08947e+07,-126.29,-65.97
5.08982e+07,-115.87,-65.97
5.09018e+07,-117.09,-65.97
5.09054e+07,-127.86,-65.97
5.0909e+07,-123.68,-65.97
5.09126e+07,-122.30,-65.98
5.09162e+07,-116.97,-65.98
5.09198e+07,-114.35,-65.98
5.09234e+07,-121.09,-65.98
5.0927e+07,-115.07,-65.98
5.09306e+07,-117.55,-65.98
5.09342e+07,-119.07,-65.98
5.09378e+07,-118.60,-65.98
5.09413e+07,-122.18,-65.98
5.09449e+07,-120.03,-65.98
5.09485e+07,-117.18,-65.98
5.09521e+07,-117.18,-65.98
5.09557e+07,-116.45,-65.98
5.09593e+07,-116.27,-65.98
5.09629e+07,-124.77,-65.99
5.09665e+07,-124.78,-65.99
5.09701e+07,-124.52,-65.99
5.09737e+07,-124.89,-65.99
5.09773e+07,-124.34,-65.99
5.09809e+07,-129.68,-65.99
5.09845e+07,-128.99,-65.99
5.0988e+07,-123.08,-65.99
5.09916e+07,-120.69,-65.99
5.09952e+07,-120.34,-65.99
5.09988e+07,-126.92,-65.99
5.10024e+07,-125.07,-65.99
5.1006e+07,-118.77,-65.99
5.10096e+07,-122.16,-65.99
5.10132e+07,-126.63,-66.00
5.10168e+07,-127.94,-66.00
5.10204e+07,-124.26,-66.00
5.1024e+07,-121.53,-66.00
5.10276e+07,-124.19,-66.00
5.10311e+07,-120.27,-66.00
5.10347e+07,-124.33,-66.00
5.10383e+07,-131.47,-66.00
5.10419e+07,-127.58,-66.00
5.10455e+07,-119.98,-66.00
5.10491e+07,-121.69,-66.00
5.10527e+07,-126.51,-66.00
5.10563e+07,-121.98,-66.00
5.10599e+07,-123.45,-66.00
5.10635e+07,-130.22,-66.01
5.10671e+07,-149.12,-66.01
5.10707e+07,-131.77,-66.01
5.10742e+07,-136.44,-66.01
5.10778e+07,-124.27,-66.01
5.10814e+07,-137.69,-66.01
5.1085e+07,-124.88,-66.01
5.10886e+07,-122.37,-66.01
5.10922e+07,-119.84,-66.01
5.10958e+07,-120.94,-66.01
5.10994e+07,-126.23,-66.01
5.1103e+07,-124.60,-66.01
5.11066e+07,-122.08,-66.01
5.11102e+07,-122.58,-66.01
5.11138e+07,-122.74,-66.02
5.11173e+07,-121.81,-66.02
5.11209e+07,-119.36,-66.02
5.11245e+07,-126.47,-66.02
5.11281e+07,-121.71,-66.02
5.11317e+07,-128.51,-66.02
5.11353e+07,-133.66,-66.02
5.11389e+07,-123.17,-66.02
5.11425e+07,-128.98,-66.02
5.11461e+07,-126.90,-66.02
5.11497e+07,-123.67,-66.02
5.11533e+07,-148.64,-66.02
5.11569e+07,-122.59,-66.02
5.11604e+07,-122.04,-66.02
5.1164e+07,-127.13,-66.03
5.11676e+07,-130.45,-66.03
5.11712e+07,-122.64,-66.03
5.11748e+07,-123.98,-66.03
5.11784e+07,-129.17,-66.03
5.1182e+07,-127.89,-66.03
5.11856e+07,-131.04,-66.03
5.11892e+07,-125.37,-66.03
5.11928e+07,-129.51,-66.03
5.11964e+07,-128.38,-66.03
5.12e+07,-140.20,-66.03
5.12035e+07,-139.58,-66.03
5.12071e+07,-135.19,-66.03
5.12107e+07,-135.76,-66.03
5.12143e+07,-129.74,-66.04
5.12179e+07,-134.93,-66.04
5.12215e+07,-129.80,-66.04
5.12251e+07,-134.92,-66.04
5.12287e+07,-126.74,-66.04
5.12323e+07,-125.21,-66.04
5.12359e+07,-127.21,-66.04
5.12395e+07,-127.33,-66.04
5.12431e+07,-126.53,-66.04
5.12466e+07,-121.50,-66.04
5.12502e+07,-121.78,-66.04
5.12538e+07,-128.28,-66.04
5.12574e+07,-126.44,-66.04
5.1261e+07,-128.91,-66.04
5.12646e+07,-133.60,-66.05
5.12682e+07,-132.61,-66.05
5.12718e+07,-133.52,-66.05
5.12754e+07,-125.08,-66.05
5.1279e+07,-120.04,-66.05
5.12826e+07,-124.97,-66.05
5.12862e+07,-128.37,-66.05
5.12897e+07,-122.04,-66.05
5.12933e+07,-121.77,-66.05
5.12969e+07,-132.28,-66.05
5.13005e+07,-129.93,-66.05
5.13041e+07,-126.68,-66.05
5.13077e+07,-126.18,-66.05
5.13113e+07,-119.34,-66.05
5.13149e+07,-122.29,-66.05
5.13185e+07,-122.76,-66.06
5.13221e+07,-124.59,-66.06
5.13257e+07,-123.32,-66.06
5.13293e+07,-130.80,-66.06
5.13328e+07,-121.83,-66.06
5.13364e+07,-136.47,-66.06
5.134e+07,-121.00,-66.06
5.13436e+07,-121.68,-66.06
5.13472e+07,-122.18,-66.06
5.13508e+07,-122.77,-66.06
5.13544e+07,-119.62,-66.06
5.1358e+07,-121.75,-66.06
5.13616e+07,-126.60,-66.06
5.13652e+07,-124.89,-66.06
5.13688e+07,-123.35,-66.07
5.13724e+07,-133.39,-66.07
5.13759e+07,-125.04,-66.07
5.13795e+07,-128.29,-66.07
5.13831e+07,-118.27,-66.07
5.13867e+07,-113.44,-66.07
5.13903e+07,-116.32,-66.07
5.13939e+07,-127.55,-66.07
5.13975e+07,-130.58,-66.07
5.14011e+07,-124.28,-66.07
5.14047e+07,-123.48,-66.07
5.14083e+07,-127.79,-66.07
5.14119e+07,-120.49,-66.07
5.14155e+07,-122.50,-66.07
5.1419e+07,-118.51,-66.08
5.14226e+07,-111.95,-66.08
5.14262e+07,-117.42,-66.08
5.14298e+07,-123.35,-66.08
5.14334e+07,-116.75,-66.08
5.1437e+07,-136.20,-66.08
5.14406e+07,-121.34,-66.08
5.14442e+07,-123.08,-66.08
5.14478e+07,-127.82,-66.08
5.14514e+07,-123.16,-66.08
5.1455e+07,-120.69,-66.08
5.14586e+07,-116.79,-66.08
5.14621e+07,-118.16,-66.08
5.14657e+07,-127.47,-66.08
5.14693e+07,-124.43,-66.09
5.14729e+07,-133.83,-66.09
5.14765e+07,-128.31,-66.09
5.14801e+07,-120.95,-66.09
5.14837e+07,-117.22,-66.09
5.14873e+07,-115.40,-66.09
5.14909e+07,-116.25,-66.09
5.14945e+07,-119.77,-66.09
5.14981e+07,-120.49,-66.09
5.15017e+07,-121.71,-66.09
5.15052e+07,-120.24,-66.09
5.15088e+07,-119.89,-66.09
5.15124e+07,-132.00,-66.09
5.1516e+07,-127.50,-66.09
5.15196e+07,-122.71,-66.10
5.15232e+07,-121.84,-66.10
5.15268e+07,-135.87,-66.10
5.15304e+07,-120.67,-66.10
5.1534e+07,-118.89,-66.10
5.15376e+07,-122.55,-66.10
5.15412e+07,-123.99,-66.10
5.15448e+07,-119.24,-66.10
5.15484e+07,-121.14,-66.10
5.15519e+07,-124.31,-66.10
5.15555e+07,-127.56,-66.10
5.15591e+07,-124.34,-66.10
5.15627e+07,-128.27,-66.10
5.15663e+07,-120.56,-66.10
5.15699e+07,-119.58,-66.10
5.15735e+07,-121.25,-66.11
5.15771e+07,-120.45,-66.11
5.15807e+07,-121.45,-66.11
5.15843e+07,-133.59,-66.11
5.15879e+07,-124.15,-66.11
5.15915e+07,-123.68,-66.11
5.1595e+07,-138.57,-66.11
5.15986e+07,-131.68,-66.11
5.16022e+07,-133.41,-66.11
5.16058e+07,-119.78,-66.11
5.16094e+07,-117.44,-66.11
5.1613e+07,-120.46,-66.11
5.16166e+07,-125.83,-66.11
5.16202e+07,-126.64,-66.11
5.16238e+07,-130.51,-66.12
5.16274e+07,-127.44,-66.12
5.1631e+07,-127.02,-66.12
5.16346e+07,-125.20,-66.12
5.16381e+07,-118.33,-66.12
5.16417e+07,-122.33,-66.12
5.16453e+07,-130.22,-66.12
5.16489e+07,-126.48,-66.12
5.16525e+07,-120.04,-66.12
5.16561e+07,-118.54,-66.12
5.16597e+07,-119.94,-66.12
5.16633e+07,-121.02,-66.12
5.16669e+07,-121.81,-66.12
5.16705e+07,-124.41,-66.12
5.16741e+07,-126.17,-66.13
5.16777e+07,-130.49,-66.13
5.16812e+07,-123.13,-66.13
5.16848e+07,-119.04,-66.13
5.16884e+07,-120.90,-66.13
5.1692e+07,-127.47,-66.13
5.16956e+07,-139.36,-66.13
5.16992e+07,-127.90,-66.13
5.17028e+07,-137.31,-66.13
5.17064e+07,-121.74,-66.13
5.171e+07,-127.87,-66.13
5.17136e+07,-126.34,-66.13
5.17172e+07,-126.27,-66.13
5.17208e+07,-129.51,-66.13
5.17243e+07,-140.97,-66.14
5.17279e+07,-128.12,-66.14
5.17315e+07,-123.65,-66.14
5.17351e+07,-119.67,-66.14
5.17387e+07,-120.17,-66.14
5.17423e+07,-125.41,-66.14
5.17459e+07,-128.12,-66.14
5.17495e+07,-135.36,-66.14
5.17531e+07,-133.45,-66.14
5.17567e+07,-145.81,-66.14
5.17603e+07,-134.78,-66.14
5.17639e+07,-128.02,-66.14
5.17674e+07,-122.88,-66.14
5.1771e+07,-121.79,-66.14
5.17746e+07,-122.50,-66.14
5.17782e+07,-123.72,-66.15
5.17818e+07,-126.68,-66.15
5.17854e+07,-122.26,-66.15
5.1789e+07,-116.25,-66.15
5.17926e+07,-117.34,-66.15
5.17962e+07,-119.06,-66.15
5.17998e+07,-130.75,-66.15
5.18034e+07,-128.14,-66.15
5.1807e+07,-132.14,-66.15
5.18105e+07,-127.65,-66.15
5.18141e+07,-116.55,-66.15
5.18177e+07,-119.32,-66.15
5.18213e+07,-124.21,-66.15
5.18249e+07,-118.99,-66.15
5.18285e+07,-119.82,-66.16
5.18321e+07,-127.74,-66.16
5.18357e+07,-126.50,-66.16
5.18393e+07,-129.16,-66.16
5.18429e+07,-123.15,-66.16
5.18465e+07,-123.17,-66.16
5.18501e+07,-122.51,-66.16
5.18536e+07,-122.36,-66.16
5.18572e+07,-125.80,-66.16
5.18608e+07,-141.46,-66.16
5.18644e+07,-122.88,-66.16
5.1868e+07,-117.84,-66.16
5.18716e+07,-117.75,-66.16
5.18752e+07,-119.54,-66.16
5.18788e+07,-121.56,-66.17
5.18824e+07,-124.72,-66.17
5.1886e+07,-131.58,-66.17
5.18896e+07,-129.90,-66.17
5.18932e+07,-123.84,-66.17
5.18967e+07,-120.85,-66.17
5.19003e+07,-132.67,-66.17
5.19039e+07,-125.72,-66.17
5.19075e+07,-127.21,-66.17
5.19111e+07,-125.98,-66.17
5.19147e+07,-124.38,-66.17
5.19183e+07,-124.09,-66.17
5.19219e+07,-123.16,-66.17
5.19255e+07,-118.86,-66.17
5.19291e+07,-128.09,-66.17
5.19327e+07,-130.56,-66.18
5.19363e+07,-134.95,-66.18
5.19398e+07,-125.25,-66.18
5.19434e+07,-119.69,-66.18
5.1947e+07,-126.49,-66.18
5.19506e+07,-134.23,-66.18
5.19542e+07,-139.80,-66.18
5.19578e+07,-119.03,-66.18
5.19614e+07,-116.50,-66.18
5.1965e+07,-119.86,-66.18
5.19686e+07,-124.89,-66.18
5.19722e+07,-135.74,-66.18
5.19758e+07,-121.90,-66.18
5.19794e+07,-123.45,-66.18
5.19829e+07,-127.55,-66.19
5.19865e+07,-121.77,-66.19
5.19901e+07,-128.14,-66.19
5.19937e+07,-131.60,-66.19
5.19973e+07,-129.36,-66.19
5.20009e+07,-126.58,-66.19
5.20045e+07,-133.22,-66.19
5.20081e+07,-126.34,-66.19
5.20117e+07,-120.21,-66.19
5.20153e+07,-123.03,-66.19
5.20189e+07,-122.59,-66.19
5.20225e+07,-120.70,-66.19
5.2026e+07,-128.40,-66.19
5.20296e+07,-138.78,-66.19
5.20332e+07,-128.74,-66.19
5.20368e+07,-133.85,-66.20
5.20404e+07,-123.04,-66.20
5.2044e+07,-126.13,-66.20
5.20476e+07,-127.82,-66.20
5.20512e+07,-117.86,-66.20
5.20548e+07,-131.07,-66.20
5.20584e+07,-125.18,-66.20
5.2062e+07,-134.72,-66.20
5.20656e+07,-128.39,-66.20
5.20691e+07,-126.12,-66.20
5.20727e+07,-125.81,-66.20
5.20763e+07,-142.51,-66.20
5.20799e+07,-125.48,-66.20
5.20835e+07,-119.68,-66.20
5.20871e+07,-121.43,-66.21
5.20907e+07,-125.76,-66.21
5.20943e+07,-121.41,-66.21
5.20979e+07,-120.26,-66.21
5.21015e+07,-125.33,-66.21
5.21051e+07,-126.05,-66.21
5.21087e+07,-119.21,-66.21
5.21123e+07,-120.92,-66.21
5.21158e+07,-122.62,-66.21
5.21194e+07,-120.89,-66.21
5.2123e+07,-121.26,-66.21
5.21266e+07,-125.63,-66.21
5.21302e+07,-129.64,-66.21
5.21338e+07,-124.02,-66.21
5.21374e+07,-128.48,-66.22
5.2141e+07,-129.51,-66.22
5.21446e+07,-130.83,-66.22
5.21482e+07,-132.97,-66.22
5.21518e+07,-145.77,-66.22
5.21554e+07,-122.50,-66.22
5.21589e+07,-124.10,-66.22
5.21625e+07,-123.25,-66.22
5.21661e+07,-120.29,-66.22
5.21697e+07,-131.80,-66.22
5.21733e+07,-135.27,-66.22
5.21769e+07,-130.10,-66.22
5.21805e+07,-135.42,-66.22
5.21841e+07,-124.17,-66.22
5.21877e+07,-133.33,-66.22
5.21913e+07,-126.27,-66.23
5.21949e+07,-124.55,-66.23
5.21985e+07,-119.44,-66.23
5.2202e+07,-116.27,-66.23
5.22056e+07,-119.77,-66.23
5.22092e+07,-131.43,-66.23
5.22128e+07,-131.81,-66.23
5.22164e+07,-123.56,-66.23
5.222e+07,-122.27,-66.23
5.22236e+07,-120.06,-66.23
5.22272e+07,-123.65,-66.23
5.22308e+07,-131.55,-66.23
5.22344e+07,-137.21,-66.23
5.2238e+07,-127.04,-66.23
5.22416e+07,-120.49,-66.24
5.22451e+07,-121.95,-66.24
5.22487e+07,-130.09,-66.24
5.22523e+07,-122.14,-66.24
5.22559e+07,-131.70,-66.24
5.22595e+07,-134.62,-66.24
5.22631e+07,-129.46,-66.24
5.22667e+07,-126.92,-66.24
5.22703e+07,-127.79,-66.24
5.22739e+07,-122.37,-66.24
5.22775e+07,-124.42,-66.24
5.22811e+07,-134.21,-66.24
5.22847e+07,-121.51,-66.24
5.22882e+07,-124.27,-66.24
5.22918e+07,-126.84,-66.24
5.22954e+07,-128.14,-66.25
5.2299e+07,-132.56,-66.25
5.23026e+07,-136.30,-66.25
5.23062e+07,-122.86,-66.25
5.23098e+07,-120.47,-66.25
5.23134e+07,-129.77,-66.25
5.2317e+07,-129.50,-66.25
5.23206e+07,-126.60,-66.25
5.23242e+07,-132.65,-66.25
5.23278e+07,-126.01,-66.25
5.23313e+07,-123.25,-66.25
5.23349e+07,-125.78,-66.25
5.23385e+07,-120.05,-66.25
5.23421e+07,-122.59,-66.25
5.23457e+07,-124.08,-66.26
5.23493e+07,-118.59,-66.26
5.23529e+07,-116.42,-66.26
5.23565e+07,-118.33,-66.26
5.23601e+07,-127.79,-66.26
5.23637e+07,-118.25,-66.26
5.23673e+07,-115.81,-66.26
5.23709e+07,-120.91,-66.26
5.23744e+07,-121.31,-66.26
5.2378e+07,-126.90,-66.26
5.23816e+07,-120.02,-66.26
5.23852e+07,-118.07,-66.26
5.23888e+07,-124.17,-66.26
5.23924e+07,-116.26,-66.26
5.2396e+07,-113.51,-66.26
5.23996e+07,-115.30,-66.27
5.24032e+07,-116.56,-66.27
5.24068e+07,-120.57,-66.27
5.24104e+07,-125.06,-66.27
5.2414e+07,-125.48,-66.27
5.24175e+07,-117.42,-66.27
5.24211e+07,-116.82,-66.27
5.24247e+07,-123.26,-66.27
5.24283e+07,-126.53,-66.27
5.24319e+07,-132.85,-66.27
5.24355e+07,-146.08,-66.27
5.24391e+07,-123.04,-66.27
5.24427e+07,-119.30,-66.27
5.24463e+07,-118.10,-66.27
5.24499e+07,-118.07,-66.27
5.24535e+07,-117.86,-66.28
5.24571e+07,-115.54,-66.28
5.24606e+07,-115.69,-66.28
5.24642e+07,-129.80,-66.28
5.24678e+07,-117.34,-66.28
5.24714e+07,-118.08,-66.28
5.2475e+07,-119.33,-66.28
5.24786e+07,-116.18,-66.28
5.24822e+07,-126.28,-66.28
5.24858e+07,-130.74,-66.28
5.24894e+07,-122.81,-66.28
5.2493e+07,-118.37,-66.28
5.24966e+07,-115.11,-66.28
5.25002e+07,-123.17,-66.28
5.25037e+07,-122.37,-66.29
5.25073e+07,-128.82,-66.29
5.25109e+07,-119.43,-66.29
5.25145e+07,-118.97,-66.29
5.25181e+07,-120.96,-66.29
5.25217e+07,-123.01,-66.29
5.25253e+07,-123.49,-66.29
5.25289e+07,-122.73,-66.29
5.25325e+07,-126.23,-66.29
5.25361e+07,-120.57,-66.29
5.25397e+07,-118.96,-66.29
5.25433e+07,-119.08,-66.29
5.25468e+07,-132.61,-66.29
5.25504e+07,-121.72,-66.29
5.2554e+07,-120.34,-66.29
5.25576e+07,-121.15,-66.30
5.25612e+07,-133.29,-66.30
5.25648e+07,-122.33,-66.30
5.25684e+07,-125.35,-66.30
5.2572e+07,-141.52,-66.30
5.25756e+07,-117.78,-66.30
5.25792e+07,-117.14,-66.30
5.25828e+07,-124.96,-66.30
5.25864e+07,-120.95,-66.30
5.25899e+07,-119.22,-66.30
5.25935e+07,-126.71,-66.30
5.25971e+07,-118.04,-66.30
5.26007e+07,-116.95,-66.30
5.26043e+07,-113.99,-66.30
5.26079e+07,-114.41,-66.31
5.26115e+07,-120.03,-66.31
5.26151e+07,-122.30,-66.31
5.26187e+07,-121.46,-66.31
5.26223e+07,-120.59,-66.31
5.26259e+07,-117.67,-66.31
5.26295e+07,-124.96,-66.31
5.2633e+07,-125.57,-66.31
5.26366e+07,-129.22,-66.31
5.26402e+07,-121.38,-66.31
5.26438e+07,-125.79,-66.31
5.26474e+07,-127.71,-66.31
5.2651e+07,-124.82,-66.31
5.26546e+07,-131.61,-66.31
5.26582e+07,-126.94,-66.31
5.26618e+07,-117.77,-66.32
5.26654e+07,-115.67,-66.32
5.2669e+07,-117.56,-66.32
5.26726e+07,-125.59,-66.32
5.26762e+07,-123.61,-66.32
5.26797e+07,-123.28,-66.32
5.26833e+07,-123.61,-66.32
5.26869e+07,-118.67,-66.32
5.26905e+07,-122.10,-66.32
5.26941e+07,-123.82,-66.32
5.26977e+07,-121.89,-66.32
5.27013e+07,-127.86,-66.32
5.27049e+07,-137.29,-66.32
5.27085e+07,-126.75,-66.32
5.27121e+07,-123.41,-66.32
5.27157e+07,-127.03,-66.33
5.27193e+07,-116.95,-66.33
5.27228e+07,-117.02,-66.33
5.27264e+07,-117.04,-66.33
5.273e+07,-118.00,-66.33
5.27336e+07,-120.55,-66.33
5.27372e+07,-118.47,-66.33
5.27408e+07,-119.94,-66.33
5.27444e+07,-123.57,-66.33
5.2748e+07,-120.04,-66.33
5.27516e+07,-120.61,-66.33
5.27552e+07,-118.90,-66.33
5.27588e+07,-125.25,-66.33
5.27624e+07,-122.60,-66.33
5.27659e+07,-120.39,-66.34
5.27695e+07,-130.12,-66.34
5.27731e+07,-128.37,-66.34
5.27767e+07,-118.98,-66.34
5.27803e+07,-118.73,-66.34
5.27839e+07,-120.73,-66.34
5.27875e+07,-119.78,-66.34
5.27911e+07,-124.38,-66.34
5.27947e+07,-122.44,-66.34
5.27983e+07,-127.51,-66.34
5.28019e+07,-126.63,-66.34
5.28055e+07,-121.59,-66.34
5.2809e+07,-125.15,-66.34
5.28126e+07,-124.46,-66.34
5.28162e+07,-130.42,-66.34
5.28198e+07,-116.35,-66.35
5.28234e+07,-115.13,-66.35
5.2827e+07,-120.31,-66.35
5.28306e+07,-122.16,-66.35
5.28342e+07,-128.11,-66.35
5.28378e+07,-121.86,-66.35
5.28414e+07,-139.65,-66.35
5.2845e+07,-128.85,-66.35
5.28486e+07,-129.33,-66.35
5.28521e+07,-122.85,-66.35
5.28557e+07,-121.81,-66.35
5.28593e+07,-125.87,-66.35
5.28629e+07,-123.85,-66.35
5.28665e+07,-120.20,-66.35
5.28701e+07,-117.40,-66.35
5.28737e+07,-122.08,-66.36
5.28773e+07,-135.28,-66.36
5.28809e+07,-128.31,-66.36
5.28845e+07,-119.52,-66.36
5.28881e+07,-117.05,-66.36
5.28917e+07,-120.67,-66.36
5.28952e+07,-125.35,-66.36
5.28988e+07,-127.02,-66.36
5.29024e+07,-120.91,-66.36
5.2906e+07,-128.51,-66.36
5.29096e+07,-120.49,-66.36
5.29132e+07,-119.80,-66.36
5.29168e+07,-116.72,-66.36
5.29204e+07,-118.78,-66.36
5.2924e+07,-123.83,-66.37
5.29276e+07,-120.08,-66.37
5.29312e+07,-115.41,-66.37
5.29348e+07,-116.61,-66.37
5.29383e+07,-133.16,-66.37
5.29419e+07,-120.70,-66.37
5.29455e+07,-119.18,-66.37
5.29491e+07,-119.85,-66.37
5.29527e+07,-124.97,-66.37
5.29563e+07,-118.51,-66.37
5.29599e+07,-118.90,-66.37
5.29635e+07,-123.10,-66.37
5.29671e+07,-117.65,-66.37
5.29707e+07,-118.55,-66.37
5.29743e+07,-127.81,-66.37
5.29779e+07,-120.56,-66.38
5.29814e+07,-113.89,-66.38
5.2985e+07,-114.49,-66.38
5.29886e+07,-118.70,-66.38
5.29922e+07,-140.79,-66.38
5.29958e+07,-117.27,-66.38
5.29994e+07,-118.31,-66.38
5.3003e+07,-126.57,-66.38
5.30066e+07,-122.09,-66.38
5.30102e+07,-120.43,-66.38
5.30138e+07,-141.81,-66.38
5.30174e+07,-117.10,-66.38
5.3021e+07,-115.65,-66.38
5.30245e+07,-121.75,-66.38
5.30281e+07,-120.16,-66.38
5.30317e+07,-137.28,-66.39
5.30353e+07,-120.62,-66.39
5.30389e+07,-123.14,-66.39
5.30425e+07,-124.49,-66.39
5.30461e+07,-129.95,-66.39
5.30497e+07,-118.87,-66.39
5.30533e+07,-124.71,-66.39
5.30569e+07,-124.61,-66.39
5.30605e+07,-118.64,-66.39
5.30641e+07,-122.50,-66.39
5.30676e+07,-137.35,-66.39
5.30712e+07,-122.10,-66.39
5.30748e+07,-126.13,-66.39
5.30784e+07,-127.85,-66.39
5.3082e+07,-118.45,-66.39
5.30856e+07,-118.17,-66.40
5.30892e+07,-118.40,-66.40
5.30928e+07,-114.75,-66.40
5.30964e+07,-117.52,-66.40
5.31e+07,-125.98,-66.40
5.31036e+07,-121.71,-66.40
5.31072e+07,-119.98,-66.40
5.31107e+07,-120.53,-66.40
5.31143e+07,-118.26,-66.40
5.31179e+07,-114.48,-66.40
5.31215e+07,-117.02,-66.40
5.31251e+07,-128.65,-66.40
5.31287e+07,-119.91,-66.40
5.31323e+07,-123.11,-66.40
5.31359e+07,-136.99,-66.41
5.31395e+07,-124.85,-66.41
5.31431e+07,-119.50,-66.41
5.31467e+07,-126.00,-66.41
5.31503e+07,-122.83,-66.41
5.31538e+07,-125.74,-66.41
5.31574e+07,-130.09,-66.41
5.3161e+07,-121.97,-66.41
5.31646e+07,-118.57,-66.41
5.31682e+07,-120.10,-66.41
5.31718e+07,-120.23,-66.41
5.31754e+07,-126.14,-66.41
5.3179e+07,-123.53,-66.41
5.31826e+07,-117.87,-66.41
5.31862e+07,-118.07,-66.41
5.31898e+07,-121.84,-66.42
5.31934e+07,-135.23,-66.42
5.31969e+07,-124.75,-66.42
5.32005e+07,-118.33,-66.42
5.32041e+07,-117.67,-66.42
5.32077e+07,-122.62,-66.42
5.32113e+07,-125.16,-66.42
5.32149e+07,-120.44,-66.42
5.32185e+07,-116.21,-66.42
5.32221e+07,-118.30,-66.42
5.32257e+07,-124.53,-66.42
5.32293e+07,-118.11,-66.42
5.32329e+07,-116.25,-66.42
5.32365e+07,-127.69,-66.42
5.32401e+07,-123.61,-66.42
5.32436e+07,-124.90,-66.43
5.32472e+07,-134.11,-66.43
5.32508e+07,-120.18,-66.43
5.32544e+07,-118.36,-66.43
5.3258e+07,-120.14,-66.43
5.32616e+07,-120.05,-66.43
5.32652e+07,-127.32,-66.43
5.32688e+07,-131.92,-66.43
5.32724e+07,-133.10,-66.43
5.3276e+07,-120.74,-66.43
5.32796e+07,-119.00,-66.43
5.32832e+07,-126.28,-66.43
5.32867e+07,-131.52,-66.43
5.32903e+07,-126.37,-66.43
5.32939e+07,-121.04,-66.43
5.32975e+07,-121.94,-66.44
5.33011e+07,-127.07,-66.44
5.33047e+07,-126.10,-66.44
5.33083e+07,-122.39,-66.44
5.33119e+07,-118.65,-66.44
5.33155e+07,-124.48,-66.44
5.33191e+07,-123.99,-66.44
5.33227e+07,-117.09,-66.44
5.33263e+07,-116.34,-66.44
5.33298e+07,-126.16,-66.44
5.33334e+07,-127.59,-66.44
5.3337e+07,-126.71,-66.44
5.33406e+07,-131.14,-66.44
5.33442e+07,-117.66,-66.44
5.33478e+07,-117.33,-66.44
5.33514e+07,-123.45,-66.45
5.3355e+07,-125.33,-66.45
5.33586e+07,-125.40,-66.45
5.33622e+07,-121.98,-66.45
5.33658e+07,-142.64,-66.45
5.33694e+07,-119.23,-66.45
5.33729e+07,-116.42,-66.45
5.33765e+07,-121.04,-66.45
5.33801e+07,-122.86,-66.45
5.33837e+07,-120.42,-66.45
5.33873e+07,-120.10,-66.45
5.33909e+07,-123.44,-66.45
5.33945e+07,-120.49,-66.45
5.33981e+07,-120.23,-66.45
5.34017e+07,-120.70,-66.45
5.34053e+07,-120.98,-66.46
5.34089e+07,-121.97,-66.46
5.34125e+07,-126.94,-66.46
5.3416e+07,-125.22,-66.46
5.34196e+07,-121.00,-66.46
5.34232e+07,-122.32,-66.46
5.34268e+07,-124.68,-66.46
5.34304e+07,-133.01,-66.46
5.3434e+07,-128.35,-66.46
5.34376e+07,-149.15,-66.46
5.34412e+07,-125.51,-66.46
5.34448e+07,-125.24,-66.46
5.34484e+07,-124.06,-66.46
5.3452e+07,-124.73,-66.46
5.34556e+07,-124.12,-66.46
5.34591e+07,-127.71,-66.47
5.34627e+07,-130.37,-66.47
5.34663e+07,-122.31,-66.47
5.34699e+07,-133.91,-66.47
5.34735e+07,-121.24,-66.47
5.34771e+07,-119.72,-66.47
5.34807e+07,-120.81,-66.47
5.34843e+07,-116.35,-66.47
5.34879e+07,-114.40,-66.47
5.34915e+07,-114.95,-66.47
5.34951e+07,-118.36,-66.47
5.34987e+07,-135.17,-66.47
5.35022e+07,-133.46,-66.47
5.35058e+07,-120.16,-66.47
5.35094e+07,-117.13,-66.47
5.3513e+07,-123.39,-66.48
5.35166e+07,-137.15,-66.48
5.35202e+07,-121.15,-66.48
5.35238e+07,-129.53,-66.48
5.35274e+07,-119.18,-66.48
5.3531e+07,-123.85,-66.48
5.35346e+07,-124.46,-66.48
5.35382e+07,-116.85,-66.48
5.35418e+07,-119.29,-66.48
5.35453e+07,-123.73,-66.48
5.35489e+07,-118.45,-66.48
5.35525e+07,-118.91,-66.48
5.35561e+07,-120.19,-66.48
5.35597e+07,-120.33,-66.48
5.35633e+07,-124.85,-66.48
5.35669e+07,-141.80,-66.49
5.35705e+07,-127.39,-66.49
5.35741e+07,-118.76,-66.49
5.35777e+07,-130.02,-66.49
5.35813e+07,-123.49,-66.49
5.35849e+07,-124.35,-66.49
5.35884e+07,-118.61,-66.49
5.3592e+07,-125.90,-66.49
5.35956e+07,-119.62,-66.49
5.35992e+07,-119.58,-66.49
5.36028e+07,-116.11,-66.49
5.36064e+07,-112.23,-66.49
5.361e+07,-112.53,-66.49
5.36136e+07,-119.77,-66.49
5.36172e+07,-124.14,-66.49
5.36208e+07,-119.54,-66.50
5.36244e+07,-122.04,-66.50
5.3628e+07,-120.95,-66.50
5.36315e+07,-119.13,-66.50
5.36351e+07,-129.04,-66.50
5.36387e+07,-124.59,-66.50
5.36423e+07,-133.90,-66.50
5.36459e+07,-135.80,-66.50
5.36495e+07,-126.88,-66.50
5.36531e+07,-128.51,-66.50
5.36567e+07,-128.81,-66.50
5.36603e+07,-128.77,-66.50
5.36639e+07,-130.42,-66.50
5.36675e+07,-122.69,-66.50
5.36711e+07,-124.70,-66.50
5.36746e+07,-120.69,-66.51
5.36782e+07,-120.62,-66.51
5.36818e+07,-118.14,-66.51
5.36854e+07,-118.27,-66.51
5.3689e+07,-118.22,-66.51
5.36926e+07,-125.23,-66.51
5.36962e+07,-133.18,-66.51
5.36998e+07,-133.16,-66.51
5.37034e+07,-124.03,-66.51
5.3707e+07,-120.36,-66.51
5.37106e+07,-122.16,-66.51
5.37142e+07,-126.54,-66.51
5.37177e+07,-121.67,-66.51
5.37213e+07,-137.28,-66.51
5.37249e+07,-121.47,-66.51
5.37285e+07,-127.52,-66.52
5.37321e+07,-144.87,-66.52
5.37357e+07,-144.99,-66.52
5.37393e+07,-133.81,-66.52
5.37429e+07,-134.09,-66.52
5.37465e+07,-128.51,-66.52
5.37501e+07,-122.00,-66.52
5.37537e+07,-126.98,-66.52
5.37573e+07,-124.09,-66.52
5.37608e+07,-126.72,-66.52
5.37644e+07,-137.54,-66.52
5.3768e+07,-132.29,-66.52
5.37716e+07,-129.78,-66.52
5.37752e+07,-135.49,-66.52
5.37788e+07,-131.17,-66.52
5.37824e+07,-120.27,-66.53
5.3786e+07,-116.56,-66.53
5.37896e+07,-123.13,-66.53
5.37932e+07,-119.49,-66.53
5.37968e+07,-118.31,-66.53
5.38004e+07,-124.55,-66.53
5.38039e+07,-124.52,-66.53
5.38075e+07,-125.86,-66.53
5.38111e+07,-126.15,-66.53
5.38147e+07,-129.59,-66.53
5.38183e+07,-127.74,-66.53
5.38219e+07,-121.94,-66.53
5.38255e+07,-118.54,-66.53
5.38291e+07,-124.78,-66.53
5.38327e+07,-125.99,-66.53
5.38363e+07,-123.42,-66.54
5.38399e+07,-118.62,-66.54
5.38435e+07,-119.79,-66.54
5.38471e+07,-119.51,-66.54
5.38506e+07,-124.42,-66.54
5.38542e+07,-124.97,-66.54
5.38578e+07,-121.11,-66.54
5.38614e+07,-120.91,-66.54
5.3865e+07,-117.99,-66.54
5.38686e+07,-121.86,-66.54
5.38722e+07,-127.46,-66.54
5.38758e+07,-120.10,-66.54
5.38794e+07,-138.29,-66.54
5.3883e+07,-124.81,-66.54
5.38866e+07,-124.81,-66.54
5.38902e+07,-125.71,-66.55
5.38937e+07,-115.59,-66.55
5.38973e+07,-114.31,-66.55
5.39009e+07,-124.55,-66.55
5.39045e+07,-116.50,-66.55
5.39081e+07,-116.02,-66.55
5.39117e+07,-117.63,-66.55
5.39153e+07,-118.07,-66.55
5.39189e+07,-116.65,-66.55
5.39225e+07,-113.03,-66.55
5.39261e+07,-115.56,-66.55
5.39297e+07,-116.35,-66.55
5.39333e+07,-117.82,-66.55
5.39368e+07,-126.82,-66.55
5.39404e+07,-121.78,-66.55
5.3944e+07,-114.46,-66.56
5.39476e+07,-115.92,-66.56
5.39512e+07,-121.56,-66.56
5.39548e+07,-122.52,-66.56
5.39584e+07,-122.05,-66.56
5.3962e+07,-129.98,-66.56
5.39656e+07,-124.65,-66.56
5.39692e+07,-118.53,-66.56
5.39728e+07,-122.77,-66.56
5.39764e+07,-124.83,-66.56
5.39799e+07,-122.72,-66.56
5.39835e+07,-130.54,-66.56
5.39871e+07,-120.58,-66.56
5.39907e+07,-129.15,-66.56
5.39943e+07,-119.19,-66.56
5.39979e+07,-119.52,-66.57
5.40015e+07,-119.76,-66.57
5.40051e+07,-118.64,-66.57
5.40087e+07,-117.22,-66.57
5.40123e+07,-119.88,-66.57
5.40159e+07,-118.21,-66.57
5.40195e+07,-116.58,-66.57
5.4023e+07,-119.13,-66.57
5.40266e+07,-116.03,-66.57
5.40302e+07,-116.19,-66.57
5.40338e+07,-125.60,-66.57
5.40374e+07,-124.86,-66.57
5.4041e+07,-119.68,-66.57
5.40446e+07,-118.69,-66.57
5.40482e+07,-118.46,-66.57
5.40518e+07,-128.37,-66.58
5.40554e+07,-120.74,-66.58
5.4059e+07,-121.00,-66.58
5.40626e+07,-122.03,-66.58
5.40661e+07,-122.47,-66.58
5.40697e+07,-124.97,-66.58
5.40733e+07,-122.26,-66.58
5.40769e+07,-119.40,-66.58
5.40805e+07,-121.29,-66.58
5.40841e+07,-127.82,-66.58
5.40877e+07,-122.28,-66.58
5.40913e+07,-121.14,-66.58
5.40949e+07,-127.51,-66.58
5.40985e+07,-122.72,-66.58
5.41021e+07,-117.13,-66.58
5.41057e+07,-116.28,-66.59
5.41092e+07,-125.36,-66.59
5.41128e+07,-124.03,-66.59
5.41164e+07,-118.58,-66.59
5.412e+07,-116.69,-66.59
5.41236e+07,-119.57,-66.59
5.41272e+07,-128.05,-66.59
5.41308e+07,-122.13,-66.59
5.41344e+07,-120.29,-66.59
5.4138e+07,-121.15,-66.59
5.41416e+07,-129.51,-66.59
5.41452e+07,-126.03,-66.59
5.41488e+07,-131.81,-66.59
5.41523e+07,-136.36,-66.59
5.41559e+07,-130.67,-66.59
5.41595e+07,-138.01,-66.60
5.41631e+07,-121.62,-66.60
5.41667e+07,-121.32,-66.60
5.41703e+07,-124.42,-66.60
5.41739e+07,-126.57,-66.60
5.41775e+07,-120.26,-66.60
5.41811e+07,-115.83,-66.60
5.41847e+07,-121.09,-66.60
5.41883e+07,-125.42,-66.60
5.41919e+07,-118.23,-66.60
5.41954e+07,-120.68,-66.60
5.4199e+07,-126.34,-66.60
5.42026e+07,-119.98,-66.60
5.42062e+07,-116.60,-66.60
5.42098e+07,-117.95,-66.60
5.42134e+07,-129.26,-66.60
5.4217e+07,-123.55,-66.61
5.42206e+07,-125.26,-66.61
5.42242e+07,-131.56,-66.61
5.42278e+07,-122.57,-66.61
5.42314e+07,-120.09,-66.61
5.4235e+07,-119.88,-66.61
5.42385e+07,-120.72,-66.61
5.42421e+07,-120.90,-66.61
5.42457e+07,-126.16,-66.61
5.42493e+07,-135.99,-66.61
5.42529e+07,-134.85,-66.61
5.42565e+07,-120.92,-66.61
5.42601e+07,-116.32,-66.61
5.42637e+07,-115.83,-66.61
5.42673e+07,-120.66,-66.61
5.42709e+07,-116.64,-66.62
5.42745e+07,-117.02,-66.62
5.42781e+07,-123.78,-66.62
5.42816e+07,-116.97,-66.62
5.42852e+07,-118.41,-66.62
5.42888e+07,-118.81,-66.62
5.42924e+07,-123.64,-66.62
5.4296e+07,-135.97,-66.62
5.42996e+07,-128.32,-66.62
5.43032e+07,-127.54,-66.62
5.43068e+07,-119.76,-66.62
5.43104e+07,-120.40,-66.62
5.4314e+07,-130.39,-66.62
5.43176e+07,-126.19,-66.62
5.43212e+07,-123.03,-66.62
5.43247e+07,-119.03,-66.63
5.43283e+07,-118.17,-66.63
5.43319e+07,-121.99,-66.63
5.43355e+07,-122.55,-66.63
5.43391e+07,-116.92,-66.63
5.43427e+07,-118.93,-66.63
5.43463e+07,-119.86,-66.63
5.43499e+07,-116.97,-66.63
5.43535e+07,-118.47,-66.63
5.43571e+07,-121.66,-66.63
5.43607e+07,-119.77,-66.63
5.43643e+07,-118.94,-66.63
5.43678e+07,-120.29,-66.63
5.43714e+07,-120.73,-66.63
5.4375e+07,-124.64,-66.63
5.43786e+07,-125.39,-66.64
5.43822e+07,-116.20,-66.64
5.43858e+07,-116.79,-66.64
5.43894e+07,-119.14,-66.64
5.4393e+07,-131.14,-66.64
5.43966e+07,-124.32,-66.64
5.44002e+07,-118.96,-66.64
5.44038e+07,-122.99,-66.64
5.44074e+07,-122.22,-66.64
5.4411e+07,-123.84,-66.64
5.44145e+07,-116.86,-66.64
5.44181e+07,-110.65,-66.64
5.44217e+07,-113.39,-66.64
5.44253e+07,-122.25,-66.64
5.44289e+07,-125.90,-66.64
5.44325e+07,-117.67,-66.65
5.44361e+07,-119.43,-66.65
5.44397e+07,-126.09,-66.65
5.44433e+07,-124.77,-66.65
5.44469e+07,-122.78,-66.65
5.44505e+07,-117.40,-66.65
5.44541e+07,-115.52,-66.65
5.44576e+07,-121.29,-66.65
5.44612e+07,-130.94,-66.65
5.44648e+07,-122.05,-66.65
5.44684e+07,-123.84,-66.65
5.4472e+07,-122.66,-66.65
5.44756e+07,-117.97,-66.65
5.44792e+07,-116.99,-66.65
5.44828e+07,-118.91,-66.65
5.44864e+07,-116.65,-66.65
5.449e+07,-113.94,-66.66
5.44936e+07,-114.53,-66.66
5.44972e+07,-121.16,-66.66
5.45007e+07,-128.45,-66.66
5.45043e+07,-125.46,-66.66
5.45079e+07,-118.66,-66.66
5.45115e+07,-127.64,-66.66
5.45151e+07,-118.23,-66.66
5.45187e+07,-117.87,-66.66
5.45223e+07,-125.44,-66.66
5.45259e+07,-124.35,-66.66
5.45295e+07,-122.22,-66.66
5.45331e+07,-131.07,-66.66
5.45367e+07,-123.93,-66.66
5.45403e+07,-118.31,-66.66
5.45438e+07,-121.75,-66.67
5.45474e+07,-115.87,-66.67
5.4551e+07,-118.45,-66.67
5.45546e+07,-118.76,-66.67
5.45582e+07,-122.37,-66.67
5.45618e+07,-123.75,-66.67
5.45654e+07,-122.95,-66.67
5.4569e+07,-128.16,-66.67
5.45726e+07,-119.70,-66.67
5.45762e+07,-120.83,-66.67
5.45798e+07,-126.36,-66.67
5.45834e+07,-119.52,-66.67
5.45869e+07,-115.66,-66.67
5.45905e+07,-122.07,-66.67
5.45941e+07,-127.72,-66.67
5.45977e+07,-128.28,-66.68
5.46013e+07,-122.37,-66.68
5.46049e+07,-118.36,-66.68
5.46085e+07,-126.84,-66.68
5.46121e+07,-124.14,-66.68
5.46157e+07,-121.84,-66.68
5.46193e+07,-122.46,-66.68
5.46229e+07,-137.80,-66.68
5.46265e+07,-118.36,-66.68
5.463e+07,-121.31,-66.68
5.46336e+07,-121.97,-66.68
5.46372e+07,-121.37,-66.68
5.46408e+07,-125.31,-66.68
5.46444e+07,-123.40,-66.68
5.4648e+07,-129.86,-66.68
5.46516e+07,-127.40,-66.68
5.46552e+07,-125.15,-66.69
5.46588e+07,-126.30,-66.69
5.46624e+07,-125.06,-66.69
5.4666e+07,-118.45,-66.69
5.46696e+07,-122.14,-66.69
5.46731e+07,-125.11,-66.69
5.46767e+07,-138.32,-66.69
5.46803e+07,-148.74,-66.69
5.46839e+07,-124.13,-66.69
5.46875e+07,-141.13,-66.69
5.46911e+07,-124.60,-66.69
5.46947e+07,-123.52,-66.69
5.46983e+07,-123.30,-66.69
5.47019e+07,-117.71,-66.69
5.47055e+07,-119.02,-66.69
5.47091e+07,-124.49,-66.70
5.47127e+07,-119.92,-66.70
5.47162e+07,-123.40,-66.70
5.47198e+07,-121.88,-66.70
5.47234e+07,-122.87,-66.70
5.4727e+07,-138.85,-66.70
5.47306e+07,-121.05,-66.70
5.47342e+07,-120.94,-66.70
5.47378e+07,-124.66,-66.70
5.47414e+07,-125.18,-66.70
5.4745e+07,-129.55,-66.70
5.47486e+07,-138.25,-66.70
5.47522e+07,-122.44,-66.70
5.47558e+07,-121.76,-66.70
5.47593e+07,-120.36,-66.70
5.47629e+07,-118.13,-66.71
5.47665e+07,-121.56,-66.71
5.47701e+07,-125.70,-66.71
5.47737e+07,-123.32,-66.71
5.47773e+07,-118.80,-66.71
5.47809e+07,-117.73,-66.71
5.47845e+07,-116.47,-66.71
5.47881e+07,-117.31,-66.71
5.47917e+07,-122.74,-66.71
5.47953e+07,-120.46,-66.71
5.47989e+07,-118.51,-66.71
5.48024e+07,-119.42,-66.71
5.4806e+07,-118.98,-66.71
5.48096e+07,-128.06,-66.71
5.48132e+07,-127.54,-66.71
5.48168e+07,-125.09,-66.71
5.48204e+07,-124.92,-66.72
5.4824e+07,-125.70,-66.72
5.48276e+07,-131.73,-66.72
5.48312e+07,-127.59,-66.72
5.48348e+07,-142.11,-66.72
5.48384e+07,-122.71,-66.72
5.4842e+07,-128.23,-66.72
5.48455e+07,-148.87,-66.72
5.48491e+07,-123.45,-66.72
5.48527e+07,-121.88,-66.72
5.48563e+07,-129.30,-66.72
5.48599e+07,-127.28,-66.72
5.48635e+07,-120.45,-66.72
5.48671e+07,-119.74,-66.72
5.48707e+07,-121.40,-66.72
5.48743e+07,-121.89,-66.73
5.48779e+07,-128.19,-66.73
5.48815e+07,-132.92,-66.73
5.48851e+07,-125.47,-66.73
5.48886e+07,-118.93,-66.73
5.48922e+07,-122.45,-66.73
5.48958e+07,-120.34,-66.73
5.48994e+07,-119.00,-66.73
5.4903e+07,-122.69,-66.73
5.49066e+07,-119.20,-66.73
5.49102e+07,-123.45,-66.73
5.49138e+07,-127.30,-66.73
5.49174e+07,-121.43,-66.73
5.4921e+07,-121.30,-66.73
5.49246e+07,-123.08,-66.73
5.49282e+07,-122.11,-66.73
5.49317e+07,-125.46,-66.74
5.49353e+07,-127.14,-66.74
5.49389e+07,-115.86,-66.74
5.49425e+07,-118.59,-66.74
5.49461e+07,-124.11,-66.74
5.49497e+07,-127.83,-66.74
5.49533e+07,-124.12,-66.74
5.49569e+07,-119.72,-66.74
5.49605e+07,-125.58,-66.74
5.49641e+07,-127.65,-66.74
5.49677e+07,-121.82,-66.74
5.49713e+07,-121.69,-66.74
5.49749e+07,-119.70,-66.74
5.49784e+07,-121.07,-66.74
5.4982e+07,-128.18,-66.74
5.49856e+07,-128.63,-66.75
5.49892e+07,-133.82,-66.75
5.49928e+07,-122.82,-66.75
5.49964e+07,-117.83,-66.75
5.5e+07,-120.21,-66.75
5.50036e+07,-118.50,-66.75
5.50072e+07,-120.91,-66.75
5.50108e+07,-119.29,-66.75
5.50144e+07,-119.28,-66.75
5.5018e+07,-127.91,-66.75
5.50215e+07,-125.49,-66.75
5.50251e+07,-122.11,-66.75
5.50287e+07,-121.11,-66.75
5.50323e+07,-125.07,-66.75
5.50359e+07,-133.38,-66.75
5.50395e+07,-122.68,-66.75
5.50431e+07,-122.95,-66.76
5.50467e+07,-125.45,-66.76
5.50503e+07,-122.32,-66.76
5.50539e+07,-118.65,-66.76
5.50575e+07,-124.18,-66.76
5.50611e+07,-125.64,-66.76
5.50646e+07,-116.88,-66.76
5.50682e+07,-118.79,-66.76
5.50718e+07,-132.01,-66.76
5.50754e+07,-123.61,-66.76
5.5079e+07,-119.88,-66.76
5.50826e+07,-127.85,-66.76
5.50862e+07,-124.13,-66.76
5.50898e+07,-119.96,-66.76
5.50934e+07,-119.39,-66.76
5.5097e+07,-119.95,-66.77
5.51006e+07,-123.78,-66.77
5.51042e+07,-126.23,-66.77
5.51077e+07,-132.76,-66.77
5.51113e+07,-134.40,-66.77
5.51149e+07,-118.82,-66.77
5.51185e+07,-117.84,-66.77
5.51221e+07,-126.23,-66.77
5.51257e+07,-134.76,-66.77
5.51293e+07,-125.70,-66.77
5.51329e+07,-127.81,-66.77
5.51365e+07,-124.91,-66.77
5.51401e+07,-129.03,-66.77
5.51437e+07,-123.09,-66.77
5.51473e+07,-126.06,-66.77
5.51508e+07,-120.07,-66.77
5.51544e+07,-119.62,-66.78
5.5158e+07,-120.45,-66.78
5.51616e+07,-124.82,-66.78
5.51652e+07,-136.07,-66.78
5.51688e+07,-127.61,-66.78
5.51724e+07,-126.24,-66.78
5.5176e+07,-126.81,-66.78
5.51796e+07,-122.41,-66.78
5.51832e+07,-124.37,-66.78
5.51868e+07,-116.44,-66.78
5.51904e+07,-120.41,-66.78
5.51939e+07,-122.24,-66.78
5.51975e+07,-125.74,-66.78
5.52011e+07,-128.47,-66.78
5.52047e+07,-138.68,-66.78
5.52083e+07,-128.07,-66.79
5.52119e+07,-120.19,-66.79
5.52155e+07,-119.68,-66.79
5.52191e+07,-124.20,-66.79
5.52227e+07,-124.01,-66.79
5.52263e+07,-122.48,-66.79
5.52299e+07,-122.88,-66.79
5.52335e+07,-144.18,-66.79
5.5237e+07,-120.53,-66.79
5.52406e+07,-121.36,-66.79
5.52442e+07,-125.70,-66.79
5.52478e+07,-121.01,-66.79
5.52514e+07,-122.12,-66.79
5.5255e+07,-124.03,-66.79
5.52586e+07,-133.89,-66.79
5.52622e+07,-122.97,-66.79
5.52658e+07,-124.72,-66.80
5.52694e+07,-122.71,-66.80
5.5273e+07,-124.40,-66.80
5.52766e+07,-122.10,-66.80
5.52801e+07,-119.83,-66.80
5.52837e+07,-120.69,-66.80
5.52873e+07,-127.16,-66.80
5.52909e+07,-124.38,-66.80
5.52945e+07,-119.67,-66.80
5.52981e+07,-127.92,-66.80
5.53017e+07,-127.07,-66.80
5.53053e+07,-127.19,-66.80
5.53089e+07,-124.31,-66.80
5.53125e+07,-126.92,-66.80
5.53161e+07,-126.47,-66.80
5.53197e+07,-121.40,-66.81
5.53232e+07,-125.22,-66.81
5.53268e+07,-124.66,-66.81
5.53304e+07,-121.87,-66.81
5.5334e+07,-128.24,-66.81
5.53376e+07,-122.03,-66.81
5.53412e+07,-118.73,-66.81
5.53448e+07,-118.61,-66.81
5.53484e+07,-117.66,-66.81
5.5352e+07,-119.00,-66.81
5.53556e+07,-118.31,-66.81
5.53592e+07,-118.83,-66.81
5.53628e+07,-124.61,-66.81
5.53663e+07,-120.92,-66.81
5.53699e+07,-118.24,-66.81
5.53735e+07,-119.16,-66.81
5.53771e+07,-119.43,-66.82
5.53807e+07,-114.96,-66.82
5.53843e+07,-115.29,-66.82
5.53879e+07,-119.82,-66.82
5.53915e+07,-117.41,-66.82
5.53951e+07,-115.60,-66.82
5.53987e+07,-115.17,-66.82
5.54023e+07,-117.63,-66.82
5.54059e+07,-120.83,-66.82
5.54094e+07,-125.57,-66.82
5.5413e+07,-125.98,-66.82
5.54166e+07,-124.39,-66.82
5.54202e+07,-118.97,-66.82
5.54238e+07,-119.04,-66.82
5.54274e+07,-123.27,-66.82
5.5431e+07,-122.33,-66.82
5.54346e+07,-137.54,-66.83
5.54382e+07,-129.34,-66.83
5.54418e+07,-130.73,-66.83
5.54454e+07,-122.37,-66.83
5.5449e+07,-121.47,-66.83
5.54525e+07,-115.65,-66.83
5.54561e+07,-117.50,-66.83
5.54597e+07,-122.35,-66.83
5.54633e+07,-114.53,-66.83
5.54669e+07,-119.17,-66.83
5.54705e+07,-119.42,-66.83
5.54741e+07,-117.53,-66.83
5.54777e+07,-124.80,-66.83
5.54813e+07,-134.86,-66.83
5.54849e+07,-134.35,-66.83
5.54885e+07,-117.63,-66.84
5.54921e+07,-113.86,-66.84
5.54956e+07,-117.31,-66.84
5.54992e+07,-115.90,-66.84
5.55028e+07,-123.17,-66.84
5.55064e+07,-128.14,-66.84
5.551e+07,-130.17,-66.84
5.55136e+07,-127.20,-66.84
5.55172e+07,-120.93,-66.84
5.55208e+07,-123.80,-66.84
5.55244e+07,-135.07,-66.84
5.5528e+07,-129.75,-66.84
5.55316e+07,-128.16,-66.84
5.55352e+07,-126.55,-66.84
5.55388e+07,-117.80,-66.84
5.55423e+07,-124.70,-66.84
5.55459e+07,-120.84,-66.85
5.55495e+07,-119.16,-66.85
5.55531e+07,-119.05,-66.85
5.55567e+07,-117.90,-66.85
5.55603e+07,-117.78,-66.85
5.55639e+07,-117.13,-66.85
5.55675e+07,-119.13,-66.85
5.55711e+07,-125.51,-66.85
5.55747e+07,-122.09,-66.85
5.55783e+07,-123.68,-66.85
5.55819e+07,-118.91,-66.85
5.55854e+07,-124.66,-66.85
5.5589e+07,-120.67,-66.85
5.55926e+07,-129.20,-66.85
5.55962e+07,-124.68,-66.85
5.55998e+07,-117.82,-66.86
5.56034e+07,-116.35,-66.86
5.5607e+07,-120.92,-66.86
5.56106e+07,-123.74,-66.86
5.56142e+07,-124.19,-66.86
5.56178e+07,-127.22,-66.86
5.56214e+07,-118.83,-66.86
5.5625e+07,-121.63,-66.86
5.56285e+07,-130.63,-66.86
5.56321e+07,-137.12,-66.86
5.56357e+07,-131.47,-66.86
5.56393e+07,-134.87,-66.86
5.56429e+07,-166.24,-66.86
5.56465e+07,-122.68,-66.86
5.56501e+07,-126.85,-66.86
5.56537e+07,-138.99,-66.86
5.56573e+07,-124.64,-66.87
5.56609e+07,-115.56,-66.87
5.56645e+07,-115.04,-66.87
5.56681e+07,-120.81,-66.87
5.56716e+07,-128.42,-66.87
5.56752e+07,-131.08,-66.87
5.56788e+07,-136.02,-66.87
5.56824e+07,-132.07,-66.87
5.5686e+07,-126.79,-66.87
5.56896e+07,-128.17,-66.87
5.56932e+07,-132.64,-66.87
5.56968e+07,-133.23,-66.87
5.57004e+07,-129.82,-66.87
5.5704e+07,-124.18,-66.87
5.57076e+07,-122.11,-66.87
5.57112e+07,-119.28,-66.87
5.57147e+07,-126.27,-66.88
5.57183e+07,-131.44,-66.88
5.57219e+07,-119.85,-66.88
5.57255e+07,-119.97,-66.88
5.57291e+07,-125.25,-66.88
5.57327e+07,-126.43,-66.88
5.57363e+07,-123.32,-66.88
5.57399e+07,-123.37,-66.88
5.57435e+07,-120.22,-66.88
5.57471e+07,-118.49,-66.88
5.57507e+07,-123.29,-66.88
5.57543e+07,-129.94,-66.88
5.57578e+07,-131.55,-66.88
5.57614e+07,-125.66,-66.88
5.5765e+07,-119.67,-66.88
5.57686e+07,-119.70,-66.88
5.57722e+07,-118.57,-66.89
5.57758e+07,-117.18,-66.89
5.57794e+07,-116.32,-66.89
5.5783e+07,-117.21,-66.89
5.57866e+07,-129.32,-66.89
5.57902e+07,-119.50,-66.89
5.57938e+07,-125.23,-66.89
5.57974e+07,-131.59,-66.89
5.58009e+07,-134.62,-66.89
5.58045e+07,-135.27,-66.89
5.58081e+07,-137.60,-66.89
5.58117e+07,-128.74,-66.89
5.58153e+07,-118.72,-66.89
5.58189e+07,-119.64,-66.89
5.58225e+07,-121.53,-66.89
5.58261e+07,-131.53,-66.90
5.58297e+07,-123.06,-66.90
5.58333e+07,-129.95,-66.90
5.58369e+07,-131.03,-66.90
5.58405e+07,-124.88,-66.90
5.5844e+07,-123.10,-66.90
5.58476e+07,-121.88,-66.90
5.58512e+07,-121.92,-66.90
5.58548e+07,-121.07,-66.90
5.58584e+07,-117.49,-66.90
5.5862e+07,-118.08,-66.90
5.58656e+07,-124.64,-66.90
5.58692e+07,-125.64,-66.90
5.58728e+07,-128.13,-66.90
5.58764e+07,-123.18,-66.90
5.588e+07,-119.63,-66.90
5.58836e+07,-119.00,-66.91
5.58871e+07,-117.90,-66.91
5.58907e+07,-118.38,-66.91
5.58943e+07,-123.87,-66.91
5.58979e+07,-125.06,-66.91
5.59015e+07,-133.60,-66.91
5.59051e+07,-120.75,-66.91
5.59087e+07,-131.44,-66.91
5.59123e+07,-116.06,-66.91
5.59159e+07,-117.32,-66.91
5.59195e+07,-123.06,-66.91
5.59231e+07,-123.42,-66.91
5.59267e+07,-119.84,-66.91
5.59302e+07,-123.08,-66.91
5.59338e+07,-128.08,-66.91
5.59374e+07,-121.24,-66.91
5.5941e+07,-131.87,-66.92
5.59446e+07,-134.93,-66.92
5.59482e+07,-123.65,-66.92
5.59518e+07,-116.83,-66.92
5.59554e+07,-118.50,-66.92
5.5959e+07,-123.40,-66.92
5.59626e+07,-120.45,-66.92
5.59662e+07,-118.66,-66.92
5.59698e+07,-119.71,-66.92
5.59733e+07,-122.28,-66.92
5.59769e+07,-129.14,-66.92
5.59805e+07,-125.17,-66.92
5.59841e+07,-125.18,-66.92
5.59877e+07,-132.07,-66.92
5.59913e+07,-126.37,-66.92
5.59949e+07,-122.52,-66.92
5.59985e+07,-119.39,-66.93
5.60021e+07,-120.18,-66.93
5.60057e+07,-123.84,-66.93
5.60093e+07,-148.37,-66.93
5.60129e+07,-119.69,-66.93
5.60164e+07,-116.84,-66.93
5.602e+07,-124.69,-66.93
5.60236e+07,-126.11,-66.93
5.60272e+07,-118.71,-66.93
5.60308e+07,-124.64,-66.93
5.60344e+07,-121.51,-66.93
5.6038e+07,-121.65,-66.93
5.60416e+07,-123.94,-66.93
5.60452e+07,-120.90,-66.93
5.60488e+07,-123.05,-66.93
5.60524e+07,-120.51,-66.93
5.6056e+07,-127.82,-66.94
5.60595e+07,-127.65,-66.94
5.60631e+07,-135.66,-66.94
5.60667e+07,-128.37,-66.94
5.60703e+07,-130.46,-66.94
5.60739e+07,-122.72,-66.94
5.60775e+07,-121.55,-66.94
5.60811e+07,-127.19,-66.94
5.60847e+07,-117.50,-66.94
5.60883e+07,-115.00,-66.94
5.60919e+07,-117.87,-66.94
5.60955e+07,-128.97,-66.94
5.60991e+07,-122.76,-66.94
5.61027e+07,-126.65,-66.94
5.61062e+07,-126.66,-66.94
5.61098e+07,-131.44,-66.95
5.61134e+07,-120.78,-66.95
5.6117e+07,-125.14,-66.95
5.61206e+07,-127.37,-66.95
5.61242e+07,-122.90,-66.95
5.61278e+07,-130.89,-66.95
5.61314e+07,-130.61,-66.95
5.6135e+07,-142.56,-66.95
5.61386e+07,-125.07,-66.95
5.61422e+07,-136.99,-66.95
5.61458e+07,-131.37,-66.95
5.61493e+07,-125.86,-66.95
5.61529e+07,-119.95,-66.95
5.61565e+07,-126.44,-66.95
5.61601e+07,-130.35,-66.95
5.61637e+07,-124.26,-66.95
5.61673e+07,-131.97,-66.96
5.61709e+07,-143.12,-66.96
5.61745e+07,-124.19,-66.96
5.61781e+07,-121.30,-66.96
5.61817e+07,-126.02,-66.96
5.61853e+07,-128.13,-66.96
5.61889e+07,-126.60,-66.96
5.61924e+07,-138.30,-66.96
5.6196e+07,-127.10,-66.96
5.61996e+07,-123.08,-66.96
5.62032e+07,-129.09,-66.96
5.62068e+07,-128.98,-66.96
5.62104e+07,-130.90,-66.96
5.6214e+07,-125.84,-66.96
5.62176e+07,-132.73,-66.96
5.62212e+07,-127.06,-66.96
5.62248e+07,-120.14,-66.97
5.62284e+07,-119.50,-66.97
5.6232e+07,-121.08,-66.97
5.62355e+07,-130.98,-66.97
5.62391e+07,-122.85,-66.97
5.62427e+07,-121.84,-66.97
5.62463e+07,-136.87,-66.97
5.62499e+07,-124.63,-66.97
5.62535e+07,-129.73,-66.97
5.62571e+07,-118.02,-66.97
5.62607e+07,-119.28,-66.97
5.62643e+07,-124.42,-66.97
5.62679e+07,-135.22,-66.97
5.62715e+07,-134.75,-66.97
5.62751e+07,-138.31,-66.97
5.62786e+07,-124.58,-66.97
5.62822e+07,-119.95,-66.98
5.62858e+07,-118.38,-66.98
5.62894e+07,-119.79,-66.98
5.6293e+07,-125.19,-66.98
5.62966e+07,-120.66,-66.98
5.63002e+07,-122.54,-66.98
5.63038e+07,-131.36,-66.98
5.63074e+07,-124.81,-66.98
5.6311e+07,-121.39,-66.98
5.63146e+07,-118.03,-66.98
5.63182e+07,-120.57,-66.98
5.63217e+07,-119.33,-66.98
5.63253e+07,-122.05,-66.98
5.63289e+07,-123.10,-66.98
5.63325e+07,-139.40,-66.98
5.63361e+07,-124.64,-66.98
5.63397e+07,-124.46,-66.99
5.63433e+07,-125.03,-66.99
5.63469e+07,-150.71,-66.99
5.63505e+07,-134.56,-66.99
5.63541e+07,-133.29,-66.99
5.63577e+07,-124.58,-66.99
5.63613e+07,-123.72,-66.99
5.63648e+07,-119.31,-66.99
5.63684e+07,-119.85,-66.99
5.6372e+07,-131.45,-66.99
5.63756e+07,-120.36,-66.99
5.63792e+07,-119.39,-66.99
5.63828e+07,-124.26,-66.99
5.63864e+07,-122.43,-66.99
5.639e+07,-125.89,-66.99
5.63936e+07,-124.81,-66.99
5.63972e+07,-119.76,-67.00
5.64008e+07,-122.66,-67.00
5.64044e+07,-135.17,-67.00
5.64079e+07,-134.30,-67.00
5.64115e+07,-118.83,-67.00
5.64151e+07,-111.91,-67.00
5.64187e+07,-118.80,-67.00
5.64223e+07,-142.65,-67.00
5.64259e+07,-128.72,-67.00
5.64295e+07,-124.97,-67.00
5.64331e+07,-117.54,-67.00
5.64367e+07,-118.57,-67.00
5.64403e+07,-123.63,-67.00
5.64439e+07,-120.86,-67.00
5.64475e+07,-119.77,-67.00
5.6451e+07,-119.69,-67.00
5.64546e+07,-127.70,-67.01
5.64582e+07,-126.59,-67.01
5.64618e+07,-121.14,-67.01
5.64654e+07,-122.71,-67.01
5.6469e+07,-121.07,-67.01
5.64726e+07,-117.93,-67.01
5.64762e+07,-119.68,-67.01
5.64798e+07,-119.32,-67.01
5.64834e+07,-117.80,-67.01
5.6487e+07,-118.94,-67.01
5.64906e+07,-120.55,-67.01
5.64941e+07,-128.38,-67.01
5.64977e+07,-126.61,-67.01
5.65013e+07,-125.82,-67.01
5.65049e+07,-119.17,-67.01
5.65085e+07,-122.18,-67.01
5.65121e+07,-132.37,-67.02
5.65157e+07,-126.58,-67.02
5.65193e+07,-131.21,-67.02
5.65229e+07,-131.31,-67.02
5.65265e+07,-134.69,-67.02
5.65301e+07,-128.42,-67.02
5.65337e+07,-127.56,-67.02
5.65372e+07,-130.56,-67.02
5.65408e+07,-122.03,-67.02
5.65444e+07,-118.37,-67.02
5.6548e+07,-125.69,-67.02
5.65516e+07,-121.51,-67.02
5.65552e+07,-120.86,-67.02
5.65588e+07,-129.29,-67.02
5.65624e+07,-123.31,-67.02
5.6566e+07,-121.30,-67.02
5.65696e+07,-123.14,-67.03
5.65732e+07,-139.20,-67.03
5.65768e+07,-133.82,-67.03
5.65803e+07,-123.12,-67.03
5.65839e+07,-121.44,-67.03
5.65875e+07,-134.13,-67.03
5.65911e+07,-122.55,-67.03
5.65947e+07,-120.92,-67.03
5.65983e+07,-119.07,-67.03
5.66019e+07,-118.43,-67.03
5.66055e+07,-122.22,-67.03
5.66091e+07,-119.19,-67.03
5.66127e+07,-122.26,-67.03
5.66163e+07,-129.21,-67.03
5.66199e+07,-130.49,-67.03
5.66234e+07,-120.29,-67.03
5.6627e+07,-122.58,-67.04
5.66306e+07,-126.78,-67.04
5.66342e+07,-123.70,-67.04
5.66378e+07,-129.84,-67.04
5.66414e+07,-140.27,-67.04
5.6645e+07,-124.72,-67.04
5.66486e+07,-124.83,-67.04
5.66522e+07,-124.29,-67.04
5.66558e+07,-126.32,-67.04
5.66594e+07,-124.22,-67.04
5.6663e+07,-128.43,-67.04
5.66665e+07,-127.23,-67.04
5.66701e+07,-128.56,-67.04
5.66737e+07,-126.44,-67.04
5.66773e+07,-120.36,-67.04
5.66809e+07,-122.76,-67.04
5.66845e+07,-132.43,-67.05
5.66881e+07,-123.90,-67.05
5.66917e+07,-135.93,-67.05
5.66953e+07,-129.09,-67.05
5.66989e+07,-121.19,-67.05
5.67025e+07,-120.01,-67.05
5.67061e+07,-124.60,-67.05
5.67097e+07,-136.79,-67.05
5.67132e+07,-128.08,-67.05
5.67168e+07,-125.79,-67.05
5.67204e+07,-126.94,-67.05
5.6724e+07,-126.81,-67.05
5.67276e+07,-122.66,-67.05
5.67312e+07,-121.77,-67.05
5.67348e+07,-122.70,-67.05
5.67384e+07,-143.00,-67.05
5.6742e+07,-119.30,-67.06
5.67456e+07,-120.05,-67.06
5.67492e+07,-125.37,-67.06
5.67528e+07,-125.72,-67.06
5.67563e+07,-125.27,-67.06
5.67599e+07,-136.92,-67.06
5.67635e+07,-128.71,-67.06
5.67671e+07,-125.52,-67.06
5.67707e+07,-127.68,-67.06
5.67743e+07,-119.07,-67.06
5.67779e+07,-114.29,-67.06
5.67815e+07,-111.34,-67.06
5.67851e+07,-113.74,-67.06
5.67887e+07,-115.24,-67.06
5.67923e+07,-115.67,-67.06
5.67959e+07,-126.57,-67.06
5.67994e+07,-123.34,-67.07
5.6803e+07,-121.30,-67.07
5.68066e+07,-120.57,-67.07
5.68102e+07,-121.50,-67.07
5.68138e+07,-124.05,-67.07
5.68174e+07,-119.77,-67.07
5.6821e+07,-128.53,-67.07
5.68246e+07,-123.25,-67.07
5.68282e+07,-129.57,-67.07
5.68318e+07,-121.99,-67.07
5.68354e+07,-116.56,-67.07
5.6839e+07,-118.67,-67.07
5.68425e+07,-131.56,-67.07
5.68461e+07,-130.55,-67.07
5.68497e+07,-129.58,-67.07
5.68533e+07,-123.93,-67.07
5.68569e+07,-120.99,-67.08
5.68605e+07,-125.24,-67.08
5.68641e+07,-123.53,-67.08
5.68677e+07,-133.90,-67.08
5.68713e+07,-128.25,-67.08
5.68749e+07,-119.74,-67.08
5.68785e+07,-120.21,-67.08
5.68821e+07,-128.04,-67.08
5.68856e+07,-131.90,-67.08
5.68892e+07,-120.35,-67.08
5.68928e+07,-118.69,-67.08
5.68964e+07,-137.01,-67.08
5.69e+07,-119.46,-67.08
5.69036e+07,-122.31,-67.08
5.69072e+07,-121.84,-67.08
5.69108e+07,-117.88,-67.08
5.69144e+07,-115.51,-67.08
5.6918e+07,-113.46,-67.09
5.69216e+07,-117.42,-67.09
5.69252e+07,-114.61,-67.09
5.69287e+07,-115.56,-67.09
5.69323e+07,-120.27,-67.09
5.69359e+07,-120.05,-67.09
5.69395e+07,-113.58,-67.09
5.69431e+07,-115.99,-67.09
5.69467e+07,-118.87,-67.09
5.69503e+07,-118.12,-67.09
5.69539e+07,-125.30,-67.09
5.69575e+07,-135.95,-67.09
5.69611e+07,-121.52,-67.09
5.69647e+07,-120.18,-67.09
5.69683e+07,-125.66,-67.09
5.69718e+07,-125.11,-67.09
5.69754e+07,-120.27,-67.10
5.6979e+07,-129.81,-67.10
5.69826e+07,-124.63,-67.10
5.69862e+07,-131.25,-67.10
5.69898e+07,-119.34,-67.10
5.69934e+07,-117.33,-67.10
5.6997e+07,-121.21,-67.10
5.70006e+07,-128.29,-67.10
5.70042e+07,-136.26,-67.10
5.70078e+07,-136.85,-67.10
5.70114e+07,-123.17,-67.10
5.70149e+07,-122.31,-67.10
5.70185e+07,-125.86,-67.10
5.70221e+07,-119.24,-67.10
5.70257e+07,-127.02,-67.10
5.70293e+07,-127.68,-67.10
5.70329e+07,-120.50,-67.11
5.70365e+07,-121.80,-67.11
5.70401e+07,-135.93,-67.11
5.70437e+07,-125.74,-67.11
5.70473e+07,-126.17,-67.11
5.70509e+07,-120.31,-67.11
5.70545e+07,-116.92,-67.11
5.7058e+07,-123.02,-67.11
5.70616e+07,-125.52,-67.11
5.70652e+07,-120.32,-67.11
5.70688e+07,-134.75,-67.11
5.70724e+07,-129.66,-67.11
5.7076e+07,-129.13,-67.11
5.70796e+07,-122.95,-67.11
5.70832e+07,-129.46,-67.11
5.70868e+07,-127.93,-67.11
5.70904e+07,-121.76,-67.12
5.7094e+07,-125.20,-67.12
5.70976e+07,-130.01,-67.12
5.71011e+07,-127.55,-67.12
5.71047e+07,-121.19,-67.12
5.71083e+07,-125.63,-67.12
5.71119e+07,-121.29,-67.12
5.71155e+07,-120.47,-67.12
5.71191e+07,-119.32,-67.12
5.71227e+07,-124.67,-67.12
5.71263e+07,-129.71,-67.12
5.71299e+07,-128.60,-67.12
5.71335e+07,-129.79,-67.12
5.71371e+07,-122.46,-67.12
5.71407e+07,-121.84,-67.12
5.71442e+07,-141.02,-67.12
5.71478e+07,-123.89,-67.13
5.71514e+07,-126.53,-67.13
5.7155e+07,-130.45,-67.13
5.71586e+07,-119.46,-67.13
5.71622e+07,-119.91,-67.13
5.71658e+07,-127.63,-67.13
5.71694e+07,-128.33,-67.13
5.7173e+07,-117.69,-67.13
5.71766e+07,-117.19,-67.13
5.71802e+07,-122.20,-67.13
5.71838e+07,-123.63,-67.13
5.71873e+07,-124.86,-67.13
5.71909e+07,-121.92,-67.13
5.71945e+07,-122.96,-67.13
5.71981e+07,-129.31,-67.13
5.72017e+07,-123.69,-67.13
5.72053e+07,-128.70,-67.13
5.72089e+07,-127.89,-67.14
5.72125e+07,-120.94,-67.14
5.72161e+07,-124.59,-67.14
5.72197e+07,-138.00,-67.14
5.72233e+07,-127.68,-67.14
5.72269e+07,-124.93,-67.14
5.72304e+07,-126.64,-67.14
5.7234e+07,-120.65,-67.14
5.72376e+07,-120.21,-67.14
5.72412e+07,-123.83,-67.14
5.72448e+07,-126.89,-67.14
5.72484e+07,-117.59,-67.14
5.7252e+07,-114.92,-67.14
5.72556e+07,-115.14,-67.14
5.72592e+07,-118.33,-67.14
5.72628e+07,-118.98,-67.14
5.72664e+07,-117.76,-67.15
5.727e+07,-121.41,-67.15
5.72736e+07,-131.66,-67.15
5.72771e+07,-116.04,-67.15
5.72807e+07,-113.62,-67.15
5.72843e+07,-110.24,-67.15
5.72879e+07,-111.46,-67.15
5.72915e+07,-117.17,-67.15
5.72951e+07,-136.04,-67.15
5.72987e+07,-120.56,-67.15
5.73023e+07,-128.94,-67.15
5.73059e+07,-121.48,-67.15
5.73095e+07,-117.96,-67.15
5.73131e+07,-119.26,-67.15
5.73167e+07,-122.62,-67.15
5.73202e+07,-119.93,-67.15
5.73238e+07,-119.58,-67.16
5.73274e+07,-121.70,-67.16
5.7331e+07,-120.68,-67.16
5.73346e+07,-116.33,-67.16
5.73382e+07,-121.74,-67.16
5.73418e+07,-135.25,-67.16
5.73454e+07,-127.42,-67.16
5.7349e+07,-122.85,-67.16
5.73526e+07,-121.77,-67.16
5.73562e+07,-122.94,-67.16
5.73598e+07,-132.72,-67.16
5.73633e+07,-135.11,-67.16
5.73669e+07,-125.17,-67.16
5.73705e+07,-122.34,-67.16
5.73741e+07,-118.01,-67.16
5.73777e+07,-119.00,-67.16
5.73813e+07,-121.95,-67.16
5.73849e+07,-132.37,-67.17
5.73885e+07,-123.07,-67.17
5.73921e+07,-132.65,-67.17
5.73957e+07,-136.19,-67.17
5.73993e+07,-133.43,-67.17
5.74029e+07,-127.71,-67.17
5.74064e+07,-130.34,-67.17
5.741e+07,-127.23,-67.17
5.74136e+07,-122.22,-67.17
5.74172e+07,-119.09,-67.17
5.74208e+07,-126.67,-67.17
5.74244e+07,-130.56,-67.17
5.7428e+07,-130.29,-67.17
5.74316e+07,-124.19,-67.17
5.74352e+07,-121.59,-67.17
5.74388e+07,-123.95,-67.17
5.74424e+07,-125.61,-67.18
5.7446e+07,-120.42,-67.18
5.74495e+07,-117.95,-67.18
5.74531e+07,-121.11,-67.18
5.74567e+07,-127.76,-67.18
5.74603e+07,-121.79,-67.18
5.74639e+07,-120.91,-67.18
5.74675e+07,-120.34,-67.18
5.74711e+07,-122.73,-67.18
5.74747e+07,-124.05,-67.18
5.74783e+07,-123.09,-67.18
5.74819e+07,-125.55,-67.18
5.74855e+07,-135.18,-67.18
5.74891e+07,-125.05,-67.18
5.74926e+07,-125.78,-67.18
5.74962e+07,-126.64,-67.18
5.74998e+07,-119.05,-67.19
5.75034e+07,-118.00,-67.19
5.7507e+07,-129.67,-67.19
5.75106e+07,-122.92,-67.19
5.75142e+07,-125.24,-67.19
5.75178e+07,-130.76,-67.19
5.75214e+07,-122.03,-67.19
5.7525e+07,-120.37,-67.19
5.75286e+07,-123.99,-67.19
5.75322e+07,-124.49,-67.19
5.75357e+07,-122.12,-67.19
5.75393e+07,-123.33,-67.19
5.75429e+07,-120.90,-67.19
5.75465e+07,-124.24,-67.19
5.75501e+07,-133.73,-67.19
5.75537e+07,-128.50,-67.19
5.75573e+07,-122.56,-67.19
5.75609e+07,-123.31,-67.20
5.75645e+07,-128.78,-67.20
5.75681e+07,-132.27,-67.20
5.75717e+07,-130.84,-67.20
5.75753e+07,-133.23,-67.20
5.75788e+07,-128.56,-67.20
5.75824e+07,-124.74,-67.20
5.7586e+07,-141.74,-67.20
5.75896e+07,-123.75,-67.20
5.75932e+07,-120.87,-67.20
5.75968e+07,-121.41,-67.20
5.76004e+07,-121.05,-67.20
5.7604e+07,-122.80,-67.20
5.76076e+07,-126.20,-67.20
5.76112e+07,-124.25,-67.20
5.76148e+07,-120.34,-67.20
5.76184e+07,-123.26,-67.21
5.76219e+07,-135.42,-67.21
5.76255e+07,-128.99,-67.21
5.76291e+07,-124.21,-67.21
5.76327e+07,-123.55,-67.21
5.76363e+07,-134.19,-67.21
5.76399e+07,-122.10,-67.21
5.76435e+07,-126.76,-67.21
5.76471e+07,-135.64,-67.21
5.76507e+07,-124.29,-67.21
5.76543e+07,-119.54,-67.21
5.76579e+07,-122.85,-67.21
5.76615e+07,-142.52,-67.21
5.7665e+07,-134.74,-67.21
5.76686e+07,-126.31,-67.21
5.76722e+07,-120.94,-67.21
5.76758e+07,-124.30,-67.22
5.76794e+07,-125.80,-67.22
5.7683e+07,-129.80,-67.22
5.76866e+07,-124.85,-67.22
5.76902e+07,-131.07,-67.22
5.76938e+07,-141.52,-67.22
5.76974e+07,-126.72,-67.22
5.7701e+07,-121.96,-67.22
5.77046e+07,-128.65,-67.22
5.77081e+07,-134.52,-67.22
5.77117e+07,-133.99,-67.22
5.77153e+07,-126.62,-67.22
5.77189e+07,-121.14,-67.22
5.77225e+07,-124.72,-67.22
5.77261e+07,-128.48,-67.22
5.77297e+07,-135.32,-67.22
5.77333e+07,-127.40,-67.22
5.77369e+07,-123.18,-67.23
5.77405e+07,-127.15,-67.23
5.77441e+07,-125.74,-67.23
5.77477e+07,-130.35,-67.23
5.77512e+07,-122.13,-67.23
5.77548e+07,-122.14,-67.23
5.77584e+07,-124.72,-67.23
5.7762e+07,-117.10,-67.23
5.77656e+07,-113.80,-67.23
5.77692e+07,-115.89,-67.23
5.77728e+07,-113.02,-67.23
5.77764e+07,-109.53,-67.23
5.778e+07,-108.11,-67.23
5.77836e+07,-112.38,-67.23
5.77872e+07,-107.91,-67.23
5.77908e+07,-110.63,-67.23
5.77943e+07,-114.04,-67.24
5.77979e+07,-117.43,-67.24
5.78015e+07,-120.16,-67.24
5.78051e+07,-123.34,-67.24
5.78087e+07,-122.21,-67.24
5.78123e+07,-116.18,-67.24
5.78159e+07,-118.22,-67.24
5.78195e+07,-127.95,-67.24
5.78231e+07,-131.01,-67.24
5.78267e+07,-127.34,-67.24
5.78303e+07,-139.44,-67.24
5.78339e+07,-120.46,-67.24
5.78375e+07,-127.08,-67.24
5.7841e+07,-124.74,-67.24
5.78446e+07,-126.68,-67.24
5.78482e+07,-137.71,-67.24
5.78518e+07,-127.63,-67.24
5.78554e+07,-126.98,-67.25
5.7859e+07,-127.18,-67.25
5.78626e+07,-130.07,-67.25
5.78662e+07,-129.78,-67.25
5.78698e+07,-127.76,-67.25
5.78734e+07,-122.71,-67.25
5.7877e+07,-122.71,-67.25
5.78806e+07,-124.28,-67.25
5.78841e+07,-123.10,-67.25
5.78877e+07,-121.40,-67.25
5.78913e+07,-123.20,-67.25
5.78949e+07,-124.39,-67.25
5.78985e+07,-131.71,-67.25
5.79021e+07,-121.64,-67.25
5.79057e+07,-122.11,-67.25
5.79093e+07,-124.89,-67.25
5.79129e+07,-123.53,-67.26
5.79165e+07,-128.17,-67.26
5.79201e+07,-129.80,-67.26
5.79237e+07,-126.22,-67.26
5.79272e+07,-126.42,-67.26
5.79308e+07,-124.31,-67.26
5.79344e+07,-128.63,-67.26
5.7938e+07,-139.19,-67.26
5.79416e+07,-133.75,-67.26
5.79452e+07,-127.30,-67.26
5.79488e+07,-119.10,-67.26
5.79524e+07,-121.57,-67.26
5.7956e+07,-122.06,-67.26
5.79596e+07,-121.70,-67.26
5.79632e+07,-125.25,-67.26
5.79668e+07,-134.73,-67.26
5.79703e+07,-136.19,-67.26
5.79739e+07,-130.06,-67.27
5.79775e+07,-137.25,-67.27
5.79811e+07,-129.74,-67.27
5.79847e+07,-132.35,-67.27
5.79883e+07,-123.76,-67.27
5.79919e+07,-120.84,-67.27
5.79955e+07,-119.14,-67.27
5.79991e+07,-119.72,-67.27
5.80027e+07,-135.53,-67.27
5.80063e+07,-123.24,-67.27
5.80099e+07,-120.06,-67.27
5.80134e+07,-121.41,-67.27
5.8017e+07,-127.53,-67.27
5.80206e+07,-132.86,-67.27
5.80242e+07,-126.01,-67.27
5.80278e+07,-128.84,-67.27
5.80314e+07,-126.34,-67.28
5.8035e+07,-130.78,-67.28
5.80386e+07,-130.48,-67.28
5.80422e+07,-120.89,-67.28
5.80458e+07,-119.61,-67.28
5.80494e+07,-118.19,-67.28
5.8053e+07,-120.75,-67.28
5.80565e+07,-124.53,-67.28
5.80601e+07,-125.21,-67.28
5.80637e+07,-127.05,-67.28
5.80673e+07,-126.21,-67.28
5.80709e+07,-123.47,-67.28
5.80745e+07,-120.01,-67.28
5.80781e+07,-126.34,-67.28
5.80817e+07,-126.51,-67.28
5.80853e+07,-124.02,-67.28
5.80889e+07,-120.51,-67.28
5.80925e+07,-121.03,-67.29
5.80961e+07,-124.09,-67.29
5.80996e+07,-125.67,-67.29
5.81032e+07,-127.85,-67.29
5.81068e+07,-128.62,-67.29
5.81104e+07,-119.66,-67.29
5.8114e+07,-119.28,-67.29
5.81176e+07,-125.89,-67.29
5.81212e+07,-129.53,-67.29
5.81248e+07,-122.00,-67.29
5.81284e+07,-121.64,-67.29
5.8132e+07,-127.27,-67.29
5.81356e+07,-123.31,-67.29
5.81392e+07,-123.08,-67.29
5.81427e+07,-133.17,-67.29
5.81463e+07,-124.39,-67.29
5.81499e+07,-121.09,-67.30
5.81535e+07,-125.30,-67.30
5.81571e+07,-121.56,-67.30
5.81607e+07,-121.56,-67.30
5.81643e+07,-133.00,-67.30
5.81679e+07,-123.71,-67.30
5.81715e+07,-130.78,-67.30
5.81751e+07,-122.41,-67.30
5.81787e+07,-123.21,-67.30
5.81823e+07,-133.74,-67.30
5.81858e+07,-126.51,-67.30
5.81894e+07,-128.02,-67.30
5.8193e+07,-121.60,-67.30
5.81966e+07,-120.93,-67.30
5.82002e+07,-126.20,-67.30
5.82038e+07,-133.97,-67.30
5.82074e+07,-121.31,-67.30
5.8211e+07,-119.94,-67.31
5.82146e+07,-130.61,-67.31
5.82182e+07,-116.43,-67.31
5.82218e+07,-116.47,-67.31
5.82254e+07,-117.85,-67.31
5.82289e+07,-124.19,-67.31
5.82325e+07,-121.29,-67.31
5.82361e+07,-129.60,-67.31
5.82397e+07,-120.13,-67.31
5.82433e+07,-120.24,-67.31
5.82469e+07,-117.12,-67.31
5.82505e+07,-117.82,-67.31
5.82541e+07,-115.34,-67.31
5.82577e+07,-114.60,-67.31
5.82613e+07,-112.43,-67.31
5.82649e+07,-114.13,-67.31
5.82685e+07,-119.19,-67.31
5.8272e+07,-118.75,-67.32
5.82756e+07,-119.45,-67.32
5.82792e+07,-111.63,-67.32
5.82828e+07,-109.88,-67.32
5.82864e+07,-113.06,-67.32
5.829e+07,-118.41,-67.32
5.82936e+07,-131.76,-67.32
5.82972e+07,-125.26,-67.32
5.83008e+07,-120.77,-67.32
5.83044e+07,-113.14,-67.32
5.8308e+07,-112.60,-67.32
5.83116e+07,-114.08,-67.32
5.83151e+07,-114.02,-67.32
5.83187e+07,-115.23,-67.32
5.83223e+07,-117.96,-67.32
5.83259e+07,-117.52,-67.32
5.83295e+07,-119.02,-67.33
5.83331e+07,-120.45,-67.33
5.83367e+07,-125.86,-67.33
5.83403e+07,-125.91,-67.33
5.83439e+07,-119.84,-67.33
5.83475e+07,-116.87,-67.33
5.83511e+07,-118.21,-67.33
5.83547e+07,-118.22,-67.33
5.83582e+07,-118.29,-67.33
5.83618e+07,-125.82,-67.33
5.83654e+07,-128.96,-67.33
5.8369e+07,-129.76,-67.33
5.83726e+07,-118.62,-67.33
5.83762e+07,-117.66,-67.33
5.83798e+07,-124.75,-67.33
5.83834e+07,-134.87,-67.33
5.8387e+07,-128.35,-67.33
5.83906e+07,-117.28,-67.34
5.83942e+07,-115.34,-67.34
5.83978e+07,-121.47,-67.34
5.84014e+07,-129.75,-67.34
5.84049e+07,-133.21,-67.34
5.84085e+07,-124.54,-67.34
5.84121e+07,-121.09,-67.34
5.84157e+07,-119.61,-67.34
5.84193e+07,-127.54,-67.34
5.84229e+07,-155.33,-67.34
5.84265e+07,-128.39,-67.34
5.84301e+07,-120.90,-67.34
5.84337e+07,-129.67,-67.34
5.84373e+07,-141.67,-67.34
5.84409e+07,-126.08,-67.34
5.84445e+07,-122.00,-67.34
5.8448e+07,-120.32,-67.34
5.84516e+07,-121.11,-67.35
5.84552e+07,-131.81,-67.35
5.84588e+07,-122.91,-67.35
5.84624e+07,-120.19,-67.35
5.8466e+07,-131.77,-67.35
5.84696e+07,-119.27,-67.35
5.84732e+07,-125.10,-67.35
5.84768e+07,-133.20,-67.35
5.84804e+07,-132.06,-67.35
5.8484e+07,-118.61,-67.35
5.84876e+07,-116.05,-67.35
5.84911e+07,-125.78,-67.35
5.84947e+07,-119.57,-67.35
5.84983e+07,-123.83,-67.35
5.85019e+07,-127.29,-67.35
5.85055e+07,-119.24,-67.35
5.85091e+07,-124.11,-67.36
5.85127e+07,-125.99,-67.36
5.85163e+07,-125.71,-67.36
5.85199e+07,-128.44,-67.36
5.85235e+07,-123.88,-67.36
5.85271e+07,-119.45,-67.36
5.85307e+07,-119.78,-67.36
5.85342e+07,-127.13,-67.36
5.85378e+07,-128.93,-67.36
5.85414e+07,-126.22,-67.36
5.8545e+07,-125.12,-67.36
5.85486e+07,-122.45,-67.36
5.85522e+07,-120.42,-67.36
5.85558e+07,-120.89,-67.36
5.85594e+07,-124.19,-67.36
5.8563e+07,-127.67,-67.36
5.85666e+07,-122.99,-67.36
5.85702e+07,-118.07,-67.37
5.85738e+07,-120.15,-67.37
5.85773e+07,-124.15,-67.37
5.85809e+07,-126.12,-67.37
5.85845e+07,-127.41,-67.37
5.85881e+07,-120.36,-67.37
5.85917e+07,-120.50,-67.37
5.85953e+07,-124.74,-67.37
5.85989e+07,-124.62,-67.37
5.86025e+07,-123.67,-67.37
5.86061e+07,-121.74,-67.37
5.86097e+07,-122.87,-67.37
5.86133e+07,-124.61,-67.37
5.86169e+07,-120.22,-67.37
5.86204e+07,-124.61,-67.37
5.8624e+07,-123.86,-67.37
5.86276e+07,-121.33,-67.37
5.86312e+07,-121.65,-67.38
5.86348e+07,-125.75,-67.38
5.86384e+07,-121.81,-67.38
5.8642e+07,-119.46,-67.38
5.86456e+07,-126.10,-67.38
5.86492e+07,-128.37,-67.38
5.86528e+07,-127.16,-67.38
5.86564e+07,-123.62,-67.38
5.866e+07,-121.59,-67.38
5.86635e+07,-128.80,-67.38
5.86671e+07,-121.95,-67.38
5.86707e+07,-119.76,-67.38
5.86743e+07,-119.26,-67.38
5.86779e+07,-121.39,-67.38
5.86815e+07,-123.98,-67.38
5.86851e+07,-131.19,-67.38
5.86887e+07,-125.89,-67.38
5.86923e+07,-121.73,-67.39
5.86959e+07,-122.16,-67.39
5.86995e+07,-125.73,-67.39
5.87031e+07,-128.73,-67.39
5.87066e+07,-129.67,-67.39
5.87102e+07,-131.89,-67.39
5.87138e+07,-119.76,-67.39
5.87174e+07,-116.94,-67.39
5.8721e+07,-120.51,-67.39
5.87246e+07,-128.10,-67.39
5.87282e+07,-129.55,-67.39
5.87318e+07,-122.82,-67.39
5.87354e+07,-123.28,-67.39
5.8739e+07,-129.54,-67.39
5.87426e+07,-128.50,-67.39
5.87462e+07,-122.59,-67.39
5.87497e+07,-115.41,-67.40
5.87533e+07,-116.97,-67.40
5.87569e+07,-124.25,-67.40
5.87605e+07,-118.60,-67.40
5.87641e+07,-114.42,-67.40
5.87677e+07,-117.94,-67.40
5.87713e+07,-112.65,-67.40
5.87749e+07,-106.27,-67.40
5.87785e+07,-104.02,-67.40
5.87821e+07,-108.92,-67.40
5.87857e+07,-104.29,-67.40
5.87893e+07,-106.23,-67.40
5.87928e+07,-113.49,-67.40
5.87964e+07,-120.22,-67.40
5.88e+07,-115.72,-67.40
5.88036e+07,-119.29,-67.40
5.88072e+07,-125.67,-67.40
5.88108e+07,-119.58,-67.41
5.88144e+07,-116.20,-67.41
5.8818e+07,-120.69,-67.41
5.88216e+07,-119.94,-67.41
5.88252e+07,-122.55,-67.41
5.88288e+07,-125.77,-67.41
5.88324e+07,-121.72,-67.41
5.88359e+07,-124.69,-67.41
5.88395e+07,-122.00,-67.41
5.88431e+07,-121.47,-67.41
5.88467e+07,-126.59,-67.41
5.88503e+07,-122.52,-67.41
5.88539e+07,-123.87,-67.41
5.88575e+07,-126.12,-67.41
5.88611e+07,-131.86,-67.41
5.88647e+07,-122.62,-67.41
5.88683e+07,-123.98,-67.41
5.88719e+07,-134.65,-67.42
5.88755e+07,-130.95,-67.42
5.8879e+07,-128.28,-67.42
5.88826e+07,-129.42,-67.42
5.88862e+07,-117.80,-67.42
5.88898e+07,-118.60,-67.42
5.88934e+07,-121.66,-67.42
5.8897e+07,-123.56,-67.42
5.89006e+07,-120.41,-67.42
5.89042e+07,-131.35,-67.42
5.89078e+07,-114.64,-67.42
5.89114e+07,-116.63,-67.42
5.8915e+07,-131.31,-67.42
5.89186e+07,-131.60,-67.42
5.89221e+07,-128.31,-67.42
5.89257e+07,-126.14,-67.42
5.89293e+07,-134.33,-67.42
5.89329e+07,-141.02,-67.43
5.89365e+07,-125.50,-67.43
5.89401e+07,-125.09,-67.43
5.89437e+07,-130.23,-67.43
5.89473e+07,-122.92,-67.43
5.89509e+07,-129.76,-67.43
5.89545e+07,-129.48,-67.43
5.89581e+07,-134.89,-67.43
5.89617e+07,-127.54,-67.43
5.89653e+07,-127.85,-67.43
5.89688e+07,-121.43,-67.43
5.89724e+07,-125.81,-67.43
5.8976e+07,-130.10,-67.43
5.89796e+07,-130.95,-67.43
5.89832e+07,-132.15,-67.43
5.89868e+07,-131.50,-67.43
5.89904e+07,-124.71,-67.43
5.8994e+07,-124.03,-67.44
5.89976e+07,-126.76,-67.44
5.90012e+07,-129.08,-67.44
5.90048e+07,-123.22,-67.44
5.90084e+07,-118.49,-67.44
5.90119e+07,-125.63,-67.44
5.90155e+07,-138.08,-67.44
5.90191e+07,-137.82,-67.44
5.90227e+07,-125.06,-67.44
5.90263e+07,-129.77,-67.44
5.90299e+07,-118.40,-67.44
5.90335e+07,-118.07,-67.44
5.90371e+07,-120.67,-67.44
5.90407e+07,-127.83,-67.44
5.90443e+07,-122.26,-67.44
5.90479e+07,-118.95,-67.44
5.90515e+07,-118.89,-67.44
5.9055e+07,-121.93,-67.45
5.90586e+07,-125.43,-67.45
5.90622e+07,-122.58,-67.45
5.90658e+07,-151.34,-67.45
5.90694e+07,-140.15,-67.45
5.9073e+07,-132.95,-67.45
5.90766e+07,-123.73,-67.45
5.90802e+07,-121.50,-67.45
5.90838e+07,-133.28,-67.45
5.90874e+07,-125.93,-67.45
5.9091e+07,-132.65,-67.45
5.90946e+07,-132.00,-67.45
5.90981e+07,-126.24,-67.45
5.91017e+07,-126.84,-67.45
5.91053e+07,-128.27,-67.45
5.91089e+07,-122.51,-67.45
5.91125e+07,-119.63,-67.45
5.91161e+07,-120.32,-67.46
5.91197e+07,-121.55,-67.46
5.91233e+07,-122.44,-67.46
5.91269e+07,-129.57,-67.46
5.91305e+07,-131.91,-67.46
5.91341e+07,-123.82,-67.46
5.91377e+07,-125.59,-67.46
5.91412e+07,-135.14,-67.46
5.91448e+07,-129.65,-67.46
5.91484e+07,-124.51,-67.46
5.9152e+07,-124.97,-67.46
5.91556e+07,-131.64,-67.46
5.91592e+07,-123.99,-67.46
5.91628e+07,-125.58,-67.46
5.91664e+07,-124.11,-67.46
5.917e+07,-120.37,-67.46
5.91736e+07,-120.62,-67.47
5.91772e+07,-133.09,-67.47
5.91808e+07,-123.62,-67.47
5.91843e+07,-123.62,-67.47
5.91879e+07,-125.65,-67.47
5.91915e+07,-120.72,-67.47
5.91951e+07,-120.35,-67.47
5.91987e+07,-116.69,-67.47
5.92023e+07,-118.63,-67.47
5.92059e+07,-131.93,-67.47
5.92095e+07,-121.46,-67.47
5.92131e+07,-130.13,-67.47
5.92167e+07,-123.39,-67.47
5.92203e+07,-120.94,-67.47
5.92239e+07,-117.17,-67.47
5.92274e+07,-119.00,-67.47
5.9231e+07,-113.54,-67.47
5.92346e+07,-119.24,-67.48
5.92382e+07,-127.92,-67.48
5.92418e+07,-127.50,-67.48
5.92454e+07,-116.36,-67.48
5.9249e+07,-114.61,-67.48
5.92526e+07,-113.58,-67.48
5.92562e+07,-111.69,-67.48
5.92598e+07,-108.29,-67.48
5.92634e+07,-109.98,-67.48
5.9267e+07,-118.69,-67.48
5.92705e+07,-120.98,-67.48
5.92741e+07,-108.03,-67.48
5.92777e+07,-106.08,-67.48
5.92813e+07,-104.02,-67.48
5.92849e+07,-105.46,-67.48
5.92885e+07,-108.91,-67.48
5.92921e+07,-120.23,-67.48
5.92957e+07,-115.23,-67.49
5.92993e+07,-112.44,-67.49
5.93029e+07,-109.84,-67.49
5.93065e+07,-111.52,-67.49
5.93101e+07,-110.42,-67.49
5.93136e+07,-111.92,-67.49
5.93172e+07,-111.19,-67.49
5.93208e+07,-115.18,-67.49
5.93244e+07,-123.18,-67.49
5.9328e+07,-118.16,-67.49
5.93316e+07,-112.21,-67.49
5.93352e+07,-120.44,-67.49
5.93388e+07,-119.52,-67.49
5.93424e+07,-121.78,-67.49
5.9346e+07,-129.75,-67.49
5.93496e+07,-119.71,-67.49
5.93532e+07,-117.10,-67.49
5.93567e+07,-126.35,-67.50
5.93603e+07,-124.97,-67.50
5.93639e+07,-122.68,-67.50
5.93675e+07,-122.43,-67.50
5.93711e+07,-124.68,-67.50
5.93747e+07,-121.66,-67.50
5.93783e+07,-122.27,-67.50
5.93819e+07,-126.01,-67.50
5.93855e+07,-129.33,-67.50
5.93891e+07,-122.54,-67.50
5.93927e+07,-121.74,-67.50
5.93963e+07,-123.87,-67.50
5.93998e+07,-119.87,-67.50
5.94034e+07,-121.64,-67.50
5.9407e+07,-117.05,-67.50
5.94106e+07,-115.48,-67.50
5.94142e+07,-123.18,-67.50
5.94178e+07,-122.13,-67.51
5.94214e+07,-126.57,-67.51
5.9425e+07,-119.49,-67.51
5.94286e+07,-115.58,-67.51
5.94322e+07,-116.94,-67.51
5.94358e+07,-119.94,-67.51
5.94394e+07,-120.95,-67.51
5.94429e+07,-117.86,-67.51
5.94465e+07,-119.03,-67.51
5.94501e+07,-130.28,-67.51
5.94537e+07,-119.19,-67.51
5.94573e+07,-117.76,-67.51
5.94609e+07,-119.15,-67.51
5.94645e+07,-122.50,-67.51
5.94681e+07,-123.61,-67.51
5.94717e+07,-126.95,-67.51
5.94753e+07,-134.04,-67.51
5.94789e+07,-129.62,-67.52
5.94825e+07,-125.42,-67.52
5.9486e+07,-118.37,-67.52
5.94896e+07,-119.51,-67.52
5.94932e+07,-123.76,-67.52
5.94968e+07,-126.99,-67.52
5.95004e+07,-131.49,-67.52
5.9504e+07,-131.74,-67.52
5.95076e+07,-134.73,-67.52
5.95112e+07,-133.05,-67.52
5.95148e+07,-122.84,-67.52
5.95184e+07,-142.45,-67.52
5.9522e+07,-119.57,-67.52
5.95256e+07,-128.59,-67.52
5.95291e+07,-125.79,-67.52
5.95327e+07,-122.23,-67.52
5.95363e+07,-115.35,-67.52
5.95399e+07,-116.23,-67.52
5.95435e+07,-129.53,-67.53
5.95471e+07,-122.23,-67.53
5.95507e+07,-121.39,-67.53
5.95543e+07,-124.50,-67.53
5.95579e+07,-143.19,-67.53
5.95615e+07,-142.33,-67.53
5.95651e+07,-129.62,-67.53
5.95687e+07,-131.72,-67.53
5.95723e+07,-125.52,-67.53
5.95758e+07,-127.50,-67.53
5.95794e+07,-126.54,-67.53
5.9583e+07,-132.01,-67.53
5.95866e+07,-125.66,-67.53
5.95902e+07,-118.07,-67.53
5.95938e+07,-116.88,-67.53
5.95974e+07,-120.04,-67.53
5.9601e+07,-126.26,-67.53
5.96046e+07,-129.29,-67.54
5.96082e+07,-123.61,-67.54
5.96118e+07,-120.97,-67.54
5.96154e+07,-123.56,-67.54
5.96189e+07,-117.74,-67.54
5.96225e+07,-123.19,-67.54
5.96261e+07,-124.11,-67.54
5.96297e+07,-120.97,-67.54
5.96333e+07,-125.24,-67.54
5.96369e+07,-130.07,-67.54
5.96405e+07,-118.72,-67.54
5.96441e+07,-116.02,-67.54
5.96477e+07,-117.09,-67.54
5.96513e+07,-129.68,-67.54
5.96549e+07,-123.44,-67.54
5.96585e+07,-125.58,-67.54
5.9662e+07,-123.30,-67.54
5.96656e+07,-122.80,-67.55
5.96692e+07,-131.94,-67.55
5.96728e+07,-122.85,-67.55
5.96764e+07,-121.00,-67.55
5.968e+07,-131.43,-67.55
5.96836e+07,-122.93,-67.55
5.96872e+07,-118.02,-67.55
5.96908e+07,-119.76,-67.55
5.96944e+07,-118.17,-67.55
5.9698e+07,-120.79,-67.55
5.97016e+07,-127.99,-67.55
5.97051e+07,-122.79,-67.55
5.97087e+07,-118.34,-67.55
5.97123e+07,-117.39,-67.55
5.97159e+07,-117.84,-67.55
5.97195e+07,-120.18,-67.55
5.97231e+07,-121.13,-67.55
5.97267e+07,-124.92,-67.56
5.97303e+07,-117.92,-67.56
5.97339e+07,-119.40,-67.56
5.97375e+07,-117.72,-67.56
5.97411e+07,-116.68,-67.56
5.97447e+07,-124.25,-67.56
5.97482e+07,-111.07,-67.56
5.97518e+07,-114.54,-67.56
5.97554e+07,-128.82,-67.56
5.9759e+07,-115.28,-67.56
5.97626e+07,-110.84,-67.56
5.97662e+07,-110.39,-67.56
5.97698e+07,-106.56,-67.56
5.97734e+07,-102.71,-67.56
5.9777e+07,-100.38,-67.56
5.97806e+07,-105.08,-67.56
5.97842e+07,-100.74,-67.56
5.97878e+07,-103.53,-67.57
5.97913e+07,-107.57,-67.57
5.97949e+07,-111.07,-67.57
5.97985e+07,-109.31,-67.57
5.98021e+07,-111.16,-67.57
5.98057e+07,-114.79,-67.57
5.98093e+07,-111.00,-67.57
5.98129e+07,-110.62,-67.57
5.98165e+07,-138.06,-67.57
5.98201e+07,-113.01,-67.57
5.98237e+07,-116.35,-67.57
5.98273e+07,-119.83,-67.57
5.98309e+07,-114.73,-67.57
5.98344e+07,-117.13,-67.57
5.9838e+07,-121.20,-67.57
5.98416e+07,-125.79,-67.57
5.98452e+07,-141.07,-67.57
5.98488e+07,-119.08,-67.58
5.98524e+07,-116.37,-67.58
5.9856e+07,-119.19,-67.58
5.98596e+07,-118.38,-67.58
5.98632e+07,-121.37,-67.58
5.98668e+07,-133.19,-67.58
5.98704e+07,-119.88,-67.58
5.9874e+07,-115.07,-67.58
5.98775e+07,-119.31,-67.58
5.98811e+07,-121.59,-67.58
5.98847e+07,-119.14,-67.58
5.98883e+07,-117.36,-67.58
5.98919e+07,-124.58,-67.58
5.98955e+07,-113.94,-67.58
5.98991e+07,-114.04,-67.58
5.99027e+07,-115.57,-67.58
5.99063e+07,-116.91,-67.58
5.99099e+07,-117.03,-67.59
5.99135e+07,-112.85,-67.59
5.99171e+07,-117.22,-67.59
5.99206e+07,-123.85,-67.59
5.99242e+07,-129.57,-67.59
5.99278e+07,-126.98,-67.59
5.99314e+07,-116.16,-67.59
5.9935e+07,-113.85,-67.59
5.99386e+07,-116.18,-67.59
5.99422e+07,-117.02,-67.59
5.99458e+07,-118.07,-67.59
5.99494e+07,-126.88,-67.59
5.9953e+07,-129.45,-67.59
5.99566e+07,-119.75,-67.59
5.99602e+07,-116.15,-67.59
5.99637e+07,-116.80,-67.59
5.99673e+07,-121.26,-67.59
5.99709e+07,-123.36,-67.59
5.99745e+07,-136.62,-67.60
5.99781e+07,-126.61,-67.60
5.99817e+07,-136.27,-67.60
5.99853e+07,-119.92,-67.60
5.99889e+07,-120.51,-67.60
5.99925e+07,-118.72,-67.60
5.99961e+07,-122.22,-67.60
5.99997e+07,-123.21,-67.60
6.00033e+07,-125.44,-67.60
6.00068e+07,-126.58,-67.60
6.00104e+07,-124.45,-67.60
6.0014e+07,-122.90,-67.60
6.00176e+07,-124.53,-67.60
6.00212e+07,-122.32,-67.60
6.00248e+07,-123.63,-67.60
6.00284e+07,-120.12,-67.60
6.0032e+07,-122.71,-67.60
6.00356e+07,-119.56,-67.61
6.00392e+07,-124.97,-67.61
6.00428e+07,-123.01,-67.61
6.00464e+07,-118.86,-67.61
6.00499e+07,-119.06,-67.61
6.00535e+07,-146.77,-67.61
6.00571e+07,-118.82,-67.61
6.00607e+07,-125.29,-67.61
6.00643e+07,-126.23,-67.61
6.00679e+07,-149.78,-67.61
6.00715e+07,-125.31,-67.61
6.00751e+07,-135.47,-67.61
6.00787e+07,-127.43,-67.61
6.00823e+07,-123.08,-67.61
6.00859e+07,-125.05,-67.61
6.00895e+07,-125.38,-67.61
6.0093e+07,-122.41,-67.61
6.00966e+07,-123.19,-67.62
6.01002e+07,-125.48,-67.62
6.01038e+07,-126.85,-67.62
6.01074e+07,-118.58,-67.62
6.0111e+07,-117.65,-67.62
6.01146e+07,-123.84,-67.62
6.01182e+07,-129.64,-67.62
6.01218e+07,-121.77,-67.62
6.01254e+07,-120.72,-67.62
6.0129e+07,-120.58,-67.62
6.01326e+07,-121.20,-67.62
6.01362e+07,-131.28,-67.62
6.01397e+07,-126.69,-67.62
6.01433e+07,-121.17,-67.62
6.01469e+07,-121.10,-67.62
6.01505e+07,-126.81,-67.62
6.01541e+07,-122.46,-67.62
6.01577e+07,-121.68,-67.63
6.01613e+07,-128.48,-67.63
6.01649e+07,-120.48,-67.63
6.01685e+07,-116.52,-67.63
6.01721e+07,-118.21,-67.63
6.01757e+07,-127.89,-67.63
6.01793e+07,-129.72,-67.63
6.01828e+07,-135.72,-67.63
6.01864e+07,-121.03,-67.63
6.019e+07,-119.82,-67.63
6.01936e+07,-117.64,-67.63
6.01972e+07,-117.72,-67.63
6.02008e+07,-131.70,-67.63
6.02044e+07,-128.49,-67.63
6.0208e+07,-117.30,-67.63
6.02116e+07,-120.35,-67.63
6.02152e+07,-127.22,-67.63
6.02188e+07,-118.49,-67.63
6.02224e+07,-116.17,-67.64
6.02259e+07,-126.57,-67.64
6.02295e+07,-116.85,-67.64
6.02331e+07,-118.02,-67.64
6.02367e+07,-115.83,-67.64
6.02403e+07,-117.17,-67.64
6.02439e+07,-109.89,-67.64
6.02475e+07,-108.93,-67.64
6.02511e+07,-108.28,-67.64
6.02547e+07,-108.27,-67.64
6.02583e+07,-106.58,-67.64
6.02619e+07,-109.83,-67.64
6.02655e+07,-121.13,-67.64
6.0269e+07,-121.35,-67.64
6.02726e+07,-108.66,-67.64
6.02762e+07,-104.87,-67.64
6.02798e+07,-102.14,-67.64
6.02834e+07,-103.38,-67.65
6.0287e+07,-107.97,-67.65
6.02906e+07,-120.85,-67.65
6.02942e+07,-116.45,-67.65
6.02978e+07,-114.25,-67.65
6.03014e+07,-107.04,-67.65
6.0305e+07,-107.76,-67.65
6.03086e+07,-108.65,-67.65
6.03121e+07,-110.02,-67.65
6.03157e+07,-110.72,-67.65
6.03193e+07,-117.31,-67.65
6.03229e+07,-117.14,-67.65
6.03265e+07,-119.20,-67.65
6.03301e+07,-115.67,-67.65
6.03337e+07,-125.13,-67.65
6.03373e+07,-113.06,-67.65
6.03409e+07,-115.20,-67.65
6.03445e+07,-121.77,-67.66
6.03481e+07,-128.12,-67.66
6.03517e+07,-119.32,-67.66
6.03552e+07,-131.36,-67.66
6.03588e+07,-122.67,-67.66
6.03624e+07,-117.26,-67.66
6.0366e+07,-118.67,-67.66
6.03696e+07,-120.42,-67.66
6.03732e+07,-116.23,-67.66
6.03768e+07,-117.96,-67.66
6.03804e+07,-122.06,-67.66
6.0384e+07,-129.84,-67.66
6.03876e+07,-121.14,-67.66
6.03912e+07,-124.08,-67.66
6.03948e+07,-124.95,-67.66
6.03983e+07,-123.43,-67.66
6.04019e+07,-125.85,-67.66
6.04055e+07,-117.53,-67.66
6.04091e+07,-115.08,-67.67
6.04127e+07,-126.26,-67.67
6.04163e+07,-131.30,-67.67
6.04199e+07,-124.49,-67.67
6.04235e+07,-122.58,-67.67
6.04271e+07,-120.03,-67.67
6.04307e+07,-118.95,-67.67
6.04343e+07,-121.34,-67.67
6.04379e+07,-118.87,-67.67
6.04414e+07,-119.99,-67.67
6.0445e+07,-123.35,-67.67
6.04486e+07,-135.22,-67.67
6.04522e+07,-122.36,-67.67
6.04558e+07,-119.34,-67.67
6.04594e+07,-114.92,-67.67
6.0463e+07,-115.86,-67.67
6.04666e+07,-117.22,-67.67
6.04702e+07,-120.29,-67.68
6.04738e+07,-128.88,-67.68
6.04774e+07,-127.53,-67.68
6.0481e+07,-131.27,-67.68
6.04845e+07,-123.64,-67.68
6.04881e+07,-124.58,-67.68
6.04917e+07,-124.31,-67.68
6.04953e+07,-121.53,-67.68
6.04989e+07,-121.74,-67.68
6.05025e+07,-126.13,-67.68
6.05061e+07,-124.20,-67.68
6.05097e+07,-127.77,-67.68
6.05133e+07,-140.70,-67.68
6.05169e+07,-133.68,-67.68
6.05205e+07,-128.48,-67.68
6.05241e+07,-123.15,-67.68
6.05276e+07,-120.31,-67.68
6.05312e+07,-121.01,-67.68
6.05348e+07,-118.52,-67.69
6.05384e+07,-120.02,-67.69
6.0542e+07,-123.01,-67.69
6.05456e+07,-123.09,-67.69
6.05492e+07,-127.29,-67.69
6.05528e+07,-131.27,-67.69
6.05564e+07,-132.02,-67.69
6.056e+07,-133.08,-67.69
6.05636e+07,-126.54,-67.69
6.05672e+07,-127.70,-67.69
6.05707e+07,-135.06,-67.69
6.05743e+07,-129.16,-67.69
6.05779e+07,-135.28,-67.69
6.05815e+07,-142.05,-67.69
6.05851e+07,-134.08,-67.69
6.05887e+07,-120.26,-67.69
6.05923e+07,-118.68,-67.69
6.05959e+07,-123.09,-67.70
6.05995e+07,-125.10,-67.70
6.06031e+07,-124.22,-67.70
6.06067e+07,-125.28,-67.70
6.06103e+07,-127.85,-67.70
6.06138e+07,-120.66,-67.70
6.06174e+07,-117.79,-67.70
6.0621e+07,-124.15,-67.70
6.06246e+07,-116.75,-67.70
6.06282e+07,-116.81,-67.70
6.06318e+07,-123.93,-67.70
6.06354e+07,-123.50,-67.70
6.0639e+07,-117.84,-67.70
6.06426e+07,-117.97,-67.70
6.06462e+07,-126.27,-67.70
6.06498e+07,-123.60,-67.70
6.06534e+07,-124.12,-67.70
6.06569e+07,-125.07,-67.71
6.06605e+07,-122.99,-67.71
6.06641e+07,-122.87,-67.71
6.06677e+07,-133.00,-67.71
6.06713e+07,-125.28,-67.71
6.06749e+07,-122.52,-67.71
6.06785e+07,-134.95,-67.71
6.06821e+07,-122.63,-67.71
6.06857e+07,-126.82,-67.71
6.06893e+07,-128.60,-67.71
6.06929e+07,-120.77,-67.71
6.06965e+07,-123.74,-67.71
6.07001e+07,-122.01,-67.71
6.07036e+07,-117.19,-67.71
6.07072e+07,-124.49,-67.71
6.07108e+07,-119.94,-67.71
6.07144e+07,-119.22,-67.71
6.0718e+07,-124.34,-67.71
6.07216e+07,-126.72,-67.72
6.07252e+07,-128.74,-67.72
6.07288e+07,-120.08,-67.72
6.07324e+07,-119.35,-67.72
6.0736e+07,-121.70,-67.72
6.07396e+07,-118.57,-67.72
6.07432e+07,-121.89,-67.72
6.07467e+07,-114.50,-67.72
6.07503e+07,-117.19,-67.72
6.07539e+07,-117.65,-67.72
6.07575e+07,-109.72,-67.72
6.07611e+07,-107.93,-67.72
6.07647e+07,-109.84,-67.72
6.07683e+07,-105.78,-67.72
6.07719e+07,-100.28,-67.72
6.07755e+07,-98.37,-67.72
6.07791e+07,-103.71,-67.72
6.07827e+07,-98.74,-67.73
6.07863e+07,-100.61,-67.73
6.07898e+07,-105.85,-67.73
6.07934e+07,-111.45,-67.73
6.0797e+07,-109.38,-67.73
6.08006e+07,-111.59,-67.73
6.08042e+07,-117.53,-67.73
6.08078e+07,-113.87,-67.73
6.08114e+07,-111.53,-67.73
6.0815e+07,-116.71,-67.73
6.08186e+07,-118.93,-67.73
6.08222e+07,-123.46,-67.73
6.08258e+07,-126.59,-67.73
6.08294e+07,-116.04,-67.73
6.08329e+07,-116.32,-67.73
6.08365e+07,-128.48,-67.73
6.08401e+07,-123.27,-67.73
6.08437e+07,-118.85,-67.73
6.08473e+07,-122.96,-67.74
6.08509e+07,-129.28,-67.74
6.08545e+07,-121.71,-67.74
6.08581e+07,-131.66,-67.74
6.08617e+07,-128.90,-67.74
6.08653e+07,-121.64,-67.74
6.08689e+07,-123.41,-67.74
6.08725e+07,-126.07,-67.74
6.0876e+07,-129.98,-67.74
6.08796e+07,-118.00,-67.74
6.08832e+07,-117.97,-67.74
6.08868e+07,-134.48,-67.74
6.08904e+07,-137.27,-67.74
6.0894e+07,-119.01,-67.74
6.08976e+07,-115.32,-67.74
6.09012e+07,-123.18,-67.74
6.09048e+07,-122.94,-67.74
6.09084e+07,-121.19,-67.75
6.0912e+07,-126.92,-67.75
6.09156e+07,-118.73,-67.75
6.09191e+07,-119.63,-67.75
6.09227e+07,-120.21,-67.75
6.09263e+07,-122.30,-67.75
6.09299e+07,-121.98,-67.75
6.09335e+07,-120.57,-67.75
6.09371e+07,-121.46,-67.75
6.09407e+07,-121.17,-67.75
6.09443e+07,-121.34,-67.75
6.09479e+07,-130.42,-67.75
6.09515e+07,-136.13,-67.75
6.09551e+07,-128.20,-67.75
6.09587e+07,-126.99,-67.75
6.09622e+07,-123.83,-67.75
6.09658e+07,-123.04,-67.75
6.09694e+07,-120.58,-67.75
6.0973e+07,-118.50,-67.76
6.09766e+07,-119.51,-67.76
6.09802e+07,-124.58,-67.76
6.09838e+07,-123.80,-67.76
6.09874e+07,-125.39,-67.76
6.0991e+07,-129.08,-67.76
6.09946e+07,-128.61,-67.76
6.09982e+07,-133.06,-67.76
6.10018e+07,-120.92,-67.76
6.10053e+07,-119.27,-67.76
6.10089e+07,-121.07,-67.76
6.10125e+07,-129.91,-67.76
6.10161e+07,-128.98,-67.76
6.10197e+07,-130.74,-67.76
6.10233e+07,-125.51,-67.76
6.10269e+07,-132.34,-67.76
6.10305e+07,-125.09,-67.76
6.10341e+07,-126.14,-67.76
6.10377e+07,-129.71,-67.77
6.10413e+07,-125.32,-67.77
6.10449e+07,-119.86,-67.77
6.10484e+07,-121.33,-67.77
6.1052e+07,-128.69,-67.77
6.10556e+07,-123.46,-67.77
6.10592e+07,-125.65,-67.77
6.10628e+07,-128.05,-67.77
6.10664e+07,-132.02,-67.77
6.107e+07,-119.45,-67.77
6.10736e+07,-121.50,-67.77
6.10772e+07,-122.77,-67.77
6.10808e+07,-124.69,-67.77
6.10844e+07,-127.42,-67.77
6.1088e+07,-124.18,-67.77
6.10915e+07,-128.05,-67.77
6.10951e+07,-133.85,-67.77
6.10987e+07,-124.74,-67.78
6.11023e+07,-139.95,-67.78
6.11059e+07,-120.70,-67.78
6.11095e+07,-118.29,-67.78
6.11131e+07,-123.05,-67.78
6.11167e+07,-133.17,-67.78
6.11203e+07,-124.42,-67.78
6.11239e+07,-121.80,-67.78
6.11275e+07,-122.30,-67.78
6.11311e+07,-125.71,-67.78
6.11346e+07,-124.64,-67.78
6.11382e+07,-122.02,-67.78
6.11418e+07,-121.15,-67.78
6.11454e+07,-117.25,-67.78
6.1149e+07,-124.16,-67.78
6.11526e+07,-119.94,-67.78
6.11562e+07,-120.36,-67.78
6.11598e+07,-133.50,-67.78
6.11634e+07,-127.50,-67.79
6.1167e+07,-121.82,-67.79
6.11706e+07,-115.95,-67.79
6.11742e+07,-124.53,-67.79
6.11777e+07,-123.67,-67.79
6.11813e+07,-122.90,-67.79
6.11849e+07,-115.90,-67.79
6.11885e+07,-118.68,-67.79
6.11921e+07,-118.22,-67.79
6.11957e+07,-126.08,-67.79
6.11993e+07,-122.45,-67.79
6.12029e+07,-129.69,-67.79
6.12065e+07,-118.83,-67.79
6.12101e+07,-121.81,-67.79
6.12137e+07,-114.40,-67.79
6.12173e+07,-114.31,-67.79
6.12208e+07,-115.72,-67.79
6.12244e+07,-122.22,-67.79
6.1228e+07,-118.42,-67.80
6.12316e+07,-129.24,-67.80
6.12352e+07,-113.38,-67.80
6.12388e+07,-119.44,-67.80
6.12424e+07,-109.42,-67.80
6.1246e+07,-110.91,-67.80
6.12496e+07,-110.24,-67.80
6.12532e+07,-108.70,-67.80
6.12568e+07,-104.84,-67.80
6.12604e+07,-108.89,-67.80
6.1264e+07,-120.56,-67.80
6.12675e+07,-128.80,-67.80
6.12711e+07,-107.18,-67.80
6.12747e+07,-102.33,-67.80
6.12783e+07,-101.19,-67.80
6.12819e+07,-103.35,-67.80
6.12855e+07,-107.30,-67.80
6.12891e+07,-119.76,-67.81
6.12927e+07,-116.72,-67.81
6.12963e+07,-111.40,-67.81
6.12999e+07,-104.95,-67.81
6.13035e+07,-106.67,-67.81
6.13071e+07,-108.90,-67.81
6.13106e+07,-109.99,-67.81
6.13142e+07,-109.02,-67.81
6.13178e+07,-113.31,-67.81
6.13214e+07,-114.08,-67.81
6.1325e+07,-114.61,-67.81
6.13286e+07,-114.06,-67.81
6.13322e+07,-120.61,-67.81
6.13358e+07,-117.52,-67.81
6.13394e+07,-114.76,-67.81
6.1343e+07,-115.44,-67.81
6.13466e+07,-125.12,-67.81
6.13502e+07,-117.52,-67.81
6.13537e+07,-124.08,-67.82
6.13573e+07,-124.60,-67.82
6.13609e+07,-122.69,-67.82
6.13645e+07,-121.06,-67.82
6.13681e+07,-117.69,-67.82
6.13717e+07,-116.88,-67.82
6.13753e+07,-129.87,-67.82
6.13789e+07,-123.43,-67.82
6.13825e+07,-160.36,-67.82
6.13861e+07,-115.28,-67.82
6.13897e+07,-114.35,-67.82
6.13933e+07,-118.61,-67.82
6.13968e+07,-118.70,-67.82
6.14004e+07,-119.79,-67.82
6.1404e+07,-120.51,-67.82
6.14076e+07,-120.11,-67.82
6.14112e+07,-124.32,-67.82
6.14148e+07,-124.49,-67.82
6.14184e+07,-124.30,-67.83
6.1422e+07,-127.09,-67.83
6.14256e+07,-119.95,-67.83
6.14292e+07,-121.65,-67.83
6.14328e+07,-122.40,-67.83
6.14364e+07,-121.32,-67.83
6.14399e+07,-127.87,-67.83
6.14435e+07,-119.75,-67.83
6.14471e+07,-120.73,-67.83
6.14507e+07,-118.74,-67.83
6.14543e+07,-121.56,-67.83
6.14579e+07,-122.04,-67.83
6.14615e+07,-120.62,-67.83
6.14651e+07,-117.19,-67.83
6.14687e+07,-121.28,-67.83
6.14723e+07,-118.48,-67.83
6.14759e+07,-122.65,-67.83
6.14795e+07,-118.79,-67.84
6.1483e+07,-114.69,-67.84
6.14866e+07,-120.45,-67.84
6.14902e+07,-122.64,-67.84
6.14938e+07,-121.10,-67.84
6.14974e+07,-132.80,-67.84
6.1501e+07,-124.38,-67.84
6.15046e+07,-127.26,-67.84
6.15082e+07,-130.87,-67.84
6.15118e+07,-124.40,-67.84
6.15154e+07,-121.71,-67.84
6.1519e+07,-128.47,-67.84
6.15226e+07,-124.28,-67.84
6.15261e+07,-123.62,-67.84
6.15297e+07,-134.84,-67.84
6.15333e+07,-118.37,-67.84
6.15369e+07,-119.64,-67.84
6.15405e+07,-125.87,-67.84
6.15441e+07,-120.85,-67.85
6.15477e+07,-119.45,-67.85
6.15513e+07,-118.55,-67.85
6.15549e+07,-119.44,-67.85
6.15585e+07,-134.49,-67.85
6.15621e+07,-123.97,-67.85
6.15657e+07,-121.74,-67.85
6.15692e+07,-123.19,-67.85
6.15728e+07,-126.05,-67.85
6.15764e+07,-134.79,-67.85
6.158e+07,-126.75,-67.85
6.15836e+07,-120.12,-67.85
6.15872e+07,-116.71,-67.85
6.15908e+07,-120.61,-67.85
6.15944e+07,-133.28,-67.85
6.1598e+07,-130.70,-67.85
6.16016e+07,-123.70,-67.85
6.16052e+07,-149.17,-67.85
6.16088e+07,-119.65,-67.86
6.16123e+07,-120.09,-67.86
6.16159e+07,-119.94,-67.86
6.16195e+07,-125.20,-67.86
6.16231e+07,-118.53,-67.86
6.16267e+07,-121.39,-67.86
6.16303e+07,-127.93,-67.86
6.16339e+07,-123.62,-67.86
6.16375e+07,-121.14,-67.86
6.16411e+07,-121.66,-67.86
6.16447e+07,-121.15,-67.86
6.16483e+07,-133.56,-67.86
6.16519e+07,-121.65,-67.86
6.16554e+07,-120.21,-67.86
6.1659e+07,-126.61,-67.86
6.16626e+07,-119.33,-67.86
6.16662e+07,-122.29,-67.86
6.16698e+07,-124.39,-67.86
6.16734e+07,-123.48,-67.87
6.1677e+07,-131.18,-67.87
6.16806e+07,-123.30,-67.87
6.16842e+07,-124.09,-67.87
6.16878e+07,-120.47,-67.87
6.16914e+07,-120.12,-67.87
6.1695e+07,-125.05,-67.87
6.16985e+07,-125.97,-67.87
6.17021e+07,-122.53,-67.87
6.17057e+07,-118.21,-67.87
6.17093e+07,-111.80,-67.87
6.17129e+07,-113.72,-67.87
6.17165e+07,-116.12,-67.87
6.17201e+07,-120.85,-67.87
6.17237e+07,-119.06,-67.87
6.17273e+07,-114.36,-67.87
6.17309e+07,-116.37,-67.87
6.17345e+07,-115.07,-67.87
6.17381e+07,-114.98,-67.88
6.17416e+07,-114.45,-67.88
6.17452e+07,-109.94,-67.88
6.17488e+07,-113.96,-67.88
6.17524e+07,-120.21,-67.88
6.1756e+07,-111.37,-67.88
6.17596e+07,-108.53,-67.88
6.17632e+07,-109.79,-67.88
6.17668e+07,-105.29,-67.88
6.17704e+07,-101.27,-67.88
6.1774e+07,-98.98,-67.88
6.17776e+07,-103.69,-67.88
6.17812e+07,-99.07,-67.88
6.17847e+07,-101.20,-67.88
6.17883e+07,-106.62,-67.88
6.17919e+07,-110.92,-67.88
6.17955e+07,-108.72,-67.88
6.17991e+07,-112.67,-67.89
6.18027e+07,-119.29,-67.89
6.18063e+07,-113.23,-67.89
6.18099e+07,-111.05,-67.89
6.18135e+07,-122.30,-67.89
6.18171e+07,-114.84,-67.89
6.18207e+07,-117.80,-67.89
6.18243e+07,-118.68,-67.89
6.18279e+07,-114.98,-67.89
6.18314e+07,-116.59,-67.89
6.1835e+07,-126.63,-67.89
6.18386e+07,-126.25,-67.89
6.18422e+07,-124.11,-67.89
6.18458e+07,-116.47,-67.89
6.18494e+07,-117.41,-67.89
6.1853e+07,-120.97,-67.89
6.18566e+07,-124.93,-67.89
6.18602e+07,-120.76,-67.89
6.18638e+07,-117.89,-67.90
6.18674e+07,-123.02,-67.90
6.1871e+07,-119.67,-67.90
6.18745e+07,-119.03,-67.90
6.18781e+07,-118.84,-67.90
6.18817e+07,-118.92,-67.90
6.18853e+07,-131.60,-67.90
6.18889e+07,-126.35,-67.90
6.18925e+07,-132.99,-67.90
6.18961e+07,-120.48,-67.90
6.18997e+07,-129.00,-67.90
6.19033e+07,-124.54,-67.90
6.19069e+07,-120.87,-67.90
6.19105e+07,-122.57,-67.90
6.19141e+07,-125.27,-67.90
6.19176e+07,-123.10,-67.90
6.19212e+07,-117.90,-67.90
6.19248e+07,-120.75,-67.90
6.19284e+07,-128.39,-67.91
6.1932e+07,-123.20,-67.91
6.19356e+07,-123.75,-67.91
6.19392e+07,-121.75,-67.91
6.19428e+07,-123.43,-67.91
6.19464e+07,-135.04,-67.91
6.195e+07,-121.09,-67.91
6.19536e+07,-119.98,-67.91
6.19572e+07,-131.62,-67.91
6.19607e+07,-120.66,-67.91
6.19643e+07,-121.09,-67.91
6.19679e+07,-126.23,-67.91
6.19715e+07,-123.67,-67.91
6.19751e+07,-122.97,-67.91
6.19787e+07,-128.78,-67.91
6.19823e+07,-123.05,-67.91
6.19859e+07,-124.99,-67.91
6.19895e+07,-134.94,-67.91
6.19931e+07,-120.69,-67.92
6.19967e+07,-121.33,-67.92
6.20003e+07,-122.58,-67.92
6.20038e+07,-121.49,-67.92
6.20074e+07,-130.44,-67.92
6.2011e+07,-118.17,-67.92
6.20146e+07,-120.97,-67.92
6.20182e+07,-124.92,-67.92
6.20218e+07,-123.52,-67.92
6.20254e+07,-119.66,-67.92
6.2029e+07,-127.59,-67.92
6.20326e+07,-116.44,-67.92
6.20362e+07,-117.77,-67.92
6.20398e+07,-119.31,-67.92
6.20434e+07,-116.06,-67.92
6.20469e+07,-119.85,-67.92
6.20505e+07,-133.11,-67.92
6.20541e+07,-118.76,-67.92
6.20577e+07,-121.67,-67.93
6.20613e+07,-122.55,-67.93
6.20649e+07,-124.87,-67.93
6.20685e+07,-120.00,-67.93
6.20721e+07,-124.78,-67.93
6.20757e+07,-121.42,-67.93
6.20793e+07,-121.52,-67.93
6.20829e+07,-126.82,-67.93
6.20865e+07,-132.12,-67.93
6.209e+07,-127.00,-67.93
6.20936e+07,-132.24,-67.93
6.20972e+07,-125.02,-67.93
6.21008e+07,-123.87,-67.93
6.21044e+07,-115.81,-67.93
6.2108e+07,-118.68,-67.93
6.21116e+07,-120.60,-67.93
6.21152e+07,-124.75,-67.93
6.21188e+07,-127.63,-67.93
6.21224e+07,-120.24,-67.94
6.2126e+07,-120.32,-67.94
6.21296e+07,-119.98,-67.94
6.21331e+07,-122.54,-67.94
6.21367e+07,-120.69,-67.94
6.21403e+07,-117.63,-67.94
6.21439e+07,-117.67,-67.94
6.21475e+07,-129.41,-67.94
6.21511e+07,-122.88,-67.94
6.21547e+07,-125.53,-67.94
6.21583e+07,-127.91,-67.94
6.21619e+07,-127.94,-67.94
6.21655e+07,-115.57,-67.94
6.21691e+07,-114.40,-67.94
6.21727e+07,-118.12,-67.94
6.21762e+07,-126.23,-67.94
6.21798e+07,-128.81,-67.94
6.21834e+07,-124.20,-67.94
6.2187e+07,-123.78,-67.95
6.21906e+07,-122.79,-67.95
6.21942e+07,-120.69,-67.95
6.21978e+07,-129.87,-67.95
6.22014e+07,-124.43,-67.95
6.2205e+07,-115.49,-67.95
6.22086e+07,-118.68,-67.95
6.22122e+07,-120.43,-67.95
6.22158e+07,-117.43,-67.95
6.22193e+07,-116.00,-67.95
6.22229e+07,-119.68,-67.95
6.22265e+07,-114.22,-67.95
6.22301e+07,-121.45,-67.95
6.22337e+07,-121.09,-67.95
6.22373e+07,-116.19,-67.95
6.22409e+07,-109.33,-67.95
6.22445e+07,-109.42,-67.95
6.22481e+07,-108.91,-67.95
6.22517e+07,-108.86,-67.96
6.22553e+07,-105.67,-67.96
6.22589e+07,-109.55,-67.96
6.22624e+07,-118.96,-67.96
6.2266e+07,-121.37,-67.96
6.22696e+07,-106.03,-67.96
6.22732e+07,-102.96,-67.96
6.22768e+07,-101.84,-67.96
6.22804e+07,-103.55,-67.96
6.2284e+07,-107.17,-67.96
6.22876e+07,-123.76,-67.96
6.22912e+07,-113.91,-67.96
6.22948e+07,-112.37,-67.96
6.22984e+07,-107.08,-67.96
6.2302e+07,-107.82,-67.96
6.23055e+07,-107.85,-67.96
6.23091e+07,-108.73,-67.96
6.23127e+07,-109.06,-67.96
6.23163e+07,-114.00,-67.97
6.23199e+07,-115.33,-67.97
6.23235e+07,-114.66,-67.97
6.23271e+07,-111.70,-67.97
6.23307e+07,-120.41,-67.97
6.23343e+07,-121.71,-67.97
6.23379e+07,-127.34,-67.97
6.23415e+07,-132.97,-67.97
6.23451e+07,-118.56,-67.97
6.23486e+07,-116.37,-67.97
6.23522e+07,-125.62,-67.97
6.23558e+07,-121.05,-67.97
6.23594e+07,-121.56,-67.97
6.2363e+07,-123.18,-67.97
6.23666e+07,-117.53,-67.97
6.23702e+07,-119.97,-67.97
6.23738e+07,-125.64,-67.97
6.23774e+07,-123.35,-67.97
6.2381e+07,-130.90,-67.98
6.23846e+07,-116.82,-67.98
6.23882e+07,-114.96,-67.98
6.23917e+07,-117.80,-67.98
6.23953e+07,-118.61,-67.98
6.23989e+07,-119.89,-67.98
6.24025e+07,-119.12,-67.98
6.24061e+07,-125.99,-67.98
6.24097e+07,-124.68,-67.98
6.24133e+07,-130.34,-67.98
6.24169e+07,-162.18,-67.98
6.24205e+07,-123.13,-67.98
6.24241e+07,-119.63,-67.98
6.24277e+07,-122.35,-67.98
6.24313e+07,-130.07,-67.98
6.24349e+07,-130.28,-67.98
6.24384e+07,-121.71,-67.98
6.2442e+07,-123.38,-67.98
6.24456e+07,-131.84,-67.99
6.24492e+07,-130.56,-67.99
6.24528e+07,-123.13,-67.99
6.24564e+07,-119.50,-67.99
6.246e+07,-121.21,-67.99
6.24636e+07,-124.86,-67.99
6.24672e+07,-120.43,-67.99
6.24708e+07,-118.19,-67.99
6.24744e+07,-118.45,-67.99
6.2478e+07,-127.02,-67.99
6.24815e+07,-129.27,-67.99
6.24851e+07,-124.15,-67.99
6.24887e+07,-122.16,-67.99
6.24923e+07,-118.50,-67.99
6.24959e+07,-116.78,-67.99
6.24995e+07,-119.53,-67.99
6.25031e+07,-130.29,-67.99
6.25067e+07,-128.58,-67.99
6.25103e+07,-122.38,-68.00
6.25139e+07,-126.95,-68.00
6.25175e+07,-120.55,-68.00
6.25211e+07,-135.31,-68.00
6.25246e+07,-124.34,-68.00
6.25282e+07,-122.18,-68.00
6.25318e+07,-117.59,-68.00
6.25354e+07,-119.22,-68.00
6.2539e+07,-130.81,-68.00
6.25426e+07,-128.76,-68.00
6.25462e+07,-129.88,-68.00
6.25498e+07,-126.01,-68.00
6.25534e+07,-130.73,-68.00
6.2557e+07,-131.80,-68.00
6.25606e+07,-123.68,-68.00
6.25642e+07,-122.68,-68.00
6.25677e+07,-136.73,-68.00
6.25713e+07,-124.54,-68.00
6.25749e+07,-123.27,-68.00
6.25785e+07,-122.01,-68.01
6.25821e+07,-119.42,-68.01
6.25857e+07,-115.84,-68.01
6.25893e+07,-116.96,-68.01
6.25929e+07,-123.81,-68.01
6.25965e+07,-133.77,-68.01
6.26001e+07,-131.38,-68.01
6.26037e+07,-126.95,-68.01
6.26073e+07,-131.33,-68.01
6.26108e+07,-132.25,-68.01
6.26144e+07,-128.37,-68.01
6.2618e+07,-133.42,-68.01
6.26216e+07,-128.76,-68.01
6.26252e+07,-122.57,-68.01
6.26288e+07,-123.86,-68.01
6.26324e+07,-119.63,-68.01
6.2636e+07,-119.17,-68.01
6.26396e+07,-119.99,-68.01
6.26432e+07,-119.78,-68.02
6.26468e+07,-128.77,-68.02
6.26504e+07,-121.67,-68.02
6.26539e+07,-118.73,-68.02
6.26575e+07,-117.29,-68.02
6.26611e+07,-120.99,-68.02
6.26647e+07,-128.44,-68.02
6.26683e+07,-134.97,-68.02
6.26719e+07,-153.05,-68.02
6.26755e+07,-126.48,-68.02
6.26791e+07,-123.49,-68.02
6.26827e+07,-126.28,-68.02
6.26863e+07,-137.08,-68.02
6.26899e+07,-122.15,-68.02
6.26935e+07,-121.16,-68.02
6.2697e+07,-147.98,-68.02
6.27006e+07,-132.43,-68.02
6.27042e+07,-127.17,-68.02
6.27078e+07,-118.25,-68.03
6.27114e+07,-117.50,-68.03
6.2715e+07,-122.54,-68.03
6.27186e+07,-124.40,-68.03
6.27222e+07,-125.38,-68.03
6.27258e+07,-116.41,-68.03
6.27294e+07,-118.38,-68.03
6.2733e+07,-119.09,-68.03
6.27366e+07,-122.55,-68.03
6.27401e+07,-119.54,-68.03
6.27437e+07,-114.01,-68.03
6.27473e+07,-120.09,-68.03
6.27509e+07,-125.85,-68.03
6.27545e+07,-114.43,-68.03
6.27581e+07,-112.69,-68.03
6.27617e+07,-114.18,-68.03
6.27653e+07,-107.83,-68.03
6.27689e+07,-103.09,-68.03
6.27725e+07,-101.39,-68.04
6.27761e+07,-107.62,-68.04
6.27797e+07,-101.38,-68.04
6.27832e+07,-103.52,-68.04
6.27868e+07,-108.98,-68.04
6.27904e+07,-112.32,-68.04
6.2794e+07,-110.91,-68.04
6.27976e+07,-112.74,-68.04
6.28012e+07,-118.58,-68.04
6.28048e+07,-113.85,-68.04
6.28084e+07,-112.64,-68.04
6.2812e+07,-124.86,-68.04
6.28156e+07,-116.58,-68.04
6.28192e+07,-120.78,-68.04
6.28228e+07,-120.06,-68.04
6.28263e+07,-117.01,-68.04
6.28299e+07,-118.80,-68.04
6.28335e+07,-124.22,-68.04
6.28371e+07,-134.97,-68.05
6.28407e+07,-121.73,-68.05
6.28443e+07,-124.32,-68.05
6.28479e+07,-118.33,-68.05
6.28515e+07,-118.62,-68.05
6.28551e+07,-119.52,-68.05
6.28587e+07,-120.51,-68.05
6.28623e+07,-124.91,-68.05
6.28659e+07,-121.29,-68.05
6.28694e+07,-121.00,-68.05
6.2873e+07,-125.56,-68.05
6.28766e+07,-120.02,-68.05
6.28802e+07,-120.19,-68.05
6.28838e+07,-124.07,-68.05
6.28874e+07,-126.46,-68.05
6.2891e+07,-114.49,-68.05
6.28946e+07,-112.40,-68.05
6.28982e+07,-113.79,-68.05
6.29018e+07,-114.74,-68.05
6.29054e+07,-119.00,-68.06
6.2909e+07,-117.00,-68.06
6.29125e+07,-117.67,-68.06
6.29161e+07,-121.08,-68.06
6.29197e+07,-122.90,-68.06
6.29233e+07,-133.19,-68.06
6.29269e+07,-116.25,-68.06
6.29305e+07,-114.04,-68.06
6.29341e+07,-119.08,-68.06
6.29377e+07,-120.00,-68.06
6.29413e+07,-116.29,-68.06
6.29449e+07,-119.61,-68.06
6.29485e+07,-128.50,-68.06
6.29521e+07,-128.79,-68.06
6.29556e+07,-120.59,-68.06
6.29592e+07,-119.52,-68.06
6.29628e+07,-127.12,-68.06
6.29664e+07,-133.16,-68.06
6.297e+07,-139.21,-68.07
6.29736e+07,-138.48,-68.07
6.29772e+07,-129.13,-68.07
6.29808e+07,-120.64,-68.07
6.29844e+07,-124.97,-68.07
6.2988e+07,-126.68,-68.07
6.29916e+07,-126.47,-68.07
6.29952e+07,-132.05,-68.07
6.29988e+07,-129.30,-68.07
6.30023e+07,-132.52,-68.07
6.30059e+07,-123.36,-68.07
6.30095e+07,-126.15,-68.07
6.30131e+07,-123.87,-68.07
6.30167e+07,-118.12,-68.07
6.30203e+07,-122.13,-68.07
6.30239e+07,-127.91,-68.07
6.30275e+07,-132.29,-68.07
6.30311e+07,-124.95,-68.07
6.30347e+07,-122.60,-68.08
6.30383e+07,-121.61,-68.08
6.30419e+07,-120.52,-68.08
6.30454e+07,-125.72,-68.08
6.3049e+07,-129.21,-68.08
6.30526e+07,-119.88,-68.08
6.30562e+07,-124.67,-68.08
6.30598e+07,-130.48,-68.08
6.30634e+07,-123.08,-68.08
6.3067e+07,-121.07,-68.08
6.30706e+07,-134.33,-68.08
6.30742e+07,-132.75,-68.08
6.30778e+07,-131.12,-68.08
6.30814e+07,-129.22,-68.08
6.3085e+07,-136.98,-68.08
6.30885e+07,-124.80,-68.08
6.30921e+07,-130.15,-68.08
6.30957e+07,-125.23,-68.08
6.30993e+07,-125.60,-68.09
6.31029e+07,-124.33,-68.09
6.31065e+07,-119.14,-68.09
6.31101e+07,-124.61,-68.09
6.31137e+07,-121.78,-68.09
6.31173e+07,-128.47,-68.09
6.31209e+07,-123.48,-68.09
6.31245e+07,-126.76,-68.09
6.31281e+07,-129.93,-68.09
6.31316e+07,-133.91,-68.09
6.31352e+07,-127.61,-68.09
6.31388e+07,-122.35,-68.09
6.31424e+07,-124.61,-68.09
6.3146e+07,-127.67,-68.09
6.31496e+07,-147.98,-68.09
6.31532e+07,-127.56,-68.09
6.31568e+07,-128.79,-68.09
6.31604e+07,-134.72,-68.09
6.3164e+07,-122.77,-68.09
6.31676e+07,-122.63,-68.10
6.31712e+07,-134.89,-68.10
6.31747e+07,-130.56,-68.10
6.31783e+07,-122.11,-68.10
6.31819e+07,-119.31,-68.10
6.31855e+07,-128.06,-68.10
6.31891e+07,-123.38,-68.10
6.31927e+07,-120.97,-68.10
6.31963e+07,-122.49,-68.10
6.31999e+07,-121.13,-68.10
6.32035e+07,-120.68,-68.10
6.32071e+07,-122.96,-68.10
6.32107e+07,-128.06,-68.10
6.32143e+07,-122.75,-68.10
6.32178e+07,-119.68,-68.10
6.32214e+07,-123.49,-68.10
6.3225e+07,-126.29,-68.10
6.32286e+07,-127.51,-68.10
6.32322e+07,-140.18,-68.11
6.32358e+07,-120.47,-68.11
6.32394e+07,-114.50,-68.11
6.3243e+07,-114.42,-68.11
6.32466e+07,-112.65,-68.11
6.32502e+07,-112.71,-68.11
6.32538e+07,-112.92,-68.11
6.32574e+07,-116.22,-68.11
6.32609e+07,-124.08,-68.11
6.32645e+07,-127.28,-68.11
6.32681e+07,-116.76,-68.11
6.32717e+07,-110.42,-68.11
6.32753e+07,-108.45,-68.11
6.32789e+07,-111.17,-68.11
6.32825e+07,-119.01,-68.11
6.32861e+07,-122.89,-68.11
6.32897e+07,-123.28,-68.11
6.32933e+07,-122.72,-68.11
6.32969e+07,-114.53,-68.12
6.33005e+07,-115.00,-68.12
6.3304e+07,-114.40,-68.12
6.33076e+07,-114.03,-68.12
6.33112e+07,-113.75,-68.12
6.33148e+07,-118.58,-68.12
6.33184e+07,-125.54,-68.12
6.3322e+07,-139.69,-68.12
6.33256e+07,-127.88,-68.12
6.33292e+07,-126.51,-68.12
6.33328e+07,-119.78,-68.12
6.33364e+07,-122.70,-68.12
6.334e+07,-131.25,-68.12
6.33436e+07,-119.71,-68.12
6.33471e+07,-116.66,-68.12
6.33507e+07,-121.20,-68.12
6.33543e+07,-122.83,-68.12
6.33579e+07,-120.10,-68.12
6.33615e+07,-125.01,-68.12
6.33651e+07,-122.93,-68.13
6.33687e+07,-118.44,-68.13
6.33723e+07,-117.73,-68.13
6.33759e+07,-115.91,-68.13
6.33795e+07,-120.92,-68.13
6.33831e+07,-132.42,-68.13
6.33867e+07,-126.27,-68.13
6.33902e+07,-123.60,-68.13
6.33938e+07,-128.93,-68.13
6.33974e+07,-122.60,-68.13
6.3401e+07,-123.22,-68.13
6.34046e+07,-119.06,-68.13
6.34082e+07,-129.12,-68.13
6.34118e+07,-130.74,-68.13
6.34154e+07,-147.75,-68.13
6.3419e+07,-126.33,-68.13
6.34226e+07,-122.08,-68.13
6.34262e+07,-122.08,-68.13
6.34298e+07,-123.95,-68.14
6.34333e+07,-121.68,-68.14
6.34369e+07,-125.86,-68.14
6.34405e+07,-127.56,-68.14
6.34441e+07,-137.20,-68.14
6.34477e+07,-120.64,-68.14
6.34513e+07,-116.32,-68.14
6.34549e+07,-120.07,-68.14
6.34585e+07,-126.88,-68.14
6.34621e+07,-125.33,-68.14
6.34657e+07,-125.74,-68.14
6.34693e+07,-128.31,-68.14
6.34729e+07,-128.24,-68.14
6.34764e+07,-126.44,-68.14
6.348e+07,-124.17,-68.14
6.34836e+07,-125.67,-68.14
6.34872e+07,-128.48,-68.14
6.34908e+07,-122.86,-68.14
6.34944e+07,-121.78,-68.14
6.3498e+07,-127.37,-68.15
6.35016e+07,-128.80,-68.15
6.35052e+07,-121.75,-68.15
6.35088e+07,-123.57,-68.15
6.35124e+07,-129.73,-68.15
6.3516e+07,-125.88,-68.15
6.35195e+07,-130.66,-68.15
6.35231e+07,-124.59,-68.15
6.35267e+07,-127.36,-68.15
6.35303e+07,-131.41,-68.15
6.35339e+07,-125.63,-68.15
6.35375e+07,-130.07,-68.15
6.35411e+07,-136.98,-68.15
6.35447e+07,-130.55,-68.15
6.35483e+07,-124.94,-68.15
6.35519e+07,-127.02,-68.15
6.35555e+07,-126.17,-68.15
6.35591e+07,-124.97,-68.15
6.35627e+07,-126.39,-68.16
6.35662e+07,-138.67,-68.16
6.35698e+07,-125.29,-68.16
6.35734e+07,-122.42,-68.16
6.3577e+07,-123.57,-68.16
6.35806e+07,-129.30,-68.16
6.35842e+07,-125.74,-68.16
6.35878e+07,-132.53,-68.16
6.35914e+07,-142.44,-68.16
6.3595e+07,-132.07,-68.16
6.35986e+07,-127.52,-68.16
6.36022e+07,-124.82,-68.16
6.36058e+07,-123.00,-68.16
6.36093e+07,-127.34,-68.16
6.36129e+07,-130.37,-68.16
6.36165e+07,-126.44,-68.16
6.36201e+07,-124.15,-68.16
6.36237e+07,-131.14,-68.16
6.36273e+07,-131.78,-68.16
6.36309e+07,-128.56,-68.17
6.36345e+07,-124.94,-68.17
6.36381e+07,-130.50,-68.17
6.36417e+07,-139.94,-68.17
6.36453e+07,-128.83,-68.17
6.36489e+07,-127.33,-68.17
6.36524e+07,-130.16,-68.17
6.3656e+07,-137.28,-68.17
6.36596e+07,-130.42,-68.17
6.36632e+07,-133.54,-68.17
6.36668e+07,-140.61,-68.17
6.36704e+07,-124.27,-68.17
6.3674e+07,-125.74,-68.17
6.36776e+07,-129.35,-68.17
6.36812e+07,-134.10,-68.17
6.36848e+07,-135.48,-68.17
6.36884e+07,-133.08,-68.17
6.3692e+07,-133.83,-68.17
6.36955e+07,-132.48,-68.18
6.36991e+07,-127.77,-68.18
6.37027e+07,-129.88,-68.18
6.37063e+07,-132.88,-68.18
6.37099e+07,-140.16,-68.18
6.37135e+07,-148.69,-68.18
6.37171e+07,-141.39,-68.18
6.37207e+07,-137.42,-68.18
6.37243e+07,-127.41,-68.18
6.37279e+07,-123.22,-68.18
6.37315e+07,-125.70,-68.18
6.37351e+07,-139.62,-68.18
6.37386e+07,-130.18,-68.18
6.37422e+07,-126.08,-68.18
6.37458e+07,-129.37,-68.18
6.37494e+07,-125.30,-68.18
6.3753e+07,-122.05,-68.18
6.37566e+07,-125.26,-68.18
6.37602e+07,-130.27,-68.18
6.37638e+07,-118.79,-68.19
6.37674e+07,-112.74,-68.19
6.3771e+07,-112.53,-68.19
6.37746e+07,-118.99,-68.19
6.37782e+07,-112.88,-68.19
6.37817e+07,-114.63,-68.19
6.37853e+07,-119.51,-68.19
6.37889e+07,-123.14,-68.19
6.37925e+07,-120.11,-68.19
6.37961e+07,-125.38,-68.19
6.37997e+07,-133.80,-68.19
6.38033e+07,-125.51,-68.19
6.38069e+07,-125.60,-68.19
6.38105e+07,-128.02,-68.19
6.38141e+07,-127.98,-68.19
6.38177e+07,-129.65,-68.19
6.38213e+07,-124.24,-68.19
6.38248e+07,-121.22,-68.19
6.38284e+07,-129.47,-68.20
6.3832e+07,-130.73,-68.20
6.38356e+07,-127.10,-68.20
6.38392e+07,-133.07,-68.20
6.38428e+07,-126.69,-68.20
6.38464e+07,-135.26,-68.20
6.385e+07,-130.20,-68.20
6.38536e+07,-125.18,-68.20
6.38572e+07,-121.88,-68.20
6.38608e+07,-120.62,-68.20
6.38644e+07,-119.52,-68.20
6.38679e+07,-120.35,-68.20
6.38715e+07,-127.80,-68.20
6.38751e+07,-125.88,-68.20
6.38787e+07,-122.72,-68.20
6.38823e+07,-122.51,-68.20
6.38859e+07,-127.51,-68.20
6.38895e+07,-127.29,-68.20
6.38931e+07,-122.09,-68.20
6.38967e+07,-130.11,-68.21
6.39003e+07,-128.49,-68.21
6.39039e+07,-127.39,-68.21
6.39075e+07,-127.15,-68.21
6.3911e+07,-134.64,-68.21
6.39146e+07,-136.82,-68.21
6.39182e+07,-129.91,-68.21
6.39218e+07,-126.52,-68.21
6.39254e+07,-133.18,-68.21
6.3929e+07,-131.25,-68.21
6.39326e+07,-135.48,-68.21
6.39362e+07,-130.44,-68.21
6.39398e+07,-125.82,-68.21
6.39434e+07,-126.47,-68.21
6.3947e+07,-131.82,-68.21
6.39506e+07,-126.59,-68.21
6.39541e+07,-123.60,-68.21
6.39577e+07,-124.22,-68.21
6.39613e+07,-123.59,-68.21
6.39649e+07,-128.04,-68.22
6.39685e+07,-126.31,-68.22
6.39721e+07,-127.81,-68.22
6.39757e+07,-128.15,-68.22
6.39793e+07,-140.10,-68.22
6.39829e+07,-128.83,-68.22
6.39865e+07,-131.69,-68.22
6.39901e+07,-128.15,-68.22
6.39937e+07,-132.88,-68.22
6.39972e+07,-133.58,-68.22
6.40008e+07,-127.14,-68.22
6.40044e+07,-128.27,-68.22
6.4008e+07,-128.47,-68.22
6.40116e+07,-130.85,-68.22
6.40152e+07,-138.52,-68.22
6.40188e+07,-133.02,-68.22
6.40224e+07,-135.87,-68.22
6.4026e+07,-126.31,-68.22
6.40296e+07,-127.70,-68.23
6.40332e+07,-135.90,-68.23
6.40368e+07,-125.60,-68.23
6.40403e+07,-121.64,-68.23
6.40439e+07,-123.01,-68.23
6.40475e+07,-143.47,-68.23
6.40511e+07,-132.47,-68.23
6.40547e+07,-130.52,-68.23
6.40583e+07,-132.08,-68.23
6.40619e+07,-126.61,-68.23
6.40655e+07,-135.86,-68.23
6.40691e+07,-126.62,-68.23
6.40727e+07,-122.95,-68.23
6.40763e+07,-123.60,-68.23
6.40799e+07,-129.08,-68.23
6.40834e+07,-125.85,-68.23
6.4087e+07,-129.64,-68.23
6.40906e+07,-121.70,-68.23
6.40942e+07,-124.49,-68.23
6.40978e+07,-136.04,-68.24
6.41014e+07,-140.64,-68.24
6.4105e+07,-137.08,-68.24
6.41086e+07,-143.73,-68.24
6.41122e+07,-136.89,-68.24
6.41158e+07,-132.56,-68.24
6.41194e+07,-129.37,-68.24
6.4123e+07,-132.28,-68.24
6.41266e+07,-141.19,-68.24
6.41301e+07,-133.66,-68.24
6.41337e+07,-139.38,-68.24
6.41373e+07,-126.13,-68.24
6.41409e+07,-124.90,-68.24
6.41445e+07,-121.26,-68.24
6.41481e+07,-122.27,-68.24
6.41517e+07,-126.05,-68.24
6.41553e+07,-127.39,-68.24
6.41589e+07,-129.95,-68.24
6.41625e+07,-126.32,-68.25
6.41661e+07,-128.28,-68.25
6.41697e+07,-126.05,-68.25
6.41732e+07,-126.29,-68.25
6.41768e+07,-130.48,-68.25
6.41804e+07,-127.60,-68.25
6.4184e+07,-133.91,-68.25
6.41876e+07,-134.23,-68.25
6.41912e+07,-124.88,-68.25
6.41948e+07,-129.63,-68.25
6.41984e+07,-122.85,-68.25
6.4202e+07,-124.82,-68.25
6.42056e+07,-134.95,-68.25
6.42092e+07,-125.54,-68.25
6.42128e+07,-124.10,-68.25
6.42163e+07,-123.98,-68.25
6.42199e+07,-129.91,-68.25
6.42235e+07,-125.21,-68.25
6.42271e+07,-134.35,-68.25
6.42307e+07,-128.73,-68.26
6.42343e+07,-119.31,-68.26
6.42379e+07,-117.97,-68.26
6.42415e+07,-116.87,-68.26
6.42451e+07,-114.79,-68.26
6.42487e+07,-114.01,-68.26
6.42523e+07,-116.53,-68.26
6.42559e+07,-122.88,-68.26
6.42594e+07,-136.73,-68.26
6.4263e+07,-143.36,-68.26
6.42666e+07,-130.76,-68.26
6.42702e+07,-126.45,-68.26
6.42738e+07,-115.24,-68.26
6.42774e+07,-115.27,-68.26
6.4281e+07,-120.97,-68.26
6.42846e+07,-122.03,-68.26
6.42882e+07,-124.16,-68.26
6.42918e+07,-131.26,-68.26
6.42954e+07,-121.96,-68.26
6.4299e+07,-117.92,-68.27
6.43025e+07,-116.67,-68.27
6.43061e+07,-119.76,-68.27
6.43097e+07,-119.53,-68.27
6.43133e+07,-119.92,-68.27
6.43169e+07,-141.00,-68.27
6.43205e+07,-130.67,-68.27
6.43241e+07,-125.27,-68.27
6.43277e+07,-125.37,-68.27
6.43313e+07,-130.58,-68.27
6.43349e+07,-121.43,-68.27
6.43385e+07,-118.84,-68.27
6.43421e+07,-119.21,-68.27
6.43456e+07,-118.93,-68.27
6.43492e+07,-123.67,-68.27
6.43528e+07,-127.85,-68.27
6.43564e+07,-125.11,-68.27
6.436e+07,-137.55,-68.27
6.43636e+07,-128.48,-68.27
6.43672e+07,-122.02,-68.28
6.43708e+07,-123.77,-68.28
6.43744e+07,-125.40,-68.28
6.4378e+07,-122.25,-68.28
6.43816e+07,-119.00,-68.28
6.43852e+07,-122.30,-68.28
6.43887e+07,-125.83,-68.28
6.43923e+07,-123.02,-68.28
6.43959e+07,-130.96,-68.28
6.43995e+07,-121.62,-68.28
6.44031e+07,-118.57,-68.28
6.44067e+07,-127.37,-68.28
6.44103e+07,-122.82,-68.28
6.44139e+07,-125.19,-68.28
6.44175e+07,-132.86,-68.28
6.44211e+07,-135.38,-68.28
6.44247e+07,-131.15,-68.28
6.44283e+07,-123.16,-68.28
6.44318e+07,-126.08,-68.29
6.44354e+07,-123.42,-68.29
6.4439e+07,-119.88,-68.29
6.44426e+07,-123.76,-68.29
6.44462e+07,-130.45,-68.29
6.44498e+07,-124.12,-68.29
6.44534e+07,-121.84,-68.29
6.4457e+07,-116.89,-68.29
6.44606e+07,-116.93,-68.29
6.44642e+07,-122.22,-68.29
6.44678e+07,-121.68,-68.29
6.44714e+07,-123.84,-68.29
6.44749e+07,-129.55,-68.29
6.44785e+07,-122.38,-68.29
6.44821e+07,-120.90,-68.29
6.44857e+07,-125.05,-68.29
6.44893e+07,-133.08,-68.29
6.44929e+07,-137.69,-68.29
6.44965e+07,-126.92,-68.29
6.45001e+07,-124.48,-68.30
6.45037e+07,-127.31,-68.30
6.45073e+07,-132.95,-68.30
6.45109e+07,-141.67,-68.30
6.45145e+07,-129.95,-68.30
6.4518e+07,-126.15,-68.30
6.45216e+07,-126.64,-68.30
6.45252e+07,-130.17,-68.30
6.45288e+07,-140.76,-68.30
6.45324e+07,-125.39,-68.30
6.4536e+07,-119.80,-68.30
6.45396e+07,-118.76,-68.30
6.45432e+07,-124.06,-68.30
6.45468e+07,-137.76,-68.30
6.45504e+07,-126.07,-68.30
6.4554e+07,-127.15,-68.30
6.45576e+07,-124.73,-68.30
6.45611e+07,-121.33,-68.30
6.45647e+07,-125.15,-68.30
6.45683e+07,-126.68,-68.31
6.45719e+07,-126.15,-68.31
6.45755e+07,-121.53,-68.31
6.45791e+07,-123.08,-68.31
6.45827e+07,-128.39,-68.31
6.45863e+07,-130.97,-68.31
6.45899e+07,-121.60,-68.31
6.45935e+07,-121.87,-68.31
6.45971e+07,-142.14,-68.31
6.46007e+07,-129.50,-68.31
6.46042e+07,-134.51,-68.31
6.46078e+07,-124.76,-68.31
6.46114e+07,-123.10,-68.31
6.4615e+07,-130.31,-68.31
6.46186e+07,-126.12,-68.31
6.46222e+07,-129.14,-68.31
6.46258e+07,-129.98,-68.31
6.46294e+07,-125.90,-68.31
6.4633e+07,-130.08,-68.31
6.46366e+07,-136.90,-68.32
6.46402e+07,-126.42,-68.32
6.46438e+07,-133.47,-68.32
6.46473e+07,-127.79,-68.32
6.46509e+07,-123.20,-68.32
6.46545e+07,-127.24,-68.32
6.46581e+07,-126.67,-68.32
6.46617e+07,-126.14,-68.32
6.46653e+07,-134.04,-68.32
6.46689e+07,-134.73,-68.32
6.46725e+07,-133.75,-68.32
6.46761e+07,-125.36,-68.32
6.46797e+07,-124.43,-68.32
6.46833e+07,-127.47,-68.32
6.46869e+07,-126.44,-68.32
6.46905e+07,-141.55,-68.32
6.4694e+07,-124.75,-68.32
6.46976e+07,-127.16,-68.32
6.47012e+07,-132.50,-68.32
6.47048e+07,-125.97,-68.33
6.47084e+07,-122.99,-68.33
6.4712e+07,-130.76,-68.33
6.47156e+07,-138.51,-68.33
6.47192e+07,-144.32,-68.33
6.47228e+07,-120.70,-68.33
6.47264e+07,-119.16,-68.33
6.473e+07,-123.31,-68.33
6.47336e+07,-120.46,-68.33
6.47371e+07,-122.36,-68.33
6.47407e+07,-119.73,-68.33
6.47443e+07,-124.42,-68.33
6.47479e+07,-132.54,-68.33
6.47515e+07,-119.73,-68.33
6.47551e+07,-116.52,-68.33
6.47587e+07,-118.32,-68.33
6.47623e+07,-113.12,-68.33
6.47659e+07,-106.82,-68.33
6.47695e+07,-104.61,-68.33
6.47731e+07,-109.32,-68.34
6.47767e+07,-106.02,-68.34
6.47802e+07,-107.57,-68.34
6.47838e+07,-112.15,-68.34
6.47874e+07,-116.27,-68.34
6.4791e+07,-116.26,-68.34
6.47946e+07,-117.43,-68.34
6.47982e+07,-122.75,-68.34
6.48018e+07,-117.32,-68.34
6.48054e+07,-114.80,-68.34
6.4809e+07,-121.38,-68.34
6.48126e+07,-117.52,-68.34
6.48162e+07,-119.91,-68.34
6.48198e+07,-127.93,-68.34
6.48233e+07,-125.18,-68.34
6.48269e+07,-121.73,-68.34
6.48305e+07,-137.31,-68.34
6.48341e+07,-121.35,-68.34
6.48377e+07,-117.84,-68.34
6.48413e+07,-124.36,-68.35
6.48449e+07,-126.19,-68.35
6.48485e+07,-123.42,-68.35
6.48521e+07,-120.24,-68.35
6.48557e+07,-121.35,-68.35
6.48593e+07,-130.04,-68.35
6.48629e+07,-127.48,-68.35
6.48664e+07,-122.63,-68.35
6.487e+07,-123.37,-68.35
6.48736e+07,-123.78,-68.35
6.48772e+07,-123.54,-68.35
6.48808e+07,-129.72,-68.35
6.48844e+07,-127.00,-68.35
6.4888e+07,-121.91,-68.35
6.48916e+07,-121.53,-68.35
6.48952e+07,-117.47,-68.35
6.48988e+07,-116.78,-68.35
6.49024e+07,-131.92,-68.35
6.4906e+07,-120.56,-68.35
6.49095e+07,-122.00,-68.36
6.49131e+07,-121.44,-68.36
6.49167e+07,-126.77,-68.36
6.49203e+07,-128.33,-68.36
6.49239e+07,-118.23,-68.36
6.49275e+07,-116.99,-68.36
6.49311e+07,-118.66,-68.36
6.49347e+07,-121.81,-68.36
6.49383e+07,-122.66,-68.36
6.49419e+07,-127.83,-68.36
6.49455e+07,-131.36,-68.36
6.49491e+07,-121.83,-68.36
6.49526e+07,-119.35,-68.36
6.49562e+07,-120.38,-68.36
6.49598e+07,-125.16,-68.36
6.49634e+07,-133.42,-68.36
6.4967e+07,-125.27,-68.36
6.49706e+07,-126.34,-68.36
6.49742e+07,-125.30,-68.37
6.49778e+07,-121.83,-68.37
6.49814e+07,-134.65,-68.37
6.4985e+07,-125.80,-68.37
6.49886e+07,-140.14,-68.37
6.49922e+07,-127.74,-68.37
6.49957e+07,-130.40,-68.37
6.49993e+07,-127.61,-68.37
6.50029e+07,-127.09,-68.37
6.50065e+07,-127.51,-68.37
6.50101e+07,-124.54,-68.37
6.50137e+07,-123.80,-68.37
6.50173e+07,-129.76,-68.37
6.50209e+07,-133.41,-68.37
6.50245e+07,-119.73,-68.37
6.50281e+07,-119.66,-68.37
6.50317e+07,-122.58,-68.37
6.50353e+07,-122.38,-68.37
6.50388e+07,-118.45,-68.37
6.50424e+07,-117.89,-68.38
6.5046e+07,-132.99,-68.38
6.50496e+07,-126.06,-68.38
6.50532e+07,-122.99,-68.38
6.50568e+07,-125.91,-68.38
6.50604e+07,-128.17,-68.38
6.5064e+07,-125.07,-68.38
6.50676e+07,-129.79,-68.38
6.50712e+07,-136.67,-68.38
6.50748e+07,-134.69,-68.38
6.50784e+07,-132.42,-68.38
6.50819e+07,-128.92,-68.38
6.50855e+07,-126.30,-68.38
6.50891e+07,-128.69,-68.38
6.50927e+07,-134.22,-68.38
6.50963e+07,-142.86,-68.38
6.50999e+07,-124.66,-68.38
6.51035e+07,-123.85,-68.38
6.51071e+07,-127.96,-68.38
6.51107e+07,-127.97,-68.39
6.51143e+07,-126.24,-68.39
6.51179e+07,-121.13,-68.39
6.51215e+07,-120.81,-68.39
6.5125e+07,-118.44,-68.39
6.51286e+07,-119.73,-68.39
6.51322e+07,-124.77,-68.39
6.51358e+07,-125.92,-68.39
6.51394e+07,-124.64,-68.39
6.5143e+07,-124.57,-68.39
6.51466e+07,-124.44,-68.39
6.51502e+07,-121.36,-68.39
6.51538e+07,-122.93,-68.39
6.51574e+07,-126.80,-68.39
6.5161e+07,-119.40,-68.39
6.51646e+07,-118.59,-68.39
6.51681e+07,-128.46,-68.39
6.51717e+07,-124.57,-68.39
6.51753e+07,-142.48,-68.39
6.51789e+07,-122.06,-68.39
6.51825e+07,-125.24,-68.40
6.51861e+07,-124.64,-68.40
6.51897e+07,-122.92,-68.40
6.51933e+07,-132.97,-68.40
6.51969e+07,-137.08,-68.40
6.52005e+07,-126.11,-68.40
6.52041e+07,-127.81,-68.40
6.52077e+07,-120.96,-68.40
6.52112e+07,-118.04,-68.40
6.52148e+07,-118.11,-68.40
6.52184e+07,-121.50,-68.40
6.5222e+07,-116.51,-68.40
6.52256e+07,-125.54,-68.40
6.52292e+07,-126.43,-68.40
6.52328e+07,-118.50,-68.40
6.52364e+07,-112.78,-68.40
6.524e+07,-112.65,-68.40
6.52436e+07,-110.48,-68.40
6.52472e+07,-110.22,-68.40
6.52508e+07,-108.12,-68.41
6.52543e+07,-111.21,-68.41
6.52579e+07,-128.93,-68.41
6.52615e+07,-120.20,-68.41
6.52651e+07,-109.26,-68.41
6.52687e+07,-107.66,-68.41
6.52723e+07,-105.16,-68.41
6.52759e+07,-106.51,-68.41
6.52795e+07,-111.13,-68.41
6.52831e+07,-122.49,-68.41
6.52867e+07,-118.38,-68.41
6.52903e+07,-111.58,-68.41
6.52939e+07,-107.87,-68.41
6.52975e+07,-110.65,-68.41
6.5301e+07,-112.38,-68.41
6.53046e+07,-113.50,-68.41
6.53082e+07,-112.28,-68.41
6.53118e+07,-118.88,-68.41
6.53154e+07,-131.94,-68.41
6.5319e+07,-118.10,-68.42
6.53226e+07,-113.46,-68.42
6.53262e+07,-122.57,-68.42
6.53298e+07,-118.32,-68.42
6.53334e+07,-121.58,-68.42
6.5337e+07,-127.56,-68.42
6.53406e+07,-118.08,-68.42
6.53441e+07,-115.42,-68.42
6.53477e+07,-123.66,-68.42
6.53513e+07,-131.32,-68.42
6.53549e+07,-127.69,-68.42
6.53585e+07,-124.85,-68.42
6.53621e+07,-122.75,-68.42
6.53657e+07,-124.48,-68.42
6.53693e+07,-132.00,-68.42
6.53729e+07,-124.99,-68.42
6.53765e+07,-127.85,-68.42
6.53801e+07,-123.90,-68.42
6.53837e+07,-119.37,-68.42
6.53872e+07,-121.29,-68.43
6.53908e+07,-121.06,-68.43
6.53944e+07,-125.56,-68.43
6.5398e+07,-125.10,-68.43
6.54016e+07,-124.74,-68.43
6.54052e+07,-127.62,-68.43
6.54088e+07,-123.66,-68.43
6.54124e+07,-127.79,-68.43
6.5416e+07,-132.62,-68.43
6.54196e+07,-129.88,-68.43
6.54232e+07,-129.14,-68.43
6.54268e+07,-124.04,-68.43
6.54303e+07,-121.02,-68.43
6.54339e+07,-128.21,-68.43
6.54375e+07,-128.66,-68.43
6.54411e+07,-124.81,-68.43
6.54447e+07,-117.40,-68.43
6.54483e+07,-122.50,-68.43
6.54519e+07,-132.71,-68.43
6.54555e+07,-124.64,-68.44
6.54591e+07,-121.82,-68.44
6.54627e+07,-131.06,-68.44
6.54663e+07,-127.42,-68.44
6.54699e+07,-138.49,-68.44
6.54734e+07,-123.98,-68.44
6.5477e+07,-125.14,-68.44
6.54806e+07,-136.22,-68.44
6.54842e+07,-136.25,-68.44
6.54878e+07,-125.97,-68.44
6.54914e+07,-133.70,-68.44
6.5495e+07,-136.24,-68.44
6.54986e+07,-132.34,-68.44
6.55022e+07,-125.83,-68.44
6.55058e+07,-124.88,-68.44
6.55094e+07,-127.50,-68.44
6.5513e+07,-130.20,-68.44
6.55165e+07,-136.44,-68.44
6.55201e+07,-133.89,-68.44
6.55237e+07,-137.20,-68.45
6.55273e+07,-123.72,-68.45
6.55309e+07,-120.05,-68.45
6.55345e+07,-120.04,-68.45
6.55381e+07,-119.44,-68.45
6.55417e+07,-126.41,-68.45
6.55453e+07,-134.07,-68.45
6.55489e+07,-136.17,-68.45
6.55525e+07,-133.51,-68.45
6.55561e+07,-139.14,-68.45
6.55596e+07,-130.36,-68.45
6.55632e+07,-129.67,-68.45
6.55668e+07,-129.69,-68.45
6.55704e+07,-125.23,-68.45
6.5574e+07,-123.10,-68.45
6.55776e+07,-124.45,-68.45
6.55812e+07,-131.22,-68.45
6.55848e+07,-125.75,-68.45
6.55884e+07,-124.69,-68.45
6.5592e+07,-142.18,-68.46
6.55956e+07,-129.45,-68.46
6.55992e+07,-126.45,-68.46
6.56027e+07,-126.41,-68.46
6.56063e+07,-135.10,-68.46
6.56099e+07,-123.12,-68.46
6.56135e+07,-121.81,-68.46
6.56171e+07,-123.23,-68.46
6.56207e+07,-127.71,-68.46
6.56243e+07,-152.34,-68.46
6.56279e+07,-126.40,-68.46
6.56315e+07,-118.00,-68.46
6.56351e+07,-115.78,-68.46
6.56387e+07,-115.87,-68.46
6.56423e+07,-119.94,-68.46
6.56458e+07,-121.58,-68.46
6.56494e+07,-127.76,-68.46
6.5653e+07,-123.01,-68.46
6.56566e+07,-120.88,-68.46
6.56602e+07,-123.51,-68.47
6.56638e+07,-130.65,-68.47
6.56674e+07,-127.50,-68.47
6.5671e+07,-126.77,-68.47
6.56746e+07,-120.56,-68.47
6.56782e+07,-121.36,-68.47
6.56818e+07,-120.95,-68.47
6.56854e+07,-121.17,-68.47
6.56889e+07,-123.33,-68.47
6.56925e+07,-118.47,-68.47
6.56961e+07,-126.14,-68.47
6.56997e+07,-116.28,-68.47
6.57033e+07,-113.55,-68.47
6.57069e+07,-117.45,-68.47
6.57105e+07,-122.55,-68.47
6.57141e+07,-119.48,-68.47
6.57177e+07,-121.39,-68.47
6.57213e+07,-119.52,-68.47
6.57249e+07,-121.83,-68.47
6.57285e+07,-122.95,-68.47
6.5732e+07,-118.45,-68.48
6.57356e+07,-123.42,-68.48
6.57392e+07,-112.35,-68.48
6.57428e+07,-114.78,-68.48
6.57464e+07,-120.36,-68.48
6.575e+07,-114.25,-68.48
6.57536e+07,-112.65,-68.48
6.57572e+07,-112.80,-68.48
6.57608e+07,-108.38,-68.48
6.57644e+07,-103.58,-68.48
6.5768e+07,-100.91,-68.48
6.57716e+07,-105.83,-68.48
6.57751e+07,-101.92,-68.48
6.57787e+07,-103.43,-68.48
6.57823e+07,-106.84,-68.48
6.57859e+07,-111.29,-68.48
6.57895e+07,-110.15,-68.48
6.57931e+07,-113.38,-68.48
6.57967e+07,-118.85,-68.48
6.58003e+07,-113.13,-68.49
6.58039e+07,-111.84,-68.49
6.58075e+07,-121.95,-68.49
6.58111e+07,-118.78,-68.49
6.58147e+07,-118.17,-68.49
6.58182e+07,-120.41,-68.49
6.58218e+07,-121.01,-68.49
6.58254e+07,-119.79,-68.49
6.5829e+07,-124.44,-68.49
6.58326e+07,-130.02,-68.49
6.58362e+07,-121.18,-68.49
6.58398e+07,-118.61,-68.49
6.58434e+07,-119.03,-68.49
6.5847e+07,-138.90,-68.49
6.58506e+07,-130.25,-68.49
6.58542e+07,-128.38,-68.49
6.58578e+07,-122.16,-68.49
6.58614e+07,-125.29,-68.49
6.58649e+07,-123.37,-68.49
6.58685e+07,-119.64,-68.50
6.58721e+07,-118.01,-68.50
6.58757e+07,-116.29,-68.50
6.58793e+07,-119.80,-68.50
6.58829e+07,-121.59,-68.50
6.58865e+07,-129.40,-68.50
6.58901e+07,-121.94,-68.50
6.58937e+07,-122.08,-68.50
6.58973e+07,-123.81,-68.50
6.59009e+07,-118.63,-68.50
6.59045e+07,-133.93,-68.50
6.5908e+07,-119.19,-68.50
6.59116e+07,-117.51,-68.50
6.59152e+07,-117.52,-68.50
6.59188e+07,-121.74,-68.50
6.59224e+07,-143.04,-68.50
6.5926e+07,-122.16,-68.50
6.59296e+07,-127.77,-68.50
6.59332e+07,-120.24,-68.50
6.59368e+07,-130.93,-68.51
6.59404e+07,-142.10,-68.51
6.5944e+07,-126.92,-68.51
6.59476e+07,-141.45,-68.51
6.59511e+07,-121.75,-68.51
6.59547e+07,-134.49,-68.51
6.59583e+07,-120.60,-68.51
6.59619e+07,-120.45,-68.51
6.59655e+07,-134.28,-68.51
6.59691e+07,-121.53,-68.51
6.59727e+07,-124.13,-68.51
6.59763e+07,-128.64,-68.51
6.59799e+07,-129.39,-68.51
6.59835e+07,-133.49,-68.51
6.59871e+07,-132.42,-68.51
6.59907e+07,-136.91,-68.51
6.59942e+07,-131.44,-68.51
6.59978e+07,-126.06,-68.51
6.60014e+07,-132.56,-68.51
6.6005e+07,-144.70,-68.51
6.60086e+07,-137.77,-68.52
6.60122e+07,-129.32,-68.52
6.60158e+07,-126.65,-68.52
6.60194e+07,-124.83,-68.52
6.6023e+07,-125.84,-68.52
6.60266e+07,-123.56,-68.52
6.60302e+07,-120.88,-68.52
6.60338e+07,-129.36,-68.52
6.60373e+07,-121.84,-68.52
6.60409e+07,-123.45,-68.52
6.60445e+07,-126.60,-68.52
6.60481e+07,-121.29,-68.52
6.60517e+07,-127.35,-68.52
6.60553e+07,-127.62,-68.52
6.60589e+07,-126.86,-68.52
6.60625e+07,-130.16,-68.52
6.60661e+07,-123.98,-68.52
6.60697e+07,-126.94,-68.52
6.60733e+07,-126.39,-68.52
6.60769e+07,-125.88,-68.53
6.60804e+07,-130.09,-68.53
6.6084e+07,-132.67,-68.53
6.60876e+07,-136.97,-68.53
6.60912e+07,-126.41,-68.53
6.60948e+07,-124.40,-68.53
6.60984e+07,-127.61,-68.53
6.6102e+07,-141.40,-68.53
6.61056e+07,-124.55,-68.53
6.61092e+07,-126.26,-68.53
6.61128e+07,-130.36,-68.53
6.61164e+07,-121.11,-68.53
6.612e+07,-119.54,-68.53
6.61235e+07,-119.98,-68.53
6.61271e+07,-121.94,-68.53
6.61307e+07,-124.98,-68.53
6.61343e+07,-123.04,-68.53
6.61379e+07,-124.10,-68.53
6.61415e+07,-127.98,-68.53
6.61451e+07,-120.23,-68.53
6.61487e+07,-117.09,-68.54
6.61523e+07,-119.29,-68.54
6.61559e+07,-120.82,-68.54
6.61595e+07,-118.36,-68.54
6.61631e+07,-126.50,-68.54
6.61666e+07,-121.65,-68.54
6.61702e+07,-120.28,-68.54
6.61738e+07,-135.82,-68.54
6.61774e+07,-122.06,-68.54
6.6181e+07,-125.85,-68.54
6.61846e+07,-121.06,-68.54
6.61882e+07,-121.62,-68.54
6.61918e+07,-122.28,-68.54
6.61954e+07,-119.54,-68.54
6.6199e+07,-122.79,-68.54
6.62026e+07,-130.76,-68.54
6.62062e+07,-124.35,-68.54
6.62097e+07,-123.12,-68.54
6.62133e+07,-120.27,-68.54
6.62169e+07,-119.21,-68.55
6.62205e+07,-114.88,-68.55
6.62241e+07,-120.90,-68.55
6.62277e+07,-122.51,-68.55
6.62313e+07,-125.40,-68.55
6.62349e+07,-113.45,-68.55
6.62385e+07,-112.19,-68.55
6.62421e+07,-110.93,-68.55
6.62457e+07,-110.99,-68.55
6.62493e+07,-107.43,-68.55
6.62528e+07,-111.56,-68.55
6.62564e+07,-125.07,-68.55
6.626e+07,-123.33,-68.55
6.62636e+07,-110.33,-68.55
6.62672e+07,-106.27,-68.55
6.62708e+07,-105.12,-68.55
6.62744e+07,-107.06,-68.55
6.6278e+07,-110.31,-68.55
6.62816e+07,-128.70,-68.55
6.62852e+07,-120.58,-68.56
6.62888e+07,-114.56,-68.56
6.62924e+07,-108.80,-68.56
6.62959e+07,-110.00,-68.56
6.62995e+07,-111.84,-68.56
6.63031e+07,-114.00,-68.56
6.63067e+07,-112.56,-68.56
6.63103e+07,-115.52,-68.56
6.63139e+07,-117.97,-68.56
6.63175e+07,-116.85,-68.56
6.63211e+07,-118.82,-68.56
6.63247e+07,-122.06,-68.56
6.63283e+07,-117.20,-68.56
6.63319e+07,-120.91,-68.56
6.63355e+07,-118.85,-68.56
6.6339e+07,-122.55,-68.56
6.63426e+07,-122.06,-68.56
6.63462e+07,-118.57,-68.56
6.63498e+07,-119.49,-68.56
6.63534e+07,-134.64,-68.56
6.6357e+07,-123.64,-68.57
6.63606e+07,-115.20,-68.57
6.63642e+07,-115.90,-68.57
6.63678e+07,-123.79,-68.57
6.63714e+07,-134.53,-68.57
6.6375e+07,-128.47,-68.57
6.63786e+07,-120.35,-68.57
6.63821e+07,-118.54,-68.57
6.63857e+07,-119.97,-68.57
6.63893e+07,-120.50,-68.57
6.63929e+07,-124.77,-68.57
6.63965e+07,-129.52,-68.57
6.64001e+07,-123.02,-68.57
6.64037e+07,-121.93,-68.57
6.64073e+07,-137.22,-68.57
6.64109e+07,-123.87,-68.57
6.64145e+07,-126.45,-68.57
6.64181e+07,-123.12,-68.57
6.64217e+07,-123.84,-68.57
6.64253e+07,-123.71,-68.58
6.64288e+07,-128.42,-68.58
6.64324e+07,-123.61,-68.58
6.6436e+07,-117.48,-68.58
6.64396e+07,-116.93,-68.58
6.64432e+07,-126.94,-68.58
6.64468e+07,-124.21,-68.58
6.64504e+07,-128.32,-68.58
6.6454e+07,-130.02,-68.58
6.64576e+07,-123.70,-68.58
6.64612e+07,-124.27,-68.58
6.64648e+07,-120.00,-68.58
6.64684e+07,-122.27,-68.58
6.64719e+07,-130.27,-68.58
6.64755e+07,-123.07,-68.58
6.64791e+07,-129.94,-68.58
6.64827e+07,-120.28,-68.58
6.64863e+07,-122.24,-68.58
6.64899e+07,-131.74,-68.58
6.64935e+07,-124.00,-68.58
6.64971e+07,-122.18,-68.59
6.65007e+07,-123.21,-68.59
6.65043e+07,-127.72,-68.59
6.65079e+07,-129.68,-68.59
6.65115e+07,-133.94,-68.59
6.6515e+07,-137.65,-68.59
6.65186e+07,-130.48,-68.59
6.65222e+07,-131.39,-68.59
6.65258e+07,-136.29,-68.59
6.65294e+07,-124.63,-68.59
6.6533e+07,-119.83,-68.59
6.65366e+07,-123.74,-68.59
6.65402e+07,-127.69,-68.59
6.65438e+07,-126.20,-68.59
6.65474e+07,-141.12,-68.59
6.6551e+07,-124.82,-68.59
6.65546e+07,-126.68,-68.59
6.65581e+07,-120.15,-68.59
6.65617e+07,-125.43,-68.59
6.65653e+07,-126.04,-68.60
6.65689e+07,-129.35,-68.60
6.65725e+07,-124.66,-68.60
6.65761e+07,-126.27,-68.60
6.65797e+07,-121.59,-68.60
6.65833e+07,-121.19,-68.60
6.65869e+07,-125.16,-68.60
6.65905e+07,-125.14,-68.60
6.65941e+07,-124.63,-68.60
6.65977e+07,-138.13,-68.60
6.66012e+07,-124.69,-68.60
6.66048e+07,-123.12,-68.60
6.66084e+07,-127.78,-68.60
6.6612e+07,-135.02,-68.60
6.66156e+07,-130.86,-68.60
6.66192e+07,-132.69,-68.60
6.66228e+07,-143.07,-68.60
6.66264e+07,-123.03,-68.60
6.663e+07,-118.50,-68.60
6.66336e+07,-119.47,-68.60
6.66372e+07,-125.44,-68.61
6.66408e+07,-128.39,-68.61
6.66443e+07,-120.50,-68.61
6.66479e+07,-122.86,-68.61
6.66515e+07,-127.62,-68.61
6.66551e+07,-131.09,-68.61
6.66587e+07,-131.00,-68.61
6.66623e+07,-128.06,-68.61
6.66659e+07,-126.75,-68.61
6.66695e+07,-129.25,-68.61
6.66731e+07,-125.49,-68.61
6.66767e+07,-127.86,-68.61
6.66803e+07,-125.00,-68.61
6.66839e+07,-124.27,-68.61
6.66874e+07,-130.36,-68.61
6.6691e+07,-120.45,-68.61
6.66946e+07,-118.93,-68.61
6.66982e+07,-123.55,-68.61
6.67018e+07,-125.55,-68.61
6.67054e+07,-135.20,-68.62
6.6709e+07,-125.44,-68.62
6.67126e+07,-129.98,-68.62
6.67162e+07,-127.90,-68.62
6.67198e+07,-126.44,-68.62
6.67234e+07,-130.10,-68.62
6.6727e+07,-128.77,-68.62
6.67305e+07,-121.39,-68.62
6.67341e+07,-124.08,-68.62
6.67377e+07,-129.31,-68.62
6.67413e+07,-126.61,-68.62
6.67449e+07,-128.46,-68.62
6.67485e+07,-120.49,-68.62
6.67521e+07,-121.65,-68.62
6.67557e+07,-119.30,-68.62
6.67593e+07,-113.84,-68.62
6.67629e+07,-108.37,-68.62
6.67665e+07,-105.95,-68.62
6.67701e+07,-111.56,-68.62
6.67736e+07,-107.56,-68.62
6.67772e+07,-108.28,-68.63
6.67808e+07,-112.58,-68.63
6.67844e+07,-119.37,-68.63
6.6788e+07,-117.77,-68.63
6.67916e+07,-117.91,-68.63
6.67952e+07,-122.60,-68.63
6.67988e+07,-125.83,-68.63
6.68024e+07,-121.91,-68.63
6.6806e+07,-124.14,-68.63
6.68096e+07,-150.44,-68.63
6.68132e+07,-134.29,-68.63
6.68167e+07,-132.67,-68.63
6.68203e+07,-129.82,-68.63
6.68239e+07,-130.98,-68.63
6.68275e+07,-133.32,-68.63
6.68311e+07,-137.67,-68.63
6.68347e+07,-129.35,-68.63
6.68383e+07,-126.12,-68.63
6.68419e+07,-133.28,-68.63
6.68455e+07,-128.92,-68.63
6.68491e+07,-131.98,-68.64
6.68527e+07,-128.82,-68.64
6.68563e+07,-142.48,-68.64
6.68598e+07,-130.32,-68.64
6.68634e+07,-128.48,-68.64
6.6867e+07,-124.03,-68.64
6.68706e+07,-131.70,-68.64
6.68742e+07,-122.65,-68.64
6.68778e+07,-122.87,-68.64
6.68814e+07,-124.88,-68.64
6.6885e+07,-124.03,-68.64
6.68886e+07,-126.84,-68.64
6.68922e+07,-129.17,-68.64
6.68958e+07,-147.33,-68.64
6.68994e+07,-125.06,-68.64
6.69029e+07,-121.58,-68.64
6.69065e+07,-127.75,-68.64
6.69101e+07,-130.16,-68.64
6.69137e+07,-126.71,-68.64
6.69173e+07,-129.07,-68.65
6.69209e+07,-130.18,-68.65
6.69245e+07,-124.32,-68.65
6.69281e+07,-124.65,-68.65
6.69317e+07,-131.95,-68.65
6.69353e+07,-135.54,-68.65
6.69389e+07,-126.63,-68.65
6.69425e+07,-132.65,-68.65
6.6946e+07,-129.07,-68.65
6.69496e+07,-123.50,-68.65
6.69532e+07,-127.62,-68.65
6.69568e+07,-126.81,-68.65
6.69604e+07,-129.35,-68.65
6.6964e+07,-131.54,-68.65
6.69676e+07,-130.03,-68.65
6.69712e+07,-134.56,-68.65
6.69748e+07,-130.76,-68.65
6.69784e+07,-125.12,-68.65
6.6982e+07,-128.77,-68.65
6.69856e+07,-129.18,-68.65
6.69892e+07,-124.74,-68.66
6.69927e+07,-124.06,-68.66
6.69963e+07,-141.44,-68.66
6.69999e+07,-137.82,-68.66
6.70035e+07,-131.12,-68.66
6.70071e+07,-126.34,-68.66
6.70107e+07,-129.04,-68.66
6.70143e+07,-125.41,-68.66
6.70179e+07,-122.67,-68.66
6.70215e+07,-126.67,-68.66
6.70251e+07,-137.70,-68.66
6.70287e+07,-129.19,-68.66
6.70323e+07,-122.77,-68.66
6.70358e+07,-123.69,-68.66
6.70394e+07,-130.22,-68.66
6.7043e+07,-134.67,-68.66
6.70466e+07,-132.63,-68.66
6.70502e+07,-130.19,-68.66
6.70538e+07,-129.92,-68.66
6.70574e+07,-137.54,-68.66
6.7061e+07,-134.12,-68.67
6.70646e+07,-136.44,-68.67
6.70682e+07,-132.63,-68.67
6.70718e+07,-136.34,-68.67
6.70754e+07,-131.82,-68.67
6.70789e+07,-126.06,-68.67
6.70825e+07,-127.81,-68.67
6.70861e+07,-124.87,-68.67
6.70897e+07,-125.87,-68.67
6.70933e+07,-130.28,-68.67
6.70969e+07,-139.76,-68.67
6.71005e+07,-124.16,-68.67
6.71041e+07,-120.35,-68.67
6.71077e+07,-126.82,-68.67
6.71113e+07,-129.78,-68.67
6.71149e+07,-135.29,-68.67
6.71185e+07,-135.91,-68.67
6.7122e+07,-132.83,-68.67
6.71256e+07,-130.29,-68.67
6.71292e+07,-130.79,-68.68
6.71328e+07,-129.45,-68.68
6.71364e+07,-126.67,-68.68
6.714e+07,-135.32,-68.68
6.71436e+07,-132.94,-68.68
6.71472e+07,-130.62,-68.68
6.71508e+07,-138.36,-68.68
6.71544e+07,-139.64,-68.68
6.7158e+07,-135.09,-68.68
6.71616e+07,-126.03,-68.68
6.71651e+07,-126.09,-68.68
6.71687e+07,-135.92,-68.68
6.71723e+07,-123.41,-68.68
6.71759e+07,-123.59,-68.68
6.71795e+07,-129.02,-68.68
6.71831e+07,-134.59,-68.68
6.71867e+07,-129.85,-68.68
6.71903e+07,-133.92,-68.68
6.71939e+07,-133.19,-68.68
6.71975e+07,-130.26,-68.68
6.72011e+07,-127.76,-68.69
6.72047e+07,-126.55,-68.69
6.72082e+07,-124.16,-68.69
6.72118e+07,-124.83,-68.69
6.72154e+07,-136.76,-68.69
6.7219e+07,-125.18,-68.69
6.72226e+07,-126.88,-68.69
6.72262e+07,-135.79,-68.69
6.72298e+07,-134.71,-68.69
6.72334e+07,-123.02,-68.69
6.7237e+07,-121.29,-68.69
6.72406e+07,-126.22,-68.69
6.72442e+07,-127.31,-68.69
6.72478e+07,-123.93,-68.69
6.72513e+07,-126.87,-68.69
6.72549e+07,-129.60,-68.69
6.72585e+07,-126.73,-68.69
6.72621e+07,-128.10,-68.69
6.72657e+07,-123.71,-68.69
6.72693e+07,-123.86,-68.69
6.72729e+07,-126.09,-68.70
6.72765e+07,-126.76,-68.70
6.72801e+07,-133.21,-68.70
6.72837e+07,-126.06,-68.70
6.72873e+07,-120.11,-68.70
6.72909e+07,-121.14,-68.70
6.72944e+07,-124.20,-68.70
6.7298e+07,-127.38,-68.70
6.73016e+07,-132.17,-68.70
6.73052e+07,-134.75,-68.70
6.73088e+07,-128.20,-68.70
6.73124e+07,-141.09,-68.70
6.7316e+07,-124.00,-68.70
6.73196e+07,-124.72,-68.70
6.73232e+07,-125.54,-68.70
6.73268e+07,-124.80,-68.70
6.73304e+07,-123.97,-68.70
6.7334e+07,-126.30,-68.70
6.73375e+07,-132.10,-68.70
6.73411e+07,-123.57,-68.71
6.73447e+07,-123.72,-68.71
6.73483e+07,-123.35,-68.71
6.73519e+07,-130.76,-68.71
6.73555e+07,-130.10,-68.71
6.73591e+07,-125.55,-68.71
6.73627e+07,-127.11,-68.71
6.73663e+07,-127.48,-68.71
6.73699e+07,-125.73,-68.71
6.73735e+07,-124.15,-68.71
6.73771e+07,-125.90,-68.71
6.73806e+07,-133.23,-68.71
6.73842e+07,-127.85,-68.71
6.73878e+07,-123.89,-68.71
6.73914e+07,-124.85,-68.71
6.7395e+07,-122.78,-68.71
6.73986e+07,-125.29,-68.71
6.74022e+07,-133.74,-68.71
6.74058e+07,-125.18,-68.71
6.74094e+07,-125.30,-68.71
6.7413e+07,-127.34,-68.72
6.74166e+07,-128.31,-68.72
6.74202e+07,-125.19,-68.72
6.74237e+07,-124.96,-68.72
6.74273e+07,-124.36,-68.72
6.74309e+07,-125.07,-68.72
6.74345e+07,-128.22,-68.72
6.74381e+07,-131.04,-68.72
6.74417e+07,-132.69,-68.72
6.74453e+07,-130.13,-68.72
6.74489e+07,-135.49,-68.72
6.74525e+07,-119.84,-68.72
6.74561e+07,-119.28,-68.72
6.74597e+07,-127.71,-68.72
6.74633e+07,-135.49,-68.72
6.74668e+07,-134.85,-68.72
6.74704e+07,-127.12,-68.72
6.7474e+07,-123.06,-68.72
6.74776e+07,-125.70,-68.72
6.74812e+07,-128.36,-68.72
6.74848e+07,-123.35,-68.73
6.74884e+07,-123.08,-68.73
6.7492e+07,-124.33,-68.73
6.74956e+07,-125.29,-68.73
6.74992e+07,-133.12,-68.73
6.75028e+07,-136.05,-68.73
6.75064e+07,-129.20,-68.73
6.75099e+07,-133.64,-68.73
6.75135e+07,-132.02,-68.73
6.75171e+07,-131.47,-68.73
6.75207e+07,-141.00,-68.73
6.75243e+07,-137.80,-68.73
6.75279e+07,-141.78,-68.73
6.75315e+07,-136.99,-68.73
6.75351e+07,-142.07,-68.73
6.75387e+07,-135.25,-68.73
6.75423e+07,-126.65,-68.73
6.75459e+07,-132.53,-68.73
6.75495e+07,-137.22,-68.73
6.75531e+07,-137.95,-68.73
6.75566e+07,-128.83,-68.74
6.75602e+07,-126.54,-68.74
6.75638e+07,-127.64,-68.74
6.75674e+07,-136.43,-68.74
6.7571e+07,-136.42,-68.74
6.75746e+07,-133.42,-68.74
6.75782e+07,-139.63,-68.74
6.75818e+07,-124.97,-68.74
6.75854e+07,-126.16,-68.74
6.7589e+07,-136.92,-68.74
6.75926e+07,-136.69,-68.74
6.75962e+07,-141.05,-68.74
6.75997e+07,-129.80,-68.74
6.76033e+07,-144.80,-68.74
6.76069e+07,-131.28,-68.74
6.76105e+07,-124.16,-68.74
6.76141e+07,-125.09,-68.74
6.76177e+07,-133.19,-68.74
6.76213e+07,-138.55,-68.74
6.76249e+07,-140.78,-68.74
6.76285e+07,-125.76,-68.75
6.76321e+07,-123.09,-68.75
6.76357e+07,-125.67,-68.75
6.76393e+07,-129.54,-68.75
6.76428e+07,-126.19,-68.75
6.76464e+07,-124.40,-68.75
6.765e+07,-123.80,-68.75
6.76536e+07,-122.17,-68.75
6.76572e+07,-123.15,-68.75
6.76608e+07,-127.27,-68.75
6.76644e+07,-129.81,-68.75
6.7668e+07,-133.95,-68.75
6.76716e+07,-127.49,-68.75
6.76752e+07,-129.58,-68.75
6.76788e+07,-131.51,-68.75
6.76824e+07,-125.16,-68.75
6.76859e+07,-131.99,-68.75
6.76895e+07,-137.58,-68.75
6.76931e+07,-128.72,-68.75
6.76967e+07,-128.60,-68.75
6.77003e+07,-126.43,-68.76
6.77039e+07,-122.26,-68.76
6.77075e+07,-122.98,-68.76
6.77111e+07,-124.27,-68.76
6.77147e+07,-127.97,-68.76
6.77183e+07,-134.05,-68.76
6.77219e+07,-129.59,-68.76
6.77255e+07,-127.58,-68.76
6.7729e+07,-128.99,-68.76
6.77326e+07,-126.75,-68.76
6.77362e+07,-127.54,-68.76
6.77398e+07,-131.70,-68.76
6.77434e+07,-122.49,-68.76
6.7747e+07,-119.01,-68.76
6.77506e+07,-119.51,-68.76
6.77542e+07,-121.01,-68.76
6.77578e+07,-117.03,-68.76
6.77614e+07,-113.47,-68.76
6.7765e+07,-111.47,-68.76
6.77686e+07,-116.36,-68.76
6.77721e+07,-110.87,-68.77
6.77757e+07,-112.60,-68.77
6.77793e+07,-121.64,-68.77
6.77829e+07,-133.41,-68.77
6.77865e+07,-120.52,-68.77
6.77901e+07,-122.52,-68.77
6.77937e+07,-125.32,-68.77
6.77973e+07,-134.45,-68.77
6.78009e+07,-122.93,-68.77
6.78045e+07,-132.81,-68.77
6.78081e+07,-126.72,-68.77
6.78117e+07,-126.99,-68.77
6.78152e+07,-134.72,-68.77
6.78188e+07,-124.34,-68.77
6.78224e+07,-125.61,-68.77
6.7826e+07,-135.87,-68.77
6.78296e+07,-127.81,-68.77
6.78332e+07,-133.83,-68.77
6.78368e+07,-135.29,-68.77
6.78404e+07,-130.85,-68.77
6.7844e+07,-126.69,-68.78
6.78476e+07,-125.44,-68.78
6.78512e+07,-128.72,-68.78
6.78548e+07,-126.35,-68.78
6.78583e+07,-128.64,-68.78
6.78619e+07,-124.02,-68.78
6.78655e+07,-131.03,-68.78
6.78691e+07,-125.03,-68.78
6.78727e+07,-121.93,-68.78
6.78763e+07,-123.97,-68.78
6.78799e+07,-131.84,-68.78
6.78835e+07,-124.62,-68.78
6.78871e+07,-123.01,-68.78
6.78907e+07,-131.02,-68.78
6.78943e+07,-116.90,-68.78
6.78979e+07,-117.68,-68.78
6.79014e+07,-127.45,-68.78
6.7905e+07,-121.51,-68.78
6.79086e+07,-120.29,-68.78
6.79122e+07,-125.02,-68.78
6.79158e+07,-131.92,-68.79
6.79194e+07,-124.75,-68.79
6.7923e+07,-120.01,-68.79
6.79266e+07,-128.61,-68.79
6.79302e+07,-127.12,-68.79
6.79338e+07,-121.31,-68.79
6.79374e+07,-128.26,-68.79
6.7941e+07,-137.79,-68.79
6.79445e+07,-124.45,-68.79
6.79481e+07,-121.79,-68.79
6.79517e+07,-124.52,-68.79
6.79553e+07,-130.19,-68.79
6.79589e+07,-129.21,-68.79
6.79625e+07,-122.56,-68.79
6.79661e+07,-124.57,-68.79
6.79697e+07,-125.80,-68.79
6.79733e+07,-125.12,-68.79
6.79769e+07,-123.76,-68.79
6.79805e+07,-129.53,-68.79
6.79841e+07,-128.83,-68.79
6.79876e+07,-130.45,-68.80
6.79912e+07,-128.86,-68.80
6.79948e+07,-128.80,-68.80
6.79984e+07,-142.83,-68.80
6.8002e+07,-137.11,-68.80
6.80056e+07,-142.50,-68.80
6.80092e+07,-125.13,-68.80
6.80128e+07,-124.86,-68.80
6.80164e+07,-123.14,-68.80
6.802e+07,-129.57,-68.80
6.80236e+07,-122.89,-68.80
6.80272e+07,-130.28,-68.80
6.80307e+07,-130.70,-68.80
6.80343e+07,-131.41,-68.80
6.80379e+07,-126.43,-68.80
6.80415e+07,-127.53,-68.80
6.80451e+07,-135.74,-68.80
6.80487e+07,-124.19,-68.80
6.80523e+07,-121.92,-68.80
6.80559e+07,-124.99,-68.80
6.80595e+07,-125.90,-68.81
6.80631e+07,-136.92,-68.81
6.80667e+07,-138.66,-68.81
6.80703e+07,-130.87,-68.81
6.80738e+07,-127.19,-68.81
6.80774e+07,-122.39,-68.81
6.8081e+07,-122.03,-68.81
6.80846e+07,-124.94,-68.81
6.80882e+07,-130.70,-68.81
6.80918e+07,-126.58,-68.81
6.80954e+07,-122.46,-68.81
6.8099e+07,-121.87,-68.81
6.81026e+07,-121.83,-68.81
6.81062e+07,-125.58,-68.81
6.81098e+07,-119.53,-68.81
6.81134e+07,-120.95,-68.81
6.8117e+07,-125.59,-68.81
6.81205e+07,-125.57,-68.81
6.81241e+07,-123.72,-68.81
6.81277e+07,-128.96,-68.81
6.81313e+07,-122.69,-68.82
6.81349e+07,-121.50,-68.82
6.81385e+07,-129.74,-68.82
6.81421e+07,-131.23,-68.82
6.81457e+07,-125.73,-68.82
6.81493e+07,-131.65,-68.82
6.81529e+07,-123.53,-68.82
6.81565e+07,-127.66,-68.82
6.81601e+07,-128.76,-68.82
6.81636e+07,-128.70,-68.82
6.81672e+07,-118.27,-68.82
6.81708e+07,-121.98,-68.82
6.81744e+07,-127.44,-68.82
6.8178e+07,-126.37,-68.82
6.81816e+07,-121.29,-68.82
6.81852e+07,-130.66,-68.82
6.81888e+07,-127.30,-68.82
6.81924e+07,-121.92,-68.82
6.8196e+07,-121.44,-68.82
6.81996e+07,-129.71,-68.82
6.82032e+07,-118.05,-68.83
6.82067e+07,-116.58,-68.83
6.82103e+07,-117.08,-68.83
6.82139e+07,-125.56,-68.83
6.82175e+07,-121.03,-68.83
6.82211e+07,-126.48,-68.83
6.82247e+07,-125.01,-68.83
6.82283e+07,-125.93,-68.83
6.82319e+07,-116.16,-68.83
6.82355e+07,-117.64,-68.83
6.82391e+07,-117.27,-68.83
6.82427e+07,-113.40,-68.83
6.82463e+07,-110.58,-68.83
6.82498e+07,-115.81,-68.83
6.82534e+07,-128.66,-68.83
6.8257e+07,-126.48,-68.83
6.82606e+07,-115.61,-68.83
6.82642e+07,-109.31,-68.83
6.82678e+07,-107.97,-68.83
6.82714e+07,-109.52,-68.83
6.8275e+07,-113.61,-68.84
6.82786e+07,-122.60,-68.84
6.82822e+07,-136.86,-68.84
6.82858e+07,-116.00,-68.84
6.82894e+07,-111.71,-68.84
6.82929e+07,-112.69,-68.84
6.82965e+07,-114.03,-68.84
6.83001e+07,-114.79,-68.84
6.83037e+07,-114.02,-68.84
6.83073e+07,-117.93,-68.84
6.83109e+07,-118.93,-68.84
6.83145e+07,-125.57,-68.84
6.83181e+07,-124.76,-68.84
6.83217e+07,-124.54,-68.84
6.83253e+07,-117.45,-68.84
6.83289e+07,-117.44,-68.84
6.83325e+07,-118.31,-68.84
6.8336e+07,-122.90,-68.84
6.83396e+07,-123.37,-68.84
6.83432e+07,-123.14,-68.84
6.83468e+07,-120.99,-68.85
6.83504e+07,-124.96,-68.85
6.8354e+07,-128.49,-68.85
6.83576e+07,-121.13,-68.85
6.83612e+07,-118.54,-68.85
6.83648e+07,-125.93,-68.85
6.83684e+07,-142.27,-68.85
6.8372e+07,-126.99,-68.85
6.83756e+07,-119.94,-68.85
6.83791e+07,-121.09,-68.85
6.83827e+07,-122.12,-68.85
6.83863e+07,-119.60,-68.85
6.83899e+07,-121.04,-68.85
6.83935e+07,-123.38,-68.85
6.83971e+07,-123.96,-68.85
6.84007e+07,-134.99,-68.85
6.84043e+07,-124.78,-68.85
6.84079e+07,-125.21,-68.85
6.84115e+07,-131.34,-68.85
6.84151e+07,-127.88,-68.85
6.84187e+07,-131.88,-68.86
6.84222e+07,-127.08,-68.86
6.84258e+07,-128.12,-68.86
6.84294e+07,-125.05,-68.86
6.8433e+07,-119.57,-68.86
6.84366e+07,-119.55,-68.86
6.84402e+07,-125.65,-68.86
6.84438e+07,-125.04,-68.86
6.84474e+07,-125.93,-68.86
6.8451e+07,-120.67,-68.86
6.84546e+07,-120.71,-68.86
6.84582e+07,-133.50,-68.86
6.84618e+07,-126.64,-68.86
6.84653e+07,-124.81,-68.86
6.84689e+07,-122.30,-68.86
6.84725e+07,-118.45,-68.86
6.84761e+07,-122.10,-68.86
6.84797e+07,-133.68,-68.86
6.84833e+07,-125.36,-68.86
6.84869e+07,-124.14,-68.86
6.84905e+07,-125.05,-68.87
6.84941e+07,-125.68,-68.87
6.84977e+07,-126.43,-68.87
6.85013e+07,-132.74,-68.87
6.85049e+07,-137.15,-68.87
6.85084e+07,-123.97,-68.87
6.8512e+07,-122.06,-68.87
6.85156e+07,-121.67,-68.87
6.85192e+07,-127.64,-68.87
6.85228e+07,-129.42,-68.87
6.85264e+07,-138.77,-68.87
6.853e+07,-123.92,-68.87
6.85336e+07,-126.71,-68.87
6.85372e+07,-133.64,-68.87
6.85408e+07,-139.06,-68.87
6.85444e+07,-124.88,-68.87
6.8548e+07,-126.78,-68.87
6.85515e+07,-129.45,-68.87
6.85551e+07,-122.81,-68.87
6.85587e+07,-127.14,-68.87
6.85623e+07,-130.93,-68.87
6.85659e+07,-124.09,-68.88
6.85695e+07,-121.18,-68.88
6.85731e+07,-125.09,-68.88
6.85767e+07,-128.08,-68.88
6.85803e+07,-126.58,-68.88
6.85839e+07,-127.22,-68.88
6.85875e+07,-128.40,-68.88
6.85911e+07,-137.76,-68.88
6.85946e+07,-130.65,-68.88
6.85982e+07,-123.54,-68.88
6.86018e+07,-126.69,-68.88
6.86054e+07,-125.09,-68.88
6.8609e+07,-134.54,-68.88
6.86126e+07,-128.78,-68.88
6.86162e+07,-135.66,-68.88
6.86198e+07,-124.92,-68.88
6.86234e+07,-143.42,-68.88
6.8627e+07,-129.32,-68.88
6.86306e+07,-131.81,-68.88
6.86342e+07,-133.97,-68.88
6.86377e+07,-126.34,-68.89
6.86413e+07,-123.15,-68.89
6.86449e+07,-123.45,-68.89
6.86485e+07,-124.71,-68.89
6.86521e+07,-139.91,-68.89
6.86557e+07,-145.09,-68.89
6.86593e+07,-130.48,-68.89
6.86629e+07,-126.87,-68.89
6.86665e+07,-130.46,-68.89
6.86701e+07,-127.99,-68.89
6.86737e+07,-125.97,-68.89
6.86773e+07,-124.79,-68.89
6.86808e+07,-123.61,-68.89
6.86844e+07,-124.69,-68.89
6.8688e+07,-138.64,-68.89
6.86916e+07,-136.73,-68.89
6.86952e+07,-125.77,-68.89
6.86988e+07,-118.71,-68.89
6.87024e+07,-122.45,-68.89
6.8706e+07,-131.35,-68.89
6.87096e+07,-127.43,-68.90
6.87132e+07,-124.81,-68.90
6.87168e+07,-117.47,-68.90
6.87204e+07,-118.01,-68.90
6.8724e+07,-121.63,-68.90
6.87275e+07,-120.74,-68.90
6.87311e+07,-123.54,-68.90
6.87347e+07,-117.75,-68.90
6.87383e+07,-121.44,-68.90
6.87419e+07,-124.54,-68.90
6.87455e+07,-116.75,-68.90
6.87491e+07,-115.36,-68.90
6.87527e+07,-116.46,-68.90
6.87563e+07,-110.41,-68.90
6.87599e+07,-104.85,-68.90
6.87635e+07,-102.77,-68.90
6.87671e+07,-108.69,-68.90
6.87706e+07,-103.07,-68.90
6.87742e+07,-104.95,-68.90
6.87778e+07,-109.13,-68.90
6.87814e+07,-113.50,-68.91
6.8785e+07,-113.32,-68.91
6.87886e+07,-115.75,-68.91
6.87922e+07,-121.36,-68.91
6.87958e+07,-117.98,-68.91
6.87994e+07,-115.86,-68.91
6.8803e+07,-122.56,-68.91
6.88066e+07,-120.64,-68.91
6.88102e+07,-121.51,-68.91
6.88137e+07,-122.56,-68.91
6.88173e+07,-119.32,-68.91
6.88209e+07,-123.14,-68.91
6.88245e+07,-133.44,-68.91
6.88281e+07,-122.83,-68.91
6.88317e+07,-124.65,-68.91
6.88353e+07,-123.20,-68.91
6.88389e+07,-123.42,-68.91
6.88425e+07,-125.75,-68.91
6.88461e+07,-122.13,-68.91
6.88497e+07,-127.94,-68.91
6.88533e+07,-134.12,-68.91
6.88568e+07,-130.13,-68.92
6.88604e+07,-121.81,-68.92
6.8864e+07,-120.87,-68.92
6.88676e+07,-125.07,-68.92
6.88712e+07,-132.53,-68.92
6.88748e+07,-126.15,-68.92
6.88784e+07,-133.82,-68.92
6.8882e+07,-121.56,-68.92
6.88856e+07,-119.37,-68.92
6.88892e+07,-122.51,-68.92
6.88928e+07,-123.98,-68.92
6.88964e+07,-120.57,-68.92
6.88999e+07,-121.16,-68.92
6.89035e+07,-132.19,-68.92
6.89071e+07,-127.88,-68.92
6.89107e+07,-131.61,-68.92
6.89143e+07,-131.17,-68.92
6.89179e+07,-119.41,-68.92
6.89215e+07,-121.02,-68.92
6.89251e+07,-131.42,-68.92
6.89287e+07,-126.34,-68.93
6.89323e+07,-128.82,-68.93
6.89359e+07,-128.90,-68.93
6.89395e+07,-121.22,-68.93
6.8943e+07,-120.75,-68.93
6.89466e+07,-125.77,-68.93
6.89502e+07,-124.49,-68.93
6.89538e+07,-126.20,-68.93
6.89574e+07,-124.64,-68.93
6.8961e+07,-121.70,-68.93
6.89646e+07,-123.62,-68.93
6.89682e+07,-127.39,-68.93
6.89718e+07,-140.02,-68.93
6.89754e+07,-131.90,-68.93
6.8979e+07,-127.18,-68.93
6.89826e+07,-128.69,-68.93
6.89861e+07,-126.28,-68.93
6.89897e+07,-130.10,-68.93
6.89933e+07,-125.75,-68.93
6.89969e+07,-133.93,-68.93
6.90005e+07,-125.28,-68.94
6.90041e+07,-129.59,-68.94
6.90077e+07,-125.18,-68.94
6.90113e+07,-125.61,-68.94
6.90149e+07,-134.06,-68.94
6.90185e+07,-125.61,-68.94
6.90221e+07,-122.07,-68.94
6.90257e+07,-123.51,-68.94
6.90292e+07,-137.97,-68.94
6.90328e+07,-134.18,-68.94
6.90364e+07,-143.44,-68.94
6.904e+07,-132.02,-68.94
6.90436e+07,-131.22,-68.94
6.90472e+07,-140.21,-68.94
6.90508e+07,-135.71,-68.94
6.90544e+07,-124.23,-68.94
6.9058e+07,-123.66,-68.94
6.90616e+07,-124.39,-68.94
6.90652e+07,-127.07,-68.94
6.90688e+07,-140.29,-68.94
6.90723e+07,-136.42,-68.94
6.90759e+07,-126.46,-68.95
6.90795e+07,-124.61,-68.95
6.90831e+07,-126.42,-68.95
6.90867e+07,-125.05,-68.95
6.90903e+07,-134.71,-68.95
6.90939e+07,-126.29,-68.95
6.90975e+07,-126.60,-68.95
6.91011e+07,-129.61,-68.95
6.91047e+07,-134.26,-68.95
6.91083e+07,-124.91,-68.95
6.91119e+07,-125.26,-68.95
6.91154e+07,-129.97,-68.95
6.9119e+07,-123.82,-68.95
6.91226e+07,-120.40,-68.95
6.91262e+07,-136.76,-68.95
6.91298e+07,-124.33,-68.95
6.91334e+07,-121.90,-68.95
6.9137e+07,-123.49,-68.95
6.91406e+07,-129.07,-68.95
6.91442e+07,-126.52,-68.95
6.91478e+07,-134.14,-68.96
6.91514e+07,-132.48,-68.96
6.9155e+07,-118.51,-68.96
6.91585e+07,-117.50,-68.96
6.91621e+07,-121.77,-68.96
6.91657e+07,-124.91,-68.96
6.91693e+07,-129.37,-68.96
6.91729e+07,-129.20,-68.96
6.91765e+07,-133.05,-68.96
6.91801e+07,-132.89,-68.96
6.91837e+07,-132.51,-68.96
6.91873e+07,-122.20,-68.96
6.91909e+07,-130.17,-68.96
6.91945e+07,-119.08,-68.96
6.91981e+07,-118.85,-68.96
6.92016e+07,-123.10,-68.96
6.92052e+07,-118.16,-68.96
6.92088e+07,-118.38,-68.96
6.92124e+07,-125.03,-68.96
6.9216e+07,-119.00,-68.96
6.92196e+07,-123.14,-68.96
6.92232e+07,-132.67,-68.97
6.92268e+07,-121.69,-68.97
6.92304e+07,-113.62,-68.97
6.9234e+07,-113.34,-68.97
6.92376e+07,-113.58,-68.97
6.92412e+07,-113.38,-68.97
6.92447e+07,-110.86,-68.97
6.92483e+07,-114.63,-68.97
6.92519e+07,-122.78,-68.97
6.92555e+07,-123.88,-68.97
6.92591e+07,-112.09,-68.97
6.92627e+07,-109.51,-68.97
6.92663e+07,-107.39,-68.97
6.92699e+07,-109.35,-68.97
6.92735e+07,-111.47,-68.97
6.92771e+07,-130.81,-68.97
6.92807e+07,-120.09,-68.97
6.92843e+07,-115.01,-68.97
6.92879e+07,-111.44,-68.97
6.92914e+07,-113.01,-68.97
6.9295e+07,-113.52,-68.98
6.92986e+07,-116.26,-68.98
6.93022e+07,-114.94,-68.98
6.93058e+07,-118.20,-68.98
6.93094e+07,-141.90,-68.98
6.9313e+07,-125.08,-68.98
6.93166e+07,-117.66,-68.98
6.93202e+07,-128.75,-68.98
6.93238e+07,-120.52,-68.98
6.93274e+07,-121.90,-68.98
6.9331e+07,-135.39,-68.98
6.93345e+07,-120.01,-68.98
6.93381e+07,-117.55,-68.98
6.93417e+07,-130.74,-68.98
6.93453e+07,-129.13,-68.98
6.93489e+07,-120.66,-68.98
6.93525e+07,-123.51,-68.98
6.93561e+07,-121.20,-68.98
6.93597e+07,-117.14,-68.98
6.93633e+07,-119.63,-68.98
6.93669e+07,-125.33,-68.99
6.93705e+07,-126.61,-68.99
6.93741e+07,-127.48,-68.99
6.93776e+07,-130.06,-68.99
6.93812e+07,-130.94,-68.99
6.93848e+07,-124.42,-68.99
6.93884e+07,-124.23,-68.99
6.9392e+07,-122.57,-68.99
6.93956e+07,-119.17,-68.99
6.93992e+07,-127.23,-68.99
6.94028e+07,-129.08,-68.99
6.94064e+07,-133.51,-68.99
6.941e+07,-125.42,-68.99
6.94136e+07,-119.83,-68.99
6.94172e+07,-119.87,-68.99
6.94207e+07,-136.11,-68.99
6.94243e+07,-126.67,-68.99
6.94279e+07,-122.57,-68.99
6.94315e+07,-120.83,-68.99
6.94351e+07,-126.09,-68.99
6.94387e+07,-149.06,-68.99
6.94423e+07,-128.81,-69.00
6.94459e+07,-123.82,-69.00
6.94495e+07,-119.23,-69.00
6.94531e+07,-121.58,-69.00
6.94567e+07,-122.39,-69.00
6.94603e+07,-125.11,-69.00
6.94638e+07,-135.76,-69.00
6.94674e+07,-127.12,-69.00
6.9471e+07,-122.24,-69.00
6.94746e+07,-127.16,-69.00
6.94782e+07,-125.23,-69.00
6.94818e+07,-124.81,-69.00
6.94854e+07,-121.91,-69.00
6.9489e+07,-133.11,-69.00
6.94926e+07,-124.37,-69.00
6.94962e+07,-128.55,-69.00
6.94998e+07,-129.01,-69.00
6.95034e+07,-127.93,-69.00
6.95069e+07,-125.58,-69.00
6.95105e+07,-131.58,-69.00
6.95141e+07,-129.66,-69.00
6.95177e+07,-134.28,-69.01
6.95213e+07,-126.05,-69.01
6.95249e+07,-123.29,-69.01
6.95285e+07,-122.72,-69.01
6.95321e+07,-125.40,-69.01
6.95357e+07,-132.16,-69.01
6.95393e+07,-136.58,-69.01
6.95429e+07,-126.46,-69.01
6.95465e+07,-134.39,-69.01
6.955e+07,-132.89,-69.01
6.95536e+07,-139.66,-69.01
6.95572e+07,-143.29,-69.01
6.95608e+07,-127.44,-69.01
6.95644e+07,-123.70,-69.01
6.9568e+07,-122.65,-69.01
6.95716e+07,-127.23,-69.01
6.95752e+07,-127.78,-69.01
6.95788e+07,-124.78,-69.01
6.95824e+07,-132.18,-69.01
6.9586e+07,-133.85,-69.01
6.95896e+07,-125.63,-69.02
6.95931e+07,-127.24,-69.02
6.95967e+07,-140.86,-69.02
6.96003e+07,-126.76,-69.02
6.96039e+07,-121.88,-69.02
6.96075e+07,-139.71,-69.02
6.96111e+07,-125.34,-69.02
6.96147e+07,-128.49,-69.02
6.96183e+07,-136.70,-69.02
6.96219e+07,-130.94,-69.02
6.96255e+07,-126.02,-69.02
6.96291e+07,-123.07,-69.02
6.96327e+07,-122.51,-69.02
6.96362e+07,-123.16,-69.02
6.96398e+07,-119.89,-69.02
6.96434e+07,-121.35,-69.02
6.9647e+07,-123.96,-69.02
6.96506e+07,-123.70,-69.02
6.96542e+07,-126.52,-69.02
6.96578e+07,-136.11,-69.02
6.96614e+07,-131.83,-69.02
6.9665e+07,-133.50,-69.03
6.96686e+07,-131.64,-69.03
6.96722e+07,-132.22,-69.03
6.96758e+07,-135.71,-69.03
6.96793e+07,-127.91,-69.03
6.96829e+07,-125.24,-69.03
6.96865e+07,-129.51,-69.03
6.96901e+07,-126.25,-69.03
6.96937e+07,-125.06,-69.03
6.96973e+07,-122.07,-69.03
6.97009e+07,-130.42,-69.03
6.97045e+07,-121.78,-69.03
6.97081e+07,-126.49,-69.03
6.97117e+07,-123.58,-69.03
6.97153e+07,-120.03,-69.03
6.97189e+07,-123.73,-69.03
6.97224e+07,-121.38,-69.03
6.9726e+07,-119.14,-69.03
6.97296e+07,-130.65,-69.03
6.97332e+07,-123.62,-69.03
6.97368e+07,-121.48,-69.04
6.97404e+07,-122.46,-69.04
6.9744e+07,-119.31,-69.04
6.97476e+07,-119.48,-69.04
6.97512e+07,-119.95,-69.04
6.97548e+07,-115.17,-69.04
6.97584e+07,-111.48,-69.04
6.9762e+07,-109.89,-69.04
6.97655e+07,-113.59,-69.04
6.97691e+07,-112.53,-69.04
6.97727e+07,-114.91,-69.04
6.97763e+07,-120.19,-69.04
6.97799e+07,-123.39,-69.04
6.97835e+07,-121.57,-69.04
6.97871e+07,-120.91,-69.04
6.97907e+07,-122.14,-69.04
6.97943e+07,-119.38,-69.04
6.97979e+07,-118.98,-69.04
6.98015e+07,-133.62,-69.04
6.98051e+07,-121.91,-69.04
6.98086e+07,-124.72,-69.04
6.98122e+07,-129.57,-69.05
6.98158e+07,-120.00,-69.05
6.98194e+07,-118.42,-69.05
6.9823e+07,-128.46,-69.05
6.98266e+07,-126.96,-69.05
6.98302e+07,-123.92,-69.05
6.98338e+07,-127.25,-69.05
6.98374e+07,-129.22,-69.05
6.9841e+07,-136.43,-69.05
6.98446e+07,-128.85,-69.05
6.98482e+07,-137.91,-69.05
6.98518e+07,-129.88,-69.05
6.98553e+07,-121.74,-69.05
6.98589e+07,-122.33,-69.05
6.98625e+07,-127.01,-69.05
6.98661e+07,-121.82,-69.05
6.98697e+07,-122.12,-69.05
6.98733e+07,-123.81,-69.05
6.98769e+07,-137.93,-69.05
6.98805e+07,-118.91,-69.05
6.98841e+07,-118.37,-69.05
6.98877e+07,-124.09,-69.06
6.98913e+07,-119.46,-69.06
6.98949e+07,-120.76,-69.06
6.98984e+07,-118.36,-69.06
6.9902e+07,-125.46,-69.06
6.99056e+07,-126.32,-69.06
6.99092e+07,-125.37,-69.06
6.99128e+07,-134.20,-69.06
6.99164e+07,-125.00,-69.06
6.992e+07,-120.77,-69.06
6.99236e+07,-124.13,-69.06
6.99272e+07,-123.91,-69.06
6.99308e+07,-119.40,-69.06
6.99344e+07,-121.99,-69.06
6.9938e+07,-129.44,-69.06
6.99415e+07,-128.45,-69.06
6.99451e+07,-123.60,-69.06
6.99487e+07,-124.93,-69.06
6.99523e+07,-142.37,-69.06
6.99559e+07,-128.66,-69.06
6.99595e+07,-124.31,-69.07
6.99631e+07,-126.35,-69.07
6.99667e+07,-129.04,-69.07
6.99703e+07,-128.16,-69.07
6.99739e+07,-133.14,-69.07
6.99775e+07,-131.42,-69.07
6.99811e+07,-127.92,-69.07
6.99846e+07,-124.51,-69.07
6.99882e+07,-124.62,-69.07
6.99918e+07,-127.27,-69.07
6.99954e+07,-132.12,-69.07
6.9999e+07,-127.43,-69.07
7.00026e+07,-131.76,-69.07
7.00062e+07,-126.79,-69.07
7.00098e+07,-131.14,-69.07
7.00134e+07,-130.96,-69.07
7.0017e+07,-126.80,-69.07
7.00206e+07,-124.10,-69.07
7.00242e+07,-123.40,-69.07
7.00277e+07,-130.07,-69.07
7.00313e+07,-125.94,-69.07
7.00349e+07,-123.66,-69.08
7.00385e+07,-128.95,-69.08
7.00421e+07,-130.18,-69.08
7.00457e+07,-131.10,-69.08
7.00493e+07,-125.59,-69.08
7.00529e+07,-122.24,-69.08
7.00565e+07,-124.21,-69.08
7.00601e+07,-128.04,-69.08
7.00637e+07,-124.55,-69.08
7.00673e+07,-132.05,-69.08
7.00708e+07,-128.13,-69.08
7.00744e+07,-127.78,-69.08
7.0078e+07,-130.62,-69.08
7.00816e+07,-127.11,-69.08
7.00852e+07,-128.03,-69.08
7.00888e+07,-134.48,-69.08
7.00924e+07,-154.33,-69.08
7.0096e+07,-141.49,-69.08
7.00996e+07,-137.68,-69.08
7.01032e+07,-135.92,-69.08
7.01068e+07,-129.24,-69.08
7.01104e+07,-129.99,-69.09
7.01139e+07,-140.79,-69.09
7.01175e+07,-130.83,-69.09
7.01211e+07,-129.44,-69.09
7.01247e+07,-132.86,-69.09
7.01283e+07,-122.50,-69.09
7.01319e+07,-123.02,-69.09
7.01355e+07,-134.43,-69.09
7.01391e+07,-131.32,-69.09
7.01427e+07,-131.12,-69.09
7.01463e+07,-129.08,-69.09
7.01499e+07,-130.70,-69.09
7.01535e+07,-133.84,-69.09
7.0157e+07,-139.44,-69.09
7.01606e+07,-125.93,-69.09
7.01642e+07,-126.18,-69.09
7.01678e+07,-125.47,-69.09
7.01714e+07,-128.99,-69.09
7.0175e+07,-135.49,-69.09
7.01786e+07,-127.34,-69.09
7.01822e+07,-123.62,-69.10
7.01858e+07,-123.62,-69.10
7.01894e+07,-127.60,-69.10
7.0193e+07,-139.09,-69.10
7.01966e+07,-138.33,-69.10
7.02001e+07,-127.46,-69.10
7.02037e+07,-127.44,-69.10
7.02073e+07,-129.87,-69.10
7.02109e+07,-128.61,-69.10
7.02145e+07,-123.68,-69.10
7.02181e+07,-128.42,-69.10
7.02217e+07,-136.24,-69.10
7.02253e+07,-134.31,-69.10
7.02289e+07,-124.54,-69.10
7.02325e+07,-129.15,-69.10
7.02361e+07,-132.89,-69.10
7.02397e+07,-126.58,-69.10
7.02432e+07,-120.96,-69.10
7.02468e+07,-123.03,-69.10
7.02504e+07,-128.32,-69.10
7.0254e+07,-127.82,-69.10
7.02576e+07,-124.67,-69.11
7.02612e+07,-128.53,-69.11
7.02648e+07,-120.36,-69.11
7.02684e+07,-119.18,-69.11
7.0272e+07,-120.91,-69.11
7.02756e+07,-123.66,-69.11
7.02792e+07,-131.01,-69.11
7.02828e+07,-130.71,-69.11
7.02863e+07,-124.32,-69.11
7.02899e+07,-124.05,-69.11
7.02935e+07,-126.35,-69.11
7.02971e+07,-127.73,-69.11
7.03007e+07,-125.67,-69.11
7.03043e+07,-129.02,-69.11
7.03079e+07,-134.12,-69.11
7.03115e+07,-132.22,-69.11
7.03151e+07,-124.73,-69.11
7.03187e+07,-124.28,-69.11
7.03223e+07,-137.95,-69.11
7.03259e+07,-126.29,-69.11
7.03294e+07,-126.06,-69.11
7.0333e+07,-127.49,-69.12
7.03366e+07,-126.43,-69.12
7.03402e+07,-126.99,-69.12
7.03438e+07,-126.23,-69.12
7.03474e+07,-125.48,-69.12
7.0351e+07,-124.41,-69.12
7.03546e+07,-127.46,-69.12
7.03582e+07,-129.75,-69.12
7.03618e+07,-130.05,-69.12
7.03654e+07,-124.28,-69.12
7.0369e+07,-123.91,-69.12
7.03725e+07,-128.88,-69.12
7.03761e+07,-129.54,-69.12
7.03797e+07,-132.46,-69.12
7.03833e+07,-131.77,-69.12
7.03869e+07,-131.83,-69.12
7.03905e+07,-124.87,-69.12
7.03941e+07,-124.67,-69.12
7.03977e+07,-125.92,-69.12
7.04013e+07,-131.28,-69.12
7.04049e+07,-136.09,-69.12
7.04085e+07,-130.80,-69.13
7.04121e+07,-127.15,-69.13
7.04157e+07,-131.00,-69.13
7.04192e+07,-133.63,-69.13
7.04228e+07,-135.58,-69.13
7.04264e+07,-132.50,-69.13
7.043e+07,-126.37,-69.13
7.04336e+07,-126.26,-69.13
7.04372e+07,-128.13,-69.13
7.04408e+07,-124.96,-69.13
7.04444e+07,-128.25,-69.13
7.0448e+07,-142.15,-69.13
7.04516e+07,-131.88,-69.13
7.04552e+07,-130.91,-69.13
7.04588e+07,-128.13,-69.13
7.04623e+07,-132.95,-69.13
7.04659e+07,-132.06,-69.13
7.04695e+07,-127.45,-69.13
7.04731e+07,-133.65,-69.13
7.04767e+07,-128.26,-69.13
7.04803e+07,-126.27,-69.13
7.04839e+07,-142.77,-69.14
7.04875e+07,-123.60,-69.14
7.04911e+07,-122.37,-69.14
7.04947e+07,-132.29,-69.14
7.04983e+07,-129.55,-69.14
7.05019e+07,-124.91,-69.14
7.05054e+07,-125.09,-69.14
7.0509e+07,-130.27,-69.14
7.05126e+07,-130.17,-69.14
7.05162e+07,-127.10,-69.14
7.05198e+07,-125.98,-69.14
7.05234e+07,-128.32,-69.14
7.0527e+07,-128.22,-69.14
7.05306e+07,-127.21,-69.14
7.05342e+07,-125.72,-69.14
7.05378e+07,-122.14,-69.14
7.05414e+07,-126.59,-69.14
7.0545e+07,-130.53,-69.14
7.05485e+07,-126.63,-69.14
7.05521e+07,-128.88,-69.14
7.05557e+07,-129.60,-69.14
7.05593e+07,-134.57,-69.15
7.05629e+07,-125.71,-69.15
7.05665e+07,-126.53,-69.15
7.05701e+07,-129.41,-69.15
7.05737e+07,-126.47,-69.15
7.05773e+07,-124.75,-69.15
7.05809e+07,-129.24,-69.15
7.05845e+07,-123.12,-69.15
7.05881e+07,-123.25,-69.15
7.05916e+07,-123.44,-69.15
7.05952e+07,-121.50,-69.15
7.05988e+07,-124.17,-69.15
7.06024e+07,-125.95,-69.15
7.0606e+07,-130.80,-69.15
7.06096e+07,-128.91,-69.15
7.06132e+07,-126.89,-69.15
7.06168e+07,-128.42,-69.15
7.06204e+07,-128.26,-69.15
7.0624e+07,-130.34,-69.15
7.06276e+07,-133.39,-69.15
7.06312e+07,-127.71,-69.15
7.06347e+07,-128.47,-69.16
7.06383e+07,-124.79,-69.16
7.06419e+07,-126.99,-69.16
7.06455e+07,-131.52,-69.16
7.06491e+07,-131.79,-69.16
7.06527e+07,-131.83,-69.16
7.06563e+07,-124.94,-69.16
7.06599e+07,-129.75,-69.16
7.06635e+07,-127.35,-69.16
7.06671e+07,-126.89,-69.16
7.06707e+07,-123.25,-69.16
7.06743e+07,-132.71,-69.16
7.06778e+07,-127.91,-69.16
7.06814e+07,-136.61,-69.16
7.0685e+07,-129.82,-69.16
7.06886e+07,-130.00,-69.16
7.06922e+07,-125.01,-69.16
7.06958e+07,-120.81,-69.16
7.06994e+07,-124.42,-69.16
7.0703e+07,-127.76,-69.16
7.07066e+07,-123.63,-69.16
7.07102e+07,-125.08,-69.17
7.07138e+07,-123.85,-69.17
7.07174e+07,-123.78,-69.17
7.07209e+07,-117.01,-69.17
7.07245e+07,-116.92,-69.17
7.07281e+07,-132.77,-69.17
7.07317e+07,-119.82,-69.17
7.07353e+07,-124.45,-69.17
7.07389e+07,-135.70,-69.17
7.07425e+07,-121.55,-69.17
7.07461e+07,-117.07,-69.17
7.07497e+07,-118.77,-69.17
7.07533e+07,-113.85,-69.17
7.07569e+07,-109.34,-69.17
7.07605e+07,-106.65,-69.17
7.0764e+07,-110.80,-69.17
7.07676e+07,-107.31,-69.17
7.07712e+07,-109.41,-69.17
7.07748e+07,-113.45,-69.17
7.07784e+07,-118.58,-69.17
7.0782e+07,-116.87,-69.18
7.07856e+07,-119.13,-69.18
7.07892e+07,-121.29,-69.18
7.07928e+07,-115.62,-69.18
7.07964e+07,-114.30,-69.18
7.08e+07,-126.77,-69.18
7.08036e+07,-119.77,-69.18
7.08071e+07,-122.13,-69.18
7.08107e+07,-125.97,-69.18
7.08143e+07,-121.90,-69.18
7.08179e+07,-121.79,-69.18
7.08215e+07,-125.28,-69.18
7.08251e+07,-134.33,-69.18
7.08287e+07,-131.08,-69.18
7.08323e+07,-122.86,-69.18
7.08359e+07,-121.25,-69.18
7.08395e+07,-124.47,-69.18
7.08431e+07,-120.82,-69.18
7.08467e+07,-126.46,-69.18
7.08502e+07,-129.87,-69.18
7.08538e+07,-124.46,-69.18
7.08574e+07,-123.39,-69.19
7.0861e+07,-127.43,-69.19
7.08646e+07,-126.08,-69.19
7.08682e+07,-130.44,-69.19
7.08718e+07,-122.98,-69.19
7.08754e+07,-141.00,-69.19
7.0879e+07,-123.84,-69.19
7.08826e+07,-120.27,-69.19
7.08862e+07,-119.15,-69.19
7.08898e+07,-120.78,-69.19
7.08933e+07,-121.02,-69.19
7.08969e+07,-117.93,-69.19
7.09005e+07,-123.32,-69.19
7.09041e+07,-122.37,-69.19
7.09077e+07,-123.74,-69.19
7.09113e+07,-137.51,-69.19
7.09149e+07,-122.27,-69.19
7.09185e+07,-119.26,-69.19
7.09221e+07,-123.19,-69.19
7.09257e+07,-122.17,-69.19
7.09293e+07,-118.53,-69.19
7.09329e+07,-122.27,-69.20
7.09364e+07,-134.34,-69.20
7.094e+07,-124.91,-69.20
7.09436e+07,-120.90,-69.20
7.09472e+07,-122.53,-69.20
7.09508e+07,-127.66,-69.20
7.09544e+07,-131.34,-69.20
7.0958e+07,-127.66,-69.20
7.09616e+07,-127.45,-69.20
7.09652e+07,-133.06,-69.20
7.09688e+07,-126.80,-69.20
7.09724e+07,-130.42,-69.20
7.0976e+07,-120.83,-69.20
7.09796e+07,-121.29,-69.20
7.09831e+07,-122.05,-69.20
7.09867e+07,-121.19,-69.20
7.09903e+07,-121.01,-69.20
7.09939e+07,-124.60,-69.20
7.09975e+07,-131.53,-69.20
7.10011e+07,-133.89,-69.20
7.10047e+07,-127.22,-69.20
7.10083e+07,-123.66,-69.20
7.10119e+07,-126.02,-69.21
7.10155e+07,-132.73,-69.21
7.10191e+07,-124.29,-69.21
7.10227e+07,-132.18,-69.21
7.10262e+07,-126.46,-69.21
7.10298e+07,-122.63,-69.21
7.10334e+07,-120.43,-69.21
7.1037e+07,-124.75,-69.21
7.10406e+07,-139.40,-69.21
7.10442e+07,-134.94,-69.21
7.10478e+07,-142.36,-69.21
7.10514e+07,-128.56,-69.21
7.1055e+07,-122.31,-69.21
7.10586e+07,-125.18,-69.21
7.10622e+07,-144.93,-69.21
7.10658e+07,-127.13,-69.21
7.10693e+07,-132.60,-69.21
7.10729e+07,-128.50,-69.21
7.10765e+07,-130.16,-69.21
7.10801e+07,-130.66,-69.21
7.10837e+07,-131.63,-69.21
7.10873e+07,-128.98,-69.22
7.10909e+07,-123.42,-69.22
7.10945e+07,-123.44,-69.22
7.10981e+07,-126.05,-69.22
7.11017e+07,-144.24,-69.22
7.11053e+07,-132.23,-69.22
7.11089e+07,-125.82,-69.22
7.11124e+07,-125.54,-69.22
7.1116e+07,-123.45,-69.22
7.11196e+07,-127.48,-69.22
7.11232e+07,-134.18,-69.22
7.11268e+07,-136.79,-69.22
7.11304e+07,-135.11,-69.22
7.1134e+07,-131.97,-69.22
7.11376e+07,-145.43,-69.22
7.11412e+07,-138.00,-69.22
7.11448e+07,-123.49,-69.22
7.11484e+07,-124.54,-69.22
7.1152e+07,-122.53,-69.22
7.11555e+07,-121.20,-69.22
7.11591e+07,-128.40,-69.22
7.11627e+07,-133.26,-69.23
7.11663e+07,-131.85,-69.23
7.11699e+07,-133.80,-69.23
7.11735e+07,-133.03,-69.23
7.11771e+07,-126.15,-69.23
7.11807e+07,-122.00,-69.23
7.11843e+07,-126.43,-69.23
7.11879e+07,-132.56,-69.23
7.11915e+07,-127.09,-69.23
7.11951e+07,-134.85,-69.23
7.11986e+07,-128.86,-69.23
7.12022e+07,-126.04,-69.23
7.12058e+07,-125.62,-69.23
7.12094e+07,-126.05,-69.23
7.1213e+07,-130.27,-69.23
7.12166e+07,-136.18,-69.23
7.12202e+07,-129.37,-69.23
7.12238e+07,-121.86,-69.23
7.12274e+07,-114.13,-69.23
7.1231e+07,-113.01,-69.23
7.12346e+07,-110.82,-69.23
7.12382e+07,-109.96,-69.24
7.12417e+07,-109.80,-69.24
7.12453e+07,-115.09,-69.24
7.12489e+07,-124.06,-69.24
7.12525e+07,-140.17,-69.24
7.12561e+07,-112.57,-69.24
7.12597e+07,-107.77,-69.24
7.12633e+07,-105.85,-69.24
7.12669e+07,-108.50,-69.24
7.12705e+07,-112.20,-69.24
7.12741e+07,-124.09,-69.24
7.12777e+07,-122.53,-69.24
7.12813e+07,-119.06,-69.24
7.12848e+07,-112.61,-69.24
7.12884e+07,-112.83,-69.24
7.1292e+07,-112.27,-69.24
7.12956e+07,-113.73,-69.24
7.12992e+07,-112.11,-69.24
7.13028e+07,-114.74,-69.24
7.13064e+07,-125.33,-69.24
7.131e+07,-123.35,-69.24
7.13136e+07,-119.69,-69.25
7.13172e+07,-126.92,-69.25
7.13208e+07,-124.20,-69.25
7.13244e+07,-124.02,-69.25
7.13279e+07,-125.15,-69.25
7.13315e+07,-119.53,-69.25
7.13351e+07,-118.26,-69.25
7.13387e+07,-130.88,-69.25
7.13423e+07,-121.35,-69.25
7.13459e+07,-124.75,-69.25
7.13495e+07,-126.21,-69.25
7.13531e+07,-117.30,-69.25
7.13567e+07,-115.53,-69.25
7.13603e+07,-121.81,-69.25
7.13639e+07,-126.26,-69.25
7.13675e+07,-126.39,-69.25
7.1371e+07,-123.59,-69.25
7.13746e+07,-120.90,-69.25
7.13782e+07,-125.24,-69.25
7.13818e+07,-123.24,-69.25
7.13854e+07,-124.37,-69.25
7.1389e+07,-123.99,-69.26
7.13926e+07,-119.58,-69.26
7.13962e+07,-125.58,-69.26
7.13998e+07,-121.97,-69.26
7.14034e+07,-128.05,-69.26
7.1407e+07,-126.47,-69.26
7.14106e+07,-122.88,-69.26
7.14141e+07,-120.14,-69.26
7.14177e+07,-131.49,-69.26
7.14213e+07,-127.87,-69.26
7.14249e+07,-125.16,-69.26
7.14285e+07,-127.81,-69.26
7.14321e+07,-134.19,-69.26
7.14357e+07,-124.44,-69.26
7.14393e+07,-120.09,-69.26
7.14429e+07,-117.83,-69.26
7.14465e+07,-119.08,-69.26
7.14501e+07,-121.05,-69.26
7.14537e+07,-122.89,-69.26
7.14572e+07,-127.12,-69.26
7.14608e+07,-132.38,-69.26
7.14644e+07,-134.77,-69.27
7.1468e+07,-134.81,-69.27
7.14716e+07,-130.77,-69.27
7.14752e+07,-123.35,-69.27
7.14788e+07,-125.23,-69.27
7.14824e+07,-123.67,-69.27
7.1486e+07,-125.01,-69.27
7.14896e+07,-129.94,-69.27
7.14932e+07,-132.68,-69.27
7.14968e+07,-126.18,-69.27
7.15003e+07,-130.00,-69.27
7.15039e+07,-124.78,-69.27
7.15075e+07,-125.52,-69.27
7.15111e+07,-128.19,-69.27
7.15147e+07,-130.74,-69.27
7.15183e+07,-130.03,-69.27
7.15219e+07,-136.25,-69.27
7.15255e+07,-136.52,-69.27
7.15291e+07,-140.39,-69.27
7.15327e+07,-126.20,-69.27
7.15363e+07,-125.17,-69.27
7.15399e+07,-130.00,-69.27
7.15434e+07,-136.28,-69.28
7.1547e+07,-127.29,-69.28
7.15506e+07,-133.27,-69.28
7.15542e+07,-142.69,-69.28
7.15578e+07,-131.69,-69.28
7.15614e+07,-129.11,-69.28
7.1565e+07,-121.58,-69.28
7.15686e+07,-125.81,-69.28
7.15722e+07,-124.81,-69.28
7.15758e+07,-122.77,-69.28
7.15794e+07,-131.34,-69.28
7.1583e+07,-127.60,-69.28
7.15866e+07,-123.06,-69.28
7.15901e+07,-124.06,-69.28
7.15937e+07,-129.86,-69.28
7.15973e+07,-127.69,-69.28
7.16009e+07,-127.14,-69.28
7.16045e+07,-138.02,-69.28
7.16081e+07,-126.75,-69.28
7.16117e+07,-128.53,-69.28
7.16153e+07,-130.88,-69.28
7.16189e+07,-134.15,-69.29
7.16225e+07,-131.93,-69.29
7.16261e+07,-127.06,-69.29
7.16297e+07,-123.61,-69.29
7.16332e+07,-120.99,-69.29
7.16368e+07,-125.00,-69.29
7.16404e+07,-125.95,-69.29
7.1644e+07,-121.37,-69.29
7.16476e+07,-123.08,-69.29
7.16512e+07,-127.68,-69.29
7.16548e+07,-127.38,-69.29
7.16584e+07,-130.08,-69.29
7.1662e+07,-134.52,-69.29
7.16656e+07,-128.52,-69.29
7.16692e+07,-129.10,-69.29
7.16728e+07,-133.28,-69.29
7.16763e+07,-143.93,-69.29
7.16799e+07,-132.46,-69.29
7.16835e+07,-124.18,-69.29
7.16871e+07,-123.43,-69.29
7.16907e+07,-125.53,-69.29
7.16943e+07,-118.33,-69.30
7.16979e+07,-119.81,-69.30
7.17015e+07,-131.58,-69.30
7.17051e+07,-130.04,-69.30
7.17087e+07,-135.80,-69.30
7.17123e+07,-121.27,-69.30
7.17159e+07,-121.37,-69.30
7.17194e+07,-123.66,-69.30
7.1723e+07,-121.39,-69.30
7.17266e+07,-123.74,-69.30
7.17302e+07,-119.76,-69.30
7.17338e+07,-124.06,-69.30
7.17374e+07,-123.23,-69.30
7.1741e+07,-118.27,-69.30
7.17446e+07,-118.14,-69.30
7.17482e+07,-117.45,-69.30
7.17518e+07,-111.79,-69.30
7.17554e+07,-106.65,-69.30
7.1759e+07,-104.83,-69.30
7.17625e+07,-111.48,-69.30
7.17661e+07,-106.01,-69.30
7.17697e+07,-107.99,-69.31
7.17733e+07,-113.22,-69.31
7.17769e+07,-116.90,-69.31
7.17805e+07,-116.27,-69.31
7.17841e+07,-118.82,-69.31
7.17877e+07,-121.32,-69.31
7.17913e+07,-118.17,-69.31
7.17949e+07,-119.68,-69.31
7.17985e+07,-123.46,-69.31
7.18021e+07,-121.09,-69.31
7.18056e+07,-136.90,-69.31
7.18092e+07,-129.70,-69.31
7.18128e+07,-123.46,-69.31
7.18164e+07,-123.61,-69.31
7.182e+07,-137.45,-69.31
7.18236e+07,-124.72,-69.31
7.18272e+07,-123.77,-69.31
7.18308e+07,-138.29,-69.31
7.18344e+07,-130.85,-69.31
7.1838e+07,-134.20,-69.31
7.18416e+07,-129.20,-69.31
7.18452e+07,-127.21,-69.31
7.18487e+07,-124.91,-69.32
7.18523e+07,-123.62,-69.32
7.18559e+07,-126.28,-69.32
7.18595e+07,-132.65,-69.32
7.18631e+07,-130.20,-69.32
7.18667e+07,-130.24,-69.32
7.18703e+07,-128.13,-69.32
7.18739e+07,-123.77,-69.32
7.18775e+07,-117.62,-69.32
7.18811e+07,-116.87,-69.32
7.18847e+07,-122.04,-69.32
7.18883e+07,-128.25,-69.32
7.18918e+07,-132.86,-69.32
7.18954e+07,-129.96,-69.32
7.1899e+07,-136.09,-69.32
7.19026e+07,-129.76,-69.32
7.19062e+07,-135.84,-69.32
7.19098e+07,-136.40,-69.32
7.19134e+07,-126.80,-69.32
7.1917e+07,-123.76,-69.32
7.19206e+07,-125.70,-69.32
7.19242e+07,-124.67,-69.33
7.19278e+07,-125.32,-69.33
7.19314e+07,-130.66,-69.33
7.19349e+07,-128.68,-69.33
7.19385e+07,-130.59,-69.33
7.19421e+07,-128.69,-69.33
7.19457e+07,-125.83,-69.33
7.19493e+07,-138.01,-69.33
7.19529e+07,-130.64,-69.33
7.19565e+07,-129.67,-69.33
7.19601e+07,-131.02,-69.33
7.19637e+07,-129.89,-69.33
7.19673e+07,-128.26,-69.33
7.19709e+07,-124.70,-69.33
7.19745e+07,-129.22,-69.33
7.1978e+07,-128.62,-69.33
7.19816e+07,-131.57,-69.33
7.19852e+07,-124.94,-69.33
7.19888e+07,-131.59,-69.33
7.19924e+07,-139.80,-69.33
7.1996e+07,-134.21,-69.33
7.19996e+07,-127.19,-69.34
7.20032e+07,-122.52,-69.34
7.20068e+07,-126.13,-69.34
7.20104e+07,-133.07,-69.34
7.2014e+07,-138.44,-69.34
7.20176e+07,-130.70,-69.34
7.20211e+07,-134.34,-69.34
7.20247e+07,-131.62,-69.34
7.20283e+07,-128.12,-69.34
7.20319e+07,-131.67,-69.34
7.20355e+07,-133.78,-69.34
7.20391e+07,-125.28,-69.34
7.20427e+07,-123.24,-69.34
7.20463e+07,-128.47,-69.34
7.20499e+07,-125.49,-69.34
7.20535e+07,-121.67,-69.34
7.20571e+07,-127.52,-69.34
7.20607e+07,-128.86,-69.34
7.20642e+07,-126.16,-69.34
7.20678e+07,-126.60,-69.34
7.20714e+07,-132.63,-69.34
7.2075e+07,-136.98,-69.34
7.20786e+07,-136.41,-69.35
7.20822e+07,-137.11,-69.35
7.20858e+07,-142.63,-69.35
7.20894e+07,-130.89,-69.35
7.2093e+07,-130.68,-69.35
7.20966e+07,-137.83,-69.35
7.21002e+07,-137.20,-69.35
7.21038e+07,-138.76,-69.35
7.21073e+07,-133.40,-69.35
7.21109e+07,-129.76,-69.35
7.21145e+07,-131.65,-69.35
7.21181e+07,-130.95,-69.35
7.21217e+07,-127.33,-69.35
7.21253e+07,-123.64,-69.35
7.21289e+07,-126.44,-69.35
7.21325e+07,-137.96,-69.35
7.21361e+07,-130.86,-69.35
7.21397e+07,-130.91,-69.35
7.21433e+07,-128.31,-69.35
7.21469e+07,-132.86,-69.35
7.21505e+07,-133.49,-69.35
7.2154e+07,-128.79,-69.36
7.21576e+07,-125.75,-69.36
7.21612e+07,-129.55,-69.36
7.21648e+07,-131.72,-69.36
7.21684e+07,-132.43,-69.36
7.2172e+07,-131.41,-69.36
7.21756e+07,-137.82,-69.36
7.21792e+07,-134.22,-69.36
7.21828e+07,-123.94,-69.36
7.21864e+07,-120.30,-69.36
7.219e+07,-122.91,-69.36
7.21936e+07,-125.65,-69.36
7.21971e+07,-126.40,-69.36
7.22007e+07,-127.24,-69.36
7.22043e+07,-127.02,-69.36
7.22079e+07,-129.59,-69.36
7.22115e+07,-136.16,-69.36
7.22151e+07,-128.24,-69.36
7.22187e+07,-123.32,-69.36
7.22223e+07,-121.81,-69.36
7.22259e+07,-124.22,-69.36
7.22295e+07,-131.14,-69.36
7.22331e+07,-131.85,-69.37
7.22367e+07,-126.03,-69.37
7.22402e+07,-121.73,-69.37
7.22438e+07,-125.34,-69.37
7.22474e+07,-127.26,-69.37
7.2251e+07,-130.55,-69.37
7.22546e+07,-123.52,-69.37
7.22582e+07,-117.40,-69.37
7.22618e+07,-116.82,-69.37
7.22654e+07,-118.03,-69.37
7.2269e+07,-121.01,-69.37
7.22726e+07,-129.71,-69.37
7.22762e+07,-123.98,-69.37
7.22798e+07,-122.30,-69.37
7.22833e+07,-119.30,-69.37
7.22869e+07,-120.71,-69.37
7.22905e+07,-122.95,-69.37
7.22941e+07,-124.72,-69.37
7.22977e+07,-125.25,-69.37
7.23013e+07,-132.89,-69.37
7.23049e+07,-127.59,-69.37
7.23085e+07,-135.86,-69.38
7.23121e+07,-140.76,-69.38
7.23157e+07,-129.91,-69.38
7.23193e+07,-131.09,-69.38
7.23229e+07,-130.15,-69.38
7.23264e+07,-123.61,-69.38
7.233e+07,-126.30,-69.38
7.23336e+07,-127.32,-69.38
7.23372e+07,-125.15,-69.38
7.23408e+07,-129.28,-69.38
7.23444e+07,-122.89,-69.38
7.2348e+07,-121.03,-69.38
7.23516e+07,-130.36,-69.38
7.23552e+07,-130.33,-69.38
7.23588e+07,-129.02,-69.38
7.23624e+07,-123.34,-69.38
7.2366e+07,-125.65,-69.38
7.23695e+07,-124.79,-69.38
7.23731e+07,-122.58,-69.38
7.23767e+07,-128.28,-69.38
7.23803e+07,-125.65,-69.38
7.23839e+07,-123.14,-69.38
7.23875e+07,-123.23,-69.39
7.23911e+07,-121.90,-69.39
7.23947e+07,-127.36,-69.39
7.23983e+07,-130.03,-69.39
7.24019e+07,-126.84,-69.39
7.24055e+07,-129.33,-69.39
7.24091e+07,-126.97,-69.39
7.24126e+07,-125.75,-69.39
7.24162e+07,-130.90,-69.39
7.24198e+07,-132.96,-69.39
7.24234e+07,-127.84,-69.39
7.2427e+07,-127.19,-69.39
7.24306e+07,-135.54,-69.39
7.24342e+07,-129.93,-69.39
7.24378e+07,-134.05,-69.39
7.24414e+07,-129.43,-69.39
7.2445e+07,-125.30,-69.39
7.24486e+07,-122.75,-69.39
7.24522e+07,-128.93,-69.39
7.24557e+07,-128.23,-69.39
7.24593e+07,-125.85,-69.39
7.24629e+07,-131.25,-69.40
7.24665e+07,-137.44,-69.40
7.24701e+07,-140.62,-69.40
7.24737e+07,-134.89,-69.40
7.24773e+07,-127.55,-69.40
7.24809e+07,-129.21,-69.40
7.24845e+07,-127.86,-69.40
7.24881e+07,-130.35,-69.40
7.24917e+07,-132.58,-69.40
7.24953e+07,-130.86,-69.40
7.24988e+07,-125.83,-69.40
7.25024e+07,-129.10,-69.40
7.2506e+07,-122.87,-69.40
7.25096e+07,-122.21,-69.40
7.25132e+07,-128.84,-69.40
7.25168e+07,-130.20,-69.40
7.25204e+07,-124.28,-69.40
7.2524e+07,-123.58,-69.40
7.25276e+07,-121.21,-69.40
7.25312e+07,-129.77,-69.40
7.25348e+07,-132.19,-69.40
7.25384e+07,-127.63,-69.40
7.25419e+07,-143.55,-69.41
7.25455e+07,-123.71,-69.41
7.25491e+07,-125.40,-69.41
7.25527e+07,-132.75,-69.41
7.25563e+07,-129.30,-69.41
7.25599e+07,-127.56,-69.41
7.25635e+07,-128.18,-69.41
7.25671e+07,-127.39,-69.41
7.25707e+07,-130.02,-69.41
7.25743e+07,-135.30,-69.41
7.25779e+07,-132.17,-69.41
7.25815e+07,-130.57,-69.41
7.2585e+07,-132.44,-69.41
7.25886e+07,-123.72,-69.41
7.25922e+07,-128.89,-69.41
7.25958e+07,-125.77,-69.41
7.25994e+07,-126.66,-69.41
7.2603e+07,-131.55,-69.41
7.26066e+07,-131.38,-69.41
7.26102e+07,-128.44,-69.41
7.26138e+07,-136.03,-69.41
7.26174e+07,-130.66,-69.41
7.2621e+07,-128.72,-69.42
7.26246e+07,-136.67,-69.42
7.26281e+07,-131.62,-69.42
7.26317e+07,-132.66,-69.42
7.26353e+07,-125.23,-69.42
7.26389e+07,-125.59,-69.42
7.26425e+07,-139.10,-69.42
7.26461e+07,-126.37,-69.42
7.26497e+07,-125.82,-69.42
7.26533e+07,-133.95,-69.42
7.26569e+07,-139.17,-69.42
7.26605e+07,-135.15,-69.42
7.26641e+07,-125.38,-69.42
7.26677e+07,-122.83,-69.42
7.26712e+07,-132.00,-69.42
7.26748e+07,-126.83,-69.42
7.26784e+07,-129.47,-69.42
7.2682e+07,-129.96,-69.42
7.26856e+07,-132.14,-69.42
7.26892e+07,-130.24,-69.42
7.26928e+07,-132.37,-69.42
7.26964e+07,-134.56,-69.43
7.27e+07,-125.84,-69.43
7.27036e+07,-127.70,-69.43
7.27072e+07,-134.22,-69.43
7.27108e+07,-132.86,-69.43
7.27144e+07,-127.59,-69.43
7.27179e+07,-125.28,-69.43
7.27215e+07,-123.85,-69.43
7.27251e+07,-132.06,-69.43
7.27287e+07,-124.35,-69.43
7.27323e+07,-132.29,-69.43
7.27359e+07,-129.14,-69.43
7.27395e+07,-132.91,-69.43
7.27431e+07,-120.97,-69.43
7.27467e+07,-121.51,-69.43
7.27503e+07,-122.13,-69.43
7.27539e+07,-116.80,-69.43
7.27575e+07,-114.25,-69.43
7.2761e+07,-119.64,-69.43
7.27646e+07,-115.24,-69.43
7.27682e+07,-117.24,-69.43
7.27718e+07,-119.37,-69.43
7.27754e+07,-121.99,-69.44
7.2779e+07,-123.47,-69.44
7.27826e+07,-121.10,-69.44
7.27862e+07,-121.06,-69.44
7.27898e+07,-120.44,-69.44
7.27934e+07,-122.02,-69.44
7.2797e+07,-127.95,-69.44
7.28006e+07,-124.30,-69.44
7.28041e+07,-125.89,-69.44
7.28077e+07,-128.31,-69.44
7.28113e+07,-131.09,-69.44
7.28149e+07,-128.48,-69.44
7.28185e+07,-129.13,-69.44
7.28221e+07,-128.21,-69.44
7.28257e+07,-128.96,-69.44
7.28293e+07,-128.17,-69.44
7.28329e+07,-130.40,-69.44
7.28365e+07,-125.34,-69.44
7.28401e+07,-118.88,-69.44
7.28437e+07,-122.67,-69.44
7.28472e+07,-132.15,-69.44
7.28508e+07,-127.03,-69.45
7.28544e+07,-120.94,-69.45
7.2858e+07,-119.20,-69.45
7.28616e+07,-121.30,-69.45
7.28652e+07,-124.67,-69.45
7.28688e+07,-128.22,-69.45
7.28724e+07,-130.37,-69.45
7.2876e+07,-123.82,-69.45
7.28796e+07,-121.61,-69.45
7.28832e+07,-126.37,-69.45
7.28868e+07,-123.10,-69.45
7.28903e+07,-118.91,-69.45
7.28939e+07,-118.32,-69.45
7.28975e+07,-132.28,-69.45
7.29011e+07,-136.62,-69.45
7.29047e+07,-128.22,-69.45
7.29083e+07,-124.55,-69.45
7.29119e+07,-120.98,-69.45
7.29155e+07,-119.38,-69.45
7.29191e+07,-122.09,-69.45
7.29227e+07,-123.61,-69.45
7.29263e+07,-122.42,-69.45
7.29299e+07,-123.10,-69.46
7.29334e+07,-122.83,-69.46
7.2937e+07,-123.24,-69.46
7.29406e+07,-125.57,-69.46
7.29442e+07,-126.91,-69.46
7.29478e+07,-131.21,-69.46
7.29514e+07,-127.14,-69.46
7.2955e+07,-128.63,-69.46
7.29586e+07,-134.77,-69.46
7.29622e+07,-132.74,-69.46
7.29658e+07,-129.59,-69.46
7.29694e+07,-130.46,-69.46
7.2973e+07,-121.64,-69.46
7.29765e+07,-129.57,-69.46
7.29801e+07,-139.64,-69.46
7.29837e+07,-123.01,-69.46
7.29873e+07,-122.29,-69.46
7.29909e+07,-134.02,-69.46
7.29945e+07,-133.17,-69.46
7.29981e+07,-129.63,-69.46
7.30017e+07,-132.17,-69.46
7.30053e+07,-133.85,-69.46
7.30089e+07,-126.67,-69.47
7.30125e+07,-122.63,-69.47
7.30161e+07,-126.39,-69.47
7.30196e+07,-134.20,-69.47
7.30232e+07,-129.83,-69.47
7.30268e+07,-123.47,-69.47
7.30304e+07,-124.22,-69.47
7.3034e+07,-137.70,-69.47
7.30376e+07,-133.45,-69.47
7.30412e+07,-126.83,-69.47
7.30448e+07,-137.11,-69.47
7.30484e+07,-125.25,-69.47
7.3052e+07,-122.73,-69.47
7.30556e+07,-128.52,-69.47
7.30592e+07,-154.72,-69.47
7.30627e+07,-134.16,-69.47
7.30663e+07,-137.84,-69.47
7.30699e+07,-128.28,-69.47
7.30735e+07,-129.76,-69.47
7.30771e+07,-124.63,-69.47
7.30807e+07,-126.01,-69.47
7.30843e+07,-136.06,-69.47
7.30879e+07,-128.33,-69.48
7.30915e+07,-129.37,-69.48
7.30951e+07,-129.02,-69.48
7.30987e+07,-127.71,-69.48
7.31023e+07,-127.27,-69.48
7.31058e+07,-129.48,-69.48
7.31094e+07,-130.82,-69.48
7.3113e+07,-127.70,-69.48
7.31166e+07,-134.92,-69.48
7.31202e+07,-132.55,-69.48
7.31238e+07,-129.31,-69.48
7.31274e+07,-131.20,-69.48
7.3131e+07,-129.93,-69.48
7.31346e+07,-123.56,-69.48
7.31382e+07,-122.62,-69.48
7.31418e+07,-127.81,-69.48
7.31454e+07,-126.64,-69.48
7.31489e+07,-128.72,-69.48
7.31525e+07,-131.81,-69.48
7.31561e+07,-126.52,-69.48
7.31597e+07,-127.52,-69.48
7.31633e+07,-133.02,-69.49
7.31669e+07,-130.94,-69.49
7.31705e+07,-145.47,-69.49
7.31741e+07,-129.26,-69.49
7.31777e+07,-123.15,-69.49
7.31813e+07,-134.60,-69.49
7.31849e+07,-130.45,-69.49
7.31885e+07,-121.20,-69.49
7.3192e+07,-124.86,-69.49
7.31956e+07,-122.65,-69.49
7.31992e+07,-118.51,-69.49
7.32028e+07,-118.25,-69.49
7.32064e+07,-124.07,-69.49
7.321e+07,-132.45,-69.49
7.32136e+07,-131.11,-69.49
7.32172e+07,-124.38,-69.49
7.32208e+07,-124.69,-69.49
7.32244e+07,-117.07,-69.49
7.3228e+07,-117.31,-69.49
7.32316e+07,-115.88,-69.49
7.32351e+07,-113.61,-69.49
7.32387e+07,-111.96,-69.49
7.32423e+07,-114.78,-69.50
7.32459e+07,-125.03,-69.50
7.32495e+07,-140.55,-69.50
7.32531e+07,-116.19,-69.50
7.32567e+07,-112.48,-69.50
7.32603e+07,-109.92,-69.50
7.32639e+07,-112.25,-69.50
7.32675e+07,-117.40,-69.50
7.32711e+07,-122.71,-69.50
7.32747e+07,-120.32,-69.50
7.32783e+07,-116.66,-69.50
7.32818e+07,-114.25,-69.50
7.32854e+07,-114.95,-69.50
7.3289e+07,-117.79,-69.50
7.32926e+07,-118.96,-69.50
7.32962e+07,-115.82,-69.50
7.32998e+07,-120.91,-69.50
7.33034e+07,-124.04,-69.50
7.3307e+07,-133.09,-69.50
7.33106e+07,-123.26,-69.50
7.33142e+07,-129.97,-69.50
7.33178e+07,-118.06,-69.50
7.33214e+07,-118.48,-69.51
7.33249e+07,-122.47,-69.51
7.33285e+07,-122.90,-69.51
7.33321e+07,-119.65,-69.51
7.33357e+07,-124.37,-69.51
7.33393e+07,-127.53,-69.51
7.33429e+07,-124.26,-69.51
7.33465e+07,-125.78,-69.51
7.33501e+07,-131.00,-69.51
7.33537e+07,-123.77,-69.51
7.33573e+07,-128.45,-69.51
7.33609e+07,-124.95,-69.51
7.33645e+07,-126.15,-69.51
7.3368e+07,-128.61,-69.51
7.33716e+07,-130.21,-69.51
7.33752e+07,-123.63,-69.51
7.33788e+07,-120.94,-69.51
7.33824e+07,-121.94,-69.51
7.3386e+07,-125.31,-69.51
7.33896e+07,-125.73,-69.51
7.33932e+07,-127.18,-69.51
7.33968e+07,-134.68,-69.51
7.34004e+07,-128.15,-69.52
7.3404e+07,-128.84,-69.52
7.34076e+07,-129.75,-69.52
7.34111e+07,-121.89,-69.52
7.34147e+07,-120.54,-69.52
7.34183e+07,-122.68,-69.52
7.34219e+07,-129.62,-69.52
7.34255e+07,-136.14,-69.52
7.34291e+07,-126.23,-69.52
7.34327e+07,-121.54,-69.52
7.34363e+07,-124.07,-69.52
7.34399e+07,-121.77,-69.52
7.34435e+07,-118.50,-69.52
7.34471e+07,-119.74,-69.52
7.34507e+07,-118.83,-69.52
7.34542e+07,-119.08,-69.52
7.34578e+07,-124.36,-69.52
7.34614e+07,-129.34,-69.52
7.3465e+07,-132.33,-69.52
7.34686e+07,-135.27,-69.52
7.34722e+07,-132.55,-69.52
7.34758e+07,-138.68,-69.52
7.34794e+07,-140.75,-69.53
7.3483e+07,-130.13,-69.53
7.34866e+07,-124.96,-69.53
7.34902e+07,-139.34,-69.53
7.34938e+07,-125.59,-69.53
7.34973e+07,-129.65,-69.53
7.35009e+07,-136.77,-69.53
7.35045e+07,-124.81,-69.53
7.35081e+07,-127.46,-69.53
7.35117e+07,-135.38,-69.53
7.35153e+07,-121.67,-69.53
7.35189e+07,-120.10,-69.53
7.35225e+07,-148.67,-69.53
7.35261e+07,-128.63,-69.53
7.35297e+07,-132.34,-69.53
7.35333e+07,-131.81,-69.53
7.35369e+07,-133.17,-69.53
7.35404e+07,-136.07,-69.53
7.3544e+07,-129.42,-69.53
7.35476e+07,-131.47,-69.53
7.35512e+07,-130.98,-69.53
7.35548e+07,-140.52,-69.53
7.35584e+07,-131.53,-69.54
7.3562e+07,-126.32,-69.54
7.35656e+07,-135.27,-69.54
7.35692e+07,-126.65,-69.54
7.35728e+07,-123.02,-69.54
7.35764e+07,-128.13,-69.54
7.358e+07,-130.43,-69.54
7.35835e+07,-127.27,-69.54
7.35871e+07,-130.85,-69.54
7.35907e+07,-134.15,-69.54
7.35943e+07,-133.88,-69.54
7.35979e+07,-123.75,-69.54
7.36015e+07,-128.41,-69.54
7.36051e+07,-134.19,-69.54
7.36087e+07,-132.75,-69.54
7.36123e+07,-127.85,-69.54
7.36159e+07,-122.45,-69.54
7.36195e+07,-123.72,-69.54
7.36231e+07,-131.70,-69.54
7.36266e+07,-137.76,-69.54
7.36302e+07,-143.54,-69.54
7.36338e+07,-128.10,-69.54
7.36374e+07,-128.08,-69.55
7.3641e+07,-125.62,-69.55
7.36446e+07,-122.38,-69.55
7.36482e+07,-127.62,-69.55
7.36518e+07,-128.05,-69.55
7.36554e+07,-134.24,-69.55
7.3659e+07,-138.90,-69.55
7.36626e+07,-123.13,-69.55
7.36662e+07,-123.40,-69.55
7.36697e+07,-126.38,-69.55
7.36733e+07,-127.42,-69.55
7.36769e+07,-125.26,-69.55
7.36805e+07,-123.38,-69.55
7.36841e+07,-128.06,-69.55
7.36877e+07,-124.10,-69.55
7.36913e+07,-117.90,-69.55
7.36949e+07,-118.55,-69.55
7.36985e+07,-126.19,-69.55
7.37021e+07,-126.22,-69.55
7.37057e+07,-123.17,-69.55
7.37093e+07,-119.92,-69.55
7.37128e+07,-126.07,-69.55
7.37164e+07,-130.49,-69.56
7.372e+07,-126.42,-69.56
7.37236e+07,-126.32,-69.56
7.37272e+07,-118.16,-69.56
7.37308e+07,-122.85,-69.56
7.37344e+07,-124.25,-69.56
7.3738e+07,-115.80,-69.56
7.37416e+07,-114.68,-69.56
7.37452e+07,-116.72,-69.56
7.37488e+07,-113.07,-69.56
7.37524e+07,-107.51,-69.56
7.37559e+07,-105.35,-69.56
7.37595e+07,-110.85,-69.56
7.37631e+07,-105.22,-69.56
7.37667e+07,-106.68,-69.56
7.37703e+07,-111.00,-69.56
7.37739e+07,-116.32,-69.56
7.37775e+07,-116.53,-69.56
7.37811e+07,-117.42,-69.56
7.37847e+07,-120.80,-69.56
7.37883e+07,-116.39,-69.56
7.37919e+07,-114.76,-69.56
7.37955e+07,-121.00,-69.57
7.3799e+07,-130.68,-69.57
7.38026e+07,-128.09,-69.57
7.38062e+07,-124.10,-69.57
7.38098e+07,-123.49,-69.57
7.38134e+07,-128.68,-69.57
7.3817e+07,-133.73,-69.57
7.38206e+07,-126.26,-69.57
7.38242e+07,-118.39,-69.57
7.38278e+07,-119.32,-69.57
7.38314e+07,-123.08,-69.57
7.3835e+07,-130.16,-69.57
7.38386e+07,-133.32,-69.57
7.38422e+07,-136.73,-69.57
7.38457e+07,-124.84,-69.57
7.38493e+07,-125.87,-69.57
7.38529e+07,-128.50,-69.57
7.38565e+07,-128.37,-69.57
7.38601e+07,-129.46,-69.57
7.38637e+07,-133.61,-69.57
7.38673e+07,-127.80,-69.57
7.38709e+07,-127.94,-69.57
7.38745e+07,-130.60,-69.58
7.38781e+07,-140.10,-69.58
7.38817e+07,-128.06,-69.58
7.38853e+07,-125.58,-69.58
7.38888e+07,-130.05,-69.58
7.38924e+07,-135.99,-69.58
7.3896e+07,-126.28,-69.58
7.38996e+07,-130.56,-69.58
7.39032e+07,-131.03,-69.58
7.39068e+07,-129.72,-69.58
7.39104e+07,-129.31,-69.58
7.3914e+07,-128.92,-69.58
7.39176e+07,-136.68,-69.58
7.39212e+07,-132.00,-69.58
7.39248e+07,-127.16,-69.58
7.39284e+07,-129.77,-69.58
7.39319e+07,-135.01,-69.58
7.39355e+07,-129.77,-69.58
7.39391e+07,-127.13,-69.58
7.39427e+07,-129.58,-69.58
7.39463e+07,-125.09,-69.58
7.39499e+07,-127.52,-69.58
7.39535e+07,-130.57,-69.59
7.39571e+07,-129.37,-69.59
7.39607e+07,-134.36,-69.59
7.39643e+07,-129.09,-69.59
7.39679e+07,-127.66,-69.59
7.39715e+07,-131.17,-69.59
7.3975e+07,-131.22,-69.59
7.39786e+07,-132.69,-69.59
7.39822e+07,-122.95,-69.59
7.39858e+07,-126.36,-69.59
7.39894e+07,-131.75,-69.59
7.3993e+07,-138.42,-69.59
7.39966e+07,-145.28,-69.59
7.40002e+07,-128.95,-69.59
7.40038e+07,-128.44,-69.59
7.40074e+07,-134.34,-69.59
7.4011e+07,-129.96,-69.59
7.40146e+07,-144.62,-69.59
7.40181e+07,-137.28,-69.59
7.40217e+07,-135.20,-69.59
7.40253e+07,-123.20,-69.59
7.40289e+07,-124.07,-69.59
7.40325e+07,-128.17,-69.60
7.40361e+07,-124.88,-69.60
7.40397e+07,-123.65,-69.60
7.40433e+07,-126.46,-69.60
7.40469e+07,-134.70,-69.60
7.40505e+07,-139.13,-69.60
7.40541e+07,-131.08,-69.60
7.40577e+07,-148.46,-69.60
7.40612e+07,-139.83,-69.60
7.40648e+07,-132.18,-69.60
7.40684e+07,-127.63,-69.60
7.4072e+07,-125.65,-69.60
7.40756e+07,-136.02,-69.60
7.40792e+07,-124.62,-69.60
7.40828e+07,-129.04,-69.60
7.40864e+07,-141.22,-69.60
7.409e+07,-128.85,-69.60
7.40936e+07,-128.11,-69.60
7.40972e+07,-141.52,-69.60
7.41008e+07,-130.48,-69.60
7.41043e+07,-127.89,-69.60
7.41079e+07,-128.07,-69.60
7.41115e+07,-127.47,-69.61
7.41151e+07,-129.27,-69.61
7.41187e+07,-136.14,-69.61
7.41223e+07,-128.63,-69.61
7.41259e+07,-127.20,-69.61
7.41295e+07,-136.03,-69.61
7.41331e+07,-127.06,-69.61
7.41367e+07,-132.80,-69.61
7.41403e+07,-124.55,-69.61
7.41439e+07,-128.46,-69.61
7.41474e+07,-126.25,-69.61
7.4151e+07,-127.19,-69.61
7.41546e+07,-130.00,-69.61
7.41582e+07,-127.93,-69.61
7.41618e+07,-132.75,-69.61
7.41654e+07,-126.00,-69.61
7.4169e+07,-124.40,-69.61
7.41726e+07,-133.61,-69.61
7.41762e+07,-126.12,-69.61
7.41798e+07,-135.61,-69.61
7.41834e+07,-144.82,-69.61
7.4187e+07,-136.86,-69.61
7.41905e+07,-136.22,-69.62
7.41941e+07,-133.01,-69.62
7.41977e+07,-126.17,-69.62
7.42013e+07,-121.11,-69.62
7.42049e+07,-120.55,-69.62
7.42085e+07,-120.14,-69.62
7.42121e+07,-125.39,-69.62
7.42157e+07,-131.65,-69.62
7.42193e+07,-125.99,-69.62
7.42229e+07,-118.93,-69.62
7.42265e+07,-118.58,-69.62
7.42301e+07,-118.15,-69.62
7.42336e+07,-118.68,-69.62
7.42372e+07,-114.58,-69.62
7.42408e+07,-119.58,-69.62
7.42444e+07,-126.51,-69.62
7.4248e+07,-124.29,-69.62
7.42516e+07,-116.24,-69.62
7.42552e+07,-112.54,-69.62
7.42588e+07,-110.90,-69.62
7.42624e+07,-113.97,-69.62
7.4266e+07,-115.62,-69.62
7.42696e+07,-150.63,-69.63
7.42732e+07,-119.90,-69.63
7.42767e+07,-123.48,-69.63
7.42803e+07,-116.41,-69.63
7.42839e+07,-116.64,-69.63
7.42875e+07,-118.34,-69.63
7.42911e+07,-120.71,-69.63
7.42947e+07,-118.32,-69.63
7.42983e+07,-118.73,-69.63
7.43019e+07,-121.62,-69.63
7.43055e+07,-120.43,-69.63
7.43091e+07,-120.79,-69.63
7.43127e+07,-125.07,-69.63
7.43163e+07,-124.52,-69.63
7.43198e+07,-126.55,-69.63
7.43234e+07,-128.11,-69.63
7.4327e+07,-137.71,-69.63
7.43306e+07,-137.23,-69.63
7.43342e+07,-126.76,-69.63
7.43378e+07,-126.63,-69.63
7.43414e+07,-123.38,-69.63
7.4345e+07,-127.54,-69.63
7.43486e+07,-121.96,-69.64
7.43522e+07,-122.59,-69.64
7.43558e+07,-130.02,-69.64
7.43594e+07,-127.45,-69.64
7.43629e+07,-127.16,-69.64
7.43665e+07,-127.05,-69.64
7.43701e+07,-123.28,-69.64
7.43737e+07,-125.98,-69.64
7.43773e+07,-126.82,-69.64
7.43809e+07,-133.33,-69.64
7.43845e+07,-130.13,-69.64
7.43881e+07,-122.21,-69.64
7.43917e+07,-123.77,-69.64
7.43953e+07,-129.29,-69.64
7.43989e+07,-128.45,-69.64
7.44025e+07,-126.13,-69.64
7.4406e+07,-120.20,-69.64
7.44096e+07,-118.98,-69.64
7.44132e+07,-119.81,-69.64
7.44168e+07,-125.30,-69.64
7.44204e+07,-124.98,-69.64
7.4424e+07,-120.03,-69.64
7.44276e+07,-120.51,-69.64
7.44312e+07,-119.83,-69.65
7.44348e+07,-121.67,-69.65
7.44384e+07,-133.30,-69.65
7.4442e+07,-132.26,-69.65
7.44456e+07,-126.90,-69.65
7.44492e+07,-128.81,-69.65
7.44527e+07,-125.72,-69.65
7.44563e+07,-124.41,-69.65
7.44599e+07,-128.08,-69.65
7.44635e+07,-124.85,-69.65
7.44671e+07,-139.54,-69.65
7.44707e+07,-128.78,-69.65
7.44743e+07,-130.03,-69.65
7.44779e+07,-126.80,-69.65
7.44815e+07,-138.80,-69.65
7.44851e+07,-127.44,-69.65
7.44887e+07,-132.47,-69.65
7.44923e+07,-130.56,-69.65
7.44958e+07,-126.45,-69.65
7.44994e+07,-125.66,-69.65
7.4503e+07,-140.36,-69.65
7.45066e+07,-127.83,-69.65
7.45102e+07,-127.36,-69.66
7.45138e+07,-131.64,-69.66
7.45174e+07,-128.62,-69.66
7.4521e+07,-130.13,-69.66
7.45246e+07,-151.27,-69.66
7.45282e+07,-131.87,-69.66
7.45318e+07,-131.71,-69.66
7.45354e+07,-139.36,-69.66
7.45389e+07,-144.20,-69.66
7.45425e+07,-132.83,-69.66
7.45461e+07,-127.99,-69.66
7.45497e+07,-128.55,-69.66
7.45533e+07,-131.48,-69.66
7.45569e+07,-130.75,-69.66
7.45605e+07,-128.40,-69.66
7.45641e+07,-127.83,-69.66
7.45677e+07,-127.13,-69.66
7.45713e+07,-128.07,-69.66
7.45749e+07,-132.26,-69.66
7.45785e+07,-132.11,-69.66
7.4582e+07,-130.17,-69.66
7.45856e+07,-142.10,-69.66
7.45892e+07,-132.52,-69.67
7.45928e+07,-127.62,-69.67
7.45964e+07,-130.47,-69.67
7.46e+07,-129.88,-69.67
7.46036e+07,-137.46,-69.67
7.46072e+07,-133.04,-69.67
7.46108e+07,-127.30,-69.67
7.46144e+07,-129.07,-69.67
7.4618e+07,-124.19,-69.67
7.46216e+07,-124.68,-69.67
7.46251e+07,-127.70,-69.67
7.46287e+07,-144.67,-69.67
7.46323e+07,-126.83,-69.67
7.46359e+07,-129.43,-69.67
7.46395e+07,-130.80,-69.67
7.46431e+07,-124.94,-69.67
7.46467e+07,-127.00,-69.67
7.46503e+07,-126.06,-69.67
7.46539e+07,-124.16,-69.67
7.46575e+07,-130.94,-69.67
7.46611e+07,-145.12,-69.67
7.46647e+07,-131.11,-69.67
7.46682e+07,-128.00,-69.68
7.46718e+07,-130.33,-69.68
7.46754e+07,-129.03,-69.68
7.4679e+07,-123.06,-69.68
7.46826e+07,-125.60,-69.68
7.46862e+07,-135.68,-69.68
7.46898e+07,-136.55,-69.68
7.46934e+07,-132.16,-69.68
7.4697e+07,-128.35,-69.68
7.47006e+07,-126.10,-69.68
7.47042e+07,-131.40,-69.68
7.47078e+07,-132.90,-69.68
7.47113e+07,-129.76,-69.68
7.47149e+07,-128.49,-69.68
7.47185e+07,-131.41,-69.68
7.47221e+07,-130.67,-69.68
7.47257e+07,-127.68,-69.68
7.47293e+07,-126.43,-69.68
7.47329e+07,-126.63,-69.68
7.47365e+07,-146.18,-69.68
7.47401e+07,-127.36,-69.68
7.47437e+07,-127.43,-69.68
7.47473e+07,-125.65,-69.68
7.47509e+07,-131.93,-69.69
7.47544e+07,-138.31,-69.69
7.4758e+07,-131.21,-69.69
7.47616e+07,-132.89,-69.69
7.47652e+07,-129.15,-69.69
7.47688e+07,-134.39,-69.69
7.47724e+07,-142.35,-69.69
7.4776e+07,-130.65,-69.69
7.47796e+07,-124.13,-69.69
7.47832e+07,-124.97,-69.69
7.47868e+07,-129.46,-69.69
7.47904e+07,-130.79,-69.69
7.4794e+07,-125.24,-69.69
7.47975e+07,-128.89,-69.69
7.48011e+07,-135.84,-69.69
7.48047e+07,-132.12,-69.69
7.48083e+07,-124.00,-69.69
7.48119e+07,-128.71,-69.69
7.48155e+07,-132.22,-69.69
7.48191e+07,-136.16,-69.69
7.48227e+07,-136.15,-69.69
7.48263e+07,-132.44,-69.69
7.48299e+07,-134.99,-69.70
7.48335e+07,-128.15,-69.70
7.48371e+07,-120.51,-69.70
7.48406e+07,-125.61,-69.70
7.48442e+07,-128.26,-69.70
7.48478e+07,-129.78,-69.70
7.48514e+07,-126.50,-69.70
7.4855e+07,-134.66,-69.70
7.48586e+07,-139.30,-69.70
7.48622e+07,-128.08,-69.70
7.48658e+07,-125.92,-69.70
7.48694e+07,-124.34,-69.70
7.4873e+07,-124.96,-69.70
7.48766e+07,-124.26,-69.70
7.48802e+07,-121.79,-69.70
7.48837e+07,-121.08,-69.70
7.48873e+07,-123.79,-69.70
7.48909e+07,-122.49,-69.70
7.48945e+07,-123.01,-69.70
7.48981e+07,-121.48,-69.70
7.49017e+07,-122.62,-69.70
7.49053e+07,-124.95,-69.70
7.49089e+07,-123.03,-69.70
7.49125e+07,-118.19,-69.71
7.49161e+07,-122.07,-69.71
7.49197e+07,-127.02,-69.71
7.49233e+07,-125.28,-69.71
7.49268e+07,-127.05,-69.71
7.49304e+07,-126.76,-69.71
7.4934e+07,-123.93,-69.71
7.49376e+07,-123.71,-69.71
7.49412e+07,-131.00,-69.71
7.49448e+07,-123.67,-69.71
7.49484e+07,-127.29,-69.71
7.4952e+07,-127.63,-69.71
7.49556e+07,-125.63,-69.71
7.49592e+07,-127.17,-69.71
7.49628e+07,-129.92,-69.71
7.49664e+07,-128.65,-69.71
7.49699e+07,-131.52,-69.71
7.49735e+07,-135.76,-69.71
7.49771e+07,-129.80,-69.71
7.49807e+07,-129.33,-69.71
7.49843e+07,-130.56,-69.71
7.49879e+07,-132.57,-69.71
7.49915e+07,-133.79,-69.72
7.49951e+07,-130.03,-69.72
7.49987e+07,-129.89,-69.72
7.50023e+07,-129.31,-69.72
7.50059e+07,-134.58,-69.72
7.50095e+07,-130.55,-69.72
7.50131e+07,-148.62,-69.72
7.50166e+07,-126.75,-69.72
7.50202e+07,-126.38,-69.72
7.50238e+07,-127.73,-69.72
7.50274e+07,-126.72,-69.72
7.5031e+07,-122.96,-69.72
7.50346e+07,-123.82,-69.72
7.50382e+07,-132.36,-69.72
7.50418e+07,-129.98,-69.72
7.50454e+07,-133.68,-69.72
7.5049e+07,-136.48,-69.72
7.50526e+07,-133.55,-69.72
7.50562e+07,-132.14,-69.72
7.50597e+07,-139.56,-69.72
7.50633e+07,-138.99,-69.72
7.50669e+07,-137.18,-69.72
7.50705e+07,-132.96,-69.73
7.50741e+07,-127.57,-69.73
7.50777e+07,-135.68,-69.73
7.50813e+07,-134.39,-69.73
7.50849e+07,-128.63,-69.73
7.50885e+07,-129.51,-69.73
7.50921e+07,-130.34,-69.73
7.50957e+07,-134.46,-69.73
7.50993e+07,-137.72,-69.73
7.51028e+07,-133.18,-69.73
7.51064e+07,-136.73,-69.73
7.511e+07,-127.47,-69.73
7.51136e+07,-123.38,-69.73
7.51172e+07,-129.51,-69.73
7.51208e+07,-131.31,-69.73
7.51244e+07,-131.48,-69.73
7.5128e+07,-135.34,-69.73
7.51316e+07,-129.51,-69.73
7.51352e+07,-130.09,-69.73
7.51388e+07,-131.26,-69.73
7.51424e+07,-125.49,-69.73
7.51459e+07,-123.54,-69.73
7.51495e+07,-126.82,-69.73
7.51531e+07,-131.00,-69.74
7.51567e+07,-128.38,-69.74
7.51603e+07,-130.52,-69.74
7.51639e+07,-125.02,-69.74
7.51675e+07,-133.78,-69.74
7.51711e+07,-127.42,-69.74
7.51747e+07,-125.70,-69.74
7.51783e+07,-126.57,-69.74
7.51819e+07,-132.13,-69.74
7.51855e+07,-127.11,-69.74
7.5189e+07,-127.49,-69.74
7.51926e+07,-124.52,-69.74
7.51962e+07,-120.35,-69.74
7.51998e+07,-123.40,-69.74
7.52034e+07,-140.24,-69.74
7.5207e+07,-136.04,-69.74
7.52106e+07,-133.56,-69.74
7.52142e+07,-128.52,-69.74
7.52178e+07,-128.77,-69.74
7.52214e+07,-121.74,-69.74
7.5225e+07,-123.21,-69.74
7.52286e+07,-118.21,-69.74
7.52321e+07,-115.99,-69.75
7.52357e+07,-114.52,-69.75
7.52393e+07,-117.65,-69.75
7.52429e+07,-127.90,-69.75
7.52465e+07,-141.55,-69.75
7.52501e+07,-117.53,-69.75
7.52537e+07,-114.29,-69.75
7.52573e+07,-111.34,-69.75
7.52609e+07,-113.17,-69.75
7.52645e+07,-116.75,-69.75
7.52681e+07,-122.08,-69.75
7.52717e+07,-121.52,-69.75
7.52752e+07,-119.99,-69.75
7.52788e+07,-116.77,-69.75
7.52824e+07,-115.61,-69.75
7.5286e+07,-115.52,-69.75
7.52896e+07,-118.78,-69.75
7.52932e+07,-119.93,-69.75
7.52968e+07,-122.34,-69.75
7.53004e+07,-131.75,-69.75
7.5304e+07,-126.48,-69.75
7.53076e+07,-121.43,-69.75
7.53112e+07,-129.39,-69.75
7.53148e+07,-123.61,-69.76
7.53183e+07,-124.80,-69.76
7.53219e+07,-130.15,-69.76
7.53255e+07,-125.54,-69.76
7.53291e+07,-121.66,-69.76
7.53327e+07,-124.83,-69.76
7.53363e+07,-124.66,-69.76
7.53399e+07,-126.20,-69.76
7.53435e+07,-136.76,-69.76
7.53471e+07,-128.38,-69.76
7.53507e+07,-122.05,-69.76
7.53543e+07,-121.77,-69.76
7.53579e+07,-125.12,-69.76
7.53614e+07,-130.62,-69.76
7.5365e+07,-126.91,-69.76
7.53686e+07,-123.88,-69.76
7.53722e+07,-125.63,-69.76
7.53758e+07,-121.84,-69.76
7.53794e+07,-124.17,-69.76
7.5383e+07,-132.31,-69.76
7.53866e+07,-121.52,-69.76
7.53902e+07,-126.28,-69.76
7.53938e+07,-131.63,-69.77
7.53974e+07,-124.70,-69.77
7.5401e+07,-127.62,-69.77
7.54045e+07,-121.99,-69.77
7.54081e+07,-120.60,-69.77
7.54117e+07,-122.97,-69.77
7.54153e+07,-128.53,-69.77
7.54189e+07,-127.80,-69.77
7.54225e+07,-127.24,-69.77
7.54261e+07,-133.04,-69.77
7.54297e+07,-128.61,-69.77
7.54333e+07,-124.11,-69.77
7.54369e+07,-123.27,-69.77
7.54405e+07,-123.90,-69.77
7.54441e+07,-127.45,-69.77
7.54476e+07,-127.70,-69.77
7.54512e+07,-128.98,-69.77
7.54548e+07,-138.62,-69.77
7.54584e+07,-142.58,-69.77
7.5462e+07,-135.39,-69.77
7.54656e+07,-134.86,-69.77
7.54692e+07,-135.55,-69.77
7.54728e+07,-124.13,-69.77
7.54764e+07,-122.42,-69.78
7.548e+07,-128.69,-69.78
7.54836e+07,-141.57,-69.78
7.54872e+07,-130.98,-69.78
7.54907e+07,-125.88,-69.78
7.54943e+07,-126.90,-69.78
7.54979e+07,-129.85,-69.78
7.55015e+07,-137.90,-69.78
7.55051e+07,-133.72,-69.78
7.55087e+07,-128.47,-69.78
7.55123e+07,-121.78,-69.78
7.55159e+07,-121.46,-69.78
7.55195e+07,-135.99,-69.78
7.55231e+07,-129.90,-69.78
7.55267e+07,-135.71,-69.78
7.55303e+07,-127.55,-69.78
7.55338e+07,-129.75,-69.78
7.55374e+07,-135.93,-69.78
7.5541e+07,-127.34,-69.78
7.55446e+07,-138.51,-69.78
7.55482e+07,-123.85,-69.78
7.55518e+07,-126.19,-69.78
7.55554e+07,-137.27,-69.78
7.5559e+07,-130.14,-69.79
7.55626e+07,-132.41,-69.79
7.55662e+07,-123.93,-69.79
7.55698e+07,-124.85,-69.79
7.55734e+07,-133.68,-69.79
7.5577e+07,-134.98,-69.79
7.55805e+07,-130.51,-69.79
7.55841e+07,-126.62,-69.79
7.55877e+07,-125.42,-69.79
7.55913e+07,-128.75,-69.79
7.55949e+07,-126.57,-69.79
7.55985e+07,-135.08,-69.79
7.56021e+07,-127.24,-69.79
7.56057e+07,-130.69,-69.79
7.56093e+07,-132.97,-69.79
7.56129e+07,-128.58,-69.79
7.56165e+07,-132.02,-69.79
7.56201e+07,-126.49,-69.79
7.56236e+07,-124.35,-69.79
7.56272e+07,-132.75,-69.79
7.56308e+07,-142.53,-69.79
7.56344e+07,-128.74,-69.79
7.5638e+07,-124.18,-69.80
7.56416e+07,-121.64,-69.80
7.56452e+07,-127.05,-69.80
7.56488e+07,-124.98,-69.80
7.56524e+07,-130.94,-69.80
7.5656e+07,-132.32,-69.80
7.56596e+07,-134.70,-69.80
7.56632e+07,-134.02,-69.80
7.56667e+07,-131.33,-69.80
7.56703e+07,-126.49,-69.80
7.56739e+07,-128.40,-69.80
7.56775e+07,-130.24,-69.80
7.56811e+07,-126.04,-69.80
7.56847e+07,-123.35,-69.80
7.56883e+07,-120.40,-69.80
7.56919e+07,-125.62,-69.80
7.56955e+07,-128.50,-69.80
7.56991e+07,-128.32,-69.80
7.57027e+07,-130.07,-69.80
7.57063e+07,-122.19,-69.80
7.57098e+07,-120.62,-69.80
7.57134e+07,-125.41,-69.80
7.5717e+07,-122.00,-69.80
7.57206e+07,-127.51,-69.81
7.57242e+07,-117.74,-69.81
7.57278e+07,-121.45,-69.81
7.57314e+07,-123.84,-69.81
7.5735e+07,-116.20,-69.81
7.57386e+07,-114.75,-69.81
7.57422e+07,-118.92,-69.81
7.57458e+07,-113.67,-69.81
7.57494e+07,-108.03,-69.81
7.57529e+07,-106.03,-69.81
7.57565e+07,-110.56,-69.81
7.57601e+07,-106.21,-69.81
7.57637e+07,-108.25,-69.81
7.57673e+07,-112.76,-69.81
7.57709e+07,-115.27,-69.81
7.57745e+07,-114.70,-69.81
7.57781e+07,-118.92,-69.81
7.57817e+07,-125.79,-69.81
7.57853e+07,-121.14,-69.81
7.57889e+07,-117.16,-69.81
7.57925e+07,-124.90,-69.81
7.5796e+07,-122.00,-69.81
7.57996e+07,-121.76,-69.81
7.58032e+07,-124.39,-69.82
7.58068e+07,-120.48,-69.82
7.58104e+07,-122.24,-69.82
7.5814e+07,-128.63,-69.82
7.58176e+07,-127.96,-69.82
7.58212e+07,-123.56,-69.82
7.58248e+07,-125.78,-69.82
7.58284e+07,-136.26,-69.82
7.5832e+07,-140.00,-69.82
7.58356e+07,-129.28,-69.82
7.58391e+07,-138.35,-69.82
7.58427e+07,-125.53,-69.82
7.58463e+07,-128.74,-69.82
7.58499e+07,-138.66,-69.82
7.58535e+07,-127.42,-69.82
7.58571e+07,-121.70,-69.82
7.58607e+07,-125.07,-69.82
7.58643e+07,-133.56,-69.82
7.58679e+07,-137.17,-69.82
7.58715e+07,-132.64,-69.82
7.58751e+07,-128.19,-69.82
7.58787e+07,-124.58,-69.82
7.58822e+07,-124.47,-69.83
7.58858e+07,-129.45,-69.83
7.58894e+07,-135.23,-69.83
7.5893e+07,-136.15,-69.83
7.58966e+07,-130.63,-69.83
7.59002e+07,-128.34,-69.83
7.59038e+07,-131.59,-69.83
7.59074e+07,-135.44,-69.83
7.5911e+07,-128.38,-69.83
7.59146e+07,-148.29,-69.83
7.59182e+07,-136.81,-69.83
7.59218e+07,-131.57,-69.83
7.59253e+07,-130.20,-69.83
7.59289e+07,-130.12,-69.83
7.59325e+07,-127.61,-69.83
7.59361e+07,-142.83,-69.83
7.59397e+07,-127.98,-69.83
7.59433e+07,-128.27,-69.83
7.59469e+07,-137.18,-69.83
7.59505e+07,-136.86,-69.83
7.59541e+07,-132.17,-69.83
7.59577e+07,-138.77,-69.83
7.59613e+07,-125.37,-69.83
7.59649e+07,-129.84,-69.84
7.59684e+07,-137.96,-69.84
7.5972e+07,-137.55,-69.84
7.59756e+07,-127.45,-69.84
7.59792e+07,-139.49,-69.84
7.59828e+07,-136.11,-69.84
7.59864e+07,-142.92,-69.84
7.599e+07,-135.53,-69.84
7.59936e+07,-141.93,-69.84
7.59972e+07,-129.52,-69.84
7.60008e+07,-125.10,-69.84
7.60044e+07,-128.66,-69.84
7.6008e+07,-137.95,-69.84
7.60115e+07,-136.29,-69.84
7.60151e+07,-130.30,-69.84
7.60187e+07,-126.84,-69.84
7.60223e+07,-124.12,-69.84
7.60259e+07,-126.07,-69.84
7.60295e+07,-130.93,-69.84
7.60331e+07,-125.88,-69.84
7.60367e+07,-124.86,-69.84
7.60403e+07,-119.80,-69.84
7.60439e+07,-123.51,-69.84
7.60475e+07,-130.99,-69.85
7.60511e+07,-127.86,-69.85
7.60546e+07,-126.03,-69.85
7.60582e+07,-129.90,-69.85
7.60618e+07,-129.49,-69.85
7.60654e+07,-136.24,-69.85
7.6069e+07,-137.00,-69.85
7.60726e+07,-134.71,-69.85
7.60762e+07,-132.20,-69.85
7.60798e+07,-135.93,-69.85
7.60834e+07,-125.84,-69.85
7.6087e+07,-137.21,-69.85
7.60906e+07,-130.30,-69.85
7.60942e+07,-129.62,-69.85
7.60977e+07,-131.67,-69.85
7.61013e+07,-127.69,-69.85
7.61049e+07,-125.77,-69.85
7.61085e+07,-127.64,-69.85
7.61121e+07,-126.21,-69.85
7.61157e+07,-123.68,-69.85
7.61193e+07,-135.30,-69.85
7.61229e+07,-126.54,-69.85
7.61265e+07,-125.19,-69.85
7.61301e+07,-123.19,-69.86
7.61337e+07,-132.80,-69.86
7.61373e+07,-137.72,-69.86
7.61409e+07,-139.76,-69.86
7.61444e+07,-134.79,-69.86
7.6148e+07,-128.88,-69.86
7.61516e+07,-133.92,-69.86
7.61552e+07,-143.59,-69.86
7.61588e+07,-135.18,-69.86
7.61624e+07,-130.64,-69.86
7.6166e+07,-129.42,-69.86
7.61696e+07,-138.31,-69.86
7.61732e+07,-128.76,-69.86
7.61768e+07,-134.54,-69.86
7.61804e+07,-137.53,-69.86
7.6184e+07,-128.65,-69.86
7.61875e+07,-128.27,-69.86
7.61911e+07,-129.85,-69.86
7.61947e+07,-126.53,-69.86
7.61983e+07,-125.25,-69.86
7.62019e+07,-131.72,-69.86
7.62055e+07,-124.21,-69.86
7.62091e+07,-134.79,-69.87
7.62127e+07,-121.32,-69.87
7.62163e+07,-121.68,-69.87
7.62199e+07,-118.13,-69.87
7.62235e+07,-118.06,-69.87
7.62271e+07,-118.57,-69.87
7.62306e+07,-117.81,-69.87
7.62342e+07,-115.10,-69.87
7.62378e+07,-121.00,-69.87
7.62414e+07,-124.21,-69.87
7.6245e+07,-127.81,-69.87
7.62486e+07,-117.45,-69.87
7.62522e+07,-113.09,-69.87
7.62558e+07,-112.56,-69.87
7.62594e+07,-114.28,-69.87
7.6263e+07,-119.32,-69.87
7.62666e+07,-134.98,-69.87
7.62702e+07,-127.56,-69.87
7.62737e+07,-124.21,-69.87
7.62773e+07,-116.36,-69.87
7.62809e+07,-116.82,-69.87
7.62845e+07,-119.00,-69.87
7.62881e+07,-119.68,-69.87
7.62917e+07,-119.85,-69.88
7.62953e+07,-123.08,-69.88
7.62989e+07,-126.18,-69.88
7.63025e+07,-127.38,-69.88
7.63061e+07,-131.57,-69.88
7.63097e+07,-126.00,-69.88
7.63133e+07,-128.97,-69.88
7.63168e+07,-127.64,-69.88
7.63204e+07,-122.58,-69.88
7.6324e+07,-123.95,-69.88
7.63276e+07,-128.82,-69.88
7.63312e+07,-128.99,-69.88
7.63348e+07,-146.28,-69.88
7.63384e+07,-128.81,-69.88
7.6342e+07,-141.83,-69.88
7.63456e+07,-122.97,-69.88
7.63492e+07,-120.39,-69.88
7.63528e+07,-122.27,-69.88
7.63564e+07,-121.95,-69.88
7.63599e+07,-124.46,-69.88
7.63635e+07,-123.36,-69.88
7.63671e+07,-121.37,-69.88
7.63707e+07,-125.26,-69.88
7.63743e+07,-135.22,-69.89
7.63779e+07,-134.66,-69.89
7.63815e+07,-125.03,-69.89
7.63851e+07,-121.97,-69.89
7.63887e+07,-128.37,-69.89
7.63923e+07,-138.97,-69.89
7.63959e+07,-137.82,-69.89
7.63995e+07,-129.45,-69.89
7.6403e+07,-122.76,-69.89
7.64066e+07,-121.92,-69.89
7.64102e+07,-122.83,-69.89
7.64138e+07,-124.00,-69.89
7.64174e+07,-123.12,-69.89
7.6421e+07,-121.47,-69.89
7.64246e+07,-124.01,-69.89
7.64282e+07,-121.78,-69.89
7.64318e+07,-121.72,-69.89
7.64354e+07,-127.76,-69.89
7.6439e+07,-123.37,-69.89
7.64426e+07,-120.98,-69.89
7.64461e+07,-122.37,-69.89
7.64497e+07,-122.62,-69.89
7.64533e+07,-123.35,-69.89
7.64569e+07,-124.25,-69.90
7.64605e+07,-126.54,-69.90
7.64641e+07,-127.00,-69.90
7.64677e+07,-120.85,-69.90
7.64713e+07,-127.08,-69.90
7.64749e+07,-130.83,-69.90
7.64785e+07,-126.60,-69.90
7.64821e+07,-131.29,-69.90
7.64857e+07,-127.69,-69.90
7.64892e+07,-126.07,-69.90
7.64928e+07,-127.98,-69.90
7.64964e+07,-135.12,-69.90
7.65e+07,-140.49,-69.90
7.65036e+07,-132.58,-69.90
7.65072e+07,-126.01,-69.90
7.65108e+07,-126.38,-69.90
7.65144e+07,-129.30,-69.90
7.6518e+07,-140.67,-69.90
7.65216e+07,-128.60,-69.90
7.65252e+07,-130.40,-69.90
7.65288e+07,-132.30,-69.90
7.65323e+07,-131.99,-69.90
7.65359e+07,-132.64,-69.90
7.65395e+07,-126.77,-69.91
7.65431e+07,-125.42,-69.91
7.65467e+07,-130.34,-69.91
7.65503e+07,-133.42,-69.91
7.65539e+07,-126.05,-69.91
7.65575e+07,-131.52,-69.91
7.65611e+07,-127.96,-69.91
7.65647e+07,-125.03,-69.91
7.65683e+07,-124.11,-69.91
7.65719e+07,-126.45,-69.91
7.65754e+07,-127.34,-69.91
7.6579e+07,-126.69,-69.91
7.65826e+07,-125.40,-69.91
7.65862e+07,-127.16,-69.91
7.65898e+07,-135.36,-69.91
7.65934e+07,-133.34,-69.91
7.6597e+07,-131.47,-69.91
7.66006e+07,-131.48,-69.91
7.66042e+07,-139.04,-69.91
7.66078e+07,-129.19,-69.91
7.66114e+07,-123.43,-69.91
7.6615e+07,-120.90,-69.91
7.66185e+07,-125.95,-69.91
7.66221e+07,-133.33,-69.92
7.66257e+07,-128.88,-69.92
7.66293e+07,-131.72,-69.92
7.66329e+07,-128.41,-69.92
7.66365e+07,-127.45,-69.92
7.66401e+07,-127.51,-69.92
7.66437e+07,-126.59,-69.92
7.66473e+07,-124.02,-69.92
7.66509e+07,-129.45,-69.92
7.66545e+07,-138.09,-69.92
7.66581e+07,-131.34,-69.92
7.66616e+07,-126.21,-69.92
7.66652e+07,-130.70,-69.92
7.66688e+07,-142.66,-69.92
7.66724e+07,-147.98,-69.92
7.6676e+07,-139.66,-69.92
7.66796e+07,-132.18,-69.92
7.66832e+07,-131.14,-69.92
7.66868e+07,-135.90,-69.92
7.66904e+07,-135.56,-69.92
7.6694e+07,-126.90,-69.92
7.66976e+07,-134.05,-69.92
7.67012e+07,-133.29,-69.92
7.67048e+07,-129.28,-69.93
7.67083e+07,-124.83,-69.93
7.67119e+07,-126.89,-69.93
7.67155e+07,-135.25,-69.93
7.67191e+07,-134.90,-69.93
7.67227e+07,-127.91,-69.93
7.67263e+07,-128.59,-69.93
7.67299e+07,-132.81,-69.93
7.67335e+07,-127.84,-69.93
7.67371e+07,-130.34,-69.93
7.67407e+07,-129.98,-69.93
7.67443e+07,-126.47,-69.93
7.67479e+07,-124.79,-69.93
7.67514e+07,-132.11,-69.93
7.6755e+07,-125.62,-69.93
7.67586e+07,-125.76,-69.93
7.67622e+07,-125.75,-69.93
7.67658e+07,-127.04,-69.93
7.67694e+07,-128.98,-69.93
7.6773e+07,-128.52,-69.93
7.67766e+07,-130.17,-69.93
7.67802e+07,-138.28,-69.93
7.67838e+07,-130.20,-69.93
7.67874e+07,-151.51,-69.94
7.6791e+07,-125.24,-69.94
7.67945e+07,-123.56,-69.94
7.67981e+07,-129.40,-69.94
7.68017e+07,-140.47,-69.94
7.68053e+07,-126.92,-69.94
7.68089e+07,-128.84,-69.94
7.68125e+07,-129.29,-69.94
7.68161e+07,-127.16,-69.94
7.68197e+07,-126.95,-69.94
7.68233e+07,-126.14,-69.94
7.68269e+07,-128.82,-69.94
7.68305e+07,-126.72,-69.94
7.68341e+07,-123.92,-69.94
7.68376e+07,-131.77,-69.94
7.68412e+07,-143.63,-69.94
7.68448e+07,-124.79,-69.94
7.68484e+07,-122.39,-69.94
7.6852e+07,-132.57,-69.94
7.68556e+07,-133.85,-69.94
7.68592e+07,-123.80,-69.94
7.68628e+07,-123.58,-69.94
7.68664e+07,-127.94,-69.94
7.687e+07,-121.94,-69.95
7.68736e+07,-118.96,-69.95
7.68772e+07,-120.80,-69.95
7.68807e+07,-125.63,-69.95
7.68843e+07,-123.04,-69.95
7.68879e+07,-121.57,-69.95
7.68915e+07,-130.12,-69.95
7.68951e+07,-121.74,-69.95
7.68987e+07,-125.26,-69.95
7.69023e+07,-146.30,-69.95
7.69059e+07,-125.36,-69.95
7.69095e+07,-123.72,-69.95
7.69131e+07,-124.59,-69.95
7.69167e+07,-125.10,-69.95
7.69203e+07,-124.02,-69.95
7.69238e+07,-128.60,-69.95
7.69274e+07,-135.67,-69.95
7.6931e+07,-126.80,-69.95
7.69346e+07,-126.12,-69.95
7.69382e+07,-129.97,-69.95
7.69418e+07,-129.51,-69.95
7.69454e+07,-131.54,-69.95
7.6949e+07,-130.61,-69.95
7.69526e+07,-129.33,-69.96
7.69562e+07,-133.64,-69.96
7.69598e+07,-131.76,-69.96
7.69634e+07,-131.71,-69.96
7.69669e+07,-123.64,-69.96
7.69705e+07,-123.90,-69.96
7.69741e+07,-124.90,-69.96
7.69777e+07,-126.00,-69.96
7.69813e+07,-126.66,-69.96
7.69849e+07,-127.16,-69.96
7.69885e+07,-131.79,-69.96
7.69921e+07,-133.92,-69.96
7.69957e+07,-130.48,-69.96
7.69993e+07,-132.75,-69.96
7.70029e+07,-130.53,-69.96
7.70065e+07,-129.23,-69.96
7.701e+07,-137.04,-69.96
7.70136e+07,-140.02,-69.96
7.70172e+07,-134.44,-69.96
7.70208e+07,-125.92,-69.96
7.70244e+07,-120.40,-69.96
7.7028e+07,-122.73,-69.96
7.70316e+07,-133.20,-69.96
7.70352e+07,-135.73,-69.97
7.70388e+07,-149.54,-69.97
7.70424e+07,-132.18,-69.97
7.7046e+07,-128.03,-69.97
7.70496e+07,-130.71,-69.97
7.70531e+07,-154.49,-69.97
7.70567e+07,-138.88,-69.97
7.70603e+07,-131.51,-69.97
7.70639e+07,-131.94,-69.97
7.70675e+07,-133.04,-69.97
7.70711e+07,-133.98,-69.97
7.70747e+07,-128.69,-69.97
7.70783e+07,-127.14,-69.97
7.70819e+07,-131.38,-69.97
7.70855e+07,-129.40,-69.97
7.70891e+07,-129.04,-69.97
7.70927e+07,-134.77,-69.97
7.70962e+07,-127.90,-69.97
7.70998e+07,-128.28,-69.97
7.71034e+07,-135.69,-69.97
7.7107e+07,-125.65,-69.97
7.71106e+07,-125.41,-69.97
7.71142e+07,-125.74,-69.97
7.71178e+07,-128.32,-69.98
7.71214e+07,-139.53,-69.98
7.7125e+07,-132.29,-69.98
7.71286e+07,-129.30,-69.98
7.71322e+07,-127.66,-69.98
7.71358e+07,-129.13,-69.98
7.71393e+07,-129.85,-69.98
7.71429e+07,-128.04,-69.98
7.71465e+07,-129.09,-69.98
7.71501e+07,-155.33,-69.98
7.71537e+07,-131.30,-69.98
7.71573e+07,-126.87,-69.98
7.71609e+07,-135.80,-69.98
7.71645e+07,-128.88,-69.98
7.71681e+07,-125.99,-69.98
7.71717e+07,-129.98,-69.98
7.71753e+07,-130.27,-69.98
7.71789e+07,-129.24,-69.98
7.71824e+07,-127.85,-69.98
7.7186e+07,-130.26,-69.98
7.71896e+07,-124.30,-69.98
7.71932e+07,-126.62,-69.98
7.71968e+07,-125.12,-69.98
7.72004e+07,-133.12,-69.99
7.7204e+07,-128.79,-69.99
7.72076e+07,-131.66,-69.99
7.72112e+07,-148.10,-69.99
7.72148e+07,-131.86,-69.99
7.72184e+07,-123.01,-69.99
7.7222e+07,-120.71,-69.99
7.72255e+07,-117.89,-69.99
7.72291e+07,-115.68,-69.99
7.72327e+07,-114.50,-69.99
7.72363e+07,-120.22,-69.99
7.72399e+07,-126.16,-69.99
7.72435e+07,-131.85,-69.99
7.72471e+07,-115.54,-69.99
7.72507e+07,-113.08,-69.99
7.72543e+07,-111.85,-69.99
7.72579e+07,-114.39,-69.99
7.72615e+07,-117.98,-69.99
7.72651e+07,-124.41,-69.99
7.72686e+07,-127.07,-69.99
7.72722e+07,-123.23,-69.99
7.72758e+07,-118.51,-69.99
7.72794e+07,-118.88,-69.99
7.7283e+07,-118.54,-69.99
7.72866e+07,-120.58,-70.00
7.72902e+07,-119.93,-70.00
7.72938e+07,-121.81,-70.00
7.72974e+07,-124.01,-70.00
7.7301e+07,-128.38,-70.00
7.73046e+07,-125.63,-70.00
7.73082e+07,-138.75,-70.00
7.73118e+07,-127.29,-70.00
7.73153e+07,-125.14,-70.00
7.73189e+07,-129.82,-70.00
7.73225e+07,-127.16,-70.00
7.73261e+07,-122.63,-70.00
7.73297e+07,-129.95,-70.00
7.73333e+07,-139.42,-70.00
7.73369e+07,-129.95,-70.00
7.73405e+07,-135.84,-70.00
7.73441e+07,-134.77,-70.00
7.73477e+07,-133.87,-70.00
7.73513e+07,-139.56,-70.00
7.73549e+07,-132.11,-70.00
7.73584e+07,-122.82,-70.00
7.7362e+07,-119.96,-70.00
7.73656e+07,-124.30,-70.00
7.73692e+07,-130.26,-70.01
7.73728e+07,-124.99,-70.01
7.73764e+07,-127.86,-70.01
7.738e+07,-126.89,-70.01
7.73836e+07,-127.07,-70.01
7.73872e+07,-136.73,-70.01
7.73908e+07,-128.58,-70.01
7.73944e+07,-127.13,-70.01
7.7398e+07,-132.15,-70.01
7.74015e+07,-134.78,-70.01
7.74051e+07,-131.48,-70.01
7.74087e+07,-130.59,-70.01
7.74123e+07,-130.60,-70.01
7.74159e+07,-129.97,-70.01
7.74195e+07,-141.21,-70.01
7.74231e+07,-135.75,-70.01
7.74267e+07,-132.99,-70.01
7.74303e+07,-129.50,-70.01
7.74339e+07,-125.06,-70.01
7.74375e+07,-126.10,-70.01
7.74411e+07,-129.50,-70.01
7.74446e+07,-137.69,-70.01
7.74482e+07,-134.41,-70.01
7.74518e+07,-141.34,-70.02
7.74554e+07,-148.28,-70.02
7.7459e+07,-134.35,-70.02
7.74626e+07,-129.30,-70.02
7.74662e+07,-127.35,-70.02
7.74698e+07,-124.07,-70.02
7.74734e+07,-122.99,-70.02
7.7477e+07,-130.14,-70.02
7.74806e+07,-140.67,-70.02
7.74842e+07,-133.50,-70.02
7.74877e+07,-132.46,-70.02
7.74913e+07,-126.62,-70.02
7.74949e+07,-129.34,-70.02
7.74985e+07,-131.64,-70.02
7.75021e+07,-134.25,-70.02
7.75057e+07,-136.57,-70.02
7.75093e+07,-126.17,-70.02
7.75129e+07,-128.06,-70.02
7.75165e+07,-133.42,-70.02
7.75201e+07,-132.61,-70.02
7.75237e+07,-128.62,-70.02
7.75273e+07,-125.88,-70.02
7.75308e+07,-130.26,-70.02
7.75344e+07,-126.82,-70.03
7.7538e+07,-130.49,-70.03
7.75416e+07,-132.21,-70.03
7.75452e+07,-136.06,-70.03
7.75488e+07,-133.64,-70.03
7.75524e+07,-133.66,-70.03
7.7556e+07,-125.91,-70.03
7.75596e+07,-124.34,-70.03
7.75632e+07,-121.46,-70.03
7.75668e+07,-122.22,-70.03
7.75704e+07,-128.71,-70.03
7.75739e+07,-130.26,-70.03
7.75775e+07,-126.72,-70.03
7.75811e+07,-133.96,-70.03
7.75847e+07,-131.96,-70.03
7.75883e+07,-137.54,-70.03
7.75919e+07,-127.70,-70.03
7.75955e+07,-145.27,-70.03
7.75991e+07,-126.10,-70.03
7.76027e+07,-126.55,-70.03
7.76063e+07,-131.27,-70.03
7.76099e+07,-133.76,-70.03
7.76135e+07,-127.84,-70.03
7.7617e+07,-126.05,-70.03
7.76206e+07,-127.38,-70.04
7.76242e+07,-130.38,-70.04
7.76278e+07,-132.42,-70.04
7.76314e+07,-134.35,-70.04
7.7635e+07,-124.86,-70.04
7.76386e+07,-125.81,-70.04
7.76422e+07,-130.14,-70.04
7.76458e+07,-131.68,-70.04
7.76494e+07,-140.95,-70.04
7.7653e+07,-132.03,-70.04
7.76566e+07,-126.59,-70.04
7.76601e+07,-126.16,-70.04
7.76637e+07,-130.46,-70.04
7.76673e+07,-136.91,-70.04
7.76709e+07,-127.34,-70.04
7.76745e+07,-123.94,-70.04
7.76781e+07,-122.28,-70.04
7.76817e+07,-125.63,-70.04
7.76853e+07,-124.65,-70.04
7.76889e+07,-125.30,-70.04
7.76925e+07,-131.15,-70.04
7.76961e+07,-128.56,-70.04
7.76997e+07,-127.24,-70.04
7.77032e+07,-122.20,-70.05
7.77068e+07,-120.92,-70.05
7.77104e+07,-128.11,-70.05
7.7714e+07,-130.64,-70.05
7.77176e+07,-123.28,-70.05
7.77212e+07,-120.12,-70.05
7.77248e+07,-121.36,-70.05
7.77284e+07,-119.51,-70.05
7.7732e+07,-115.17,-70.05
7.77356e+07,-116.23,-70.05
7.77392e+07,-118.05,-70.05
7.77428e+07,-112.50,-70.05
7.77463e+07,-108.09,-70.05
7.77499e+07,-106.83,-70.05
7.77535e+07,-112.12,-70.05
7.77571e+07,-106.32,-70.05
7.77607e+07,-108.22,-70.05
7.77643e+07,-112.98,-70.05
7.77679e+07,-116.52,-70.05
7.77715e+07,-114.71,-70.05
7.77751e+07,-117.34,-70.05
7.77787e+07,-123.48,-70.05
7.77823e+07,-120.27,-70.05
7.77859e+07,-120.49,-70.06
7.77894e+07,-140.92,-70.06
7.7793e+07,-124.64,-70.06
7.77966e+07,-124.45,-70.06
7.78002e+07,-128.96,-70.06
7.78038e+07,-123.29,-70.06
7.78074e+07,-124.87,-70.06
7.7811e+07,-130.02,-70.06
7.78146e+07,-134.87,-70.06
7.78182e+07,-139.97,-70.06
7.78218e+07,-135.92,-70.06
7.78254e+07,-133.45,-70.06
7.7829e+07,-122.54,-70.06
7.78325e+07,-121.27,-70.06
7.78361e+07,-123.32,-70.06
7.78397e+07,-123.88,-70.06
7.78433e+07,-131.46,-70.06
7.78469e+07,-128.15,-70.06
7.78505e+07,-130.70,-70.06
7.78541e+07,-128.01,-70.06
7.78577e+07,-127.55,-70.06
7.78613e+07,-148.87,-70.06
7.78649e+07,-127.86,-70.06
7.78685e+07,-124.87,-70.06
7.78721e+07,-126.43,-70.07
7.78757e+07,-131.62,-70.07
7.78792e+07,-127.63,-70.07
7.78828e+07,-121.31,-70.07
7.78864e+07,-120.39,-70.07
7.789e+07,-125.35,-70.07
7.78936e+07,-126.53,-70.07
7.78972e+07,-127.25,-70.07
7.79008e+07,-140.00,-70.07
7.79044e+07,-134.79,-70.07
7.7908e+07,-128.78,-70.07
7.79116e+07,-133.59,-70.07
7.79152e+07,-133.19,-70.07
7.79188e+07,-131.12,-70.07
7.79223e+07,-136.27,-70.07
7.79259e+07,-132.42,-70.07
7.79295e+07,-127.38,-70.07
7.79331e+07,-129.74,-70.07
7.79367e+07,-145.80,-70.07
7.79403e+07,-132.17,-70.07
7.79439e+07,-129.96,-70.07
7.79475e+07,-130.61,-70.07
7.79511e+07,-132.93,-70.07
7.79547e+07,-134.98,-70.08
7.79583e+07,-131.57,-70.08
7.79619e+07,-129.59,-70.08
7.79654e+07,-130.20,-70.08
7.7969e+07,-131.49,-70.08
7.79726e+07,-131.28,-70.08
7.79762e+07,-129.17,-70.08
7.79798e+07,-131.26,-70.08
7.79834e+07,-150.77,-70.08
7.7987e+07,-144.22,-70.08
7.79906e+07,-132.15,-70.08
7.79942e+07,-127.63,-70.08
7.79978e+07,-131.16,-70.08
7.80014e+07,-137.82,-70.08
7.8005e+07,-129.95,-70.08
7.80085e+07,-125.88,-70.08
7.80121e+07,-128.23,-70.08
7.80157e+07,-127.06,-70.08
7.80193e+07,-126.59,-70.08
7.80229e+07,-130.10,-70.08
7.80265e+07,-132.26,-70.08
7.80301e+07,-128.34,-70.08
7.80337e+07,-124.12,-70.08
7.80373e+07,-123.09,-70.08
7.80409e+07,-127.49,-70.09
7.80445e+07,-127.23,-70.09
7.80481e+07,-126.53,-70.09
7.80516e+07,-125.93,-70.09
7.80552e+07,-123.02,-70.09
7.80588e+07,-123.46,-70.09
7.80624e+07,-136.23,-70.09
7.8066e+07,-126.98,-70.09
7.80696e+07,-125.11,-70.09
7.80732e+07,-127.22,-70.09
7.80768e+07,-129.66,-70.09
7.80804e+07,-131.35,-70.09
7.8084e+07,-125.18,-70.09
7.80876e+07,-131.37,-70.09
7.80912e+07,-132.27,-70.09
7.80947e+07,-127.13,-70.09
7.80983e+07,-131.13,-70.09
7.81019e+07,-128.82,-70.09
7.81055e+07,-130.86,-70.09
7.81091e+07,-126.65,-70.09
7.81127e+07,-123.98,-70.09
7.81163e+07,-145.01,-70.09
7.81199e+07,-128.05,-70.09
7.81235e+07,-137.07,-70.10
7.81271e+07,-130.28,-70.10
7.81307e+07,-134.12,-70.10
7.81343e+07,-131.24,-70.10
7.81378e+07,-132.14,-70.10
7.81414e+07,-130.86,-70.10
7.8145e+07,-128.87,-70.10
7.81486e+07,-129.63,-70.10
7.81522e+07,-125.25,-70.10
7.81558e+07,-129.86,-70.10
7.81594e+07,-131.78,-70.10
7.8163e+07,-133.10,-70.10
7.81666e+07,-135.82,-70.10
7.81702e+07,-135.13,-70.10
7.81738e+07,-131.10,-70.10
7.81774e+07,-132.20,-70.10
7.81809e+07,-129.31,-70.10
7.81845e+07,-128.78,-70.10
7.81881e+07,-123.51,-70.10
7.81917e+07,-124.26,-70.10
7.81953e+07,-122.88,-70.10
7.81989e+07,-125.80,-70.10
7.82025e+07,-126.88,-70.10
7.82061e+07,-136.71,-70.10
7.82097e+07,-129.57,-70.11
7.82133e+07,-124.74,-70.11
7.82169e+07,-120.01,-70.11
7.82205e+07,-121.32,-70.11
7.8224e+07,-120.63,-70.11
7.82276e+07,-120.87,-70.11
7.82312e+07,-117.96,-70.11
7.82348e+07,-125.16,-70.11
7.82384e+07,-127.26,-70.11
7.8242e+07,-130.33,-70.11
7.82456e+07,-117.35,-70.11
7.82492e+07,-113.59,-70.11
7.82528e+07,-113.25,-70.11
7.82564e+07,-116.90,-70.11
7.826e+07,-120.77,-70.11
7.82636e+07,-141.61,-70.11
7.82671e+07,-133.99,-70.11
7.82707e+07,-123.19,-70.11
7.82743e+07,-116.63,-70.11
7.82779e+07,-118.22,-70.11
7.82815e+07,-124.57,-70.11
7.82851e+07,-124.59,-70.11
7.82887e+07,-124.64,-70.11
7.82923e+07,-128.09,-70.12
7.82959e+07,-126.53,-70.12
7.82995e+07,-129.89,-70.12
7.83031e+07,-126.52,-70.12
7.83067e+07,-126.69,-70.12
7.83102e+07,-121.09,-70.12
7.83138e+07,-119.78,-70.12
7.83174e+07,-123.13,-70.12
7.8321e+07,-131.66,-70.12
7.83246e+07,-141.50,-70.12
7.83282e+07,-128.90,-70.12
7.83318e+07,-129.58,-70.12
7.83354e+07,-128.20,-70.12
7.8339e+07,-129.76,-70.12
7.83426e+07,-124.12,-70.12
7.83462e+07,-122.89,-70.12
7.83498e+07,-130.53,-70.12
7.83533e+07,-127.04,-70.12
7.83569e+07,-124.29,-70.12
7.83605e+07,-119.78,-70.12
7.83641e+07,-118.92,-70.12
7.83677e+07,-123.45,-70.12
7.83713e+07,-127.30,-70.12
7.83749e+07,-126.52,-70.12
7.83785e+07,-127.48,-70.13
7.83821e+07,-123.15,-70.13
7.83857e+07,-126.35,-70.13
7.83893e+07,-137.17,-70.13
7.83929e+07,-126.80,-70.13
7.83964e+07,-126.21,-70.13
7.84e+07,-123.22,-70.13
7.84036e+07,-124.14,-70.13
7.84072e+07,-126.14,-70.13
7.84108e+07,-127.86,-70.13
7.84144e+07,-124.56,-70.13
7.8418e+07,-119.85,-70.13
7.84216e+07,-121.09,-70.13
7.84252e+07,-129.37,-70.13
7.84288e+07,-140.49,-70.13
7.84324e+07,-129.10,-70.13
7.8436e+07,-121.62,-70.13
7.84396e+07,-121.02,-70.13
7.84431e+07,-125.51,-70.13
7.84467e+07,-124.97,-70.13
7.84503e+07,-124.92,-70.13
7.84539e+07,-133.05,-70.13
7.84575e+07,-125.43,-70.13
7.84611e+07,-127.08,-70.14
7.84647e+07,-126.89,-70.14
7.84683e+07,-135.56,-70.14
7.84719e+07,-133.20,-70.14
7.84755e+07,-135.50,-70.14
7.84791e+07,-136.50,-70.14
7.84827e+07,-132.48,-70.14
7.84862e+07,-127.69,-70.14
7.84898e+07,-139.00,-70.14
7.84934e+07,-127.65,-70.14
7.8497e+07,-123.63,-70.14
7.85006e+07,-125.99,-70.14
7.85042e+07,-130.51,-70.14
7.85078e+07,-122.80,-70.14
7.85114e+07,-121.15,-70.14
7.8515e+07,-123.39,-70.14
7.85186e+07,-131.85,-70.14
7.85222e+07,-133.70,-70.14
7.85258e+07,-126.70,-70.14
7.85293e+07,-126.00,-70.14
7.85329e+07,-131.73,-70.14
7.85365e+07,-125.93,-70.14
7.85401e+07,-134.20,-70.14
7.85437e+07,-133.30,-70.14
7.85473e+07,-144.05,-70.15
7.85509e+07,-138.11,-70.15
7.85545e+07,-131.33,-70.15
7.85581e+07,-133.09,-70.15
7.85617e+07,-131.83,-70.15
7.85653e+07,-135.00,-70.15
7.85689e+07,-159.28,-70.15
7.85724e+07,-140.53,-70.15
7.8576e+07,-130.65,-70.15
7.85796e+07,-129.85,-70.15
7.85832e+07,-130.20,-70.15
7.85868e+07,-136.03,-70.15
7.85904e+07,-131.54,-70.15
7.8594e+07,-128.80,-70.15
7.85976e+07,-127.62,-70.15
7.86012e+07,-125.97,-70.15
7.86048e+07,-127.11,-70.15
7.86084e+07,-137.02,-70.15
7.8612e+07,-137.39,-70.15
7.86155e+07,-135.08,-70.15
7.86191e+07,-128.93,-70.15
7.86227e+07,-126.86,-70.15
7.86263e+07,-134.31,-70.15
7.86299e+07,-125.52,-70.16
7.86335e+07,-132.20,-70.16
7.86371e+07,-131.30,-70.16
7.86407e+07,-127.40,-70.16
7.86443e+07,-130.63,-70.16
7.86479e+07,-137.81,-70.16
7.86515e+07,-135.96,-70.16
7.86551e+07,-129.59,-70.16
7.86586e+07,-128.83,-70.16
7.86622e+07,-132.82,-70.16
7.86658e+07,-126.86,-70.16
7.86694e+07,-127.89,-70.16
7.8673e+07,-149.50,-70.16
7.86766e+07,-135.00,-70.16
7.86802e+07,-129.05,-70.16
7.86838e+07,-127.27,-70.16
7.86874e+07,-126.69,-70.16
7.8691e+07,-126.77,-70.16
7.86946e+07,-135.70,-70.16
7.86982e+07,-135.61,-70.16
7.87017e+07,-128.61,-70.16
7.87053e+07,-125.23,-70.16
7.87089e+07,-131.98,-70.16
7.87125e+07,-139.20,-70.16
7.87161e+07,-135.30,-70.17
7.87197e+07,-133.50,-70.17
7.87233e+07,-141.20,-70.17
7.87269e+07,-133.64,-70.17
7.87305e+07,-128.70,-70.17
7.87341e+07,-121.64,-70.17
7.87377e+07,-123.66,-70.17
7.87413e+07,-132.29,-70.17
7.87448e+07,-130.41,-70.17
7.87484e+07,-132.22,-70.17
7.8752e+07,-136.65,-70.17
7.87556e+07,-122.84,-70.17
7.87592e+07,-125.21,-70.17
7.87628e+07,-135.63,-70.17
7.87664e+07,-127.70,-70.17
7.877e+07,-131.41,-70.17
7.87736e+07,-127.46,-70.17
7.87772e+07,-129.88,-70.17
7.87808e+07,-129.82,-70.17
7.87844e+07,-126.13,-70.17
7.87879e+07,-124.22,-70.17
7.87915e+07,-126.33,-70.17
7.87951e+07,-131.83,-70.17
7.87987e+07,-133.85,-70.17
7.88023e+07,-127.20,-70.18
7.88059e+07,-129.05,-70.18
7.88095e+07,-127.62,-70.18
7.88131e+07,-126.94,-70.18
7.88167e+07,-140.64,-70.18
7.88203e+07,-127.53,-70.18
7.88239e+07,-126.62,-70.18
7.88275e+07,-125.30,-70.18
7.8831e+07,-120.43,-70.18
7.88346e+07,-125.16,-70.18
7.88382e+07,-129.81,-70.18
7.88418e+07,-134.25,-70.18
7.88454e+07,-126.40,-70.18
7.8849e+07,-126.59,-70.18
7.88526e+07,-131.84,-70.18
7.88562e+07,-131.06,-70.18
7.88598e+07,-128.73,-70.18
7.88634e+07,-129.14,-70.18
7.8867e+07,-124.63,-70.18
7.88706e+07,-123.01,-70.18
7.88741e+07,-131.04,-70.18
7.88777e+07,-122.40,-70.18
7.88813e+07,-120.61,-70.18
7.88849e+07,-124.97,-70.18
7.88885e+07,-127.94,-70.19
7.88921e+07,-125.34,-70.19
7.88957e+07,-128.87,-70.19
7.88993e+07,-126.68,-70.19
7.89029e+07,-121.49,-70.19
7.89065e+07,-120.27,-70.19
7.89101e+07,-129.44,-70.19
7.89137e+07,-141.21,-70.19
7.89172e+07,-128.07,-70.19
7.89208e+07,-129.23,-70.19
7.89244e+07,-131.64,-70.19
7.8928e+07,-131.89,-70.19
7.89316e+07,-132.57,-70.19
7.89352e+07,-132.25,-70.19
7.89388e+07,-139.96,-70.19
7.89424e+07,-126.20,-70.19
7.8946e+07,-127.15,-70.19
7.89496e+07,-138.11,-70.19
7.89532e+07,-130.12,-70.19
7.89568e+07,-134.95,-70.19
7.89603e+07,-143.39,-70.19
7.89639e+07,-133.19,-70.19
7.89675e+07,-131.64,-70.19
7.89711e+07,-127.37,-70.20
7.89747e+07,-126.92,-70.20
7.89783e+07,-130.61,-70.20
7.89819e+07,-141.09,-70.20
7.89855e+07,-129.78,-70.20
7.89891e+07,-129.82,-70.20
7.89927e+07,-142.49,-70.20
7.89963e+07,-130.43,-70.20
7.89999e+07,-129.50,-70.20
7.90035e+07,-137.56,-70.20
7.9007e+07,-128.35,-70.20
7.90106e+07,-130.91,-70.20
7.90142e+07,-126.91,-70.20
7.90178e+07,-127.03,-70.20
7.90214e+07,-131.52,-70.20
7.9025e+07,-134.44,-70.20
7.90286e+07,-128.62,-70.20
7.90322e+07,-134.14,-70.20
7.90358e+07,-135.25,-70.20
7.90394e+07,-136.11,-70.20
7.9043e+07,-125.89,-70.20
7.90466e+07,-130.56,-70.20
7.90501e+07,-136.60,-70.20
7.90537e+07,-131.00,-70.20
7.90573e+07,-131.91,-70.21
7.90609e+07,-129.57,-70.21
7.90645e+07,-131.86,-70.21
7.90681e+07,-125.74,-70.21
7.90717e+07,-125.79,-70.21
7.90753e+07,-140.64,-70.21
7.90789e+07,-139.52,-70.21
7.90825e+07,-139.63,-70.21
7.90861e+07,-129.82,-70.21
7.90897e+07,-131.37,-70.21
7.90932e+07,-130.91,-70.21
7.90968e+07,-125.07,-70.21
7.91004e+07,-124.53,-70.21
7.9104e+07,-127.75,-70.21
7.91076e+07,-130.82,-70.21
7.91112e+07,-133.30,-70.21
7.91148e+07,-134.50,-70.21
7.91184e+07,-130.29,-70.21
7.9122e+07,-130.23,-70.21
7.91256e+07,-134.06,-70.21
7.91292e+07,-128.33,-70.21
7.91328e+07,-124.28,-70.21
7.91363e+07,-124.72,-70.21
7.91399e+07,-122.85,-70.21
7.91435e+07,-122.74,-70.22
7.91471e+07,-128.99,-70.22
7.91507e+07,-129.40,-70.22
7.91543e+07,-127.61,-70.22
7.91579e+07,-126.42,-70.22
7.91615e+07,-125.67,-70.22
7.91651e+07,-126.52,-70.22
7.91687e+07,-125.97,-70.22
7.91723e+07,-147.77,-70.22
7.91759e+07,-135.04,-70.22
7.91794e+07,-127.56,-70.22
7.9183e+07,-140.20,-70.22
7.91866e+07,-121.82,-70.22
7.91902e+07,-119.91,-70.22
7.91938e+07,-120.82,-70.22
7.91974e+07,-126.17,-70.22
7.9201e+07,-135.41,-70.22
7.92046e+07,-145.57,-70.22
7.92082e+07,-134.20,-70.22
7.92118e+07,-123.51,-70.22
7.92154e+07,-117.59,-70.22
7.9219e+07,-118.11,-70.22
7.92225e+07,-117.43,-70.22
7.92261e+07,-116.34,-70.22
7.92297e+07,-116.01,-70.23
7.92333e+07,-119.92,-70.23
7.92369e+07,-127.76,-70.23
7.92405e+07,-131.11,-70.23
7.92441e+07,-120.62,-70.23
7.92477e+07,-116.09,-70.23
7.92513e+07,-112.71,-70.23
7.92549e+07,-113.98,-70.23
7.92585e+07,-119.80,-70.23
7.92621e+07,-128.66,-70.23
7.92656e+07,-126.19,-70.23
7.92692e+07,-119.83,-70.23
7.92728e+07,-115.49,-70.23
7.92764e+07,-117.54,-70.23
7.928e+07,-119.64,-70.23
7.92836e+07,-121.21,-70.23
7.92872e+07,-121.29,-70.23
7.92908e+07,-126.64,-70.23
7.92944e+07,-129.26,-70.23
7.9298e+07,-132.34,-70.23
7.93016e+07,-125.70,-70.23
7.93052e+07,-137.76,-70.23
7.93087e+07,-123.91,-70.23
7.93123e+07,-124.36,-70.23
7.93159e+07,-124.47,-70.24
7.93195e+07,-149.31,-70.24
7.93231e+07,-127.28,-70.24
7.93267e+07,-132.21,-70.24
7.93303e+07,-130.44,-70.24
7.93339e+07,-125.92,-70.24
7.93375e+07,-129.49,-70.24
7.93411e+07,-132.49,-70.24
7.93447e+07,-130.38,-70.24
7.93483e+07,-140.41,-70.24
7.93518e+07,-137.08,-70.24
7.93554e+07,-142.73,-70.24
7.9359e+07,-124.34,-70.24
7.93626e+07,-123.87,-70.24
7.93662e+07,-126.34,-70.24
7.93698e+07,-123.81,-70.24
7.93734e+07,-125.38,-70.24
7.9377e+07,-129.95,-70.24
7.93806e+07,-130.37,-70.24
7.93842e+07,-139.18,-70.24
7.93878e+07,-136.57,-70.24
7.93914e+07,-144.52,-70.24
7.93949e+07,-130.41,-70.24
7.93985e+07,-133.72,-70.24
7.94021e+07,-123.72,-70.25
7.94057e+07,-120.72,-70.25
7.94093e+07,-121.65,-70.25
7.94129e+07,-130.57,-70.25
7.94165e+07,-131.68,-70.25
7.94201e+07,-130.75,-70.25
7.94237e+07,-127.62,-70.25
7.94273e+07,-134.00,-70.25
7.94309e+07,-127.09,-70.25
7.94345e+07,-128.25,-70.25
7.9438e+07,-132.77,-70.25
7.94416e+07,-126.84,-70.25
7.94452e+07,-139.61,-70.25
7.94488e+07,-134.97,-70.25
7.94524e+07,-137.35,-70.25
7.9456e+07,-137.97,-70.25
7.94596e+07,-137.88,-70.25
7.94632e+07,-125.96,-70.25
7.94668e+07,-124.39,-70.25
7.94704e+07,-130.39,-70.25
7.9474e+07,-129.83,-70.25
7.94776e+07,-125.33,-70.25
7.94811e+07,-127.86,-70.25
7.94847e+07,-131.26,-70.25
7.94883e+07,-131.05,-70.26
7.94919e+07,-134.91,-70.26
7.94955e+07,-125.93,-70.26
7.94991e+07,-126.03,-70.26
7.95027e+07,-138.44,-70.26
7.95063e+07,-127.45,-70.26
7.95099e+07,-129.93,-70.26
7.95135e+07,-136.17,-70.26
7.95171e+07,-128.49,-70.26
7.95207e+07,-128.51,-70.26
7.95242e+07,-133.81,-70.26
7.95278e+07,-135.88,-70.26
7.95314e+07,-128.57,-70.26
7.9535e+07,-130.81,-70.26
7.95386e+07,-132.87,-70.26
7.95422e+07,-140.11,-70.26
7.95458e+07,-126.13,-70.26
7.95494e+07,-129.13,-70.26
7.9553e+07,-141.77,-70.26
7.95566e+07,-131.83,-70.26
7.95602e+07,-125.18,-70.26
7.95638e+07,-124.06,-70.26
7.95674e+07,-128.04,-70.26
7.95709e+07,-124.97,-70.26
7.95745e+07,-124.56,-70.27
7.95781e+07,-127.62,-70.27
7.95817e+07,-129.97,-70.27
7.95853e+07,-140.63,-70.27
7.95889e+07,-135.48,-70.27
7.95925e+07,-139.73,-70.27
7.95961e+07,-128.98,-70.27
7.95997e+07,-129.19,-70.27
7.96033e+07,-130.55,-70.27
7.96069e+07,-122.11,-70.27
7.96105e+07,-122.20,-70.27
7.9614e+07,-128.48,-70.27
7.96176e+07,-142.48,-70.27
7.96212e+07,-130.71,-70.27
7.96248e+07,-130.23,-70.27
7.96284e+07,-128.90,-70.27
7.9632e+07,-140.18,-70.27
7.96356e+07,-130.44,-70.27
7.96392e+07,-129.25,-70.27
7.96428e+07,-130.31,-70.27
7.96464e+07,-136.87,-70.27
7.965e+07,-133.56,-70.27
7.96536e+07,-134.15,-70.27
7.96571e+07,-134.07,-70.28
7.96607e+07,-128.98,-70.28
7.96643e+07,-130.52,-70.28
7.96679e+07,-136.32,-70.28
7.96715e+07,-124.59,-70.28
7.96751e+07,-126.33,-70.28
7.96787e+07,-126.03,-70.28
7.96823e+07,-121.83,-70.28
7.96859e+07,-122.93,-70.28
7.96895e+07,-126.59,-70.28
7.96931e+07,-131.35,-70.28
7.96967e+07,-125.76,-70.28
7.97002e+07,-119.82,-70.28
7.97038e+07,-122.70,-70.28
7.97074e+07,-127.02,-70.28
7.9711e+07,-123.21,-70.28
7.97146e+07,-131.71,-70.28
7.97182e+07,-119.60,-70.28
7.97218e+07,-121.54,-70.28
7.97254e+07,-123.29,-70.28
7.9729e+07,-117.90,-70.28
7.97326e+07,-116.67,-70.28
7.97362e+07,-118.91,-70.28
7.97398e+07,-115.51,-70.28
7.97433e+07,-110.02,-70.28
7.97469e+07,-107.89,-70.29
7.97505e+07,-112.38,-70.29
7.97541e+07,-108.18,-70.29
7.97577e+07,-110.03,-70.29
7.97613e+07,-114.74,-70.29
7.97649e+07,-119.59,-70.29
7.97685e+07,-117.97,-70.29
7.97721e+07,-120.83,-70.29
7.97757e+07,-127.33,-70.29
7.97793e+07,-120.78,-70.29
7.97829e+07,-117.56,-70.29
7.97864e+07,-123.13,-70.29
7.979e+07,-126.13,-70.29
7.97936e+07,-122.72,-70.29
7.97972e+07,-121.28,-70.29
7.98008e+07,-118.32,-70.29
7.98044e+07,-122.69,-70.29
7.9808e+07,-142.84,-70.29
7.98116e+07,-128.30,-70.29
7.98152e+07,-123.54,-70.29
7.98188e+07,-124.27,-70.29
7.98224e+07,-132.54,-70.29
7.9826e+07,-127.25,-70.29
7.98295e+07,-121.95,-70.29
7.98331e+07,-127.48,-70.30
7.98367e+07,-128.57,-70.30
7.98403e+07,-128.79,-70.30
7.98439e+07,-124.31,-70.30
7.98475e+07,-126.99,-70.30
7.98511e+07,-125.57,-70.30
7.98547e+07,-124.68,-70.30
7.98583e+07,-127.37,-70.30
7.98619e+07,-131.88,-70.30
7.98655e+07,-129.04,-70.30
7.98691e+07,-125.89,-70.30
7.98726e+07,-130.56,-70.30
7.98762e+07,-121.59,-70.30
7.98798e+07,-124.40,-70.30
7.98834e+07,-125.64,-70.30
7.9887e+07,-122.62,-70.30
7.98906e+07,-122.19,-70.30
7.98942e+07,-121.18,-70.30
7.98978e+07,-122.35,-70.30
7.99014e+07,-131.95,-70.30
7.9905e+07,-131.80,-70.30
7.99086e+07,-136.99,-70.30
7.99122e+07,-137.34,-70.30
7.99157e+07,-126.14,-70.30
7.99193e+07,-126.94,-70.31
7.99229e+07,-136.02,-70.31
7.99265e+07,-129.16,-70.31
7.99301e+07,-142.57,-70.31
7.99337e+07,-129.89,-70.31
7.99373e+07,-130.28,-70.31
7.99409e+07,-135.80,-70.31
7.99445e+07,-139.85,-70.31
7.99481e+07,-139.28,-70.31
7.99517e+07,-141.28,-70.31
7.99553e+07,-138.79,-70.31
7.99588e+07,-136.34,-70.31
7.99624e+07,-126.47,-70.31
7.9966e+07,-120.96,-70.31
7.99696e+07,-128.24,-70.31
7.99732e+07,-129.06,-70.31
7.99768e+07,-127.78,-70.31
7.99804e+07,-147.94,-70.31
7.9984e+07,-145.84,-70.31
7.99876e+07,-134.00,-70.31
7.99912e+07,-134.89,-70.31
7.99948e+07,-140.51,-70.31
7.99984e+07,-134.44,-70.31
8.00019e+07,-125.64,-70.31
8.00055e+07,-134.00,-70.32
8.00091e+07,-128.83,-70.32
8.00127e+07,-131.75,-70.32
8.00163e+07,-127.52,-70.32
8.00199e+07,-137.96,-70.32
8.00235e+07,-128.47,-70.32
8.00271e+07,-126.29,-70.32
8.00307e+07,-128.63,-70.32
8.00343e+07,-132.15,-70.32
8.00379e+07,-127.77,-70.32
8.00415e+07,-124.51,-70.32
8.0045e+07,-127.63,-70.32
8.00486e+07,-134.11,-70.32
8.00522e+07,-141.04,-70.32
8.00558e+07,-134.47,-70.32
8.00594e+07,-130.69,-70.32
8.0063e+07,-133.59,-70.32
8.00666e+07,-129.40,-70.32
8.00702e+07,-127.95,-70.32
8.00738e+07,-136.52,-70.32
8.00774e+07,-143.86,-70.32
8.0081e+07,-144.53,-70.32
8.00846e+07,-130.22,-70.32
8.00881e+07,-130.02,-70.32
8.00917e+07,-135.83,-70.33
8.00953e+07,-125.73,-70.33
8.00989e+07,-127.47,-70.33
8.01025e+07,-128.92,-70.33
8.01061e+07,-132.24,-70.33
8.01097e+07,-139.16,-70.33
8.01133e+07,-132.05,-70.33
8.01169e+07,-133.38,-70.33
8.01205e+07,-139.95,-70.33
8.01241e+07,-133.74,-70.33
8.01277e+07,-125.19,-70.33
8.01312e+07,-124.97,-70.33
8.01348e+07,-133.47,-70.33
8.01384e+07,-139.33,-70.33
8.0142e+07,-135.48,-70.33
8.01456e+07,-137.58,-70.33
8.01492e+07,-129.76,-70.33
8.01528e+07,-126.90,-70.33
8.01564e+07,-129.78,-70.33
8.016e+07,-124.22,-70.33
8.01636e+07,-136.85,-70.33
8.01672e+07,-131.17,-70.33
8.01708e+07,-133.18,-70.33
8.01744e+07,-135.14,-70.33
8.01779e+07,-138.48,-70.34
8.01815e+07,-132.41,-70.34
8.01851e+07,-130.16,-70.34
8.01887e+07,-130.41,-70.34
8.01923e+07,-128.65,-70.34
8.01959e+07,-125.60,-70.34
8.01995e+07,-125.02,-70.34
8.02031e+07,-132.56,-70.34
8.02067e+07,-129.90,-70.34
8.02103e+07,-132.68,-70.34
8.02139e+07,-123.00,-70.34
8.02175e+07,-124.25,-70.34
8.0221e+07,-122.45,-70.34
8.02246e+07,-121.60,-70.34
8.02282e+07,-119.21,-70.34
8.02318e+07,-126.91,-70.34
8.02354e+07,-128.03,-70.34
8.0239e+07,-124.97,-70.34
8.02426e+07,-119.09,-70.34
8.02462e+07,-115.36,-70.34
8.02498e+07,-114.67,-70.34
8.02534e+07,-119.64,-70.34
8.0257e+07,-117.30,-70.34
8.02606e+07,-125.03,-70.34
8.02641e+07,-127.04,-70.35
8.02677e+07,-123.23,-70.35
8.02713e+07,-118.96,-70.35
8.02749e+07,-121.68,-70.35
8.02785e+07,-123.56,-70.35
8.02821e+07,-126.18,-70.35
8.02857e+07,-128.67,-70.35
8.02893e+07,-130.06,-70.35
8.02929e+07,-136.31,-70.35
8.02965e+07,-121.91,-70.35
8.03001e+07,-120.33,-70.35
8.03037e+07,-124.36,-70.35
8.03072e+07,-129.40,-70.35
8.03108e+07,-145.59,-70.35
8.03144e+07,-133.98,-70.35
8.0318e+07,-139.91,-70.35
8.03216e+07,-128.10,-70.35
8.03252e+07,-121.93,-70.35
8.03288e+07,-126.97,-70.35
8.03324e+07,-126.31,-70.35
8.0336e+07,-128.25,-70.35
8.03396e+07,-125.75,-70.35
8.03432e+07,-123.56,-70.35
8.03468e+07,-127.31,-70.35
8.03503e+07,-125.96,-70.35
8.03539e+07,-139.85,-70.36
8.03575e+07,-125.74,-70.36
8.03611e+07,-124.68,-70.36
8.03647e+07,-126.26,-70.36
8.03683e+07,-125.96,-70.36
8.03719e+07,-125.09,-70.36
8.03755e+07,-124.71,-70.36
8.03791e+07,-121.17,-70.36
8.03827e+07,-122.88,-70.36
8.03863e+07,-127.56,-70.36
8.03899e+07,-128.45,-70.36
8.03934e+07,-125.48,-70.36
8.0397e+07,-123.39,-70.36
8.04006e+07,-125.06,-70.36
8.04042e+07,-126.42,-70.36
8.04078e+07,-126.24,-70.36
8.04114e+07,-123.70,-70.36
8.0415e+07,-121.74,-70.36
8.04186e+07,-124.61,-70.36
8.04222e+07,-130.08,-70.36
8.04258e+07,-123.53,-70.36
8.04294e+07,-124.94,-70.36
8.0433e+07,-121.60,-70.36
8.04365e+07,-119.47,-70.36
8.04401e+07,-121.19,-70.37
8.04437e+07,-122.69,-70.37
8.04473e+07,-127.72,-70.37
8.04509e+07,-128.69,-70.37
8.04545e+07,-126.03,-70.37
8.04581e+07,-136.15,-70.37
8.04617e+07,-128.38,-70.37
8.04653e+07,-129.23,-70.37
8.04689e+07,-145.32,-70.37
8.04725e+07,-130.43,-70.37
8.04761e+07,-131.19,-70.37
8.04796e+07,-137.60,-70.37
8.04832e+07,-130.01,-70.37
8.04868e+07,-133.18,-70.37
8.04904e+07,-129.92,-70.37
8.0494e+07,-128.26,-70.37
8.04976e+07,-129.11,-70.37
8.05012e+07,-127.08,-70.37
8.05048e+07,-127.57,-70.37
8.05084e+07,-130.24,-70.37
8.0512e+07,-135.47,-70.37
8.05156e+07,-127.84,-70.37
8.05192e+07,-128.81,-70.37
8.05227e+07,-132.34,-70.37
8.05263e+07,-134.04,-70.38
8.05299e+07,-136.32,-70.38
8.05335e+07,-130.51,-70.38
8.05371e+07,-125.54,-70.38
8.05407e+07,-126.01,-70.38
8.05443e+07,-135.29,-70.38
8.05479e+07,-132.85,-70.38
8.05515e+07,-132.38,-70.38
8.05551e+07,-132.40,-70.38
8.05587e+07,-136.42,-70.38
8.05623e+07,-131.62,-70.38
8.05658e+07,-127.84,-70.38
8.05694e+07,-130.80,-70.38
8.0573e+07,-130.96,-70.38
8.05766e+07,-125.73,-70.38
8.05802e+07,-124.99,-70.38
8.05838e+07,-136.97,-70.38
8.05874e+07,-129.62,-70.38
8.0591e+07,-132.67,-70.38
8.05946e+07,-130.53,-70.38
8.05982e+07,-130.90,-70.38
8.06018e+07,-129.70,-70.38
8.06054e+07,-128.55,-70.38
8.06089e+07,-129.73,-70.38
8.06125e+07,-129.73,-70.39
8.06161e+07,-136.89,-70.39
8.06197e+07,-138.17,-70.39
8.06233e+07,-130.37,-70.39
8.06269e+07,-127.46,-70.39
8.06305e+07,-127.00,-70.39
8.06341e+07,-122.78,-70.39
8.06377e+07,-122.71,-70.39
8.06413e+07,-128.22,-70.39
8.06449e+07,-128.47,-70.39
8.06485e+07,-135.02,-70.39
8.0652e+07,-130.12,-70.39
8.06556e+07,-128.27,-70.39
8.06592e+07,-132.38,-70.39
8.06628e+07,-139.92,-70.39
8.06664e+07,-130.19,-70.39
8.067e+07,-135.81,-70.39
8.06736e+07,-137.83,-70.39
8.06772e+07,-134.97,-70.39
8.06808e+07,-128.35,-70.39
8.06844e+07,-124.99,-70.39
8.0688e+07,-126.09,-70.39
8.06916e+07,-128.01,-70.39
8.06951e+07,-128.08,-70.39
8.06987e+07,-128.95,-70.39
8.07023e+07,-128.65,-70.40
8.07059e+07,-124.14,-70.40
8.07095e+07,-129.81,-70.40
8.07131e+07,-139.16,-70.40
8.07167e+07,-133.85,-70.40
8.07203e+07,-133.25,-70.40
8.07239e+07,-127.74,-70.40
8.07275e+07,-127.20,-70.40
8.07311e+07,-120.90,-70.40
8.07347e+07,-122.68,-70.40
8.07383e+07,-122.24,-70.40
8.07418e+07,-120.62,-70.40
8.07454e+07,-117.71,-70.40
8.0749e+07,-117.73,-70.40
8.07526e+07,-118.37,-70.40
8.07562e+07,-120.48,-70.40
8.07598e+07,-120.35,-70.40
8.07634e+07,-123.42,-70.40
8.0767e+07,-123.93,-70.40
8.07706e+07,-125.20,-70.40
8.07742e+07,-131.15,-70.40
8.07778e+07,-131.07,-70.40
8.07814e+07,-128.81,-70.40
8.07849e+07,-127.65,-70.40
8.07885e+07,-127.57,-70.41
8.07921e+07,-130.28,-70.41
8.07957e+07,-129.13,-70.41
8.07993e+07,-129.85,-70.41
8.08029e+07,-130.40,-70.41
8.08065e+07,-133.00,-70.41
8.08101e+07,-128.73,-70.41
8.08137e+07,-125.33,-70.41
8.08173e+07,-136.78,-70.41
8.08209e+07,-131.11,-70.41
8.08245e+07,-132.25,-70.41
8.0828e+07,-126.29,-70.41
8.08316e+07,-130.08,-70.41
8.08352e+07,-138.34,-70.41
8.08388e+07,-136.61,-70.41
8.08424e+07,-127.91,-70.41
8.0846e+07,-133.49,-70.41
8.08496e+07,-152.80,-70.41
8.08532e+07,-132.03,-70.41
8.08568e+07,-127.52,-70.41
8.08604e+07,-137.32,-70.41
8.0864e+07,-134.47,-70.41
8.08676e+07,-133.70,-70.41
8.08711e+07,-128.80,-70.41
8.08747e+07,-124.64,-70.41
8.08783e+07,-128.51,-70.42
8.08819e+07,-127.82,-70.42
8.08855e+07,-133.00,-70.42
8.08891e+07,-127.92,-70.42
8.08927e+07,-122.95,-70.42
8.08963e+07,-128.23,-70.42
8.08999e+07,-125.44,-70.42
8.09035e+07,-120.70,-70.42
8.09071e+07,-127.32,-70.42
8.09107e+07,-128.18,-70.42
8.09142e+07,-129.65,-70.42
8.09178e+07,-138.16,-70.42
8.09214e+07,-136.27,-70.42
8.0925e+07,-133.14,-70.42
8.09286e+07,-129.39,-70.42
8.09322e+07,-131.73,-70.42
8.09358e+07,-134.53,-70.42
8.09394e+07,-131.04,-70.42
8.0943e+07,-132.11,-70.42
8.09466e+07,-130.46,-70.42
8.09502e+07,-130.36,-70.42
8.09538e+07,-126.25,-70.42
8.09573e+07,-133.11,-70.42
8.09609e+07,-133.08,-70.42
8.09645e+07,-136.72,-70.43
8.09681e+07,-137.62,-70.43
8.09717e+07,-142.53,-70.43
8.09753e+07,-140.52,-70.43
8.09789e+07,-138.12,-70.43
8.09825e+07,-128.18,-70.43
8.09861e+07,-130.83,-70.43
8.09897e+07,-135.81,-70.43
8.09933e+07,-129.87,-70.43
8.09969e+07,-128.16,-70.43
8.10004e+07,-126.55,-70.43
8.1004e+07,-139.15,-70.43
8.10076e+07,-126.26,-70.43
8.10112e+07,-128.13,-70.43
8.10148e+07,-126.06,-70.43
8.10184e+07,-125.98,-70.43
8.1022e+07,-134.23,-70.43
8.10256e+07,-136.31,-70.43
8.10292e+07,-132.93,-70.43
8.10328e+07,-131.76,-70.43
8.10364e+07,-127.51,-70.43
8.104e+07,-125.50,-70.43
8.10435e+07,-128.78,-70.43
8.10471e+07,-134.02,-70.43
8.10507e+07,-139.73,-70.44
8.10543e+07,-136.98,-70.44
8.10579e+07,-135.16,-70.44
8.10615e+07,-132.16,-70.44
8.10651e+07,-127.62,-70.44
8.10687e+07,-123.96,-70.44
8.10723e+07,-129.08,-70.44
8.10759e+07,-143.43,-70.44
8.10795e+07,-134.52,-70.44
8.10831e+07,-129.31,-70.44
8.10866e+07,-131.87,-70.44
8.10902e+07,-148.62,-70.44
8.10938e+07,-127.78,-70.44
8.10974e+07,-127.98,-70.44
8.1101e+07,-124.82,-70.44
8.11046e+07,-124.26,-70.44
8.11082e+07,-129.97,-70.44
8.11118e+07,-132.31,-70.44
8.11154e+07,-145.94,-70.44
8.1119e+07,-136.08,-70.44
8.11226e+07,-131.45,-70.44
8.11262e+07,-130.93,-70.44
8.11297e+07,-128.46,-70.44
8.11333e+07,-127.61,-70.44
8.11369e+07,-124.51,-70.44
8.11405e+07,-128.02,-70.45
8.11441e+07,-136.67,-70.45
8.11477e+07,-140.19,-70.45
8.11513e+07,-131.45,-70.45
8.11549e+07,-126.20,-70.45
8.11585e+07,-129.14,-70.45
8.11621e+07,-127.31,-70.45
8.11657e+07,-130.12,-70.45
8.11693e+07,-132.57,-70.45
8.11728e+07,-138.89,-70.45
8.11764e+07,-136.70,-70.45
8.118e+07,-134.92,-70.45
8.11836e+07,-124.01,-70.45
8.11872e+07,-120.15,-70.45
8.11908e+07,-119.43,-70.45
8.11944e+07,-125.47,-70.45
8.1198e+07,-126.76,-70.45
8.12016e+07,-130.21,-70.45
8.12052e+07,-130.65,-70.45
8.12088e+07,-124.44,-70.45
8.12124e+07,-118.01,-70.45
8.12159e+07,-119.39,-70.45
8.12195e+07,-116.62,-70.45
8.12231e+07,-115.63,-70.45
8.12267e+07,-115.76,-70.46
8.12303e+07,-121.30,-70.46
8.12339e+07,-134.03,-70.46
8.12375e+07,-126.69,-70.46
8.12411e+07,-114.70,-70.46
8.12447e+07,-113.15,-70.46
8.12483e+07,-110.94,-70.46
8.12519e+07,-112.30,-70.46
8.12555e+07,-115.50,-70.46
8.1259e+07,-132.67,-70.46
8.12626e+07,-123.77,-70.46
8.12662e+07,-121.04,-70.46
8.12698e+07,-116.00,-70.46
8.12734e+07,-118.46,-70.46
8.1277e+07,-120.26,-70.46
8.12806e+07,-121.43,-70.46
8.12842e+07,-119.16,-70.46
8.12878e+07,-122.22,-70.46
8.12914e+07,-127.63,-70.46
8.1295e+07,-123.99,-70.46
8.12986e+07,-119.16,-70.46
8.13022e+07,-125.34,-70.46
8.13057e+07,-128.79,-70.46
8.13093e+07,-127.28,-70.46
8.13129e+07,-133.09,-70.46
8.13165e+07,-128.11,-70.47
8.13201e+07,-123.20,-70.47
8.13237e+07,-125.82,-70.47
8.13273e+07,-134.36,-70.47
8.13309e+07,-131.60,-70.47
8.13345e+07,-132.92,-70.47
8.13381e+07,-144.00,-70.47
8.13417e+07,-141.53,-70.47
8.13453e+07,-133.46,-70.47
8.13488e+07,-127.33,-70.47
8.13524e+07,-127.97,-70.47
8.1356e+07,-123.60,-70.47
8.13596e+07,-121.91,-70.47
8.13632e+07,-124.49,-70.47
8.13668e+07,-124.12,-70.47
8.13704e+07,-128.72,-70.47
8.1374e+07,-131.82,-70.47
8.13776e+07,-125.88,-70.47
8.13812e+07,-128.71,-70.47
8.13848e+07,-131.49,-70.47
8.13884e+07,-135.20,-70.47
8.13919e+07,-132.23,-70.47
8.13955e+07,-125.29,-70.47
8.13991e+07,-121.83,-70.47
8.14027e+07,-125.67,-70.47
8.14063e+07,-129.46,-70.48
8.14099e+07,-128.17,-70.48
8.14135e+07,-139.81,-70.48
8.14171e+07,-128.62,-70.48
8.14207e+07,-123.79,-70.48
8.14243e+07,-127.29,-70.48
8.14279e+07,-132.62,-70.48
8.14315e+07,-130.18,-70.48
8.1435e+07,-129.74,-70.48
8.14386e+07,-131.74,-70.48
8.14422e+07,-134.63,-70.48
8.14458e+07,-134.10,-70.48
8.14494e+07,-127.00,-70.48
8.1453e+07,-127.22,-70.48
8.14566e+07,-133.73,-70.48
8.14602e+07,-130.78,-70.48
8.14638e+07,-131.31,-70.48
8.14674e+07,-127.23,-70.48
8.1471e+07,-132.92,-70.48
8.14746e+07,-132.33,-70.48
8.14781e+07,-130.48,-70.48
8.14817e+07,-125.20,-70.48
8.14853e+07,-129.37,-70.48
8.14889e+07,-141.94,-70.48
8.14925e+07,-133.27,-70.49
8.14961e+07,-131.94,-70.49
8.14997e+07,-134.94,-70.49
8.15033e+07,-130.61,-70.49
8.15069e+07,-125.69,-70.49
8.15105e+07,-129.17,-70.49
8.15141e+07,-126.14,-70.49
8.15177e+07,-129.81,-70.49
8.15212e+07,-127.97,-70.49
8.15248e+07,-133.07,-70.49
8.15284e+07,-137.25,-70.49
8.1532e+07,-136.14,-70.49
8.15356e+07,-140.60,-70.49
8.15392e+07,-130.73,-70.49
8.15428e+07,-129.22,-70.49
8.15464e+07,-144.06,-70.49
8.155e+07,-132.66,-70.49
8.15536e+07,-128.59,-70.49
8.15572e+07,-126.98,-70.49
8.15608e+07,-129.48,-70.49
8.15643e+07,-136.42,-70.49
8.15679e+07,-129.39,-70.49
8.15715e+07,-127.57,-70.49
8.15751e+07,-127.33,-70.49
8.15787e+07,-132.18,-70.49
8.15823e+07,-135.91,-70.50
8.15859e+07,-131.92,-70.50
8.15895e+07,-138.22,-70.50
8.15931e+07,-127.99,-70.50
8.15967e+07,-127.21,-70.50
8.16003e+07,-126.42,-70.50
8.16039e+07,-122.93,-70.50
8.16074e+07,-123.03,-70.50
8.1611e+07,-124.13,-70.50
8.16146e+07,-128.09,-70.50
8.16182e+07,-136.30,-70.50
8.16218e+07,-129.57,-70.50
8.16254e+07,-131.14,-70.50
8.1629e+07,-128.83,-70.50
8.16326e+07,-125.82,-70.50
8.16362e+07,-126.70,-70.50
8.16398e+07,-129.31,-70.50
8.16434e+07,-129.04,-70.50
8.1647e+07,-133.49,-70.50
8.16505e+07,-137.06,-70.50
8.16541e+07,-132.15,-70.50
8.16577e+07,-128.86,-70.50
8.16613e+07,-132.27,-70.50
8.16649e+07,-135.87,-70.50
8.16685e+07,-129.33,-70.51
8.16721e+07,-139.28,-70.51
8.16757e+07,-130.10,-70.51
8.16793e+07,-126.11,-70.51
8.16829e+07,-125.46,-70.51
8.16865e+07,-125.54,-70.51
8.16901e+07,-132.14,-70.51
8.16936e+07,-130.49,-70.51
8.16972e+07,-124.24,-70.51
8.17008e+07,-124.91,-70.51
8.17044e+07,-127.06,-70.51
8.1708e+07,-125.00,-70.51
8.17116e+07,-124.32,-70.51
8.17152e+07,-119.90,-70.51
8.17188e+07,-122.48,-70.51
8.17224e+07,-123.12,-70.51
8.1726e+07,-122.35,-70.51
8.17296e+07,-119.85,-70.51
8.17332e+07,-119.30,-70.51
8.17367e+07,-116.20,-70.51
8.17403e+07,-111.14,-70.51
8.17439e+07,-109.55,-70.51
8.17475e+07,-114.90,-70.51
8.17511e+07,-109.64,-70.51
8.17547e+07,-111.93,-70.51
8.17583e+07,-115.37,-70.52
8.17619e+07,-118.67,-70.52
8.17655e+07,-119.52,-70.52
8.17691e+07,-122.62,-70.52
8.17727e+07,-127.45,-70.52
8.17763e+07,-121.92,-70.52
8.17798e+07,-121.57,-70.52
8.17834e+07,-144.21,-70.52
8.1787e+07,-125.18,-70.52
8.17906e+07,-130.15,-70.52
8.17942e+07,-133.47,-70.52
8.17978e+07,-129.12,-70.52
8.18014e+07,-128.81,-70.52
8.1805e+07,-135.72,-70.52
8.18086e+07,-129.92,-70.52
8.18122e+07,-126.80,-70.52
8.18158e+07,-128.43,-70.52
8.18194e+07,-132.31,-70.52
8.18229e+07,-139.32,-70.52
8.18265e+07,-129.69,-70.52
8.18301e+07,-134.06,-70.52
8.18337e+07,-130.59,-70.52
8.18373e+07,-126.71,-70.52
8.18409e+07,-129.89,-70.52
8.18445e+07,-131.33,-70.52
8.18481e+07,-126.08,-70.53
8.18517e+07,-124.04,-70.53
8.18553e+07,-129.76,-70.53
8.18589e+07,-132.26,-70.53
8.18625e+07,-129.97,-70.53
8.18661e+07,-126.84,-70.53
8.18696e+07,-123.48,-70.53
8.18732e+07,-123.97,-70.53
8.18768e+07,-126.41,-70.53
8.18804e+07,-128.47,-70.53
8.1884e+07,-124.10,-70.53
8.18876e+07,-122.62,-70.53
8.18912e+07,-123.66,-70.53
8.18948e+07,-129.65,-70.53
8.18984e+07,-138.44,-70.53
8.1902e+07,-127.33,-70.53
8.19056e+07,-129.80,-70.53
8.19092e+07,-129.56,-70.53
8.19127e+07,-128.16,-70.53
8.19163e+07,-132.48,-70.53
8.19199e+07,-136.25,-70.53
8.19235e+07,-127.98,-70.53
8.19271e+07,-128.39,-70.53
8.19307e+07,-138.39,-70.53
8.19343e+07,-127.43,-70.53
8.19379e+07,-127.52,-70.54
8.19415e+07,-133.61,-70.54
8.19451e+07,-146.80,-70.54
8.19487e+07,-137.01,-70.54
8.19523e+07,-128.37,-70.54
8.19558e+07,-130.56,-70.54
8.19594e+07,-136.87,-70.54
8.1963e+07,-132.98,-70.54
8.19666e+07,-125.94,-70.54
8.19702e+07,-129.24,-70.54
8.19738e+07,-140.65,-70.54
8.19774e+07,-130.13,-70.54
8.1981e+07,-131.25,-70.54
8.19846e+07,-137.20,-70.54
8.19882e+07,-133.39,-70.54
8.19918e+07,-130.46,-70.54
8.19954e+07,-140.86,-70.54
8.19989e+07,-137.76,-70.54
8.20025e+07,-134.22,-70.54
8.20061e+07,-132.98,-70.54
8.20097e+07,-137.39,-70.54
8.20133e+07,-131.71,-70.54
8.20169e+07,-127.45,-70.54
8.20205e+07,-128.61,-70.54
8.20241e+07,-128.37,-70.55
8.20277e+07,-123.91,-70.55
8.20313e+07,-122.98,-70.55
8.20349e+07,-129.96,-70.55
8.20385e+07,-137.81,-70.55
8.2042e+07,-137.32,-70.55
8.20456e+07,-132.72,-70.55
8.20492e+07,-126.50,-70.55
8.20528e+07,-126.13,-70.55
8.20564e+07,-132.16,-70.55
8.206e+07,-131.88,-70.55
8.20636e+07,-132.78,-70.55
8.20672e+07,-128.80,-70.55
8.20708e+07,-127.97,-70.55
8.20744e+07,-130.42,-70.55
8.2078e+07,-139.32,-70.55
8.20816e+07,-127.58,-70.55
8.20851e+07,-131.41,-70.55
8.20887e+07,-128.62,-70.55
8.20923e+07,-136.55,-70.55
8.20959e+07,-136.90,-70.55
8.20995e+07,-130.54,-70.55
8.21031e+07,-127.38,-70.55
8.21067e+07,-133.67,-70.55
8.21103e+07,-135.12,-70.55
8.21139e+07,-129.78,-70.56
8.21175e+07,-132.16,-70.56
8.21211e+07,-129.31,-70.56
8.21247e+07,-131.68,-70.56
8.21282e+07,-131.98,-70.56
8.21318e+07,-129.71,-70.56
8.21354e+07,-129.99,-70.56
8.2139e+07,-129.48,-70.56
8.21426e+07,-131.85,-70.56
8.21462e+07,-134.29,-70.56
8.21498e+07,-145.25,-70.56
8.21534e+07,-132.69,-70.56
8.2157e+07,-139.93,-70.56
8.21606e+07,-136.43,-70.56
8.21642e+07,-136.29,-70.56
8.21678e+07,-131.82,-70.56
8.21713e+07,-145.36,-70.56
8.21749e+07,-130.23,-70.56
8.21785e+07,-130.60,-70.56
8.21821e+07,-136.92,-70.56
8.21857e+07,-150.97,-70.56
8.21893e+07,-135.57,-70.56
8.21929e+07,-133.15,-70.56
8.21965e+07,-134.21,-70.56
8.22001e+07,-139.02,-70.56
8.22037e+07,-129.41,-70.57
8.22073e+07,-126.99,-70.57
8.22109e+07,-130.70,-70.57
8.22144e+07,-126.16,-70.57
8.2218e+07,-128.60,-70.57
8.22216e+07,-131.53,-70.57
8.22252e+07,-136.69,-70.57
8.22288e+07,-141.12,-70.57
8.22324e+07,-127.97,-70.57
8.2236e+07,-126.87,-70.57
8.22396e+07,-130.43,-70.57
8.22432e+07,-130.42,-70.57
8.22468e+07,-151.60,-70.57
8.22504e+07,-135.17,-70.57
8.2254e+07,-132.52,-70.57
8.22575e+07,-127.04,-70.57
8.22611e+07,-127.69,-70.57
8.22647e+07,-132.90,-70.57
8.22683e+07,-141.47,-70.57
8.22719e+07,-130.21,-70.57
8.22755e+07,-132.26,-70.57
8.22791e+07,-146.35,-70.57
8.22827e+07,-155.01,-70.57
8.22863e+07,-134.65,-70.57
8.22899e+07,-132.25,-70.57
8.22935e+07,-134.75,-70.58
8.22971e+07,-140.88,-70.58
8.23006e+07,-140.46,-70.58
8.23042e+07,-134.34,-70.58
8.23078e+07,-132.81,-70.58
8.23114e+07,-131.83,-70.58
8.2315e+07,-129.29,-70.58
8.23186e+07,-125.54,-70.58
8.23222e+07,-126.99,-70.58
8.23258e+07,-139.74,-70.58
8.23294e+07,-140.86,-70.58
8.2333e+07,-129.07,-70.58
8.23366e+07,-126.74,-70.58
8.23402e+07,-118.45,-70.58
8.23437e+07,-119.49,-70.58
8.23473e+07,-124.24,-70.58
8.23509e+07,-126.35,-70.58
8.23545e+07,-129.99,-70.58
8.23581e+07,-126.32,-70.58
8.23617e+07,-129.42,-70.58
8.23653e+07,-130.22,-70.58
8.23689e+07,-137.16,-70.58
8.23725e+07,-123.79,-70.58
8.23761e+07,-118.99,-70.58
8.23797e+07,-127.30,-70.58
8.23833e+07,-127.15,-70.59
8.23868e+07,-130.00,-70.59
8.23904e+07,-128.54,-70.59
8.2394e+07,-125.62,-70.59
8.23976e+07,-127.04,-70.59
8.24012e+07,-130.79,-70.59
8.24048e+07,-131.47,-70.59
8.24084e+07,-126.41,-70.59
8.2412e+07,-123.94,-70.59
8.24156e+07,-129.51,-70.59
8.24192e+07,-126.83,-70.59
8.24228e+07,-123.67,-70.59
8.24264e+07,-124.62,-70.59
8.243e+07,-122.72,-70.59
8.24335e+07,-122.40,-70.59
8.24371e+07,-124.04,-70.59
8.24407e+07,-129.67,-70.59
8.24443e+07,-135.39,-70.59
8.24479e+07,-135.19,-70.59
8.24515e+07,-135.85,-70.59
8.24551e+07,-134.29,-70.59
8.24587e+07,-133.05,-70.59
8.24623e+07,-133.67,-70.59
8.24659e+07,-135.64,-70.59
8.24695e+07,-126.70,-70.59
8.24731e+07,-128.53,-70.60
8.24766e+07,-127.96,-70.60
8.24802e+07,-131.17,-70.60
8.24838e+07,-140.32,-70.60
8.24874e+07,-131.69,-70.60
8.2491e+07,-131.09,-70.60
8.24946e+07,-126.38,-70.60
8.24982e+07,-126.24,-70.60
8.25018e+07,-125.74,-70.60
8.25054e+07,-127.88,-70.60
8.2509e+07,-142.43,-70.60
8.25126e+07,-131.39,-70.60
8.25162e+07,-137.51,-70.60
8.25197e+07,-129.40,-70.60
8.25233e+07,-126.77,-70.60
8.25269e+07,-138.86,-70.60
8.25305e+07,-123.81,-70.60
8.25341e+07,-123.19,-70.60
8.25377e+07,-142.57,-70.60
8.25413e+07,-130.67,-70.60
8.25449e+07,-132.13,-70.60
8.25485e+07,-136.24,-70.60
8.25521e+07,-130.67,-70.60
8.25557e+07,-127.24,-70.60
8.25593e+07,-131.23,-70.60
8.25628e+07,-134.23,-70.61
8.25664e+07,-140.57,-70.61
8.257e+07,-140.16,-70.61
8.25736e+07,-135.20,-70.61
8.25772e+07,-133.50,-70.61
8.25808e+07,-128.00,-70.61
8.25844e+07,-122.91,-70.61
8.2588e+07,-136.37,-70.61
8.25916e+07,-126.27,-70.61
8.25952e+07,-127.39,-70.61
8.25988e+07,-128.69,-70.61
8.26024e+07,-125.59,-70.61
8.26059e+07,-130.83,-70.61
8.26095e+07,-129.45,-70.61
8.26131e+07,-123.64,-70.61
8.26167e+07,-125.26,-70.61
8.26203e+07,-133.73,-70.61
8.26239e+07,-136.24,-70.61
8.26275e+07,-132.20,-70.61
8.26311e+07,-133.81,-70.61
8.26347e+07,-135.94,-70.61
8.26383e+07,-132.38,-70.61
8.26419e+07,-131.57,-70.61
8.26455e+07,-133.46,-70.61
8.2649e+07,-133.27,-70.61
8.26526e+07,-134.26,-70.62
8.26562e+07,-139.95,-70.62
8.26598e+07,-134.99,-70.62
8.26634e+07,-131.16,-70.62
8.2667e+07,-129.19,-70.62
8.26706e+07,-132.54,-70.62
8.26742e+07,-144.49,-70.62
8.26778e+07,-124.47,-70.62
8.26814e+07,-122.61,-70.62
8.2685e+07,-129.92,-70.62
8.26886e+07,-133.71,-70.62
8.26921e+07,-127.76,-70.62
8.26957e+07,-125.95,-70.62
8.26993e+07,-133.18,-70.62
8.27029e+07,-128.45,-70.62
8.27065e+07,-127.79,-70.62
8.27101e+07,-131.61,-70.62
8.27137e+07,-122.88,-70.62
8.27173e+07,-129.15,-70.62
8.27209e+07,-144.22,-70.62
8.27245e+07,-122.18,-70.62
8.27281e+07,-117.72,-70.62
8.27317e+07,-120.20,-70.62
8.27352e+07,-118.44,-70.62
8.27388e+07,-113.01,-70.62
8.27424e+07,-110.58,-70.63
8.2746e+07,-114.92,-70.63
8.27496e+07,-111.40,-70.63
8.27532e+07,-113.99,-70.63
8.27568e+07,-119.77,-70.63
8.27604e+07,-121.22,-70.63
8.2764e+07,-118.61,-70.63
8.27676e+07,-119.43,-70.63
8.27712e+07,-124.12,-70.63
8.27748e+07,-123.24,-70.63
8.27783e+07,-121.65,-70.63
8.27819e+07,-127.62,-70.63
8.27855e+07,-127.81,-70.63
8.27891e+07,-126.40,-70.63
8.27927e+07,-126.14,-70.63
8.27963e+07,-122.30,-70.63
8.27999e+07,-124.01,-70.63
8.28035e+07,-129.67,-70.63
8.28071e+07,-131.95,-70.63
8.28107e+07,-125.82,-70.63
8.28143e+07,-129.69,-70.63
8.28179e+07,-140.93,-70.63
8.28214e+07,-135.93,-70.63
8.2825e+07,-127.51,-70.63
8.28286e+07,-132.14,-70.63
8.28322e+07,-135.95,-70.64
8.28358e+07,-136.95,-70.64
8.28394e+07,-125.92,-70.64
8.2843e+07,-129.25,-70.64
8.28466e+07,-128.02,-70.64
8.28502e+07,-136.16,-70.64
8.28538e+07,-125.65,-70.64
8.28574e+07,-130.20,-70.64
8.2861e+07,-130.51,-70.64
8.28645e+07,-125.92,-70.64
8.28681e+07,-125.70,-70.64
8.28717e+07,-129.89,-70.64
8.28753e+07,-123.23,-70.64
8.28789e+07,-119.66,-70.64
8.28825e+07,-127.80,-70.64
8.28861e+07,-128.46,-70.64
8.28897e+07,-135.73,-70.64
8.28933e+07,-131.28,-70.64
8.28969e+07,-124.82,-70.64
8.29005e+07,-127.24,-70.64
8.29041e+07,-128.43,-70.64
8.29076e+07,-128.35,-70.64
8.29112e+07,-128.02,-70.64
8.29148e+07,-133.04,-70.64
8.29184e+07,-146.02,-70.64
8.2922e+07,-132.77,-70.65
8.29256e+07,-127.39,-70.65
8.29292e+07,-127.41,-70.65
8.29328e+07,-132.56,-70.65
8.29364e+07,-158.58,-70.65
8.294e+07,-132.09,-70.65
8.29436e+07,-132.42,-70.65
8.29472e+07,-137.19,-70.65
8.29507e+07,-129.97,-70.65
8.29543e+07,-132.52,-70.65
8.29579e+07,-134.85,-70.65
8.29615e+07,-137.55,-70.65
8.29651e+07,-125.80,-70.65
8.29687e+07,-124.83,-70.65
8.29723e+07,-128.31,-70.65
8.29759e+07,-145.32,-70.65
8.29795e+07,-130.74,-70.65
8.29831e+07,-134.05,-70.65
8.29867e+07,-127.28,-70.65
8.29903e+07,-125.36,-70.65
8.29938e+07,-131.39,-70.65
8.29974e+07,-137.36,-70.65
8.3001e+07,-129.28,-70.65
8.30046e+07,-139.59,-70.65
8.30082e+07,-128.75,-70.65
8.30118e+07,-124.03,-70.66
8.30154e+07,-125.42,-70.66
8.3019e+07,-167.25,-70.66
8.30226e+07,-125.45,-70.66
8.30262e+07,-125.74,-70.66
8.30298e+07,-132.31,-70.66
8.30334e+07,-142.03,-70.66
8.3037e+07,-129.16,-70.66
8.30405e+07,-129.35,-70.66
8.30441e+07,-136.42,-70.66
8.30477e+07,-138.23,-70.66
8.30513e+07,-137.12,-70.66
8.30549e+07,-131.89,-70.66
8.30585e+07,-134.03,-70.66
8.30621e+07,-127.90,-70.66
8.30657e+07,-124.93,-70.66
8.30693e+07,-128.18,-70.66
8.30729e+07,-136.75,-70.66
8.30765e+07,-131.68,-70.66
8.30801e+07,-135.24,-70.66
8.30836e+07,-144.67,-70.66
8.30872e+07,-135.34,-70.66
8.30908e+07,-141.64,-70.66
8.30944e+07,-132.87,-70.66
8.3098e+07,-127.60,-70.66
8.31016e+07,-127.71,-70.67
8.31052e+07,-129.44,-70.67
8.31088e+07,-136.05,-70.67
8.31124e+07,-140.49,-70.67
8.3116e+07,-133.19,-70.67
8.31196e+07,-131.88,-70.67
8.31232e+07,-148.41,-70.67
8.31267e+07,-148.00,-70.67
8.31303e+07,-139.07,-70.67
8.31339e+07,-133.62,-70.67
8.31375e+07,-126.90,-70.67
8.31411e+07,-132.08,-70.67
8.31447e+07,-129.51,-70.67
8.31483e+07,-125.13,-70.67
8.31519e+07,-126.18,-70.67
8.31555e+07,-125.80,-70.67
8.31591e+07,-128.60,-70.67
8.31627e+07,-130.67,-70.67
8.31663e+07,-137.96,-70.67
8.31698e+07,-126.15,-70.67
8.31734e+07,-123.22,-70.67
8.3177e+07,-134.60,-70.67
8.31806e+07,-123.55,-70.67
8.31842e+07,-124.36,-70.67
8.31878e+07,-127.46,-70.67
8.31914e+07,-143.35,-70.67
8.3195e+07,-132.29,-70.68
8.31986e+07,-134.10,-70.68
8.32022e+07,-123.86,-70.68
8.32058e+07,-122.44,-70.68
8.32094e+07,-119.08,-70.68
8.32129e+07,-121.08,-70.68
8.32165e+07,-119.04,-70.68
8.32201e+07,-117.11,-70.68
8.32237e+07,-115.06,-70.68
8.32273e+07,-120.40,-70.68
8.32309e+07,-129.65,-70.68
8.32345e+07,-140.56,-70.68
8.32381e+07,-118.36,-70.68
8.32417e+07,-114.40,-70.68
8.32453e+07,-112.14,-70.68
8.32489e+07,-113.76,-70.68
8.32525e+07,-118.05,-70.68
8.3256e+07,-138.61,-70.68
8.32596e+07,-133.18,-70.68
8.32632e+07,-119.26,-70.68
8.32668e+07,-115.72,-70.68
8.32704e+07,-118.52,-70.68
8.3274e+07,-117.24,-70.68
8.32776e+07,-116.84,-70.68
8.32812e+07,-119.19,-70.68
8.32848e+07,-129.01,-70.69
8.32884e+07,-124.86,-70.69
8.3292e+07,-130.91,-70.69
8.32956e+07,-127.29,-70.69
8.32991e+07,-139.51,-70.69
8.33027e+07,-127.74,-70.69
8.33063e+07,-130.78,-70.69
8.33099e+07,-128.34,-70.69
8.33135e+07,-128.78,-70.69
8.33171e+07,-138.05,-70.69
8.33207e+07,-136.45,-70.69
8.33243e+07,-133.44,-70.69
8.33279e+07,-126.64,-70.69
8.33315e+07,-124.99,-70.69
8.33351e+07,-134.48,-70.69
8.33387e+07,-137.85,-70.69
8.33422e+07,-133.50,-70.69
8.33458e+07,-139.49,-70.69
8.33494e+07,-135.99,-70.69
8.3353e+07,-123.43,-70.69
8.33566e+07,-121.79,-70.69
8.33602e+07,-127.65,-70.69
8.33638e+07,-133.70,-70.69
8.33674e+07,-125.85,-70.69
8.3371e+07,-123.57,-70.69
8.33746e+07,-127.41,-70.70
8.33782e+07,-131.63,-70.70
8.33818e+07,-128.93,-70.70
8.33853e+07,-131.68,-70.70
8.33889e+07,-142.37,-70.70
8.33925e+07,-140.29,-70.70
8.33961e+07,-127.55,-70.70
8.33997e+07,-123.51,-70.70
8.34033e+07,-130.87,-70.70
8.34069e+07,-131.35,-70.70
8.34105e+07,-138.20,-70.70
8.34141e+07,-133.09,-70.70
8.34177e+07,-125.30,-70.70
8.34213e+07,-129.41,-70.70
8.34249e+07,-125.23,-70.70
8.34284e+07,-126.71,-70.70
8.3432e+07,-128.39,-70.70
8.34356e+07,-132.78,-70.70
8.34392e+07,-133.21,-70.70
8.34428e+07,-130.83,-70.70
8.34464e+07,-133.97,-70.70
8.345e+07,-134.44,-70.70
8.34536e+07,-134.54,-70.70
8.34572e+07,-137.06,-70.70
8.34608e+07,-128.83,-70.70
8.34644e+07,-130.30,-70.71
8.3468e+07,-130.95,-70.71
8.34715e+07,-138.96,-70.71
8.34751e+07,-133.37,-70.71
8.34787e+07,-126.62,-70.71
8.34823e+07,-123.64,-70.71
8.34859e+07,-127.02,-70.71
8.34895e+07,-136.38,-70.71
8.34931e+07,-135.73,-70.71
8.34967e+07,-136.34,-70.71
8.35003e+07,-134.98,-70.71
8.35039e+07,-134.75,-70.71
8.35075e+07,-136.44,-70.71
8.35111e+07,-131.12,-70.71
8.35146e+07,-129.00,-70.71
8.35182e+07,-130.69,-70.71
8.35218e+07,-138.69,-70.71
8.35254e+07,-134.52,-70.71
8.3529e+07,-128.86,-70.71
8.35326e+07,-130.53,-70.71
8.35362e+07,-131.30,-70.71
8.35398e+07,-145.67,-70.71
8.35434e+07,-131.62,-70.71
8.3547e+07,-130.71,-70.71
8.35506e+07,-133.20,-70.71
8.35542e+07,-133.47,-70.71
8.35577e+07,-132.48,-70.72
8.35613e+07,-128.73,-70.72
8.35649e+07,-129.16,-70.72
8.35685e+07,-130.23,-70.72
8.35721e+07,-131.11,-70.72
8.35757e+07,-137.98,-70.72
8.35793e+07,-144.62,-70.72
8.35829e+07,-133.38,-70.72
8.35865e+07,-131.54,-70.72
8.35901e+07,-129.93,-70.72
8.35937e+07,-127.17,-70.72
8.35973e+07,-132.11,-70.72
8.36009e+07,-141.10,-70.72
8.36044e+07,-133.49,-70.72
8.3608e+07,-131.61,-70.72
8.36116e+07,-133.65,-70.72
8.36152e+07,-137.97,-70.72
8.36188e+07,-126.38,-70.72
8.36224e+07,-129.56,-70.72
8.3626e+07,-133.00,-70.72
8.36296e+07,-128.63,-70.72
8.36332e+07,-135.98,-70.72
8.36368e+07,-137.41,-70.72
8.36404e+07,-129.41,-70.72
8.3644e+07,-128.32,-70.72
8.36475e+07,-127.86,-70.73
8.36511e+07,-129.01,-70.73
8.36547e+07,-125.09,-70.73
8.36583e+07,-130.32,-70.73
8.36619e+07,-136.79,-70.73
8.36655e+07,-139.44,-70.73
8.36691e+07,-131.07,-70.73
8.36727e+07,-131.78,-70.73
8.36763e+07,-135.63,-70.73
8.36799e+07,-132.97,-70.73
8.36835e+07,-135.42,-70.73
8.36871e+07,-135.46,-70.73
8.36906e+07,-140.62,-70.73
8.36942e+07,-141.01,-70.73
8.36978e+07,-134.11,-70.73
8.37014e+07,-132.43,-70.73
8.3705e+07,-130.29,-70.73
8.37086e+07,-125.56,-70.73
8.37122e+07,-124.64,-70.73
8.37158e+07,-127.45,-70.73
8.37194e+07,-124.09,-70.73
8.3723e+07,-122.44,-70.73
8.37266e+07,-125.20,-70.73
8.37302e+07,-124.15,-70.73
8.37337e+07,-119.74,-70.73
8.37373e+07,-116.60,-70.74
8.37409e+07,-115.42,-70.74
8.37445e+07,-123.48,-70.74
8.37481e+07,-115.94,-70.74
8.37517e+07,-116.74,-70.74
8.37553e+07,-124.13,-70.74
8.37589e+07,-128.05,-70.74
8.37625e+07,-125.45,-70.74
8.37661e+07,-126.58,-70.74
8.37697e+07,-131.84,-70.74
8.37733e+07,-130.47,-70.74
8.37768e+07,-129.57,-70.74
8.37804e+07,-142.84,-70.74
8.3784e+07,-139.20,-70.74
8.37876e+07,-134.71,-70.74
8.37912e+07,-135.43,-70.74
8.37948e+07,-129.65,-70.74
8.37984e+07,-135.78,-70.74
8.3802e+07,-131.18,-70.74
8.38056e+07,-127.78,-70.74
8.38092e+07,-129.58,-70.74
8.38128e+07,-127.48,-70.74
8.38164e+07,-128.35,-70.74
8.38199e+07,-127.19,-70.74
8.38235e+07,-123.66,-70.74
8.38271e+07,-126.66,-70.74
8.38307e+07,-129.10,-70.75
8.38343e+07,-132.69,-70.75
8.38379e+07,-126.32,-70.75
8.38415e+07,-130.15,-70.75
8.38451e+07,-134.18,-70.75
8.38487e+07,-132.27,-70.75
8.38523e+07,-126.91,-70.75
8.38559e+07,-128.25,-70.75
8.38595e+07,-125.45,-70.75
8.3863e+07,-126.80,-70.75
8.38666e+07,-131.59,-70.75
8.38702e+07,-127.22,-70.75
8.38738e+07,-123.17,-70.75
8.38774e+07,-123.94,-70.75
8.3881e+07,-131.25,-70.75
8.38846e+07,-125.56,-70.75
8.38882e+07,-126.67,-70.75
8.38918e+07,-136.88,-70.75
8.38954e+07,-129.29,-70.75
8.3899e+07,-122.39,-70.75
8.39026e+07,-124.15,-70.75
8.39061e+07,-128.62,-70.75
8.39097e+07,-128.92,-70.75
8.39133e+07,-132.93,-70.75
8.39169e+07,-134.99,-70.75
8.39205e+07,-126.74,-70.76
8.39241e+07,-127.31,-70.76
8.39277e+07,-130.37,-70.76
8.39313e+07,-129.05,-70.76
8.39349e+07,-134.96,-70.76
8.39385e+07,-131.47,-70.76
8.39421e+07,-134.21,-70.76
8.39457e+07,-132.51,-70.76
8.39492e+07,-137.62,-70.76
8.39528e+07,-135.00,-70.76
8.39564e+07,-132.45,-70.76
8.396e+07,-130.48,-70.76
8.39636e+07,-134.09,-70.76
8.39672e+07,-138.77,-70.76
8.39708e+07,-132.64,-70.76
8.39744e+07,-134.82,-70.76
8.3978e+07,-132.01,-70.76
8.39816e+07,-142.28,-70.76
8.39852e+07,-130.50,-70.76
8.39888e+07,-127.69,-70.76
8.39923e+07,-128.73,-70.76
8.39959e+07,-131.59,-70.76
8.39995e+07,-135.07,-70.76
8.40031e+07,-141.86,-70.76
8.40067e+07,-135.55,-70.76
8.40103e+07,-130.78,-70.76
8.40139e+07,-127.11,-70.77
8.40175e+07,-129.78,-70.77
8.40211e+07,-127.86,-70.77
8.40247e+07,-127.03,-70.77
8.40283e+07,-131.24,-70.77
8.40319e+07,-135.07,-70.77
8.40354e+07,-130.30,-70.77
8.4039e+07,-130.35,-70.77
8.40426e+07,-140.44,-70.77
8.40462e+07,-128.01,-70.77
8.40498e+07,-133.43,-70.77
8.40534e+07,-136.89,-70.77
8.4057e+07,-134.76,-70.77
8.40606e+07,-132.89,-70.77
8.40642e+07,-134.71,-70.77
8.40678e+07,-136.25,-70.77
8.40714e+07,-137.86,-70.77
8.4075e+07,-129.98,-70.77
8.40785e+07,-130.15,-70.77
8.40821e+07,-129.95,-70.77
8.40857e+07,-142.07,-70.77
8.40893e+07,-141.84,-70.77
8.40929e+07,-136.74,-70.77
8.40965e+07,-128.61,-70.77
8.41001e+07,-126.28,-70.77
8.41037e+07,-130.63,-70.78
8.41073e+07,-129.72,-70.78
8.41109e+07,-132.95,-70.78
8.41145e+07,-136.25,-70.78
8.41181e+07,-131.24,-70.78
8.41216e+07,-128.50,-70.78
8.41252e+07,-129.23,-70.78
8.41288e+07,-130.25,-70.78
8.41324e+07,-131.14,-70.78
8.4136e+07,-126.35,-70.78
8.41396e+07,-131.56,-70.78
8.41432e+07,-135.74,-70.78
8.41468e+07,-130.89,-70.78
8.41504e+07,-134.48,-70.78
8.4154e+07,-135.55,-70.78
8.41576e+07,-134.85,-70.78
8.41612e+07,-136.73,-70.78
8.41648e+07,-128.28,-70.78
8.41683e+07,-133.85,-70.78
8.41719e+07,-125.19,-70.78
8.41755e+07,-134.23,-70.78
8.41791e+07,-130.40,-70.78
8.41827e+07,-128.14,-70.78
8.41863e+07,-126.14,-70.78
8.41899e+07,-131.10,-70.78
8.41935e+07,-125.80,-70.78
8.41971e+07,-127.39,-70.79
8.42007e+07,-137.38,-70.79
8.42043e+07,-133.06,-70.79
8.42079e+07,-126.75,-70.79
8.42114e+07,-125.76,-70.79
8.4215e+07,-122.67,-70.79
8.42186e+07,-120.36,-70.79
8.42222e+07,-120.22,-70.79
8.42258e+07,-123.38,-70.79
8.42294e+07,-140.02,-70.79
8.4233e+07,-135.96,-70.79
8.42366e+07,-122.65,-70.79
8.42402e+07,-120.09,-70.79
8.42438e+07,-116.71,-70.79
8.42474e+07,-118.25,-70.79
8.4251e+07,-124.50,-70.79
8.42545e+07,-128.07,-70.79
8.42581e+07,-126.94,-70.79
8.42617e+07,-124.79,-70.79
8.42653e+07,-123.19,-70.79
8.42689e+07,-129.01,-70.79
8.42725e+07,-126.34,-70.79
8.42761e+07,-125.43,-70.79
8.42797e+07,-125.36,-70.79
8.42833e+07,-132.86,-70.79
8.42869e+07,-130.35,-70.80
8.42905e+07,-143.12,-70.80
8.42941e+07,-127.97,-70.80
8.42976e+07,-154.14,-70.80
8.43012e+07,-131.36,-70.80
8.43048e+07,-135.31,-70.80
8.43084e+07,-130.71,-70.80
8.4312e+07,-122.83,-70.80
8.43156e+07,-121.46,-70.80
8.43192e+07,-125.36,-70.80
8.43228e+07,-130.90,-70.80
8.43264e+07,-128.84,-70.80
8.433e+07,-132.01,-70.80
8.43336e+07,-134.90,-70.80
8.43372e+07,-126.97,-70.80
8.43407e+07,-129.23,-70.80
8.43443e+07,-130.43,-70.80
8.43479e+07,-142.27,-70.80
8.43515e+07,-152.97,-70.80
8.43551e+07,-132.45,-70.80
8.43587e+07,-131.12,-70.80
8.43623e+07,-128.90,-70.80
8.43659e+07,-134.68,-70.80
8.43695e+07,-129.40,-70.80
8.43731e+07,-123.01,-70.80
8.43767e+07,-127.05,-70.80
8.43803e+07,-127.96,-70.81
8.43838e+07,-126.25,-70.81
8.43874e+07,-134.14,-70.81
8.4391e+07,-129.38,-70.81
8.43946e+07,-126.11,-70.81
8.43982e+07,-127.51,-70.81
8.44018e+07,-128.21,-70.81
8.44054e+07,-124.25,-70.81
8.4409e+07,-122.33,-70.81
8.44126e+07,-127.06,-70.81
8.44162e+07,-133.05,-70.81
8.44198e+07,-127.17,-70.81
8.44234e+07,-129.22,-70.81
8.44269e+07,-122.02,-70.81
8.44305e+07,-121.19,-70.81
8.44341e+07,-126.84,-70.81
8.44377e+07,-140.93,-70.81
8.44413e+07,-137.39,-70.81
8.44449e+07,-134.67,-70.81
8.44485e+07,-133.94,-70.81
8.44521e+07,-131.20,-70.81
8.44557e+07,-125.70,-70.81
8.44593e+07,-131.15,-70.81
8.44629e+07,-134.13,-70.81
8.44665e+07,-129.38,-70.81
8.447e+07,-136.18,-70.82
8.44736e+07,-131.04,-70.82
8.44772e+07,-134.12,-70.82
8.44808e+07,-131.25,-70.82
8.44844e+07,-125.91,-70.82
8.4488e+07,-132.27,-70.82
8.44916e+07,-144.95,-70.82
8.44952e+07,-130.81,-70.82
8.44988e+07,-125.80,-70.82
8.45024e+07,-132.16,-70.82
8.4506e+07,-135.89,-70.82
8.45096e+07,-128.79,-70.82
8.45131e+07,-127.54,-70.82
8.45167e+07,-130.35,-70.82
8.45203e+07,-138.26,-70.82
8.45239e+07,-140.67,-70.82
8.45275e+07,-126.79,-70.82
8.45311e+07,-127.73,-70.82
8.45347e+07,-136.95,-70.82
8.45383e+07,-133.40,-70.82
8.45419e+07,-132.26,-70.82
8.45455e+07,-126.25,-70.82
8.45491e+07,-127.50,-70.82
8.45527e+07,-145.83,-70.82
8.45562e+07,-139.79,-70.82
8.45598e+07,-155.60,-70.82
8.45634e+07,-151.93,-70.83
8.4567e+07,-146.12,-70.83
8.45706e+07,-131.57,-70.83
8.45742e+07,-131.57,-70.83
8.45778e+07,-133.17,-70.83
8.45814e+07,-125.05,-70.83
8.4585e+07,-131.33,-70.83
8.45886e+07,-132.08,-70.83
8.45922e+07,-143.80,-70.83
8.45958e+07,-135.55,-70.83
8.45993e+07,-138.54,-70.83
8.46029e+07,-127.57,-70.83
8.46065e+07,-128.70,-70.83
8.46101e+07,-130.54,-70.83
8.46137e+07,-129.28,-70.83
8.46173e+07,-129.14,-70.83
8.46209e+07,-126.19,-70.83
8.46245e+07,-126.52,-70.83
8.46281e+07,-133.36,-70.83
8.46317e+07,-133.17,-70.83
8.46353e+07,-129.51,-70.83
8.46389e+07,-126.95,-70.83
8.46424e+07,-129.78,-70.83
8.4646e+07,-130.39,-70.83
8.46496e+07,-130.79,-70.83
8.46532e+07,-134.29,-70.83
8.46568e+07,-129.37,-70.84
8.46604e+07,-127.92,-70.84
8.4664e+07,-134.79,-70.84
8.46676e+07,-134.40,-70.84
8.46712e+07,-143.17,-70.84
8.46748e+07,-131.10,-70.84
8.46784e+07,-132.36,-70.84
8.4682e+07,-133.24,-70.84
8.46855e+07,-132.39,-70.84
8.46891e+07,-125.55,-70.84
8.46927e+07,-123.98,-70.84
8.46963e+07,-127.73,-70.84
8.46999e+07,-133.08,-70.84
8.47035e+07,-127.01,-70.84
8.47071e+07,-128.83,-70.84
8.47107e+07,-127.03,-70.84
8.47143e+07,-139.55,-70.84
8.47179e+07,-126.31,-70.84
8.47215e+07,-119.03,-70.84
8.47251e+07,-117.41,-70.84
8.47287e+07,-119.12,-70.84
8.47322e+07,-114.71,-70.84
8.47358e+07,-110.29,-70.84
8.47394e+07,-109.19,-70.84
8.4743e+07,-114.50,-70.84
8.47466e+07,-108.93,-70.84
8.47502e+07,-110.92,-70.85
8.47538e+07,-115.44,-70.85
8.47574e+07,-119.02,-70.85
8.4761e+07,-118.69,-70.85
8.47646e+07,-118.94,-70.85
8.47682e+07,-122.71,-70.85
8.47718e+07,-122.48,-70.85
8.47753e+07,-122.33,-70.85
8.47789e+07,-126.70,-70.85
8.47825e+07,-123.53,-70.85
8.47861e+07,-126.74,-70.85
8.47897e+07,-130.78,-70.85
8.47933e+07,-125.00,-70.85
8.47969e+07,-127.38,-70.85
8.48005e+07,-144.05,-70.85
8.48041e+07,-137.91,-70.85
8.48077e+07,-134.72,-70.85
8.48113e+07,-128.27,-70.85
8.48149e+07,-125.22,-70.85
8.48184e+07,-130.14,-70.85
8.4822e+07,-124.74,-70.85
8.48256e+07,-128.91,-70.85
8.48292e+07,-131.84,-70.85
8.48328e+07,-139.67,-70.85
8.48364e+07,-126.49,-70.85
8.484e+07,-129.75,-70.86
8.48436e+07,-136.07,-70.86
8.48472e+07,-128.90,-70.86
8.48508e+07,-126.70,-70.86
8.48544e+07,-138.52,-70.86
8.4858e+07,-124.57,-70.86
8.48615e+07,-124.93,-70.86
8.48651e+07,-125.67,-70.86
8.48687e+07,-123.29,-70.86
8.48723e+07,-128.91,-70.86
8.48759e+07,-125.73,-70.86
8.48795e+07,-127.09,-70.86
8.48831e+07,-130.05,-70.86
8.48867e+07,-146.01,-70.86
8.48903e+07,-131.44,-70.86
8.48939e+07,-123.40,-70.86
8.48975e+07,-122.20,-70.86
8.49011e+07,-124.19,-70.86
8.49046e+07,-127.52,-70.86
8.49082e+07,-122.86,-70.86
8.49118e+07,-126.44,-70.86
8.49154e+07,-132.99,-70.86
8.4919e+07,-129.80,-70.86
8.49226e+07,-126.78,-70.86
8.49262e+07,-126.85,-70.86
8.49298e+07,-129.56,-70.86
8.49334e+07,-130.75,-70.87
8.4937e+07,-132.94,-70.87
8.49406e+07,-139.65,-70.87
8.49442e+07,-138.10,-70.87
8.49477e+07,-127.04,-70.87
8.49513e+07,-130.17,-70.87
8.49549e+07,-133.90,-70.87
8.49585e+07,-130.28,-70.87
8.49621e+07,-126.18,-70.87
8.49657e+07,-132.76,-70.87
8.49693e+07,-131.61,-70.87
8.49729e+07,-128.55,-70.87
8.49765e+07,-135.88,-70.87
8.49801e+07,-135.35,-70.87
8.49837e+07,-130.20,-70.87
8.49873e+07,-129.40,-70.87
8.49908e+07,-128.38,-70.87
8.49944e+07,-137.87,-70.87
8.4998e+07,-142.51,-70.87
8.50016e+07,-132.42,-70.87
8.50052e+07,-129.32,-70.87
8.50088e+07,-133.11,-70.87
8.50124e+07,-133.02,-70.87
8.5016e+07,-139.96,-70.87
8.50196e+07,-134.19,-70.87
8.50232e+07,-129.06,-70.87
8.50268e+07,-135.16,-70.88
8.50304e+07,-136.27,-70.88
8.50339e+07,-132.48,-70.88
8.50375e+07,-139.68,-70.88
8.50411e+07,-133.45,-70.88
8.50447e+07,-132.51,-70.88
8.50483e+07,-132.64,-70.88
8.50519e+07,-128.22,-70.88
8.50555e+07,-127.86,-70.88
8.50591e+07,-129.61,-70.88
8.50627e+07,-132.79,-70.88
8.50663e+07,-129.84,-70.88
8.50699e+07,-128.13,-70.88
8.50735e+07,-127.77,-70.88
8.5077e+07,-132.24,-70.88
8.50806e+07,-136.09,-70.88
8.50842e+07,-133.80,-70.88
8.50878e+07,-126.26,-70.88
8.50914e+07,-126.74,-70.88
8.5095e+07,-126.21,-70.88
8.50986e+07,-126.53,-70.88
8.51022e+07,-130.02,-70.88
8.51058e+07,-130.35,-70.88
8.51094e+07,-131.88,-70.88
8.5113e+07,-129.77,-70.88
8.51166e+07,-140.35,-70.88
8.51201e+07,-142.63,-70.89
8.51237e+07,-129.93,-70.89
8.51273e+07,-132.52,-70.89
8.51309e+07,-135.22,-70.89
8.51345e+07,-147.49,-70.89
8.51381e+07,-136.05,-70.89
8.51417e+07,-141.82,-70.89
8.51453e+07,-140.32,-70.89
8.51489e+07,-135.99,-70.89
8.51525e+07,-129.96,-70.89
8.51561e+07,-135.12,-70.89
8.51597e+07,-127.48,-70.89
8.51632e+07,-128.59,-70.89
8.51668e+07,-127.13,-70.89
8.51704e+07,-126.43,-70.89
8.5174e+07,-126.22,-70.89
8.51776e+07,-127.17,-70.89
8.51812e+07,-126.42,-70.89
8.51848e+07,-130.34,-70.89
8.51884e+07,-139.41,-70.89
8.5192e+07,-132.15,-70.89
8.51956e+07,-128.85,-70.89
8.51992e+07,-133.02,-70.89
8.52028e+07,-127.00,-70.89
8.52063e+07,-122.02,-70.89
8.52099e+07,-121.60,-70.89
8.52135e+07,-121.45,-70.90
8.52171e+07,-122.98,-70.90
8.52207e+07,-124.11,-70.90
8.52243e+07,-126.89,-70.90
8.52279e+07,-124.63,-70.90
8.52315e+07,-133.95,-70.90
8.52351e+07,-122.44,-70.90
8.52387e+07,-118.85,-70.90
8.52423e+07,-115.61,-70.90
8.52459e+07,-118.41,-70.90
8.52494e+07,-127.41,-70.90
8.5253e+07,-127.75,-70.90
8.52566e+07,-124.28,-70.90
8.52602e+07,-130.88,-70.90
8.52638e+07,-121.72,-70.90
8.52674e+07,-120.28,-70.90
8.5271e+07,-121.07,-70.90
8.52746e+07,-124.24,-70.90
8.52782e+07,-124.61,-70.90
8.52818e+07,-127.44,-70.90
8.52854e+07,-124.65,-70.90
8.5289e+07,-126.32,-70.90
8.52926e+07,-131.78,-70.90
8.52961e+07,-130.98,-70.90
8.52997e+07,-125.92,-70.90
8.53033e+07,-130.83,-70.91
8.53069e+07,-151.64,-70.91
8.53105e+07,-132.45,-70.91
8.53141e+07,-134.70,-70.91
8.53177e+07,-134.28,-70.91
8.53213e+07,-139.30,-70.91
8.53249e+07,-129.39,-70.91
8.53285e+07,-142.26,-70.91
8.53321e+07,-131.46,-70.91
8.53357e+07,-141.19,-70.91
8.53392e+07,-136.17,-70.91
8.53428e+07,-136.24,-70.91
8.53464e+07,-134.86,-70.91
8.535e+07,-125.93,-70.91
8.53536e+07,-124.94,-70.91
8.53572e+07,-128.29,-70.91
8.53608e+07,-134.12,-70.91
8.53644e+07,-132.51,-70.91
8.5368e+07,-128.37,-70.91
8.53716e+07,-135.81,-70.91
8.53752e+07,-133.45,-70.91
8.53788e+07,-137.39,-70.91
8.53823e+07,-142.58,-70.91
8.53859e+07,-130.85,-70.91
8.53895e+07,-129.17,-70.91
8.53931e+07,-129.05,-70.91
8.53967e+07,-129.98,-70.92
8.54003e+07,-131.41,-70.92
8.54039e+07,-134.75,-70.92
8.54075e+07,-128.73,-70.92
8.54111e+07,-126.83,-70.92
8.54147e+07,-127.78,-70.92
8.54183e+07,-126.66,-70.92
8.54219e+07,-126.85,-70.92
8.54254e+07,-141.44,-70.92
8.5429e+07,-138.89,-70.92
8.54326e+07,-135.35,-70.92
8.54362e+07,-132.30,-70.92
8.54398e+07,-134.33,-70.92
8.54434e+07,-140.11,-70.92
8.5447e+07,-137.10,-70.92
8.54506e+07,-135.00,-70.92
8.54542e+07,-131.97,-70.92
8.54578e+07,-125.27,-70.92
8.54614e+07,-123.61,-70.92
8.5465e+07,-126.57,-70.92
8.54685e+07,-132.55,-70.92
8.54721e+07,-126.53,-70.92
8.54757e+07,-123.06,-70.92
8.54793e+07,-126.04,-70.92
8.54829e+07,-133.12,-70.92
8.54865e+07,-134.60,-70.92
8.54901e+07,-133.79,-70.93
8.54937e+07,-147.11,-70.93
8.54973e+07,-138.14,-70.93
8.55009e+07,-131.71,-70.93
8.55045e+07,-134.41,-70.93
8.55081e+07,-139.41,-70.93
8.55116e+07,-156.64,-70.93
8.55152e+07,-134.17,-70.93
8.55188e+07,-137.50,-70.93
8.55224e+07,-144.60,-70.93
8.5526e+07,-152.99,-70.93
8.55296e+07,-133.28,-70.93
8.55332e+07,-130.56,-70.93
8.55368e+07,-130.37,-70.93
8.55404e+07,-131.77,-70.93
8.5544e+07,-127.46,-70.93
8.55476e+07,-127.14,-70.93
8.55512e+07,-130.31,-70.93
8.55547e+07,-140.45,-70.93
8.55583e+07,-132.56,-70.93
8.55619e+07,-133.27,-70.93
8.55655e+07,-132.86,-70.93
8.55691e+07,-145.88,-70.93
8.55727e+07,-138.76,-70.93
8.55763e+07,-139.78,-70.93
8.55799e+07,-133.08,-70.93
8.55835e+07,-129.60,-70.94
8.55871e+07,-136.45,-70.94
8.55907e+07,-136.35,-70.94
8.55943e+07,-138.55,-70.94
8.55978e+07,-137.92,-70.94
8.56014e+07,-146.02,-70.94
8.5605e+07,-139.44,-70.94
8.56086e+07,-138.38,-70.94
8.56122e+07,-136.12,-70.94
8.56158e+07,-129.82,-70.94
8.56194e+07,-133.05,-70.94
8.5623e+07,-133.81,-70.94
8.56266e+07,-135.04,-70.94
8.56302e+07,-135.17,-70.94
8.56338e+07,-133.20,-70.94
8.56374e+07,-144.96,-70.94
8.56409e+07,-133.89,-70.94
8.56445e+07,-133.30,-70.94
8.56481e+07,-129.29,-70.94
8.56517e+07,-135.27,-70.94
8.56553e+07,-132.13,-70.94
8.56589e+07,-135.57,-70.94
8.56625e+07,-136.75,-70.94
8.56661e+07,-133.72,-70.94
8.56697e+07,-135.52,-70.94
8.56733e+07,-137.49,-70.94
8.56769e+07,-138.71,-70.95
8.56805e+07,-129.17,-70.95
8.5684e+07,-128.64,-70.95
8.56876e+07,-130.16,-70.95
8.56912e+07,-126.07,-70.95
8.56948e+07,-128.77,-70.95
8.56984e+07,-140.70,-70.95
8.5702e+07,-134.22,-70.95
8.57056e+07,-141.48,-70.95
8.57092e+07,-130.55,-70.95
8.57128e+07,-129.01,-70.95
8.57164e+07,-134.94,-70.95
8.572e+07,-132.82,-70.95
8.57236e+07,-128.88,-70.95
8.57271e+07,-127.37,-70.95
8.57307e+07,-124.64,-70.95
8.57343e+07,-120.57,-70.95
8.57379e+07,-118.74,-70.95
8.57415e+07,-125.59,-70.95
8.57451e+07,-121.30,-70.95
8.57487e+07,-122.78,-70.95
8.57523e+07,-126.36,-70.95
8.57559e+07,-129.57,-70.95
8.57595e+07,-127.15,-70.95
8.57631e+07,-123.89,-70.95
8.57667e+07,-130.53,-70.95
8.57702e+07,-130.82,-70.96
8.57738e+07,-133.46,-70.96
8.57774e+07,-133.37,-70.96
8.5781e+07,-130.78,-70.96
8.57846e+07,-136.26,-70.96
8.57882e+07,-134.55,-70.96
8.57918e+07,-132.63,-70.96
8.57954e+07,-137.66,-70.96
8.5799e+07,-128.30,-70.96
8.58026e+07,-131.07,-70.96
8.58062e+07,-138.85,-70.96
8.58098e+07,-139.16,-70.96
8.58133e+07,-138.18,-70.96
8.58169e+07,-130.83,-70.96
8.58205e+07,-124.52,-70.96
8.58241e+07,-128.46,-70.96
8.58277e+07,-138.11,-70.96
8.58313e+07,-127.80,-70.96
8.58349e+07,-126.32,-70.96
8.58385e+07,-128.46,-70.96
8.58421e+07,-132.41,-70.96
8.58457e+07,-137.55,-70.96
8.58493e+07,-134.68,-70.96
8.58529e+07,-133.11,-70.96
8.58564e+07,-130.22,-70.96
8.586e+07,-128.73,-70.96
8.58636e+07,-130.08,-70.96
8.58672e+07,-126.53,-70.97
8.58708e+07,-128.69,-70.97
8.58744e+07,-132.01,-70.97
8.5878e+07,-132.21,-70.97
8.58816e+07,-124.05,-70.97
8.58852e+07,-130.42,-70.97
8.58888e+07,-128.70,-70.97
8.58924e+07,-123.49,-70.97
8.5896e+07,-124.43,-70.97
8.58996e+07,-131.84,-70.97
8.59031e+07,-127.52,-70.97
8.59067e+07,-125.74,-70.97
8.59103e+07,-127.37,-70.97
8.59139e+07,-127.75,-70.97
8.59175e+07,-129.19,-70.97
8.59211e+07,-132.08,-70.97
8.59247e+07,-131.88,-70.97
8.59283e+07,-132.57,-70.97
8.59319e+07,-139.31,-70.97
8.59355e+07,-132.37,-70.97
8.59391e+07,-133.08,-70.97
8.59427e+07,-132.67,-70.97
8.59462e+07,-136.31,-70.97
8.59498e+07,-132.48,-70.97
8.59534e+07,-130.51,-70.97
8.5957e+07,-146.94,-70.97
8.59606e+07,-135.76,-70.98
8.59642e+07,-135.10,-70.98
8.59678e+07,-133.42,-70.98
8.59714e+07,-133.10,-70.98
8.5975e+07,-146.37,-70.98
8.59786e+07,-139.03,-70.98
8.59822e+07,-132.12,-70.98
8.59858e+07,-131.40,-70.98
8.59893e+07,-132.18,-70.98
8.59929e+07,-139.13,-70.98
8.59965e+07,-146.05,-70.98
8.60001e+07,-131.40,-70.98
8.60037e+07,-136.32,-70.98
8.60073e+07,-130.77,-70.98
8.60109e+07,-128.92,-70.98
8.60145e+07,-136.00,-70.98
8.60181e+07,-141.80,-70.98
8.60217e+07,-134.03,-70.98
8.60253e+07,-131.60,-70.98
8.60289e+07,-128.89,-70.98
8.60324e+07,-128.82,-70.98
8.6036e+07,-131.72,-70.98
8.60396e+07,-135.44,-70.98
8.60432e+07,-134.84,-70.98
8.60468e+07,-132.58,-70.98
8.60504e+07,-156.79,-70.98
8.6054e+07,-134.11,-70.99
8.60576e+07,-131.52,-70.99
8.60612e+07,-133.20,-70.99
8.60648e+07,-134.96,-70.99
8.60684e+07,-144.43,-70.99
8.6072e+07,-130.17,-70.99
8.60755e+07,-134.50,-70.99
8.60791e+07,-136.68,-70.99
8.60827e+07,-127.77,-70.99
8.60863e+07,-127.21,-70.99
8.60899e+07,-135.20,-70.99
8.60935e+07,-145.88,-70.99
8.60971e+07,-135.91,-70.99
8.61007e+07,-128.14,-70.99
8.61043e+07,-124.94,-70.99
8.61079e+07,-126.30,-70.99
8.61115e+07,-131.56,-70.99
8.61151e+07,-130.43,-70.99
8.61186e+07,-129.72,-70.99
8.61222e+07,-134.44,-70.99
8.61258e+07,-135.61,-70.99
8.61294e+07,-127.98,-70.99
8.6133e+07,-127.54,-70.99
8.61366e+07,-134.69,-70.99
8.61402e+07,-141.58,-70.99
8.61438e+07,-137.55,-70.99
8.61474e+07,-131.69,-71.00
8.6151e+07,-135.76,-71.00
8.61546e+07,-127.46,-71.00
8.61582e+07,-127.01,-71.00
8.61617e+07,-127.48,-71.00
8.61653e+07,-127.13,-71.00
8.61689e+07,-137.68,-71.00
8.61725e+07,-137.72,-71.00
8.61761e+07,-129.04,-71.00
8.61797e+07,-122.95,-71.00
8.61833e+07,-124.18,-71.00
8.61869e+07,-139.42,-71.00
8.61905e+07,-126.73,-71.00
8.61941e+07,-126.60,-71.00
8.61977e+07,-127.72,-71.00
8.62013e+07,-125.36,-71.00
8.62048e+07,-120.40,-71.00
8.62084e+07,-121.44,-71.00
8.6212e+07,-119.25,-71.00
8.62156e+07,-115.81,-71.00
8.62192e+07,-115.08,-71.00
8.62228e+07,-122.01,-71.00
8.62264e+07,-127.24,-71.00
8.623e+07,-132.74,-71.00
8.62336e+07,-121.00,-71.00
8.62372e+07,-115.17,-71.00
8.62408e+07,-112.68,-71.01
8.62444e+07,-114.64,-71.01
8.62479e+07,-118.39,-71.01
8.62515e+07,-124.70,-71.01
8.62551e+07,-123.55,-71.01
8.62587e+07,-123.60,-71.01
8.62623e+07,-117.44,-71.01
8.62659e+07,-120.49,-71.01
8.62695e+07,-123.13,-71.01
8.62731e+07,-125.14,-71.01
8.62767e+07,-120.91,-71.01
8.62803e+07,-123.04,-71.01
8.62839e+07,-132.00,-71.01
8.62875e+07,-132.63,-71.01
8.6291e+07,-124.82,-71.01
8.62946e+07,-152.70,-71.01
8.62982e+07,-126.44,-71.01
8.63018e+07,-128.34,-71.01
8.63054e+07,-130.96,-71.01
8.6309e+07,-124.65,-71.01
8.63126e+07,-121.28,-71.01
8.63162e+07,-128.73,-71.01
8.63198e+07,-140.74,-71.01
8.63234e+07,-128.11,-71.01
8.6327e+07,-129.88,-71.01
8.63306e+07,-123.75,-71.01
8.63341e+07,-117.91,-71.02
8.63377e+07,-120.09,-71.02
8.63413e+07,-130.96,-71.02
8.63449e+07,-134.31,-71.02
8.63485e+07,-130.44,-71.02
8.63521e+07,-135.01,-71.02
8.63557e+07,-138.23,-71.02
8.63593e+07,-126.88,-71.02
8.63629e+07,-132.45,-71.02
8.63665e+07,-126.32,-71.02
8.63701e+07,-123.87,-71.02
8.63737e+07,-134.89,-71.02
8.63772e+07,-128.86,-71.02
8.63808e+07,-131.25,-71.02
8.63844e+07,-131.39,-71.02
8.6388e+07,-126.86,-71.02
8.63916e+07,-124.85,-71.02
8.63952e+07,-131.08,-71.02
8.63988e+07,-137.40,-71.02
8.64024e+07,-125.00,-71.02
8.6406e+07,-123.60,-71.02
8.64096e+07,-126.80,-71.02
8.64132e+07,-138.07,-71.02
8.64168e+07,-128.31,-71.02
8.64203e+07,-123.86,-71.02
8.64239e+07,-120.96,-71.02
8.64275e+07,-121.52,-71.02
8.64311e+07,-124.81,-71.03
8.64347e+07,-126.64,-71.03
8.64383e+07,-129.74,-71.03
8.64419e+07,-142.69,-71.03
8.64455e+07,-131.20,-71.03
8.64491e+07,-131.45,-71.03
8.64527e+07,-142.18,-71.03
8.64563e+07,-137.78,-71.03
8.64599e+07,-139.62,-71.03
8.64635e+07,-148.00,-71.03
8.6467e+07,-139.19,-71.03
8.64706e+07,-137.08,-71.03
8.64742e+07,-136.67,-71.03
8.64778e+07,-128.33,-71.03
8.64814e+07,-128.10,-71.03
8.6485e+07,-142.48,-71.03
8.64886e+07,-140.25,-71.03
8.64922e+07,-130.40,-71.03
8.64958e+07,-127.48,-71.03
8.64994e+07,-128.24,-71.03
8.6503e+07,-135.30,-71.03
8.65066e+07,-133.01,-71.03
8.65101e+07,-138.42,-71.03
8.65137e+07,-134.93,-71.03
8.65173e+07,-144.19,-71.03
8.65209e+07,-135.78,-71.03
8.65245e+07,-131.72,-71.04
8.65281e+07,-127.75,-71.04
8.65317e+07,-127.25,-71.04
8.65353e+07,-152.70,-71.04
8.65389e+07,-136.15,-71.04
8.65425e+07,-134.32,-71.04
8.65461e+07,-127.81,-71.04
8.65497e+07,-126.25,-71.04
8.65532e+07,-129.68,-71.04
8.65568e+07,-136.01,-71.04
8.65604e+07,-131.12,-71.04
8.6564e+07,-128.62,-71.04
8.65676e+07,-127.80,-71.04
8.65712e+07,-134.84,-71.04
8.65748e+07,-132.33,-71.04
8.65784e+07,-131.44,-71.04
8.6582e+07,-134.86,-71.04
8.65856e+07,-139.37,-71.04
8.65892e+07,-141.82,-71.04
8.65928e+07,-133.15,-71.04
8.65963e+07,-136.38,-71.04
8.65999e+07,-135.10,-71.04
8.66035e+07,-127.84,-71.04
8.66071e+07,-125.43,-71.04
8.66107e+07,-128.28,-71.04
8.66143e+07,-127.67,-71.04
8.66179e+07,-126.89,-71.05
8.66215e+07,-133.37,-71.05
8.66251e+07,-130.59,-71.05
8.66287e+07,-135.24,-71.05
8.66323e+07,-132.02,-71.05
8.66359e+07,-135.32,-71.05
8.66394e+07,-142.33,-71.05
8.6643e+07,-131.86,-71.05
8.66466e+07,-136.57,-71.05
8.66502e+07,-133.40,-71.05
8.66538e+07,-129.27,-71.05
8.66574e+07,-131.06,-71.05
8.6661e+07,-134.67,-71.05
8.66646e+07,-136.31,-71.05
8.66682e+07,-126.08,-71.05
8.66718e+07,-124.59,-71.05
8.66754e+07,-144.97,-71.05
8.6679e+07,-129.31,-71.05
8.66825e+07,-150.09,-71.05
8.66861e+07,-128.84,-71.05
8.66897e+07,-127.00,-71.05
8.66933e+07,-129.72,-71.05
8.66969e+07,-128.85,-71.05
8.67005e+07,-129.27,-71.05
8.67041e+07,-137.72,-71.05
8.67077e+07,-123.15,-71.05
8.67113e+07,-125.28,-71.05
8.67149e+07,-131.57,-71.06
8.67185e+07,-127.03,-71.06
8.67221e+07,-124.13,-71.06
8.67256e+07,-126.09,-71.06
8.67292e+07,-119.21,-71.06
8.67328e+07,-113.96,-71.06
8.67364e+07,-111.90,-71.06
8.674e+07,-114.70,-71.06
8.67436e+07,-114.01,-71.06
8.67472e+07,-116.18,-71.06
8.67508e+07,-120.43,-71.06
8.67544e+07,-123.53,-71.06
8.6758e+07,-124.68,-71.06
8.67616e+07,-123.57,-71.06
8.67652e+07,-126.49,-71.06
8.67687e+07,-124.05,-71.06
8.67723e+07,-122.00,-71.06
8.67759e+07,-129.89,-71.06
8.67795e+07,-124.78,-71.06
8.67831e+07,-126.98,-71.06
8.67867e+07,-126.77,-71.06
8.67903e+07,-125.21,-71.06
8.67939e+07,-124.72,-71.06
8.67975e+07,-125.94,-71.06
8.68011e+07,-132.33,-71.06
8.68047e+07,-129.15,-71.06
8.68083e+07,-133.63,-71.07
8.68118e+07,-129.04,-71.07
8.68154e+07,-128.12,-71.07
8.6819e+07,-127.66,-71.07
8.68226e+07,-128.48,-71.07
8.68262e+07,-127.87,-71.07
8.68298e+07,-131.07,-71.07
8.68334e+07,-143.26,-71.07
8.6837e+07,-132.66,-71.07
8.68406e+07,-129.63,-71.07
8.68442e+07,-132.64,-71.07
8.68478e+07,-127.77,-71.07
8.68514e+07,-135.50,-71.07
8.68549e+07,-125.78,-71.07
8.68585e+07,-126.39,-71.07
8.68621e+07,-134.51,-71.07
8.68657e+07,-128.95,-71.07
8.68693e+07,-126.81,-71.07
8.68729e+07,-124.20,-71.07
8.68765e+07,-144.25,-71.07
8.68801e+07,-132.37,-71.07
8.68837e+07,-134.12,-71.07
8.68873e+07,-126.08,-71.07
8.68909e+07,-121.91,-71.07
8.68945e+07,-124.27,-71.07
8.6898e+07,-135.67,-71.07
8.69016e+07,-125.28,-71.07
8.69052e+07,-124.57,-71.08
8.69088e+07,-136.71,-71.08
8.69124e+07,-127.85,-71.08
8.6916e+07,-131.48,-71.08
8.69196e+07,-133.85,-71.08
8.69232e+07,-129.08,-71.08
8.69268e+07,-131.68,-71.08
8.69304e+07,-139.35,-71.08
8.6934e+07,-129.01,-71.08
8.69376e+07,-131.61,-71.08
8.69411e+07,-132.39,-71.08
8.69447e+07,-131.72,-71.08
8.69483e+07,-133.57,-71.08
8.69519e+07,-128.12,-71.08
8.69555e+07,-137.01,-71.08
8.69591e+07,-144.91,-71.08
8.69627e+07,-179.42,-71.08
8.69663e+07,-135.33,-71.08
8.69699e+07,-132.29,-71.08
8.69735e+07,-129.75,-71.08
8.69771e+07,-132.58,-71.08
8.69807e+07,-132.40,-71.08
8.69842e+07,-130.32,-71.08
8.69878e+07,-129.95,-71.08
8.69914e+07,-130.78,-71.08
8.6995e+07,-127.53,-71.08
8.69986e+07,-127.08,-71.09
8.70022e+07,-129.04,-71.09
8.70058e+07,-126.70,-71.09
8.70094e+07,-126.15,-71.09
8.7013e+07,-130.76,-71.09
8.70166e+07,-138.89,-71.09
8.70202e+07,-135.31,-71.09
8.70238e+07,-129.22,-71.09
8.70274e+07,-126.88,-71.09
8.70309e+07,-128.59,-71.09
8.70345e+07,-140.20,-71.09
8.70381e+07,-132.59,-71.09
8.70417e+07,-129.44,-71.09
8.70453e+07,-130.02,-71.09
8.70489e+07,-139.12,-71.09
8.70525e+07,-137.74,-71.09
8.70561e+07,-138.73,-71.09
8.70597e+07,-140.00,-71.09
8.70633e+07,-136.18,-71.09
8.70669e+07,-133.44,-71.09
8.70705e+07,-129.21,-71.09
8.7074e+07,-129.51,-71.09
8.70776e+07,-126.12,-71.09
8.70812e+07,-124.55,-71.09
8.70848e+07,-125.37,-71.09
8.70884e+07,-130.07,-71.09
8.7092e+07,-129.78,-71.09
8.70956e+07,-135.51,-71.10
8.70992e+07,-133.43,-71.10
8.71028e+07,-129.56,-71.10
8.71064e+07,-139.48,-71.10
8.711e+07,-138.14,-71.10
8.71136e+07,-132.49,-71.10
8.71171e+07,-134.98,-71.10
8.71207e+07,-133.42,-71.10
8.71243e+07,-131.83,-71.10
8.71279e+07,-132.52,-71.10
8.71315e+07,-130.83,-71.10
8.71351e+07,-131.94,-71.10
8.71387e+07,-128.69,-71.10
8.71423e+07,-140.88,-71.10
8.71459e+07,-129.18,-71.10
8.71495e+07,-135.44,-71.10
8.71531e+07,-146.07,-71.10
8.71567e+07,-130.69,-71.10
8.71602e+07,-127.35,-71.10
8.71638e+07,-134.65,-71.10
8.71674e+07,-128.18,-71.10
8.7171e+07,-137.39,-71.10
8.71746e+07,-134.42,-71.10
8.71782e+07,-133.03,-71.10
8.71818e+07,-130.10,-71.10
8.71854e+07,-128.08,-71.10
8.7189e+07,-130.98,-71.11
8.71926e+07,-128.32,-71.11
8.71962e+07,-127.72,-71.11
8.71998e+07,-138.61,-71.11
8.72033e+07,-139.16,-71.11
8.72069e+07,-131.12,-71.11
8.72105e+07,-127.27,-71.11
8.72141e+07,-132.40,-71.11
8.72177e+07,-145.54,-71.11
8.72213e+07,-132.75,-71.11
8.72249e+07,-131.50,-71.11
8.72285e+07,-134.14,-71.11
8.72321e+07,-130.86,-71.11
8.72357e+07,-127.34,-71.11
8.72393e+07,-124.79,-71.11
8.72429e+07,-125.56,-71.11
8.72464e+07,-126.46,-71.11
8.725e+07,-128.89,-71.11
8.72536e+07,-131.22,-71.11
8.72572e+07,-128.62,-71.11
8.72608e+07,-128.03,-71.11
8.72644e+07,-126.68,-71.11
8.7268e+07,-129.16,-71.11
8.72716e+07,-127.80,-71.11
8.72752e+07,-127.30,-71.11
8.72788e+07,-134.60,-71.11
8.72824e+07,-129.56,-71.11
8.7286e+07,-131.58,-71.12
8.72895e+07,-131.54,-71.12
8.72931e+07,-146.42,-71.12
8.72967e+07,-131.79,-71.12
8.73003e+07,-130.85,-71.12
8.73039e+07,-130.81,-71.12
8.73075e+07,-131.50,-71.12
8.73111e+07,-132.77,-71.12
8.73147e+07,-129.97,-71.12
8.73183e+07,-129.18,-71.12
8.73219e+07,-134.84,-71.12
8.73255e+07,-132.48,-71.12
8.73291e+07,-128.36,-71.12
8.73326e+07,-127.56,-71.12
8.73362e+07,-126.78,-71.12
8.73398e+07,-131.37,-71.12
8.73434e+07,-131.21,-71.12
8.7347e+07,-133.29,-71.12
8.73506e+07,-131.58,-71.12
8.73542e+07,-132.01,-71.12
8.73578e+07,-131.64,-71.12
8.73614e+07,-127.63,-71.12
8.7365e+07,-131.81,-71.12
8.73686e+07,-133.49,-71.12
8.73722e+07,-132.93,-71.12
8.73757e+07,-156.82,-71.12
8.73793e+07,-143.03,-71.13
8.73829e+07,-134.75,-71.13
8.73865e+07,-130.08,-71.13
8.73901e+07,-131.45,-71.13
8.73937e+07,-131.74,-71.13
8.73973e+07,-134.10,-71.13
8.74009e+07,-129.12,-71.13
8.74045e+07,-127.41,-71.13
8.74081e+07,-130.06,-71.13
8.74117e+07,-131.66,-71.13
8.74153e+07,-126.92,-71.13
8.74188e+07,-126.85,-71.13
8.74224e+07,-129.86,-71.13
8.7426e+07,-132.34,-71.13
8.74296e+07,-138.56,-71.13
8.74332e+07,-133.09,-71.13
8.74368e+07,-140.54,-71.13
8.74404e+07,-129.93,-71.13
8.7444e+07,-124.84,-71.13
8.74476e+07,-127.80,-71.13
8.74512e+07,-127.49,-71.13
8.74548e+07,-131.16,-71.13
8.74584e+07,-133.77,-71.13
8.74619e+07,-140.30,-71.13
8.74655e+07,-131.18,-71.13
8.74691e+07,-127.87,-71.13
8.74727e+07,-140.65,-71.13
8.74763e+07,-131.43,-71.14
8.74799e+07,-131.78,-71.14
8.74835e+07,-136.96,-71.14
8.74871e+07,-130.82,-71.14
8.74907e+07,-127.00,-71.14
8.74943e+07,-128.70,-71.14
8.74979e+07,-138.49,-71.14
8.75015e+07,-127.92,-71.14
8.7505e+07,-127.05,-71.14
8.75086e+07,-130.60,-71.14
8.75122e+07,-135.96,-71.14
8.75158e+07,-136.39,-71.14
8.75194e+07,-131.06,-71.14
8.7523e+07,-126.03,-71.14
8.75266e+07,-123.88,-71.14
8.75302e+07,-126.89,-71.14
8.75338e+07,-134.90,-71.14
8.75374e+07,-137.25,-71.14
8.7541e+07,-129.11,-71.14
8.75446e+07,-127.71,-71.14
8.75481e+07,-132.51,-71.14
8.75517e+07,-139.71,-71.14
8.75553e+07,-137.73,-71.14
8.75589e+07,-128.96,-71.14
8.75625e+07,-127.23,-71.14
8.75661e+07,-126.31,-71.14
8.75697e+07,-127.34,-71.14
8.75733e+07,-135.02,-71.15
8.75769e+07,-142.35,-71.15
8.75805e+07,-137.90,-71.15
8.75841e+07,-130.56,-71.15
8.75877e+07,-133.82,-71.15
8.75913e+07,-129.36,-71.15
8.75948e+07,-131.95,-71.15
8.75984e+07,-132.61,-71.15
8.7602e+07,-140.68,-71.15
8.76056e+07,-141.59,-71.15
8.76092e+07,-139.89,-71.15
8.76128e+07,-138.50,-71.15
8.76164e+07,-128.53,-71.15
8.762e+07,-130.59,-71.15
8.76236e+07,-136.15,-71.15
8.76272e+07,-143.69,-71.15
8.76308e+07,-132.52,-71.15
8.76344e+07,-131.15,-71.15
8.76379e+07,-139.07,-71.15
8.76415e+07,-129.47,-71.15
8.76451e+07,-128.85,-71.15
8.76487e+07,-134.41,-71.15
8.76523e+07,-127.90,-71.15
8.76559e+07,-128.96,-71.15
8.76595e+07,-138.30,-71.15
8.76631e+07,-135.20,-71.15
8.76667e+07,-133.84,-71.16
8.76703e+07,-124.87,-71.16
8.76739e+07,-129.13,-71.16
8.76775e+07,-138.67,-71.16
8.7681e+07,-131.83,-71.16
8.76846e+07,-128.94,-71.16
8.76882e+07,-129.60,-71.16
8.76918e+07,-137.09,-71.16
8.76954e+07,-126.77,-71.16
8.7699e+07,-122.21,-71.16
8.77026e+07,-130.75,-71.16
8.77062e+07,-125.19,-71.16
8.77098e+07,-129.30,-71.16
8.77134e+07,-139.27,-71.16
8.7717e+07,-124.28,-71.16
8.77206e+07,-119.41,-71.16
8.77241e+07,-120.04,-71.16
8.77277e+07,-116.74,-71.16
8.77313e+07,-112.95,-71.16
8.77349e+07,-110.99,-71.16
8.77385e+07,-115.28,-71.16
8.77421e+07,-110.77,-71.16
8.77457e+07,-113.41,-71.16
8.77493e+07,-120.83,-71.16
8.77529e+07,-125.90,-71.16
8.77565e+07,-121.10,-71.16
8.77601e+07,-122.22,-71.16
8.77637e+07,-126.79,-71.17
8.77672e+07,-123.30,-71.17
8.77708e+07,-122.49,-71.17
8.77744e+07,-140.96,-71.17
8.7778e+07,-124.73,-71.17
8.77816e+07,-126.72,-71.17
8.77852e+07,-132.05,-71.17
8.77888e+07,-131.94,-71.17
8.77924e+07,-146.79,-71.17
8.7796e+07,-148.46,-71.17
8.77996e+07,-137.39,-71.17
8.78032e+07,-145.28,-71.17
8.78068e+07,-133.57,-71.17
8.78103e+07,-147.60,-71.17
8.78139e+07,-137.26,-71.17
8.78175e+07,-128.27,-71.17
8.78211e+07,-133.51,-71.17
8.78247e+07,-138.58,-71.17
8.78283e+07,-142.32,-71.17
8.78319e+07,-130.72,-71.17
8.78355e+07,-135.68,-71.17
8.78391e+07,-147.91,-71.17
8.78427e+07,-136.91,-71.17
8.78463e+07,-139.99,-71.17
8.78499e+07,-132.59,-71.17
8.78534e+07,-126.93,-71.17
8.7857e+07,-124.04,-71.17
8.78606e+07,-122.91,-71.18
8.78642e+07,-123.60,-71.18
8.78678e+07,-124.53,-71.18
8.78714e+07,-122.60,-71.18
8.7875e+07,-130.78,-71.18
8.78786e+07,-139.37,-71.18
8.78822e+07,-141.49,-71.18
8.78858e+07,-133.71,-71.18
8.78894e+07,-131.00,-71.18
8.7893e+07,-131.81,-71.18
8.78965e+07,-132.36,-71.18
8.79001e+07,-128.36,-71.18
8.79037e+07,-128.97,-71.18
8.79073e+07,-127.37,-71.18
8.79109e+07,-128.13,-71.18
8.79145e+07,-127.70,-71.18
8.79181e+07,-126.81,-71.18
8.79217e+07,-128.15,-71.18
8.79253e+07,-130.15,-71.18
8.79289e+07,-127.62,-71.18
8.79325e+07,-128.22,-71.18
8.79361e+07,-130.85,-71.18
8.79396e+07,-148.38,-71.18
8.79432e+07,-132.20,-71.18
8.79468e+07,-143.91,-71.18
8.79504e+07,-128.89,-71.18
8.7954e+07,-128.18,-71.18
8.79576e+07,-131.03,-71.19
8.79612e+07,-138.38,-71.19
8.79648e+07,-127.49,-71.19
8.79684e+07,-127.60,-71.19
8.7972e+07,-153.26,-71.19
8.79756e+07,-147.18,-71.19
8.79792e+07,-137.04,-71.19
8.79827e+07,-137.02,-71.19
8.79863e+07,-137.40,-71.19
8.79899e+07,-140.85,-71.19
8.79935e+07,-131.31,-71.19
8.79971e+07,-138.48,-71.19
8.80007e+07,-136.05,-71.19
8.80043e+07,-127.34,-71.19
8.80079e+07,-124.07,-71.19
8.80115e+07,-127.19,-71.19
8.80151e+07,-133.25,-71.19
8.80187e+07,-142.71,-71.19
8.80223e+07,-139.91,-71.19
8.80258e+07,-133.97,-71.19
8.80294e+07,-129.77,-71.19
8.8033e+07,-128.93,-71.19
8.80366e+07,-131.91,-71.19
8.80402e+07,-130.74,-71.19
8.80438e+07,-128.31,-71.19
8.80474e+07,-129.44,-71.19
8.8051e+07,-132.36,-71.20
8.80546e+07,-126.53,-71.20
8.80582e+07,-127.93,-71.20
8.80618e+07,-131.92,-71.20
8.80654e+07,-130.55,-71.20
8.80689e+07,-127.77,-71.20
8.80725e+07,-125.69,-71.20
8.80761e+07,-128.53,-71.20
8.80797e+07,-133.97,-71.20
8.80833e+07,-131.78,-71.20
8.80869e+07,-131.04,-71.20
8.80905e+07,-129.46,-71.20
8.80941e+07,-133.12,-71.20
8.80977e+07,-133.79,-71.20
8.81013e+07,-127.78,-71.20
8.81049e+07,-129.21,-71.20
8.81085e+07,-131.30,-71.20
8.8112e+07,-150.26,-71.20
8.81156e+07,-135.07,-71.20
8.81192e+07,-132.72,-71.20
8.81228e+07,-125.55,-71.20
8.81264e+07,-123.02,-71.20
8.813e+07,-126.58,-71.20
8.81336e+07,-127.15,-71.20
8.81372e+07,-132.24,-71.20
8.81408e+07,-137.50,-71.20
8.81444e+07,-132.19,-71.20
8.8148e+07,-135.06,-71.21
8.81516e+07,-134.62,-71.21
8.81552e+07,-133.60,-71.21
8.81587e+07,-133.12,-71.21
8.81623e+07,-131.18,-71.21
8.81659e+07,-128.34,-71.21
8.81695e+07,-130.09,-71.21
8.81731e+07,-134.57,-71.21
8.81767e+07,-127.79,-71.21
8.81803e+07,-126.62,-71.21
8.81839e+07,-132.46,-71.21
8.81875e+07,-127.86,-71.21
8.81911e+07,-134.40,-71.21
8.81947e+07,-135.02,-71.21
8.81983e+07,-131.76,-71.21
8.82018e+07,-122.41,-71.21
8.82054e+07,-123.32,-71.21
8.8209e+07,-122.51,-71.21
8.82126e+07,-121.82,-71.21
8.82162e+07,-119.09,-71.21
8.82198e+07,-123.68,-71.21
8.82234e+07,-127.86,-71.21
8.8227e+07,-134.55,-71.21
8.82306e+07,-121.35,-71.21
8.82342e+07,-118.66,-71.21
8.82378e+07,-114.82,-71.21
8.82414e+07,-116.32,-71.21
8.82449e+07,-119.33,-71.22
8.82485e+07,-138.27,-71.22
8.82521e+07,-125.02,-71.22
8.82557e+07,-123.51,-71.22
8.82593e+07,-120.01,-71.22
8.82629e+07,-121.57,-71.22
8.82665e+07,-121.60,-71.22
8.82701e+07,-122.79,-71.22
8.82737e+07,-122.19,-71.22
8.82773e+07,-126.38,-71.22
8.82809e+07,-128.62,-71.22
8.82845e+07,-135.36,-71.22
8.8288e+07,-127.42,-71.22
8.82916e+07,-136.27,-71.22
8.82952e+07,-135.87,-71.22
8.82988e+07,-132.70,-71.22
8.83024e+07,-127.71,-71.22
8.8306e+07,-122.96,-71.22
8.83096e+07,-121.80,-71.22
8.83132e+07,-124.44,-71.22
8.83168e+07,-132.42,-71.22
8.83204e+07,-129.91,-71.22
8.8324e+07,-128.34,-71.22
8.83276e+07,-136.27,-71.22
8.83311e+07,-124.48,-71.22
8.83347e+07,-133.08,-71.22
8.83383e+07,-131.02,-71.22
8.83419e+07,-131.21,-71.23
8.83455e+07,-131.01,-71.23
8.83491e+07,-129.21,-71.23
8.83527e+07,-130.22,-71.23
8.83563e+07,-126.45,-71.23
8.83599e+07,-137.48,-71.23
8.83635e+07,-131.38,-71.23
8.83671e+07,-121.49,-71.23
8.83707e+07,-129.24,-71.23
8.83742e+07,-141.58,-71.23
8.83778e+07,-135.64,-71.23
8.83814e+07,-124.65,-71.23
8.8385e+07,-124.86,-71.23
8.83886e+07,-134.55,-71.23
8.83922e+07,-131.91,-71.23
8.83958e+07,-132.02,-71.23
8.83994e+07,-130.13,-71.23
8.8403e+07,-126.15,-71.23
8.84066e+07,-134.93,-71.23
8.84102e+07,-129.57,-71.23
8.84138e+07,-123.52,-71.23
8.84173e+07,-123.39,-71.23
8.84209e+07,-123.25,-71.23
8.84245e+07,-126.98,-71.23
8.84281e+07,-133.12,-71.23
8.84317e+07,-143.62,-71.23
8.84353e+07,-140.80,-71.23
8.84389e+07,-146.81,-71.24
8.84425e+07,-153.15,-71.24
8.84461e+07,-147.35,-71.24
8.84497e+07,-133.41,-71.24
8.84533e+07,-145.33,-71.24
8.84569e+07,-133.60,-71.24
8.84604e+07,-152.76,-71.24
8.8464e+07,-141.86,-71.24
8.84676e+07,-125.40,-71.24
8.84712e+07,-123.49,-71.24
8.84748e+07,-130.95,-71.24
8.84784e+07,-138.69,-71.24
8.8482e+07,-132.49,-71.24
8.84856e+07,-128.44,-71.24
8.84892e+07,-135.90,-71.24
8.84928e+07,-140.25,-71.24
8.84964e+07,-136.74,-71.24
8.85e+07,-134.91,-71.24
8.85035e+07,-134.94,-71.24
8.85071e+07,-130.29,-71.24
8.85107e+07,-130.20,-71.24
8.85143e+07,-129.54,-71.24
8.85179e+07,-142.60,-71.24
8.85215e+07,-128.60,-71.24
8.85251e+07,-128.35,-71.24
8.85287e+07,-129.52,-71.24
8.85323e+07,-132.06,-71.24
8.85359e+07,-135.96,-71.25
8.85395e+07,-133.75,-71.25
8.85431e+07,-129.21,-71.25
8.85466e+07,-134.68,-71.25
8.85502e+07,-130.19,-71.25
8.85538e+07,-133.67,-71.25
8.85574e+07,-133.28,-71.25
8.8561e+07,-127.38,-71.25
8.85646e+07,-129.23,-71.25
8.85682e+07,-136.26,-71.25
8.85718e+07,-131.43,-71.25
8.85754e+07,-127.36,-71.25
8.8579e+07,-129.98,-71.25
8.85826e+07,-132.36,-71.25
8.85862e+07,-135.18,-71.25
8.85897e+07,-132.07,-71.25
8.85933e+07,-130.64,-71.25
8.85969e+07,-132.09,-71.25
8.86005e+07,-131.64,-71.25
8.86041e+07,-138.88,-71.25
8.86077e+07,-136.55,-71.25
8.86113e+07,-139.42,-71.25
8.86149e+07,-136.82,-71.25
8.86185e+07,-139.81,-71.25
8.86221e+07,-136.31,-71.25
8.86257e+07,-139.95,-71.25
8.86293e+07,-133.00,-71.25
8.86328e+07,-135.55,-71.26
8.86364e+07,-130.58,-71.26
8.864e+07,-138.33,-71.26
8.86436e+07,-128.29,-71.26
8.86472e+07,-129.16,-71.26
8.86508e+07,-133.27,-71.26
8.86544e+07,-132.30,-71.26
8.8658e+07,-128.61,-71.26
8.86616e+07,-128.79,-71.26
8.86652e+07,-130.76,-71.26
8.86688e+07,-132.84,-71.26
8.86724e+07,-134.13,-71.26
8.86759e+07,-131.87,-71.26
8.86795e+07,-137.38,-71.26
8.86831e+07,-131.85,-71.26
8.86867e+07,-135.95,-71.26
8.86903e+07,-135.66,-71.26
8.86939e+07,-148.62,-71.26
8.86975e+07,-139.94,-71.26
8.87011e+07,-138.09,-71.26
8.87047e+07,-136.43,-71.26
8.87083e+07,-141.30,-71.26
8.87119e+07,-140.13,-71.26
8.87155e+07,-133.86,-71.26
8.8719e+07,-129.36,-71.26
8.87226e+07,-134.72,-71.26
8.87262e+07,-138.12,-71.26
8.87298e+07,-133.62,-71.27
8.87334e+07,-127.44,-71.27
8.8737e+07,-132.26,-71.27
8.87406e+07,-125.31,-71.27
8.87442e+07,-124.64,-71.27
8.87478e+07,-127.70,-71.27
8.87514e+07,-132.29,-71.27
8.8755e+07,-128.36,-71.27
8.87586e+07,-137.32,-71.27
8.87622e+07,-134.17,-71.27
8.87657e+07,-133.40,-71.27
8.87693e+07,-128.59,-71.27
8.87729e+07,-134.46,-71.27
8.87765e+07,-142.39,-71.27
8.87801e+07,-135.69,-71.27
8.87837e+07,-131.19,-71.27
8.87873e+07,-140.57,-71.27
8.87909e+07,-137.60,-71.27
8.87945e+07,-144.59,-71.27
8.87981e+07,-134.92,-71.27
8.88017e+07,-133.64,-71.27
8.88053e+07,-132.25,-71.27
8.88088e+07,-128.82,-71.27
8.88124e+07,-139.91,-71.27
8.8816e+07,-130.27,-71.27
8.88196e+07,-128.76,-71.27
8.88232e+07,-133.99,-71.27
8.88268e+07,-140.98,-71.28
8.88304e+07,-135.84,-71.28
8.8834e+07,-144.17,-71.28
8.88376e+07,-128.37,-71.28
8.88412e+07,-123.80,-71.28
8.88448e+07,-130.57,-71.28
8.88484e+07,-132.05,-71.28
8.88519e+07,-125.02,-71.28
8.88555e+07,-124.10,-71.28
8.88591e+07,-129.29,-71.28
8.88627e+07,-121.96,-71.28
8.88663e+07,-124.01,-71.28
8.88699e+07,-127.28,-71.28
8.88735e+07,-125.44,-71.28
8.88771e+07,-126.20,-71.28
8.88807e+07,-125.20,-71.28
8.88843e+07,-125.93,-71.28
8.88879e+07,-125.02,-71.28
8.88915e+07,-123.00,-71.28
8.8895e+07,-125.93,-71.28
8.88986e+07,-142.49,-71.28
8.89022e+07,-136.78,-71.28
8.89058e+07,-137.06,-71.28
8.89094e+07,-129.25,-71.28
8.8913e+07,-134.19,-71.28
8.89166e+07,-144.48,-71.28
8.89202e+07,-132.87,-71.28
8.89238e+07,-128.45,-71.29
8.89274e+07,-134.37,-71.29
8.8931e+07,-126.24,-71.29
8.89346e+07,-121.87,-71.29
8.89381e+07,-124.52,-71.29
8.89417e+07,-127.81,-71.29
8.89453e+07,-133.72,-71.29
8.89489e+07,-130.58,-71.29
8.89525e+07,-136.79,-71.29
8.89561e+07,-136.59,-71.29
8.89597e+07,-130.49,-71.29
8.89633e+07,-129.41,-71.29
8.89669e+07,-139.89,-71.29
8.89705e+07,-134.45,-71.29
8.89741e+07,-133.39,-71.29
8.89777e+07,-130.55,-71.29
8.89812e+07,-130.97,-71.29
8.89848e+07,-134.42,-71.29
8.89884e+07,-138.33,-71.29
8.8992e+07,-132.35,-71.29
8.89956e+07,-133.67,-71.29
8.89992e+07,-135.84,-71.29
8.90028e+07,-130.10,-71.29
8.90064e+07,-128.61,-71.29
8.901e+07,-125.46,-71.29
8.90136e+07,-126.11,-71.29
8.90172e+07,-134.14,-71.29
8.90208e+07,-136.23,-71.30
8.90243e+07,-135.31,-71.30
8.90279e+07,-135.40,-71.30
8.90315e+07,-133.86,-71.30
8.90351e+07,-129.70,-71.30
8.90387e+07,-134.98,-71.30
8.90423e+07,-135.59,-71.30
8.90459e+07,-131.90,-71.30
8.90495e+07,-129.26,-71.30
8.90531e+07,-133.44,-71.30
8.90567e+07,-135.04,-71.30
8.90603e+07,-135.13,-71.30
8.90639e+07,-136.79,-71.30
8.90674e+07,-135.35,-71.30
8.9071e+07,-138.07,-71.30
8.90746e+07,-132.28,-71.30
8.90782e+07,-127.04,-71.30
8.90818e+07,-127.15,-71.30
8.90854e+07,-126.92,-71.30
8.9089e+07,-136.10,-71.30
8.90926e+07,-135.40,-71.30
8.90962e+07,-133.58,-71.30
8.90998e+07,-127.06,-71.30
8.91034e+07,-130.01,-71.30
8.9107e+07,-133.07,-71.30
8.91105e+07,-130.99,-71.30
8.91141e+07,-124.88,-71.30
8.91177e+07,-128.48,-71.30
8.91213e+07,-132.04,-71.31
8.91249e+07,-131.48,-71.31
8.91285e+07,-133.92,-71.31
8.91321e+07,-125.95,-71.31
8.91357e+07,-126.40,-71.31
8.91393e+07,-130.40,-71.31
8.91429e+07,-126.26,-71.31
8.91465e+07,-127.30,-71.31
8.91501e+07,-141.12,-71.31
8.91536e+07,-132.95,-71.31
8.91572e+07,-129.26,-71.31
8.91608e+07,-129.37,-71.31
8.91644e+07,-136.92,-71.31
8.9168e+07,-141.71,-71.31
8.91716e+07,-129.03,-71.31
8.91752e+07,-130.47,-71.31
8.91788e+07,-125.99,-71.31
8.91824e+07,-123.20,-71.31
8.9186e+07,-123.28,-71.31
8.91896e+07,-128.73,-71.31
8.91932e+07,-132.81,-71.31
8.91967e+07,-129.33,-71.31
8.92003e+07,-123.06,-71.31
8.92039e+07,-124.46,-71.31
8.92075e+07,-123.54,-71.31
8.92111e+07,-124.71,-71.31
8.92147e+07,-119.78,-71.31
8.92183e+07,-121.59,-71.32
8.92219e+07,-127.96,-71.32
8.92255e+07,-129.33,-71.32
8.92291e+07,-117.54,-71.32
8.92327e+07,-113.53,-71.32
8.92363e+07,-112.81,-71.32
8.92398e+07,-116.17,-71.32
8.92434e+07,-118.01,-71.32
8.9247e+07,-128.40,-71.32
8.92506e+07,-137.19,-71.32
8.92542e+07,-121.68,-71.32
8.92578e+07,-119.10,-71.32
8.92614e+07,-119.05,-71.32
8.9265e+07,-122.09,-71.32
8.92686e+07,-126.33,-71.32
8.92722e+07,-122.83,-71.32
8.92758e+07,-125.44,-71.32
8.92794e+07,-128.41,-71.32
8.92829e+07,-128.25,-71.32
8.92865e+07,-126.19,-71.32
8.92901e+07,-140.54,-71.32
8.92937e+07,-125.57,-71.32
8.92973e+07,-123.41,-71.32
8.93009e+07,-122.76,-71.32
8.93045e+07,-129.34,-71.32
8.93081e+07,-133.24,-71.32
8.93117e+07,-127.25,-71.32
8.93153e+07,-130.17,-71.33
8.93189e+07,-148.19,-71.33
8.93225e+07,-133.79,-71.33
8.93261e+07,-124.77,-71.33
8.93296e+07,-126.19,-71.33
8.93332e+07,-128.40,-71.33
8.93368e+07,-129.29,-71.33
8.93404e+07,-129.69,-71.33
8.9344e+07,-125.61,-71.33
8.93476e+07,-125.51,-71.33
8.93512e+07,-128.91,-71.33
8.93548e+07,-129.48,-71.33
8.93584e+07,-132.34,-71.33
8.9362e+07,-134.43,-71.33
8.93656e+07,-131.45,-71.33
8.93692e+07,-132.44,-71.33
8.93727e+07,-142.22,-71.33
8.93763e+07,-135.13,-71.33
8.93799e+07,-128.09,-71.33
8.93835e+07,-129.03,-71.33
8.93871e+07,-133.03,-71.33
8.93907e+07,-129.10,-71.33
8.93943e+07,-127.57,-71.33
8.93979e+07,-128.90,-71.33
8.94015e+07,-130.34,-71.33
8.94051e+07,-134.66,-71.33
8.94087e+07,-129.77,-71.33
8.94123e+07,-131.67,-71.34
8.94158e+07,-136.24,-71.34
8.94194e+07,-132.57,-71.34
8.9423e+07,-132.50,-71.34
8.94266e+07,-133.58,-71.34
8.94302e+07,-129.94,-71.34
8.94338e+07,-129.22,-71.34
8.94374e+07,-135.67,-71.34
8.9441e+07,-128.40,-71.34
8.94446e+07,-126.18,-71.34
8.94482e+07,-123.01,-71.34
8.94518e+07,-121.48,-71.34
8.94554e+07,-125.29,-71.34
8.94589e+07,-133.29,-71.34
8.94625e+07,-132.65,-71.34
8.94661e+07,-142.28,-71.34
8.94697e+07,-143.28,-71.34
8.94733e+07,-129.90,-71.34
8.94769e+07,-126.73,-71.34
8.94805e+07,-128.55,-71.34
8.94841e+07,-127.75,-71.34
8.94877e+07,-130.82,-71.34
8.94913e+07,-130.59,-71.34
8.94949e+07,-133.74,-71.34
8.94985e+07,-132.10,-71.34
8.9502e+07,-144.98,-71.34
8.95056e+07,-135.21,-71.34
8.95092e+07,-136.81,-71.34
8.95128e+07,-137.28,-71.35
8.95164e+07,-134.75,-71.35
8.952e+07,-133.57,-71.35
8.95236e+07,-127.28,-71.35
8.95272e+07,-125.43,-71.35
8.95308e+07,-129.83,-71.35
8.95344e+07,-139.28,-71.35
8.9538e+07,-128.75,-71.35
8.95416e+07,-133.85,-71.35
8.95451e+07,-131.27,-71.35
8.95487e+07,-134.20,-71.35
8.95523e+07,-147.88,-71.35
8.95559e+07,-133.80,-71.35
8.95595e+07,-130.44,-71.35
8.95631e+07,-134.30,-71.35
8.95667e+07,-126.27,-71.35
8.95703e+07,-125.78,-71.35
8.95739e+07,-128.46,-71.35
8.95775e+07,-132.86,-71.35
8.95811e+07,-138.77,-71.35
8.95847e+07,-137.28,-71.35
8.95882e+07,-129.64,-71.35
8.95918e+07,-127.81,-71.35
8.95954e+07,-141.02,-71.35
8.9599e+07,-131.90,-71.35
8.96026e+07,-128.51,-71.35
8.96062e+07,-132.20,-71.35
8.96098e+07,-141.72,-71.36
8.96134e+07,-130.24,-71.36
8.9617e+07,-128.46,-71.36
8.96206e+07,-130.47,-71.36
8.96242e+07,-136.83,-71.36
8.96278e+07,-131.56,-71.36
8.96313e+07,-132.69,-71.36
8.96349e+07,-136.90,-71.36
8.96385e+07,-132.68,-71.36
8.96421e+07,-131.74,-71.36
8.96457e+07,-129.44,-71.36
8.96493e+07,-133.76,-71.36
8.96529e+07,-147.50,-71.36
8.96565e+07,-131.11,-71.36
8.96601e+07,-131.94,-71.36
8.96637e+07,-147.71,-71.36
8.96673e+07,-131.98,-71.36
8.96709e+07,-127.53,-71.36
8.96744e+07,-127.18,-71.36
8.9678e+07,-135.05,-71.36
8.96816e+07,-130.61,-71.36
8.96852e+07,-128.80,-71.36
8.96888e+07,-133.27,-71.36
8.96924e+07,-131.25,-71.36
8.9696e+07,-125.47,-71.36
8.96996e+07,-128.00,-71.36
8.97032e+07,-137.82,-71.36
8.97068e+07,-135.94,-71.37
8.97104e+07,-131.58,-71.37
8.9714e+07,-125.31,-71.37
8.97175e+07,-124.00,-71.37
8.97211e+07,-130.32,-71.37
8.97247e+07,-122.03,-71.37
8.97283e+07,-115.14,-71.37
8.97319e+07,-113.63,-71.37
8.97355e+07,-120.95,-71.37
8.97391e+07,-112.73,-71.37
8.97427e+07,-114.11,-71.37
8.97463e+07,-118.60,-71.37
8.97499e+07,-127.64,-71.37
8.97535e+07,-129.23,-71.37
8.97571e+07,-127.12,-71.37
8.97606e+07,-130.94,-71.37
8.97642e+07,-133.38,-71.37
8.97678e+07,-126.61,-71.37
8.97714e+07,-141.79,-71.37
8.9775e+07,-130.53,-71.37
8.97786e+07,-131.25,-71.37
8.97822e+07,-133.85,-71.37
8.97858e+07,-126.41,-71.37
8.97894e+07,-129.00,-71.37
8.9793e+07,-138.40,-71.37
8.97966e+07,-130.76,-71.37
8.98002e+07,-128.32,-71.37
8.98037e+07,-130.17,-71.37
8.98073e+07,-135.00,-71.38
8.98109e+07,-132.10,-71.38
8.98145e+07,-131.90,-71.38
8.98181e+07,-134.72,-71.38
8.98217e+07,-133.25,-71.38
8.98253e+07,-130.24,-71.38
8.98289e+07,-144.07,-71.38
8.98325e+07,-138.09,-71.38
8.98361e+07,-144.09,-71.38
8.98397e+07,-136.33,-71.38
8.98433e+07,-131.48,-71.38
8.98468e+07,-143.88,-71.38
8.98504e+07,-132.78,-71.38
8.9854e+07,-134.51,-71.38
8.98576e+07,-130.12,-71.38
8.98612e+07,-132.45,-71.38
8.98648e+07,-141.87,-71.38
8.98684e+07,-134.19,-71.38
8.9872e+07,-139.93,-71.38
8.98756e+07,-128.22,-71.38
8.98792e+07,-129.00,-71.38
8.98828e+07,-132.71,-71.38
8.98864e+07,-132.05,-71.38
8.989e+07,-137.40,-71.38
8.98935e+07,-132.37,-71.38
8.98971e+07,-128.40,-71.38
8.99007e+07,-125.96,-71.38
8.99043e+07,-144.67,-71.39
8.99079e+07,-127.94,-71.39
8.99115e+07,-127.83,-71.39
8.99151e+07,-126.74,-71.39
8.99187e+07,-136.65,-71.39
8.99223e+07,-130.71,-71.39
8.99259e+07,-133.21,-71.39
8.99295e+07,-145.71,-71.39
8.99331e+07,-147.86,-71.39
8.99366e+07,-134.03,-71.39
8.99402e+07,-128.60,-71.39
8.99438e+07,-125.66,-71.39
8.99474e+07,-130.73,-71.39
8.9951e+07,-144.22,-71.39
8.99546e+07,-128.66,-71.39
8.99582e+07,-122.48,-71.39
8.99618e+07,-124.19,-71.39
8.99654e+07,-129.97,-71.39
8.9969e+07,-130.38,-71.39
8.99726e+07,-127.04,-71.39
8.99762e+07,-128.58,-71.39
8.99797e+07,-127.86,-71.39
8.99833e+07,-134.06,-71.39
8.99869e+07,-137.19,-71.39
8.99905e+07,-132.35,-71.39
8.99941e+07,-133.53,-71.39
8.99977e+07,-132.30,-71.39
9.00013e+07,-132.14,-71.39
9.00049e+07,-136.16,-71.40
9.00085e+07,-138.39,-71.40
9.00121e+07,-140.34,-71.40
9.00157e+07,-126.97,-71.40
9.00193e+07,-128.15,-71.40
9.00228e+07,-141.32,-71.40
9.00264e+07,-137.81,-71.40
9.003e+07,-128.86,-71.40
9.00336e+07,-128.88,-71.40
9.00372e+07,-133.65,-71.40
9.00408e+07,-136.23,-71.40
9.00444e+07,-131.24,-71.40
9.0048e+07,-127.82,-71.40
9.00516e+07,-135.80,-71.40
9.00552e+07,-130.85,-71.40
9.00588e+07,-133.24,-71.40
9.00624e+07,-146.16,-71.40
9.00659e+07,-139.03,-71.40
9.00695e+07,-137.06,-71.40
9.00731e+07,-143.92,-71.40
9.00767e+07,-140.23,-71.40
9.00803e+07,-135.43,-71.40
9.00839e+07,-137.78,-71.40
9.00875e+07,-131.54,-71.40
9.00911e+07,-131.75,-71.40
9.00947e+07,-130.55,-71.40
9.00983e+07,-127.38,-71.40
9.01019e+07,-131.10,-71.41
9.01055e+07,-134.68,-71.41
9.0109e+07,-127.28,-71.41
9.01126e+07,-127.62,-71.41
9.01162e+07,-133.85,-71.41
9.01198e+07,-143.65,-71.41
9.01234e+07,-133.69,-71.41
9.0127e+07,-133.96,-71.41
9.01306e+07,-130.03,-71.41
9.01342e+07,-132.58,-71.41
9.01378e+07,-140.74,-71.41
9.01414e+07,-138.50,-71.41
9.0145e+07,-135.36,-71.41
9.01486e+07,-132.95,-71.41
9.01521e+07,-129.56,-71.41
9.01557e+07,-127.75,-71.41
9.01593e+07,-128.89,-71.41
9.01629e+07,-130.86,-71.41
9.01665e+07,-133.04,-71.41
9.01701e+07,-136.18,-71.41
9.01737e+07,-149.73,-71.41
9.01773e+07,-134.81,-71.41
9.01809e+07,-129.66,-71.41
9.01845e+07,-128.73,-71.41
9.01881e+07,-126.12,-71.41
9.01917e+07,-127.17,-71.41
9.01952e+07,-135.45,-71.41
9.01988e+07,-132.55,-71.41
9.02024e+07,-156.98,-71.42
9.0206e+07,-130.92,-71.42
9.02096e+07,-133.72,-71.42
9.02132e+07,-127.67,-71.42
9.02168e+07,-128.98,-71.42
9.02204e+07,-134.48,-71.42
9.0224e+07,-127.96,-71.42
9.02276e+07,-124.68,-71.42
9.02312e+07,-125.79,-71.42
9.02348e+07,-126.26,-71.42
9.02383e+07,-126.03,-71.42
9.02419e+07,-127.64,-71.42
9.02455e+07,-138.24,-71.42
9.02491e+07,-138.12,-71.42
9.02527e+07,-142.01,-71.42
9.02563e+07,-131.34,-71.42
9.02599e+07,-129.34,-71.42
9.02635e+07,-128.69,-71.42
9.02671e+07,-130.94,-71.42
9.02707e+07,-137.77,-71.42
9.02743e+07,-134.10,-71.42
9.02779e+07,-127.12,-71.42
9.02814e+07,-123.81,-71.42
9.0285e+07,-128.10,-71.42
9.02886e+07,-130.07,-71.42
9.02922e+07,-129.21,-71.42
9.02958e+07,-140.69,-71.42
9.02994e+07,-138.04,-71.43
9.0303e+07,-133.43,-71.43
9.03066e+07,-129.92,-71.43
9.03102e+07,-133.61,-71.43
9.03138e+07,-131.51,-71.43
9.03174e+07,-132.07,-71.43
9.0321e+07,-137.37,-71.43
9.03245e+07,-129.70,-71.43
9.03281e+07,-129.34,-71.43
9.03317e+07,-130.53,-71.43
9.03353e+07,-134.39,-71.43
9.03389e+07,-135.59,-71.43
9.03425e+07,-136.54,-71.43
9.03461e+07,-144.87,-71.43
9.03497e+07,-134.11,-71.43
9.03533e+07,-131.22,-71.43
9.03569e+07,-127.19,-71.43
9.03605e+07,-136.49,-71.43
9.03641e+07,-129.48,-71.43
9.03676e+07,-137.12,-71.43
9.03712e+07,-129.97,-71.43
9.03748e+07,-127.37,-71.43
9.03784e+07,-131.42,-71.43
9.0382e+07,-132.85,-71.43
9.03856e+07,-127.85,-71.43
9.03892e+07,-128.96,-71.43
9.03928e+07,-133.99,-71.43
9.03964e+07,-139.91,-71.43
9.04e+07,-127.72,-71.44
9.04036e+07,-127.75,-71.44
9.04072e+07,-138.69,-71.44
9.04107e+07,-129.49,-71.44
9.04143e+07,-131.83,-71.44
9.04179e+07,-128.77,-71.44
9.04215e+07,-132.23,-71.44
9.04251e+07,-129.19,-71.44
9.04287e+07,-129.94,-71.44
9.04323e+07,-131.32,-71.44
9.04359e+07,-129.64,-71.44
9.04395e+07,-129.86,-71.44
9.04431e+07,-134.13,-71.44
9.04467e+07,-131.24,-71.44
9.04503e+07,-139.33,-71.44
9.04539e+07,-138.58,-71.44
9.04574e+07,-130.59,-71.44
9.0461e+07,-130.47,-71.44
9.04646e+07,-132.10,-71.44
9.04682e+07,-129.82,-71.44
9.04718e+07,-135.06,-71.44
9.04754e+07,-138.77,-71.44
9.0479e+07,-133.18,-71.44
9.04826e+07,-131.86,-71.44
9.04862e+07,-133.22,-71.44
9.04898e+07,-138.63,-71.44
9.04934e+07,-132.92,-71.44
9.0497e+07,-131.45,-71.44
9.05005e+07,-136.30,-71.45
9.05041e+07,-134.94,-71.45
9.05077e+07,-132.80,-71.45
9.05113e+07,-135.92,-71.45
9.05149e+07,-132.79,-71.45
9.05185e+07,-145.58,-71.45
9.05221e+07,-131.40,-71.45
9.05257e+07,-132.98,-71.45
9.05293e+07,-137.40,-71.45
9.05329e+07,-131.55,-71.45
9.05365e+07,-134.62,-71.45
9.05401e+07,-131.27,-71.45
9.05436e+07,-130.06,-71.45
9.05472e+07,-134.90,-71.45
9.05508e+07,-125.70,-71.45
9.05544e+07,-128.07,-71.45
9.0558e+07,-145.99,-71.45
9.05616e+07,-132.20,-71.45
9.05652e+07,-133.27,-71.45
9.05688e+07,-144.11,-71.45
9.05724e+07,-140.28,-71.45
9.0576e+07,-130.29,-71.45
9.05796e+07,-137.80,-71.45
9.05832e+07,-134.18,-71.45
9.05867e+07,-134.51,-71.45
9.05903e+07,-134.68,-71.45
9.05939e+07,-127.09,-71.45
9.05975e+07,-126.10,-71.46
9.06011e+07,-128.33,-71.46
9.06047e+07,-134.15,-71.46
9.06083e+07,-128.80,-71.46
9.06119e+07,-125.86,-71.46
9.06155e+07,-126.05,-71.46
9.06191e+07,-126.92,-71.46
9.06227e+07,-128.23,-71.46
9.06263e+07,-134.30,-71.46
9.06298e+07,-134.48,-71.46
9.06334e+07,-141.64,-71.46
9.0637e+07,-137.14,-71.46
9.06406e+07,-144.21,-71.46
9.06442e+07,-133.08,-71.46
9.06478e+07,-135.85,-71.46
9.06514e+07,-128.82,-71.46
9.0655e+07,-128.47,-71.46
9.06586e+07,-132.97,-71.46
9.06622e+07,-126.32,-71.46
9.06658e+07,-123.32,-71.46
9.06694e+07,-127.82,-71.46
9.06729e+07,-132.34,-71.46
9.06765e+07,-140.97,-71.46
9.06801e+07,-128.76,-71.46
9.06837e+07,-126.63,-71.46
9.06873e+07,-127.17,-71.46
9.06909e+07,-129.33,-71.46
9.06945e+07,-128.16,-71.46
9.06981e+07,-127.36,-71.47
9.07017e+07,-121.24,-71.47
9.07053e+07,-123.96,-71.47
9.07089e+07,-126.71,-71.47
9.07125e+07,-123.94,-71.47
9.0716e+07,-122.78,-71.47
9.07196e+07,-121.48,-71.47
9.07232e+07,-117.64,-71.47
9.07268e+07,-113.17,-71.47
9.07304e+07,-112.04,-71.47
9.0734e+07,-116.27,-71.47
9.07376e+07,-112.08,-71.47
9.07412e+07,-114.13,-71.47
9.07448e+07,-118.28,-71.47
9.07484e+07,-121.60,-71.47
9.0752e+07,-122.92,-71.47
9.07556e+07,-126.29,-71.47
9.07591e+07,-131.75,-71.47
9.07627e+07,-126.73,-71.47
9.07663e+07,-124.38,-71.47
9.07699e+07,-128.60,-71.47
9.07735e+07,-131.86,-71.47
9.07771e+07,-125.46,-71.47
9.07807e+07,-131.32,-71.47
9.07843e+07,-139.70,-71.47
9.07879e+07,-144.25,-71.47
9.07915e+07,-146.89,-71.47
9.07951e+07,-132.93,-71.47
9.07987e+07,-131.87,-71.48
9.08022e+07,-136.19,-71.48
9.08058e+07,-135.86,-71.48
9.08094e+07,-129.54,-71.48
9.0813e+07,-133.80,-71.48
9.08166e+07,-140.04,-71.48
9.08202e+07,-132.70,-71.48
9.08238e+07,-132.43,-71.48
9.08274e+07,-130.49,-71.48
9.0831e+07,-127.48,-71.48
9.08346e+07,-128.42,-71.48
9.08382e+07,-122.06,-71.48
9.08418e+07,-125.71,-71.48
9.08453e+07,-148.96,-71.48
9.08489e+07,-129.23,-71.48
9.08525e+07,-125.50,-71.48
9.08561e+07,-128.63,-71.48
9.08597e+07,-127.09,-71.48
9.08633e+07,-127.19,-71.48
9.08669e+07,-126.19,-71.48
9.08705e+07,-129.60,-71.48
9.08741e+07,-129.18,-71.48
9.08777e+07,-125.06,-71.48
9.08813e+07,-126.71,-71.48
9.08849e+07,-131.45,-71.48
9.08884e+07,-125.60,-71.48
9.0892e+07,-131.63,-71.48
9.08956e+07,-138.96,-71.48
9.08992e+07,-132.51,-71.49
9.09028e+07,-131.54,-71.49
9.09064e+07,-135.71,-71.49
9.091e+07,-131.13,-71.49
9.09136e+07,-127.02,-71.49
9.09172e+07,-130.70,-71.49
9.09208e+07,-133.48,-71.49
9.09244e+07,-127.13,-71.49
9.0928e+07,-132.85,-71.49
9.09315e+07,-129.76,-71.49
9.09351e+07,-125.55,-71.49
9.09387e+07,-130.64,-71.49
9.09423e+07,-132.62,-71.49
9.09459e+07,-130.78,-71.49
9.09495e+07,-139.64,-71.49
9.09531e+07,-134.95,-71.49
9.09567e+07,-131.80,-71.49
9.09603e+07,-129.96,-71.49
9.09639e+07,-129.78,-71.49
9.09675e+07,-131.42,-71.49
9.09711e+07,-134.23,-71.49
9.09746e+07,-126.05,-71.49
9.09782e+07,-130.71,-71.49
9.09818e+07,-134.59,-71.49
9.09854e+07,-131.38,-71.49
9.0989e+07,-129.46,-71.49
9.09926e+07,-127.75,-71.49
9.09962e+07,-148.16,-71.50
9.09998e+07,-128.83,-71.50
9.10034e+07,-132.70,-71.50
9.1007e+07,-128.61,-71.50
9.10106e+07,-136.41,-71.50
9.10142e+07,-134.53,-71.50
9.10178e+07,-128.74,-71.50
9.10213e+07,-126.88,-71.50
9.10249e+07,-135.66,-71.50
9.10285e+07,-134.59,-71.50
9.10321e+07,-129.81,-71.50
9.10357e+07,-127.17,-71.50
9.10393e+07,-126.57,-71.50
9.10429e+07,-131.16,-71.50
9.10465e+07,-134.20,-71.50
9.10501e+07,-130.21,-71.50
9.10537e+07,-131.19,-71.50
9.10573e+07,-133.96,-71.50
9.10609e+07,-133.35,-71.50
9.10644e+07,-130.88,-71.50
9.1068e+07,-129.16,-71.50
9.10716e+07,-132.90,-71.50
9.10752e+07,-136.43,-71.50
9.10788e+07,-136.09,-71.50
9.10824e+07,-130.96,-71.50
9.1086e+07,-128.01,-71.50
9.10896e+07,-134.85,-71.50
9.10932e+07,-134.33,-71.50
9.10968e+07,-128.39,-71.51
9.11004e+07,-133.68,-71.51
9.1104e+07,-133.54,-71.51
9.11075e+07,-128.78,-71.51
9.11111e+07,-128.82,-71.51
9.11147e+07,-131.08,-71.51
9.11183e+07,-128.21,-71.51
9.11219e+07,-126.51,-71.51
9.11255e+07,-136.89,-71.51
9.11291e+07,-133.82,-71.51
9.11327e+07,-137.86,-71.51
9.11363e+07,-133.10,-71.51
9.11399e+07,-129.79,-71.51
9.11435e+07,-128.58,-71.51
9.11471e+07,-136.05,-71.51
9.11506e+07,-133.78,-71.51
9.11542e+07,-127.80,-71.51
9.11578e+07,-127.66,-71.51
9.11614e+07,-129.72,-71.51
9.1165e+07,-127.04,-71.51
9.11686e+07,-123.12,-71.51
9.11722e+07,-122.14,-71.51
9.11758e+07,-123.89,-71.51
9.11794e+07,-137.06,-71.51
9.1183e+07,-126.80,-71.51
9.11866e+07,-124.85,-71.51
9.11902e+07,-124.43,-71.51
9.11937e+07,-136.10,-71.51
9.11973e+07,-123.65,-71.52
9.12009e+07,-124.80,-71.52
9.12045e+07,-123.52,-71.52
9.12081e+07,-123.41,-71.52
9.12117e+07,-120.81,-71.52
9.12153e+07,-123.29,-71.52
9.12189e+07,-127.78,-71.52
9.12225e+07,-130.49,-71.52
9.12261e+07,-122.29,-71.52
9.12297e+07,-117.46,-71.52
9.12333e+07,-118.05,-71.52
9.12368e+07,-121.09,-71.52
9.12404e+07,-125.02,-71.52
9.1244e+07,-140.09,-71.52
9.12476e+07,-137.77,-71.52
9.12512e+07,-125.85,-71.52
9.12548e+07,-120.02,-71.52
9.12584e+07,-121.53,-71.52
9.1262e+07,-129.17,-71.52
9.12656e+07,-128.33,-71.52
9.12692e+07,-122.91,-71.52
9.12728e+07,-122.22,-71.52
9.12764e+07,-125.41,-71.52
9.12799e+07,-125.65,-71.52
9.12835e+07,-131.79,-71.52
9.12871e+07,-133.02,-71.52
9.12907e+07,-129.62,-71.52
9.12943e+07,-125.65,-71.52
9.12979e+07,-124.95,-71.53
9.13015e+07,-134.96,-71.53
9.13051e+07,-127.84,-71.53
9.13087e+07,-123.19,-71.53
9.13123e+07,-132.98,-71.53
9.13159e+07,-138.94,-71.53
9.13195e+07,-145.05,-71.53
9.1323e+07,-128.91,-71.53
9.13266e+07,-126.28,-71.53
9.13302e+07,-137.79,-71.53
9.13338e+07,-151.52,-71.53
9.13374e+07,-131.63,-71.53
9.1341e+07,-128.61,-71.53
9.13446e+07,-129.62,-71.53
9.13482e+07,-129.73,-71.53
9.13518e+07,-129.80,-71.53
9.13554e+07,-135.50,-71.53
9.1359e+07,-135.31,-71.53
9.13626e+07,-131.12,-71.53
9.13661e+07,-125.93,-71.53
9.13697e+07,-132.43,-71.53
9.13733e+07,-135.26,-71.53
9.13769e+07,-133.77,-71.53
9.13805e+07,-132.97,-71.53
9.13841e+07,-139.10,-71.53
9.13877e+07,-136.36,-71.53
9.13913e+07,-135.24,-71.53
9.13949e+07,-128.29,-71.53
9.13985e+07,-125.19,-71.54
9.14021e+07,-131.11,-71.54
9.14057e+07,-127.87,-71.54
9.14092e+07,-124.74,-71.54
9.14128e+07,-127.50,-71.54
9.14164e+07,-138.35,-71.54
9.142e+07,-138.25,-71.54
9.14236e+07,-134.91,-71.54
9.14272e+07,-129.49,-71.54
9.14308e+07,-131.91,-71.54
9.14344e+07,-142.86,-71.54
9.1438e+07,-131.93,-71.54
9.14416e+07,-141.66,-71.54
9.14452e+07,-128.40,-71.54
9.14488e+07,-133.09,-71.54
9.14523e+07,-130.92,-71.54
9.14559e+07,-134.23,-71.54
9.14595e+07,-153.66,-71.54
9.14631e+07,-130.59,-71.54
9.14667e+07,-126.49,-71.54
9.14703e+07,-130.23,-71.54
9.14739e+07,-149.45,-71.54
9.14775e+07,-133.95,-71.54
9.14811e+07,-129.10,-71.54
9.14847e+07,-128.94,-71.54
9.14883e+07,-132.56,-71.54
9.14919e+07,-133.24,-71.54
9.14954e+07,-132.63,-71.54
9.1499e+07,-154.36,-71.55
9.15026e+07,-136.77,-71.55
9.15062e+07,-131.77,-71.55
9.15098e+07,-126.67,-71.55
9.15134e+07,-126.92,-71.55
9.1517e+07,-141.33,-71.55
9.15206e+07,-125.90,-71.55
9.15242e+07,-128.00,-71.55
9.15278e+07,-134.09,-71.55
9.15314e+07,-132.08,-71.55
9.1535e+07,-128.64,-71.55
9.15385e+07,-131.66,-71.55
9.15421e+07,-129.26,-71.55
9.15457e+07,-128.46,-71.55
9.15493e+07,-128.40,-71.55
9.15529e+07,-129.99,-71.55
9.15565e+07,-129.65,-71.55
9.15601e+07,-138.06,-71.55
9.15637e+07,-139.99,-71.55
9.15673e+07,-134.26,-71.55
9.15709e+07,-141.67,-71.55
9.15745e+07,-139.04,-71.55
9.15781e+07,-129.37,-71.55
9.15816e+07,-125.07,-71.55
9.15852e+07,-130.62,-71.55
9.15888e+07,-150.21,-71.55
9.15924e+07,-142.39,-71.55
9.1596e+07,-135.71,-71.55
9.15996e+07,-126.16,-71.56
9.16032e+07,-125.77,-71.56
9.16068e+07,-130.52,-71.56
9.16104e+07,-129.53,-71.56
9.1614e+07,-129.97,-71.56
9.16176e+07,-133.65,-71.56
9.16212e+07,-129.61,-71.56
9.16248e+07,-126.70,-71.56
9.16283e+07,-127.56,-71.56
9.16319e+07,-127.03,-71.56
9.16355e+07,-132.26,-71.56
9.16391e+07,-133.88,-71.56
9.16427e+07,-130.97,-71.56
9.16463e+07,-138.23,-71.56
9.16499e+07,-134.08,-71.56
9.16535e+07,-128.45,-71.56
9.16571e+07,-132.65,-71.56
9.16607e+07,-146.94,-71.56
9.16643e+07,-133.45,-71.56
9.16679e+07,-130.36,-71.56
9.16714e+07,-128.61,-71.56
9.1675e+07,-133.78,-71.56
9.16786e+07,-131.45,-71.56
9.16822e+07,-133.81,-71.56
9.16858e+07,-132.03,-71.56
9.16894e+07,-126.26,-71.56
9.1693e+07,-126.68,-71.56
9.16966e+07,-138.81,-71.56
9.17002e+07,-130.73,-71.57
9.17038e+07,-140.95,-71.57
9.17074e+07,-136.98,-71.57
9.1711e+07,-127.90,-71.57
9.17145e+07,-123.35,-71.57
9.17181e+07,-125.14,-71.57
9.17217e+07,-125.89,-71.57
9.17253e+07,-127.03,-71.57
9.17289e+07,-122.77,-71.57
9.17325e+07,-123.78,-71.57
9.17361e+07,-119.32,-71.57
9.17397e+07,-122.53,-71.57
9.17433e+07,-130.38,-71.57
9.17469e+07,-127.02,-71.57
9.17505e+07,-121.57,-71.57
9.17541e+07,-122.78,-71.57
9.17576e+07,-125.43,-71.57
9.17612e+07,-125.46,-71.57
9.17648e+07,-127.30,-71.57
9.17684e+07,-151.41,-71.57
9.1772e+07,-129.90,-71.57
9.17756e+07,-134.39,-71.57
9.17792e+07,-128.79,-71.57
9.17828e+07,-129.63,-71.57
9.17864e+07,-138.98,-71.57
9.179e+07,-135.18,-71.57
9.17936e+07,-131.80,-71.57
9.17972e+07,-135.01,-71.57
9.18007e+07,-135.65,-71.58
9.18043e+07,-139.10,-71.58
9.18079e+07,-139.56,-71.58
9.18115e+07,-147.07,-71.58
9.18151e+07,-137.72,-71.58
9.18187e+07,-142.30,-71.58
9.18223e+07,-134.35,-71.58
9.18259e+07,-129.27,-71.58
9.18295e+07,-131.44,-71.58
9.18331e+07,-140.20,-71.58
9.18367e+07,-131.06,-71.58
9.18403e+07,-132.95,-71.58
9.18438e+07,-129.50,-71.58
9.18474e+07,-139.26,-71.58
9.1851e+07,-126.68,-71.58
9.18546e+07,-127.67,-71.58
9.18582e+07,-130.25,-71.58
9.18618e+07,-131.55,-71.58
9.18654e+07,-128.73,-71.58
9.1869e+07,-137.94,-71.58
9.18726e+07,-135.69,-71.58
9.18762e+07,-133.62,-71.58
9.18798e+07,-147.52,-71.58
9.18834e+07,-132.12,-71.58
9.18869e+07,-127.02,-71.58
9.18905e+07,-125.59,-71.58
9.18941e+07,-131.45,-71.58
9.18977e+07,-130.22,-71.58
9.19013e+07,-130.51,-71.59
9.19049e+07,-138.38,-71.59
9.19085e+07,-141.72,-71.59
9.19121e+07,-132.13,-71.59
9.19157e+07,-146.35,-71.59
9.19193e+07,-150.94,-71.59
9.19229e+07,-136.26,-71.59
9.19265e+07,-128.17,-71.59
9.193e+07,-125.53,-71.59
9.19336e+07,-125.75,-71.59
9.19372e+07,-129.73,-71.59
9.19408e+07,-133.48,-71.59
9.19444e+07,-133.79,-71.59
9.1948e+07,-129.80,-71.59
9.19516e+07,-129.52,-71.59
9.19552e+07,-136.22,-71.59
9.19588e+07,-130.85,-71.59
9.19624e+07,-128.79,-71.59
9.1966e+07,-126.28,-71.59
9.19696e+07,-128.51,-71.59
9.19731e+07,-155.07,-71.59
9.19767e+07,-134.94,-71.59
9.19803e+07,-140.36,-71.59
9.19839e+07,-136.02,-71.59
9.19875e+07,-130.12,-71.59
9.19911e+07,-133.57,-71.59
9.19947e+07,-139.41,-71.59
9.19983e+07,-128.17,-71.59
9.20019e+07,-129.29,-71.60
9.20055e+07,-142.54,-71.60
9.20091e+07,-149.47,-71.60
9.20127e+07,-137.57,-71.60
9.20162e+07,-129.94,-71.60
9.20198e+07,-130.00,-71.60
9.20234e+07,-133.20,-71.60
9.2027e+07,-130.85,-71.60
9.20306e+07,-132.79,-71.60
9.20342e+07,-142.81,-71.60
9.20378e+07,-132.23,-71.60
9.20414e+07,-129.14,-71.60
9.2045e+07,-137.03,-71.60
9.20486e+07,-132.33,-71.60
9.20522e+07,-129.33,-71.60
9.20558e+07,-138.63,-71.60
9.20593e+07,-132.53,-71.60
9.20629e+07,-130.19,-71.60
9.20665e+07,-128.02,-71.60
9.20701e+07,-130.56,-71.60
9.20737e+07,-128.94,-71.60
9.20773e+07,-129.27,-71.60
9.20809e+07,-134.22,-71.60
9.20845e+07,-136.51,-71.60
9.20881e+07,-131.19,-71.60
9.20917e+07,-133.37,-71.60
9.20953e+07,-135.72,-71.60
9.20989e+07,-142.93,-71.60
9.21024e+07,-136.62,-71.61
9.2106e+07,-130.56,-71.61
9.21096e+07,-130.40,-71.61
9.21132e+07,-127.01,-71.61
9.21168e+07,-125.64,-71.61
9.21204e+07,-125.16,-71.61
9.2124e+07,-129.64,-71.61
9.21276e+07,-134.25,-71.61
9.21312e+07,-126.97,-71.61
9.21348e+07,-145.48,-71.61
9.21384e+07,-125.45,-71.61
9.2142e+07,-129.39,-71.61
9.21455e+07,-131.12,-71.61
9.21491e+07,-126.08,-71.61
9.21527e+07,-128.65,-71.61
9.21563e+07,-127.00,-71.61
9.21599e+07,-124.54,-71.61
9.21635e+07,-130.92,-71.61
9.21671e+07,-128.37,-71.61
9.21707e+07,-127.23,-71.61
9.21743e+07,-125.63,-71.61
9.21779e+07,-128.50,-71.61
9.21815e+07,-133.05,-71.61
9.21851e+07,-130.96,-71.61
9.21887e+07,-136.19,-71.61
9.21922e+07,-129.00,-71.61
9.21958e+07,-123.39,-71.61
9.21994e+07,-122.23,-71.61
9.2203e+07,-121.22,-71.61
9.22066e+07,-119.91,-71.62
9.22102e+07,-117.92,-71.62
9.22138e+07,-124.61,-71.62
9.22174e+07,-131.75,-71.62
9.2221e+07,-129.51,-71.62
9.22246e+07,-120.74,-71.62
9.22282e+07,-119.06,-71.62
9.22318e+07,-115.74,-71.62
9.22353e+07,-117.69,-71.62
9.22389e+07,-126.44,-71.62
9.22425e+07,-147.37,-71.62
9.22461e+07,-136.53,-71.62
9.22497e+07,-122.28,-71.62
9.22533e+07,-118.01,-71.62
9.22569e+07,-118.81,-71.62
9.22605e+07,-118.45,-71.62
9.22641e+07,-119.41,-71.62
9.22677e+07,-123.75,-71.62
9.22713e+07,-134.19,-71.62
9.22749e+07,-125.61,-71.62
9.22784e+07,-134.97,-71.62
9.2282e+07,-138.09,-71.62
9.22856e+07,-131.49,-71.62
9.22892e+07,-128.94,-71.62
9.22928e+07,-131.56,-71.62
9.22964e+07,-131.28,-71.62
9.23e+07,-128.20,-71.62
9.23036e+07,-129.61,-71.62
9.23072e+07,-134.58,-71.63
9.23108e+07,-133.09,-71.63
9.23144e+07,-133.59,-71.63
9.2318e+07,-128.49,-71.63
9.23215e+07,-124.72,-71.63
9.23251e+07,-123.79,-71.63
9.23287e+07,-127.37,-71.63
9.23323e+07,-137.50,-71.63
9.23359e+07,-140.70,-71.63
9.23395e+07,-128.62,-71.63
9.23431e+07,-127.84,-71.63
9.23467e+07,-128.14,-71.63
9.23503e+07,-137.98,-71.63
9.23539e+07,-139.76,-71.63
9.23575e+07,-135.21,-71.63
9.23611e+07,-129.36,-71.63
9.23646e+07,-130.51,-71.63
9.23682e+07,-129.50,-71.63
9.23718e+07,-135.50,-71.63
9.23754e+07,-142.57,-71.63
9.2379e+07,-129.41,-71.63
9.23826e+07,-128.21,-71.63
9.23862e+07,-136.45,-71.63
9.23898e+07,-128.74,-71.63
9.23934e+07,-129.43,-71.63
9.2397e+07,-130.25,-71.63
9.24006e+07,-126.16,-71.63
9.24042e+07,-127.48,-71.63
9.24077e+07,-127.15,-71.64
9.24113e+07,-130.15,-71.64
9.24149e+07,-136.11,-71.64
9.24185e+07,-130.71,-71.64
9.24221e+07,-130.79,-71.64
9.24257e+07,-132.01,-71.64
9.24293e+07,-138.92,-71.64
9.24329e+07,-131.07,-71.64
9.24365e+07,-127.23,-71.64
9.24401e+07,-135.29,-71.64
9.24437e+07,-138.84,-71.64
9.24473e+07,-130.33,-71.64
9.24508e+07,-132.48,-71.64
9.24544e+07,-129.80,-71.64
9.2458e+07,-129.51,-71.64
9.24616e+07,-136.33,-71.64
9.24652e+07,-130.26,-71.64
9.24688e+07,-126.72,-71.64
9.24724e+07,-131.30,-71.64
9.2476e+07,-142.11,-71.64
9.24796e+07,-133.78,-71.64
9.24832e+07,-130.33,-71.64
9.24868e+07,-130.62,-71.64
9.24904e+07,-126.85,-71.64
9.24939e+07,-133.35,-71.64
9.24975e+07,-136.55,-71.64
9.25011e+07,-128.00,-71.64
9.25047e+07,-132.39,-71.64
9.25083e+07,-132.05,-71.64
9.25119e+07,-140.88,-71.65
9.25155e+07,-127.57,-71.65
9.25191e+07,-124.69,-71.65
9.25227e+07,-127.60,-71.65
9.25263e+07,-131.45,-71.65
9.25299e+07,-136.79,-71.65
9.25335e+07,-136.57,-71.65
9.2537e+07,-134.58,-71.65
9.25406e+07,-139.11,-71.65
9.25442e+07,-127.23,-71.65
9.25478e+07,-128.12,-71.65
9.25514e+07,-133.23,-71.65
9.2555e+07,-129.06,-71.65
9.25586e+07,-131.05,-71.65
9.25622e+07,-142.40,-71.65
9.25658e+07,-138.14,-71.65
9.25694e+07,-132.50,-71.65
9.2573e+07,-135.33,-71.65
9.25766e+07,-138.19,-71.65
9.25801e+07,-134.52,-71.65
9.25837e+07,-143.03,-71.65
9.25873e+07,-140.34,-71.65
9.25909e+07,-129.52,-71.65
9.25945e+07,-129.69,-71.65
9.25981e+07,-129.45,-71.65
9.26017e+07,-131.46,-71.65
9.26053e+07,-134.59,-71.65
9.26089e+07,-127.56,-71.65
9.26125e+07,-129.16,-71.66
9.26161e+07,-128.70,-71.66
9.26197e+07,-136.55,-71.66
9.26232e+07,-131.71,-71.66
9.26268e+07,-128.82,-71.66
9.26304e+07,-135.46,-71.66
9.2634e+07,-133.05,-71.66
9.26376e+07,-131.88,-71.66
9.26412e+07,-131.44,-71.66
9.26448e+07,-129.56,-71.66
9.26484e+07,-131.38,-71.66
9.2652e+07,-136.43,-71.66
9.26556e+07,-137.55,-71.66
9.26592e+07,-131.07,-71.66
9.26628e+07,-134.94,-71.66
9.26663e+07,-127.42,-71.66
9.26699e+07,-128.83,-71.66
9.26735e+07,-130.75,-71.66
9.26771e+07,-128.64,-71.66
9.26807e+07,-127.25,-71.66
9.26843e+07,-125.61,-71.66
9.26879e+07,-129.85,-71.66
9.26915e+07,-131.94,-71.66
9.26951e+07,-132.98,-71.66
9.26987e+07,-128.90,-71.66
9.27023e+07,-128.13,-71.66
9.27059e+07,-132.01,-71.66
9.27094e+07,-128.34,-71.66
9.2713e+07,-129.88,-71.67
9.27166e+07,-127.61,-71.67
9.27202e+07,-125.04,-71.67
9.27238e+07,-121.46,-71.67
9.27274e+07,-117.44,-71.67
9.2731e+07,-121.75,-71.67
9.27346e+07,-118.19,-71.67
9.27382e+07,-119.17,-71.67
9.27418e+07,-122.90,-71.67
9.27454e+07,-126.71,-71.67
9.2749e+07,-126.87,-71.67
9.27526e+07,-132.92,-71.67
9.27561e+07,-131.92,-71.67
9.27597e+07,-128.19,-71.67
9.27633e+07,-129.07,-71.67
9.27669e+07,-129.53,-71.67
9.27705e+07,-140.63,-71.67
9.27741e+07,-137.49,-71.67
9.27777e+07,-146.38,-71.67
9.27813e+07,-137.85,-71.67
9.27849e+07,-133.99,-71.67
9.27885e+07,-125.64,-71.67
9.27921e+07,-125.03,-71.67
9.27957e+07,-132.11,-71.67
9.27992e+07,-138.12,-71.67
9.28028e+07,-131.36,-71.67
9.28064e+07,-128.05,-71.67
9.281e+07,-126.66,-71.67
9.28136e+07,-130.12,-71.67
9.28172e+07,-133.28,-71.68
9.28208e+07,-130.82,-71.68
9.28244e+07,-132.72,-71.68
9.2828e+07,-136.13,-71.68
9.28316e+07,-130.02,-71.68
9.28352e+07,-127.76,-71.68
9.28388e+07,-132.46,-71.68
9.28423e+07,-133.43,-71.68
9.28459e+07,-139.94,-71.68
9.28495e+07,-136.13,-71.68
9.28531e+07,-130.66,-71.68
9.28567e+07,-127.34,-71.68
9.28603e+07,-126.65,-71.68
9.28639e+07,-124.01,-71.68
9.28675e+07,-129.78,-71.68
9.28711e+07,-127.25,-71.68
9.28747e+07,-131.43,-71.68
9.28783e+07,-134.03,-71.68
9.28819e+07,-129.38,-71.68
9.28854e+07,-124.53,-71.68
9.2889e+07,-130.77,-71.68
9.28926e+07,-138.94,-71.68
9.28962e+07,-134.46,-71.68
9.28998e+07,-128.94,-71.68
9.29034e+07,-133.78,-71.68
9.2907e+07,-130.16,-71.68
9.29106e+07,-127.58,-71.68
9.29142e+07,-127.70,-71.68
9.29178e+07,-127.19,-71.69
9.29214e+07,-137.82,-71.69
9.2925e+07,-129.26,-71.69
9.29285e+07,-126.80,-71.69
9.29321e+07,-129.13,-71.69
9.29357e+07,-127.72,-71.69
9.29393e+07,-129.47,-71.69
9.29429e+07,-131.17,-71.69
9.29465e+07,-129.63,-71.69
9.29501e+07,-134.71,-71.69
9.29537e+07,-127.23,-71.69
9.29573e+07,-125.62,-71.69
9.29609e+07,-135.53,-71.69
9.29645e+07,-137.58,-71.69
9.29681e+07,-133.93,-71.69
9.29716e+07,-135.92,-71.69
9.29752e+07,-137.50,-71.69
9.29788e+07,-137.30,-71.69
9.29824e+07,-134.34,-71.69
9.2986e+07,-129.12,-71.69
9.29896e+07,-129.37,-71.69
9.29932e+07,-136.74,-71.69
9.29968e+07,-131.49,-71.69
9.30004e+07,-128.03,-71.69
9.3004e+07,-133.94,-71.69
9.30076e+07,-139.73,-71.69
9.30112e+07,-138.27,-71.69
9.30147e+07,-129.91,-71.69
9.30183e+07,-128.48,-71.69
9.30219e+07,-132.87,-71.70
9.30255e+07,-132.23,-71.70
9.30291e+07,-137.18,-71.70
9.30327e+07,-134.19,-71.70
9.30363e+07,-130.89,-71.70
9.30399e+07,-132.01,-71.70
9.30435e+07,-139.42,-71.70
9.30471e+07,-137.61,-71.70
9.30507e+07,-137.90,-71.70
9.30543e+07,-132.64,-71.70
9.30578e+07,-130.29,-71.70
9.30614e+07,-135.43,-71.70
9.3065e+07,-136.32,-71.70
9.30686e+07,-137.76,-71.70
9.30722e+07,-141.57,-71.70
9.30758e+07,-137.61,-71.70
9.30794e+07,-139.16,-71.70
9.3083e+07,-146.05,-71.70
9.30866e+07,-138.60,-71.70
9.30902e+07,-140.87,-71.70
9.30938e+07,-140.01,-71.70
9.30974e+07,-133.49,-71.70
9.31009e+07,-128.60,-71.70
9.31045e+07,-128.13,-71.70
9.31081e+07,-133.16,-71.70
9.31117e+07,-137.21,-71.70
9.31153e+07,-136.13,-71.70
9.31189e+07,-128.64,-71.70
9.31225e+07,-130.50,-71.71
9.31261e+07,-127.44,-71.71
9.31297e+07,-126.06,-71.71
9.31333e+07,-148.07,-71.71
9.31369e+07,-131.80,-71.71
9.31405e+07,-134.00,-71.71
9.3144e+07,-130.67,-71.71
9.31476e+07,-126.38,-71.71
9.31512e+07,-135.73,-71.71
9.31548e+07,-139.08,-71.71
9.31584e+07,-130.33,-71.71
9.3162e+07,-138.79,-71.71
9.31656e+07,-132.46,-71.71
9.31692e+07,-132.52,-71.71
9.31728e+07,-130.02,-71.71
9.31764e+07,-127.90,-71.71
9.318e+07,-125.64,-71.71
9.31836e+07,-134.95,-71.71
9.31871e+07,-139.35,-71.71
9.31907e+07,-132.98,-71.71
9.31943e+07,-131.77,-71.71
9.31979e+07,-131.95,-71.71
9.32015e+07,-124.28,-71.71
9.32051e+07,-124.02,-71.71
9.32087e+07,-124.52,-71.71
9.32123e+07,-127.00,-71.71
9.32159e+07,-132.50,-71.71
9.32195e+07,-139.45,-71.71
9.32231e+07,-128.58,-71.71
9.32267e+07,-122.00,-71.72
9.32302e+07,-119.74,-71.72
9.32338e+07,-123.06,-71.72
9.32374e+07,-129.77,-71.72
9.3241e+07,-134.97,-71.72
9.32446e+07,-137.64,-71.72
9.32482e+07,-125.44,-71.72
9.32518e+07,-130.85,-71.72
9.32554e+07,-127.77,-71.72
9.3259e+07,-128.69,-71.72
9.32626e+07,-130.35,-71.72
9.32662e+07,-130.42,-71.72
9.32698e+07,-129.32,-71.72
9.32733e+07,-126.03,-71.72
9.32769e+07,-124.89,-71.72
9.32805e+07,-126.54,-71.72
9.32841e+07,-126.45,-71.72
9.32877e+07,-126.10,-71.72
9.32913e+07,-131.24,-71.72
9.32949e+07,-137.68,-71.72
9.32985e+07,-132.44,-71.72
9.33021e+07,-125.42,-71.72
9.33057e+07,-127.59,-71.72
9.33093e+07,-138.69,-71.72
9.33129e+07,-142.43,-71.72
9.33165e+07,-136.87,-71.72
9.332e+07,-127.00,-71.72
9.33236e+07,-123.50,-71.72
9.33272e+07,-124.64,-71.73
9.33308e+07,-127.30,-71.73
9.33344e+07,-131.48,-71.73
9.3338e+07,-135.38,-71.73
9.33416e+07,-134.88,-71.73
9.33452e+07,-137.04,-71.73
9.33488e+07,-141.09,-71.73
9.33524e+07,-130.54,-71.73
9.3356e+07,-129.99,-71.73
9.33596e+07,-125.50,-71.73
9.33631e+07,-133.41,-71.73
9.33667e+07,-151.34,-71.73
9.33703e+07,-136.85,-71.73
9.33739e+07,-138.98,-71.73
9.33775e+07,-128.97,-71.73
9.33811e+07,-123.59,-71.73
9.33847e+07,-128.12,-71.73
9.33883e+07,-133.08,-71.73
9.33919e+07,-142.81,-71.73
9.33955e+07,-127.01,-71.73
9.33991e+07,-126.10,-71.73
9.34027e+07,-132.01,-71.73
9.34062e+07,-134.11,-71.73
9.34098e+07,-132.53,-71.73
9.34134e+07,-134.85,-71.73
9.3417e+07,-128.59,-71.73
9.34206e+07,-130.36,-71.73
9.34242e+07,-132.58,-71.73
9.34278e+07,-132.88,-71.73
9.34314e+07,-136.64,-71.74
9.3435e+07,-133.14,-71.74
9.34386e+07,-133.10,-71.74
9.34422e+07,-131.20,-71.74
9.34458e+07,-125.55,-71.74
9.34493e+07,-126.14,-71.74
9.34529e+07,-137.90,-71.74
9.34565e+07,-139.62,-71.74
9.34601e+07,-139.82,-71.74
9.34637e+07,-135.13,-71.74
9.34673e+07,-135.91,-71.74
9.34709e+07,-144.54,-71.74
9.34745e+07,-139.07,-71.74
9.34781e+07,-153.32,-71.74
9.34817e+07,-132.48,-71.74
9.34853e+07,-131.86,-71.74
9.34889e+07,-137.78,-71.74
9.34924e+07,-150.19,-71.74
9.3496e+07,-134.40,-71.74
9.34996e+07,-128.54,-71.74
9.35032e+07,-134.87,-71.74
9.35068e+07,-132.63,-71.74
9.35104e+07,-136.11,-71.74
9.3514e+07,-131.07,-71.74
9.35176e+07,-127.45,-71.74
9.35212e+07,-132.59,-71.74
9.35248e+07,-138.61,-71.74
9.35284e+07,-135.15,-71.74
9.3532e+07,-141.16,-71.74
9.35355e+07,-137.74,-71.75
9.35391e+07,-144.06,-71.75
9.35427e+07,-138.71,-71.75
9.35463e+07,-134.61,-71.75
9.35499e+07,-135.50,-71.75
9.35535e+07,-138.33,-71.75
9.35571e+07,-131.82,-71.75
9.35607e+07,-133.79,-71.75
9.35643e+07,-130.16,-71.75
9.35679e+07,-129.96,-71.75
9.35715e+07,-143.62,-71.75
9.35751e+07,-127.62,-71.75
9.35786e+07,-125.89,-71.75
9.35822e+07,-125.55,-71.75
9.35858e+07,-128.27,-71.75
9.35894e+07,-140.18,-71.75
9.3593e+07,-128.92,-71.75
9.35966e+07,-128.87,-71.75
9.36002e+07,-145.80,-71.75
9.36038e+07,-133.77,-71.75
9.36074e+07,-135.11,-71.75
9.3611e+07,-130.37,-71.75
9.36146e+07,-133.35,-71.75
9.36182e+07,-136.91,-71.75
9.36217e+07,-132.88,-71.75
9.36253e+07,-128.95,-71.75
9.36289e+07,-129.03,-71.75
9.36325e+07,-128.17,-71.75
9.36361e+07,-129.81,-71.76
9.36397e+07,-129.24,-71.76
9.36433e+07,-126.51,-71.76
9.36469e+07,-125.73,-71.76
9.36505e+07,-140.39,-71.76
9.36541e+07,-132.72,-71.76
9.36577e+07,-132.43,-71.76
9.36613e+07,-130.63,-71.76
9.36648e+07,-135.25,-71.76
9.36684e+07,-136.61,-71.76
9.3672e+07,-140.61,-71.76
9.36756e+07,-133.23,-71.76
9.36792e+07,-128.94,-71.76
9.36828e+07,-132.20,-71.76
9.36864e+07,-129.54,-71.76
9.369e+07,-130.98,-71.76
9.36936e+07,-138.28,-71.76
9.36972e+07,-147.11,-71.76
9.37008e+07,-147.53,-71.76
9.37044e+07,-127.43,-71.76
9.37079e+07,-121.14,-71.76
9.37115e+07,-121.48,-71.76
9.37151e+07,-123.31,-71.76
9.37187e+07,-117.86,-71.76
9.37223e+07,-112.39,-71.76
9.37259e+07,-111.52,-71.76
9.37295e+07,-117.46,-71.76
9.37331e+07,-111.75,-71.76
9.37367e+07,-113.27,-71.76
9.37403e+07,-117.69,-71.77
9.37439e+07,-121.65,-71.77
9.37475e+07,-119.81,-71.77
9.3751e+07,-121.35,-71.77
9.37546e+07,-129.74,-71.77
9.37582e+07,-129.58,-71.77
9.37618e+07,-128.37,-71.77
9.37654e+07,-129.11,-71.77
9.3769e+07,-129.28,-71.77
9.37726e+07,-132.62,-71.77
9.37762e+07,-128.87,-71.77
9.37798e+07,-125.68,-71.77
9.37834e+07,-127.14,-71.77
9.3787e+07,-131.31,-71.77
9.37906e+07,-138.90,-71.77
9.37941e+07,-130.00,-71.77
9.37977e+07,-132.88,-71.77
9.38013e+07,-133.00,-71.77
9.38049e+07,-130.68,-71.77
9.38085e+07,-132.58,-71.77
9.38121e+07,-136.82,-71.77
9.38157e+07,-141.41,-71.77
9.38193e+07,-129.54,-71.77
9.38229e+07,-125.78,-71.77
9.38265e+07,-132.56,-71.77
9.38301e+07,-140.10,-71.77
9.38337e+07,-127.56,-71.77
9.38372e+07,-125.71,-71.77
9.38408e+07,-136.39,-71.77
9.38444e+07,-130.89,-71.78
9.3848e+07,-126.97,-71.78
9.38516e+07,-124.87,-71.78
9.38552e+07,-126.74,-71.78
9.38588e+07,-135.95,-71.78
9.38624e+07,-124.24,-71.78
9.3866e+07,-129.84,-71.78
9.38696e+07,-131.75,-71.78
9.38732e+07,-130.38,-71.78
9.38768e+07,-129.86,-71.78
9.38804e+07,-123.76,-71.78
9.38839e+07,-123.76,-71.78
9.38875e+07,-131.05,-71.78
9.38911e+07,-131.01,-71.78
9.38947e+07,-129.29,-71.78
9.38983e+07,-134.63,-71.78
9.39019e+07,-144.72,-71.78
9.39055e+07,-134.78,-71.78
9.39091e+07,-128.44,-71.78
9.39127e+07,-129.97,-71.78
9.39163e+07,-138.29,-71.78
9.39199e+07,-137.62,-71.78
9.39235e+07,-138.54,-71.78
9.3927e+07,-137.05,-71.78
9.39306e+07,-142.69,-71.78
9.39342e+07,-136.02,-71.78
9.39378e+07,-132.87,-71.78
9.39414e+07,-137.80,-71.78
9.3945e+07,-131.49,-71.78
9.39486e+07,-138.82,-71.79
9.39522e+07,-131.24,-71.79
9.39558e+07,-126.69,-71.79
9.39594e+07,-131.05,-71.79
9.3963e+07,-145.70,-71.79
9.39666e+07,-131.12,-71.79
9.39701e+07,-135.33,-71.79
9.39737e+07,-139.58,-71.79
9.39773e+07,-134.26,-71.79
9.39809e+07,-135.24,-71.79
9.39845e+07,-139.42,-71.79
9.39881e+07,-139.56,-71.79
9.39917e+07,-141.69,-71.79
9.39953e+07,-139.26,-71.79
9.39989e+07,-149.36,-71.79
9.40025e+07,-133.55,-71.79
9.40061e+07,-131.41,-71.79
9.40097e+07,-134.30,-71.79
9.40132e+07,-130.00,-71.79
9.40168e+07,-127.82,-71.79
9.40204e+07,-132.01,-71.79
9.4024e+07,-131.53,-71.79
9.40276e+07,-131.98,-71.79
9.40312e+07,-131.93,-71.79
9.40348e+07,-132.91,-71.79
9.40384e+07,-134.14,-71.79
9.4042e+07,-131.64,-71.79
9.40456e+07,-137.74,-71.79
9.40492e+07,-135.87,-71.80
9.40528e+07,-134.18,-71.80
9.40563e+07,-147.18,-71.80
9.40599e+07,-142.48,-71.80
9.40635e+07,-144.48,-71.80
9.40671e+07,-143.55,-71.80
9.40707e+07,-129.73,-71.80
9.40743e+07,-132.33,-71.80
9.40779e+07,-139.92,-71.80
9.40815e+07,-141.72,-71.80
9.40851e+07,-144.83,-71.80
9.40887e+07,-149.42,-71.80
9.40923e+07,-141.80,-71.80
9.40959e+07,-134.00,-71.80
9.40994e+07,-136.77,-71.80
9.4103e+07,-132.09,-71.80
9.41066e+07,-135.98,-71.80
9.41102e+07,-130.44,-71.80
9.41138e+07,-136.17,-71.80
9.41174e+07,-132.46,-71.80
9.4121e+07,-137.14,-71.80
9.41246e+07,-133.36,-71.80
9.41282e+07,-132.43,-71.80
9.41318e+07,-137.03,-71.80
9.41354e+07,-134.50,-71.80
9.4139e+07,-136.73,-71.80
9.41425e+07,-132.50,-71.80
9.41461e+07,-127.17,-71.80
9.41497e+07,-132.77,-71.80
9.41533e+07,-143.09,-71.81
9.41569e+07,-138.18,-71.81
9.41605e+07,-135.60,-71.81
9.41641e+07,-133.36,-71.81
9.41677e+07,-134.81,-71.81
9.41713e+07,-145.12,-71.81
9.41749e+07,-139.70,-71.81
9.41785e+07,-129.69,-71.81
9.41821e+07,-126.98,-71.81
9.41856e+07,-127.17,-71.81
9.41892e+07,-137.54,-71.81
9.41928e+07,-137.27,-71.81
9.41964e+07,-135.81,-71.81
9.42e+07,-132.54,-71.81
9.42036e+07,-127.79,-71.81
9.42072e+07,-125.50,-71.81
9.42108e+07,-132.22,-71.81
9.42144e+07,-136.40,-71.81
9.4218e+07,-133.57,-71.81
9.42216e+07,-129.62,-71.81
9.42252e+07,-127.06,-71.81
9.42287e+07,-124.34,-71.81
9.42323e+07,-124.01,-71.81
9.42359e+07,-129.78,-71.81
9.42395e+07,-142.33,-71.81
9.42431e+07,-132.58,-71.81
9.42467e+07,-129.68,-71.81
9.42503e+07,-129.37,-71.81
9.42539e+07,-132.23,-71.81
9.42575e+07,-129.67,-71.82
9.42611e+07,-132.69,-71.82
9.42647e+07,-139.01,-71.82
9.42683e+07,-138.39,-71.82
9.42718e+07,-134.01,-71.82
9.42754e+07,-129.79,-71.82
9.4279e+07,-130.02,-71.82
9.42826e+07,-142.54,-71.82
9.42862e+07,-133.15,-71.82
9.42898e+07,-133.44,-71.82
9.42934e+07,-142.96,-71.82
9.4297e+07,-144.26,-71.82
9.43006e+07,-139.36,-71.82
9.43042e+07,-136.46,-71.82
9.43078e+07,-144.27,-71.82
9.43114e+07,-131.87,-71.82
9.43149e+07,-131.79,-71.82
9.43185e+07,-134.70,-71.82
9.43221e+07,-131.97,-71.82
9.43257e+07,-130.13,-71.82
9.43293e+07,-131.04,-71.82
9.43329e+07,-135.31,-71.82
9.43365e+07,-137.27,-71.82
9.43401e+07,-129.22,-71.82
9.43437e+07,-126.71,-71.82
9.43473e+07,-129.88,-71.82
9.43509e+07,-130.73,-71.82
9.43545e+07,-128.38,-71.82
9.4358e+07,-133.66,-71.82
9.43616e+07,-135.32,-71.83
9.43652e+07,-134.69,-71.83
9.43688e+07,-134.75,-71.83
9.43724e+07,-130.48,-71.83
9.4376e+07,-127.52,-71.83
9.43796e+07,-129.81,-71.83
9.43832e+07,-135.50,-71.83
9.43868e+07,-126.09,-71.83
9.43904e+07,-126.72,-71.83
9.4394e+07,-134.16,-71.83
9.43976e+07,-132.79,-71.83
9.44011e+07,-135.43,-71.83
9.44047e+07,-140.62,-71.83
9.44083e+07,-141.32,-71.83
9.44119e+07,-135.52,-71.83
9.44155e+07,-146.88,-71.83
9.44191e+07,-139.04,-71.83
9.44227e+07,-148.70,-71.83
9.44263e+07,-137.50,-71.83
9.44299e+07,-135.02,-71.83
9.44335e+07,-134.44,-71.83
9.44371e+07,-129.94,-71.83
9.44407e+07,-129.96,-71.83
9.44442e+07,-137.00,-71.83
9.44478e+07,-141.30,-71.83
9.44514e+07,-138.75,-71.83
9.4455e+07,-148.70,-71.83
9.44586e+07,-151.31,-71.83
9.44622e+07,-133.18,-71.83
9.44658e+07,-130.67,-71.84
9.44694e+07,-132.24,-71.84
9.4473e+07,-132.31,-71.84
9.44766e+07,-138.04,-71.84
9.44802e+07,-140.17,-71.84
9.44838e+07,-132.08,-71.84
9.44874e+07,-132.17,-71.84
9.44909e+07,-135.74,-71.84
9.44945e+07,-127.59,-71.84
9.44981e+07,-126.92,-71.84
9.45017e+07,-130.72,-71.84
9.45053e+07,-141.58,-71.84
9.45089e+07,-142.02,-71.84
9.45125e+07,-136.39,-71.84
9.45161e+07,-140.08,-71.84
9.45197e+07,-139.17,-71.84
9.45233e+07,-136.37,-71.84
9.45269e+07,-132.75,-71.84
9.45305e+07,-137.83,-71.84
9.4534e+07,-146.87,-71.84
9.45376e+07,-141.55,-71.84
9.45412e+07,-134.77,-71.84
9.45448e+07,-128.93,-71.84
9.45484e+07,-129.63,-71.84
9.4552e+07,-142.74,-71.84
9.45556e+07,-142.65,-71.84
9.45592e+07,-135.67,-71.84
9.45628e+07,-133.04,-71.84
9.45664e+07,-133.86,-71.84
9.457e+07,-136.86,-71.85
9.45736e+07,-135.39,-71.85
9.45771e+07,-132.27,-71.85
9.45807e+07,-136.84,-71.85
9.45843e+07,-131.37,-71.85
9.45879e+07,-137.40,-71.85
9.45915e+07,-149.20,-71.85
9.45951e+07,-138.17,-71.85
9.45987e+07,-132.92,-71.85
9.46023e+07,-148.45,-71.85
9.46059e+07,-131.00,-71.85
9.46095e+07,-130.97,-71.85
9.46131e+07,-134.81,-71.85
9.46167e+07,-140.02,-71.85
9.46202e+07,-139.54,-71.85
9.46238e+07,-132.94,-71.85
9.46274e+07,-137.24,-71.85
9.4631e+07,-129.02,-71.85
9.46346e+07,-127.31,-71.85
9.46382e+07,-130.94,-71.85
9.46418e+07,-132.35,-71.85
9.46454e+07,-139.11,-71.85
9.4649e+07,-139.13,-71.85
9.46526e+07,-130.12,-71.85
9.46562e+07,-141.79,-71.85
9.46598e+07,-130.13,-71.85
9.46633e+07,-131.12,-71.85
9.46669e+07,-154.89,-71.85
9.46705e+07,-132.44,-71.85
9.46741e+07,-127.76,-71.86
9.46777e+07,-128.38,-71.86
9.46813e+07,-127.34,-71.86
9.46849e+07,-128.64,-71.86
9.46885e+07,-130.66,-71.86
9.46921e+07,-126.14,-71.86
9.46957e+07,-126.22,-71.86
9.46993e+07,-128.31,-71.86
9.47029e+07,-133.53,-71.86
9.47064e+07,-127.92,-71.86
9.471e+07,-126.03,-71.86
9.47136e+07,-127.88,-71.86
9.47172e+07,-123.19,-71.86
9.47208e+07,-118.08,-71.86
9.47244e+07,-116.46,-71.86
9.4728e+07,-121.47,-71.86
9.47316e+07,-117.03,-71.86
9.47352e+07,-119.57,-71.86
9.47388e+07,-128.26,-71.86
9.47424e+07,-127.45,-71.86
9.4746e+07,-124.79,-71.86
9.47495e+07,-131.64,-71.86
9.47531e+07,-139.65,-71.86
9.47567e+07,-132.85,-71.86
9.47603e+07,-132.75,-71.86
9.47639e+07,-143.80,-71.86
9.47675e+07,-131.74,-71.86
9.47711e+07,-133.57,-71.86
9.47747e+07,-132.07,-71.86
9.47783e+07,-133.03,-71.87
9.47819e+07,-128.83,-71.87
9.47855e+07,-141.57,-71.87
9.47891e+07,-136.70,-71.87
9.47926e+07,-137.23,-71.87
9.47962e+07,-142.27,-71.87
9.47998e+07,-135.21,-71.87
9.48034e+07,-130.43,-71.87
9.4807e+07,-126.65,-71.87
9.48106e+07,-127.79,-71.87
9.48142e+07,-134.94,-71.87
9.48178e+07,-130.67,-71.87
9.48214e+07,-131.38,-71.87
9.4825e+07,-132.81,-71.87
9.48286e+07,-130.25,-71.87
9.48322e+07,-133.69,-71.87
9.48357e+07,-132.18,-71.87
9.48393e+07,-129.31,-71.87
9.48429e+07,-128.26,-71.87
9.48465e+07,-131.66,-71.87
9.48501e+07,-133.30,-71.87
9.48537e+07,-126.78,-71.87
9.48573e+07,-129.01,-71.87
9.48609e+07,-132.77,-71.87
9.48645e+07,-150.44,-71.87
9.48681e+07,-131.01,-71.87
9.48717e+07,-128.67,-71.87
9.48753e+07,-132.25,-71.87
9.48788e+07,-131.94,-71.87
9.48824e+07,-133.02,-71.88
9.4886e+07,-141.54,-71.88
9.48896e+07,-137.10,-71.88
9.48932e+07,-127.04,-71.88
9.48968e+07,-131.50,-71.88
9.49004e+07,-128.24,-71.88
9.4904e+07,-135.31,-71.88
9.49076e+07,-139.29,-71.88
9.49112e+07,-130.95,-71.88
9.49148e+07,-131.86,-71.88
9.49184e+07,-146.69,-71.88
9.49219e+07,-138.07,-71.88
9.49255e+07,-140.48,-71.88
9.49291e+07,-130.34,-71.88
9.49327e+07,-127.18,-71.88
9.49363e+07,-130.20,-71.88
9.49399e+07,-142.07,-71.88
9.49435e+07,-143.54,-71.88
9.49471e+07,-145.93,-71.88
9.49507e+07,-137.17,-71.88
9.49543e+07,-140.58,-71.88
9.49579e+07,-132.80,-71.88
9.49615e+07,-130.28,-71.88
9.4965e+07,-126.70,-71.88
9.49686e+07,-127.88,-71.88
9.49722e+07,-142.69,-71.88
9.49758e+07,-131.43,-71.88
9.49794e+07,-130.63,-71.88
9.4983e+07,-131.82,-71.88
9.49866e+07,-135.46,-71.89
9.49902e+07,-138.55,-71.89
9.49938e+07,-129.03,-71.89
9.49974e+07,-130.73,-71.89
9.5001e+07,-136.61,-71.89
9.50046e+07,-139.68,-71.89
9.50081e+07,-131.38,-71.89
9.50117e+07,-129.34,-71.89
9.50153e+07,-125.31,-71.89
9.50189e+07,-125.18,-71.89
9.50225e+07,-127.96,-71.89
9.50261e+07,-139.41,-71.89
9.50297e+07,-136.31,-71.89
9.50333e+07,-139.02,-71.89
9.50369e+07,-141.03,-71.89
9.50405e+07,-137.19,-71.89
9.50441e+07,-142.41,-71.89
9.50477e+07,-147.69,-71.89
9.50513e+07,-140.23,-71.89
9.50548e+07,-143.50,-71.89
9.50584e+07,-137.28,-71.89
9.5062e+07,-142.74,-71.89
9.50656e+07,-129.90,-71.89
9.50692e+07,-128.65,-71.89
9.50728e+07,-132.52,-71.89
9.50764e+07,-131.90,-71.89
9.508e+07,-131.44,-71.89
9.50836e+07,-135.80,-71.89
9.50872e+07,-141.31,-71.89
9.50908e+07,-136.76,-71.89
9.50944e+07,-135.88,-71.90
9.50979e+07,-134.35,-71.90
9.51015e+07,-137.24,-71.90
9.51051e+07,-135.60,-71.90
9.51087e+07,-134.10,-71.90
9.51123e+07,-135.03,-71.90
9.51159e+07,-134.45,-71.90
9.51195e+07,-127.62,-71.90
9.51231e+07,-128.32,-71.90
9.51267e+07,-128.77,-71.90
9.51303e+07,-130.44,-71.90
9.51339e+07,-131.78,-71.90
9.51375e+07,-134.82,-71.90
9.5141e+07,-129.35,-71.90
9.51446e+07,-131.98,-71.90
9.51482e+07,-134.62,-71.90
9.51518e+07,-135.87,-71.90
9.51554e+07,-149.94,-71.90
9.5159e+07,-136.19,-71.90
9.51626e+07,-134.56,-71.90
9.51662e+07,-127.12,-71.90
9.51698e+07,-125.62,-71.90
9.51734e+07,-129.63,-71.90
9.5177e+07,-128.21,-71.90
9.51806e+07,-133.31,-71.90
9.51841e+07,-133.79,-71.90
9.51877e+07,-126.08,-71.90
9.51913e+07,-124.69,-71.90
9.51949e+07,-126.91,-71.90
9.51985e+07,-124.05,-71.91
9.52021e+07,-123.72,-71.91
9.52057e+07,-121.98,-71.91
9.52093e+07,-124.02,-71.91
9.52129e+07,-126.91,-71.91
9.52165e+07,-133.28,-71.91
9.52201e+07,-126.83,-71.91
9.52237e+07,-118.37,-71.91
9.52272e+07,-116.00,-71.91
9.52308e+07,-118.89,-71.91
9.52344e+07,-121.99,-71.91
9.5238e+07,-132.22,-71.91
9.52416e+07,-124.64,-71.91
9.52452e+07,-122.58,-71.91
9.52488e+07,-120.58,-71.91
9.52524e+07,-124.04,-71.91
9.5256e+07,-124.33,-71.91
9.52596e+07,-125.84,-71.91
9.52632e+07,-122.71,-71.91
9.52668e+07,-127.94,-71.91
9.52703e+07,-128.92,-71.91
9.52739e+07,-133.38,-71.91
9.52775e+07,-128.01,-71.91
9.52811e+07,-132.34,-71.91
9.52847e+07,-130.97,-71.91
9.52883e+07,-128.00,-71.91
9.52919e+07,-132.58,-71.91
9.52955e+07,-131.24,-71.91
9.52991e+07,-125.78,-71.91
9.53027e+07,-131.68,-71.92
9.53063e+07,-132.30,-71.92
9.53099e+07,-129.37,-71.92
9.53134e+07,-140.56,-71.92
9.5317e+07,-126.61,-71.92
9.53206e+07,-123.35,-71.92
9.53242e+07,-125.29,-71.92
9.53278e+07,-131.20,-71.92
9.53314e+07,-151.65,-71.92
9.5335e+07,-137.23,-71.92
9.53386e+07,-134.92,-71.92
9.53422e+07,-131.98,-71.92
9.53458e+07,-127.18,-71.92
9.53494e+07,-135.04,-71.92
9.5353e+07,-127.26,-71.92
9.53565e+07,-122.04,-71.92
9.53601e+07,-134.17,-71.92
9.53637e+07,-130.50,-71.92
9.53673e+07,-134.45,-71.92
9.53709e+07,-136.38,-71.92
9.53745e+07,-132.90,-71.92
9.53781e+07,-134.60,-71.92
9.53817e+07,-139.54,-71.92
9.53853e+07,-142.23,-71.92
9.53889e+07,-130.31,-71.92
9.53925e+07,-132.50,-71.92
9.53961e+07,-132.79,-71.92
9.53996e+07,-139.20,-71.92
9.54032e+07,-127.19,-71.92
9.54068e+07,-133.03,-71.93
9.54104e+07,-135.07,-71.93
9.5414e+07,-131.72,-71.93
9.54176e+07,-127.14,-71.93
9.54212e+07,-137.56,-71.93
9.54248e+07,-137.56,-71.93
9.54284e+07,-131.07,-71.93
9.5432e+07,-127.84,-71.93
9.54356e+07,-131.71,-71.93
9.54392e+07,-147.96,-71.93
9.54427e+07,-142.29,-71.93
9.54463e+07,-138.56,-71.93
9.54499e+07,-133.41,-71.93
9.54535e+07,-133.84,-71.93
9.54571e+07,-137.87,-71.93
9.54607e+07,-142.26,-71.93
9.54643e+07,-140.62,-71.93
9.54679e+07,-141.46,-71.93
9.54715e+07,-129.78,-71.93
9.54751e+07,-130.75,-71.93
9.54787e+07,-135.88,-71.93
9.54823e+07,-132.13,-71.93
9.54858e+07,-128.56,-71.93
9.54894e+07,-132.59,-71.93
9.5493e+07,-135.60,-71.93
9.54966e+07,-130.09,-71.93
9.55002e+07,-134.34,-71.93
9.55038e+07,-151.63,-71.93
9.55074e+07,-142.04,-71.93
9.5511e+07,-130.19,-71.93
9.55146e+07,-127.63,-71.94
9.55182e+07,-130.30,-71.94
9.55218e+07,-136.95,-71.94
9.55254e+07,-137.16,-71.94
9.55289e+07,-137.54,-71.94
9.55325e+07,-142.32,-71.94
9.55361e+07,-144.59,-71.94
9.55397e+07,-133.08,-71.94
9.55433e+07,-132.44,-71.94
9.55469e+07,-136.39,-71.94
9.55505e+07,-142.00,-71.94
9.55541e+07,-146.70,-71.94
9.55577e+07,-148.68,-71.94
9.55613e+07,-139.07,-71.94
9.55649e+07,-136.79,-71.94
9.55685e+07,-151.66,-71.94
9.5572e+07,-139.19,-71.94
9.55756e+07,-137.72,-71.94
9.55792e+07,-146.45,-71.94
9.55828e+07,-140.26,-71.94
9.55864e+07,-132.66,-71.94
9.559e+07,-140.10,-71.94
9.55936e+07,-132.79,-71.94
9.55972e+07,-134.52,-71.94
9.56008e+07,-147.30,-71.94
9.56044e+07,-150.35,-71.94
9.5608e+07,-145.53,-71.94
9.56116e+07,-138.08,-71.94
9.56152e+07,-135.85,-71.94
9.56187e+07,-130.61,-71.95
9.56223e+07,-130.62,-71.95
9.56259e+07,-132.10,-71.95
9.56295e+07,-136.49,-71.95
9.56331e+07,-145.44,-71.95
9.56367e+07,-137.39,-71.95
9.56403e+07,-133.35,-71.95
9.56439e+07,-134.95,-71.95
9.56475e+07,-143.55,-71.95
9.56511e+07,-137.43,-71.95
9.56547e+07,-134.42,-71.95
9.56583e+07,-136.65,-71.95
9.56618e+07,-136.10,-71.95
9.56654e+07,-136.30,-71.95
9.5669e+07,-138.95,-71.95
9.56726e+07,-140.25,-71.95
9.56762e+07,-139.78,-71.95
9.56798e+07,-137.93,-71.95
9.56834e+07,-134.11,-71.95
9.5687e+07,-135.94,-71.95
9.56906e+07,-133.00,-71.95
9.56942e+07,-129.01,-71.95
9.56978e+07,-130.70,-71.95
9.57014e+07,-144.73,-71.95
9.57049e+07,-133.28,-71.95
9.57085e+07,-132.15,-71.95
9.57121e+07,-138.04,-71.95
9.57157e+07,-136.68,-71.95
9.57193e+07,-137.93,-71.95
9.57229e+07,-137.87,-71.96
9.57265e+07,-132.12,-71.96
9.57301e+07,-130.99,-71.96
9.57337e+07,-136.79,-71.96
9.57373e+07,-146.50,-71.96
9.57409e+07,-152.06,-71.96
9.57445e+07,-143.09,-71.96
9.5748e+07,-137.89,-71.96
9.57516e+07,-135.51,-71.96
9.57552e+07,-140.09,-71.96
9.57588e+07,-141.76,-71.96
9.57624e+07,-135.43,-71.96
9.5766e+07,-133.81,-71.96
9.57696e+07,-139.30,-71.96
9.57732e+07,-135.97,-71.96
9.57768e+07,-137.83,-71.96
9.57804e+07,-132.22,-71.96
9.5784e+07,-129.23,-71.96
9.57876e+07,-132.72,-71.96
9.57911e+07,-144.15,-71.96
9.57947e+07,-134.37,-71.96
9.57983e+07,-126.94,-71.96
9.58019e+07,-129.07,-71.96
9.58055e+07,-133.41,-71.96
9.58091e+07,-132.79,-71.96
9.58127e+07,-133.32,-71.96
9.58163e+07,-136.40,-71.96
9.58199e+07,-134.14,-71.96
9.58235e+07,-140.58,-71.96
9.58271e+07,-135.18,-71.96
9.58307e+07,-132.43,-71.97
9.58342e+07,-135.66,-71.97
9.58378e+07,-130.33,-71.97
9.58414e+07,-125.98,-71.97
9.5845e+07,-126.09,-71.97
9.58486e+07,-127.12,-71.97
9.58522e+07,-127.13,-71.97
9.58558e+07,-125.71,-71.97
9.58594e+07,-124.72,-71.97
9.5863e+07,-129.00,-71.97
9.58666e+07,-133.80,-71.97
9.58702e+07,-136.75,-71.97
9.58738e+07,-143.67,-71.97
9.58773e+07,-126.61,-71.97
9.58809e+07,-124.36,-71.97
9.58845e+07,-130.62,-71.97
9.58881e+07,-133.24,-71.97
9.58917e+07,-129.82,-71.97
9.58953e+07,-130.99,-71.97
9.58989e+07,-131.01,-71.97
9.59025e+07,-131.00,-71.97
9.59061e+07,-132.56,-71.97
9.59097e+07,-134.42,-71.97
9.59133e+07,-132.03,-71.97
9.59169e+07,-129.63,-71.97
9.59204e+07,-132.41,-71.97
9.5924e+07,-131.85,-71.97
9.59276e+07,-132.55,-71.97
9.59312e+07,-132.17,-71.97
9.59348e+07,-135.32,-71.98
9.59384e+07,-144.77,-71.98
9.5942e+07,-132.29,-71.98
9.59456e+07,-129.26,-71.98
9.59492e+07,-135.55,-71.98
9.59528e+07,-151.01,-71.98
9.59564e+07,-142.78,-71.98
9.596e+07,-134.34,-71.98
9.59635e+07,-135.11,-71.98
9.59671e+07,-133.97,-71.98
9.59707e+07,-138.88,-71.98
9.59743e+07,-128.10,-71.98
9.59779e+07,-132.26,-71.98
9.59815e+07,-139.91,-71.98
9.59851e+07,-139.16,-71.98
9.59887e+07,-139.19,-71.98
9.59923e+07,-128.62,-71.98
9.59959e+07,-126.55,-71.98
9.59995e+07,-129.38,-71.98
9.60031e+07,-135.29,-71.98
9.60066e+07,-139.90,-71.98
9.60102e+07,-131.54,-71.98
9.60138e+07,-133.88,-71.98
9.60174e+07,-139.85,-71.98
9.6021e+07,-128.04,-71.98
9.60246e+07,-131.03,-71.98
9.60282e+07,-134.25,-71.98
9.60318e+07,-139.24,-71.98
9.60354e+07,-131.16,-71.98
9.6039e+07,-128.71,-71.98
9.60426e+07,-128.40,-71.99
9.60462e+07,-127.98,-71.99
9.60497e+07,-140.02,-71.99
9.60533e+07,-130.97,-71.99
9.60569e+07,-136.32,-71.99
9.60605e+07,-143.87,-71.99
9.60641e+07,-132.51,-71.99
9.60677e+07,-133.01,-71.99
9.60713e+07,-134.43,-71.99
9.60749e+07,-135.55,-71.99
9.60785e+07,-149.92,-71.99
9.60821e+07,-133.38,-71.99
9.60857e+07,-128.73,-71.99
9.60893e+07,-128.41,-71.99
9.60928e+07,-127.57,-71.99
9.60964e+07,-132.42,-71.99
9.61e+07,-132.12,-71.99
9.61036e+07,-134.30,-71.99
9.61072e+07,-134.97,-71.99
9.61108e+07,-136.42,-71.99
9.61144e+07,-136.55,-71.99
9.6118e+07,-137.00,-71.99
9.61216e+07,-142.87,-71.99
9.61252e+07,-133.60,-71.99
9.61288e+07,-134.64,-71.99
9.61324e+07,-130.25,-71.99
9.61359e+07,-127.25,-71.99
9.61395e+07,-138.44,-71.99
9.61431e+07,-134.12,-71.99
9.61467e+07,-137.19,-72.00
9.61503e+07,-140.05,-72.00
9.61539e+07,-132.34,-72.00
9.61575e+07,-132.03,-72.00
9.61611e+07,-127.51,-72.00
9.61647e+07,-126.60,-72.00
9.61683e+07,-126.49,-72.00
9.61719e+07,-127.83,-72.00
9.61755e+07,-131.25,-72.00
9.61791e+07,-137.56,-72.00
9.61826e+07,-127.55,-72.00
9.61862e+07,-131.30,-72.00
9.61898e+07,-122.96,-72.00
9.61934e+07,-124.12,-72.00
9.6197e+07,-125.53,-72.00
9.62006e+07,-124.18,-72.00
9.62042e+07,-123.46,-72.00
9.62078e+07,-134.70,-72.00
9.62114e+07,-126.17,-72.00
9.6215e+07,-128.08,-72.00
9.62186e+07,-120.50,-72.00
9.62222e+07,-117.66,-72.00
9.62257e+07,-116.48,-72.00
9.62293e+07,-119.98,-72.00
9.62329e+07,-124.60,-72.00
9.62365e+07,-132.47,-72.00
9.62401e+07,-128.56,-72.00
9.62437e+07,-129.15,-72.00
9.62473e+07,-120.50,-72.00
9.62509e+07,-121.69,-72.00
9.62545e+07,-126.91,-72.01
9.62581e+07,-127.70,-72.01
9.62617e+07,-123.42,-72.01
9.62653e+07,-127.53,-72.01
9.62688e+07,-128.85,-72.01
9.62724e+07,-133.42,-72.01
9.6276e+07,-133.50,-72.01
9.62796e+07,-130.63,-72.01
9.62832e+07,-126.91,-72.01
9.62868e+07,-129.00,-72.01
9.62904e+07,-129.47,-72.01
9.6294e+07,-131.66,-72.01
9.62976e+07,-131.19,-72.01
9.63012e+07,-130.63,-72.01
9.63048e+07,-129.78,-72.01
9.63084e+07,-133.63,-72.01
9.63119e+07,-137.62,-72.01
9.63155e+07,-131.58,-72.01
9.63191e+07,-128.91,-72.01
9.63227e+07,-130.27,-72.01
9.63263e+07,-133.56,-72.01
9.63299e+07,-138.90,-72.01
9.63335e+07,-132.46,-72.01
9.63371e+07,-130.34,-72.01
9.63407e+07,-135.13,-72.01
9.63443e+07,-134.57,-72.01
9.63479e+07,-134.45,-72.01
9.63515e+07,-148.34,-72.01
9.6355e+07,-131.04,-72.01
9.63586e+07,-149.64,-72.01
9.63622e+07,-128.92,-72.02
9.63658e+07,-129.96,-72.02
9.63694e+07,-135.24,-72.02
9.6373e+07,-135.54,-72.02
9.63766e+07,-142.36,-72.02
9.63802e+07,-136.83,-72.02
9.63838e+07,-132.16,-72.02
9.63874e+07,-135.92,-72.02
9.6391e+07,-134.36,-72.02
9.63946e+07,-141.67,-72.02
9.63981e+07,-132.40,-72.02
9.64017e+07,-129.76,-72.02
9.64053e+07,-130.02,-72.02
9.64089e+07,-125.83,-72.02
9.64125e+07,-125.34,-72.02
9.64161e+07,-132.06,-72.02
9.64197e+07,-140.77,-72.02
9.64233e+07,-134.43,-72.02
9.64269e+07,-133.86,-72.02
9.64305e+07,-130.49,-72.02
9.64341e+07,-136.92,-72.02
9.64377e+07,-129.51,-72.02
9.64412e+07,-130.29,-72.02
9.64448e+07,-140.18,-72.02
9.64484e+07,-134.70,-72.02
9.6452e+07,-142.23,-72.02
9.64556e+07,-129.66,-72.02
9.64592e+07,-130.46,-72.02
9.64628e+07,-134.32,-72.02
9.64664e+07,-140.29,-72.03
9.647e+07,-141.67,-72.03
9.64736e+07,-132.78,-72.03
9.64772e+07,-135.79,-72.03
9.64808e+07,-134.97,-72.03
9.64843e+07,-132.31,-72.03
9.64879e+07,-138.94,-72.03
9.64915e+07,-132.07,-72.03
9.64951e+07,-132.34,-72.03
9.64987e+07,-130.76,-72.03
9.65023e+07,-130.66,-72.03
9.65059e+07,-137.05,-72.03
9.65095e+07,-137.32,-72.03
9.65131e+07,-130.44,-72.03
9.65167e+07,-131.90,-72.03
9.65203e+07,-136.03,-72.03
9.65239e+07,-135.47,-72.03
9.65274e+07,-134.03,-72.03
9.6531e+07,-134.82,-72.03
9.65346e+07,-134.13,-72.03
9.65382e+07,-150.47,-72.03
9.65418e+07,-134.29,-72.03
9.65454e+07,-130.18,-72.03
9.6549e+07,-129.61,-72.03
9.65526e+07,-136.91,-72.03
9.65562e+07,-144.88,-72.03
9.65598e+07,-138.98,-72.03
9.65634e+07,-130.41,-72.03
9.6567e+07,-130.88,-72.03
9.65705e+07,-142.11,-72.03
9.65741e+07,-137.44,-72.04
9.65777e+07,-135.32,-72.04
9.65813e+07,-138.36,-72.04
9.65849e+07,-132.72,-72.04
9.65885e+07,-133.71,-72.04
9.65921e+07,-138.55,-72.04
9.65957e+07,-138.13,-72.04
9.65993e+07,-135.26,-72.04
9.66029e+07,-137.65,-72.04
9.66065e+07,-129.57,-72.04
9.66101e+07,-127.21,-72.04
9.66136e+07,-131.99,-72.04
9.66172e+07,-139.35,-72.04
9.66208e+07,-137.66,-72.04
9.66244e+07,-146.34,-72.04
9.6628e+07,-131.50,-72.04
9.66316e+07,-130.42,-72.04
9.66352e+07,-127.69,-72.04
9.66388e+07,-132.97,-72.04
9.66424e+07,-127.05,-72.04
9.6646e+07,-127.03,-72.04
9.66496e+07,-133.18,-72.04
9.66532e+07,-133.25,-72.04
9.66567e+07,-130.77,-72.04
9.66603e+07,-132.03,-72.04
9.66639e+07,-133.08,-72.04
9.66675e+07,-136.19,-72.04
9.66711e+07,-127.73,-72.04
9.66747e+07,-127.36,-72.04
9.66783e+07,-131.07,-72.04
9.66819e+07,-138.25,-72.05
9.66855e+07,-134.20,-72.05
9.66891e+07,-127.60,-72.05
9.66927e+07,-123.55,-72.05
9.66963e+07,-127.56,-72.05
9.66998e+07,-137.56,-72.05
9.67034e+07,-133.14,-72.05
9.6707e+07,-133.00,-72.05
9.67106e+07,-134.03,-72.05
9.67142e+07,-126.69,-72.05
9.67178e+07,-121.69,-72.05
9.67214e+07,-118.94,-72.05
9.6725e+07,-121.41,-72.05
9.67286e+07,-118.80,-72.05
9.67322e+07,-120.37,-72.05
9.67358e+07,-123.91,-72.05
9.67394e+07,-129.31,-72.05
9.6743e+07,-132.67,-72.05
9.67465e+07,-146.43,-72.05
9.67501e+07,-132.53,-72.05
9.67537e+07,-128.41,-72.05
9.67573e+07,-125.54,-72.05
9.67609e+07,-135.41,-72.05
9.67645e+07,-133.41,-72.05
9.67681e+07,-131.62,-72.05
9.67717e+07,-133.20,-72.05
9.67753e+07,-137.39,-72.05
9.67789e+07,-135.83,-72.05
9.67825e+07,-131.50,-72.05
9.67861e+07,-131.80,-72.06
9.67896e+07,-129.73,-72.06
9.67932e+07,-131.44,-72.06
9.67968e+07,-134.39,-72.06
9.68004e+07,-137.85,-72.06
9.6804e+07,-131.71,-72.06
9.68076e+07,-137.92,-72.06
9.68112e+07,-128.74,-72.06
9.68148e+07,-139.03,-72.06
9.68184e+07,-139.66,-72.06
9.6822e+07,-134.82,-72.06
9.68256e+07,-129.45,-72.06
9.68292e+07,-139.24,-72.06
9.68327e+07,-135.64,-72.06
9.68363e+07,-133.66,-72.06
9.68399e+07,-140.60,-72.06
9.68435e+07,-144.21,-72.06
9.68471e+07,-130.11,-72.06
9.68507e+07,-126.37,-72.06
9.68543e+07,-129.46,-72.06
9.68579e+07,-133.61,-72.06
9.68615e+07,-134.02,-72.06
9.68651e+07,-130.21,-72.06
9.68687e+07,-128.11,-72.06
9.68723e+07,-131.51,-72.06
9.68758e+07,-136.25,-72.06
9.68794e+07,-132.69,-72.06
9.6883e+07,-132.97,-72.06
9.68866e+07,-148.45,-72.06
9.68902e+07,-134.81,-72.06
9.68938e+07,-134.32,-72.07
9.68974e+07,-137.23,-72.07
9.6901e+07,-134.07,-72.07
9.69046e+07,-139.44,-72.07
9.69082e+07,-154.42,-72.07
9.69118e+07,-131.52,-72.07
9.69154e+07,-129.24,-72.07
9.69189e+07,-134.37,-72.07
9.69225e+07,-139.58,-72.07
9.69261e+07,-133.27,-72.07
9.69297e+07,-137.07,-72.07
9.69333e+07,-149.52,-72.07
9.69369e+07,-134.64,-72.07
9.69405e+07,-129.25,-72.07
9.69441e+07,-137.02,-72.07
9.69477e+07,-137.19,-72.07
9.69513e+07,-132.71,-72.07
9.69549e+07,-133.43,-72.07
9.69585e+07,-140.64,-72.07
9.6962e+07,-141.03,-72.07
9.69656e+07,-133.90,-72.07
9.69692e+07,-131.12,-72.07
9.69728e+07,-130.87,-72.07
9.69764e+07,-136.26,-72.07
9.698e+07,-139.05,-72.07
9.69836e+07,-139.10,-72.07
9.69872e+07,-134.13,-72.07
9.69908e+07,-136.63,-72.07
9.69944e+07,-138.26,-72.07
9.6998e+07,-131.45,-72.07
9.70016e+07,-131.62,-72.08
9.70051e+07,-140.42,-72.08
9.70087e+07,-139.37,-72.08
9.70123e+07,-142.94,-72.08
9.70159e+07,-137.89,-72.08
9.70195e+07,-136.82,-72.08
9.70231e+07,-139.02,-72.08
9.70267e+07,-146.39,-72.08
9.70303e+07,-157.80,-72.08
9.70339e+07,-134.48,-72.08
9.70375e+07,-134.73,-72.08
9.70411e+07,-132.43,-72.08
9.70447e+07,-131.80,-72.08
9.70482e+07,-138.83,-72.08
9.70518e+07,-135.31,-72.08
9.70554e+07,-129.81,-72.08
9.7059e+07,-133.77,-72.08
9.70626e+07,-141.82,-72.08
9.70662e+07,-137.02,-72.08
9.70698e+07,-138.97,-72.08
9.70734e+07,-137.77,-72.08
9.7077e+07,-140.14,-72.08
9.70806e+07,-143.11,-72.08
9.70842e+07,-139.07,-72.08
9.70878e+07,-132.41,-72.08
9.70913e+07,-128.94,-72.08
9.70949e+07,-138.00,-72.08
9.70985e+07,-133.23,-72.08
9.71021e+07,-146.23,-72.08
9.71057e+07,-143.11,-72.08
9.71093e+07,-139.51,-72.09
9.71129e+07,-139.59,-72.09
9.71165e+07,-148.00,-72.09
9.71201e+07,-135.25,-72.09
9.71237e+07,-132.60,-72.09
9.71273e+07,-134.48,-72.09
9.71309e+07,-139.62,-72.09
9.71344e+07,-138.17,-72.09
9.7138e+07,-140.34,-72.09
9.71416e+07,-139.72,-72.09
9.71452e+07,-141.61,-72.09
9.71488e+07,-141.24,-72.09
9.71524e+07,-129.23,-72.09
9.7156e+07,-133.25,-72.09
9.71596e+07,-133.17,-72.09
9.71632e+07,-132.76,-72.09
9.71668e+07,-130.11,-72.09
9.71704e+07,-125.83,-72.09
9.7174e+07,-129.81,-72.09
9.71775e+07,-139.02,-72.09
9.71811e+07,-139.56,-72.09
9.71847e+07,-132.81,-72.09
9.71883e+07,-129.75,-72.09
9.71919e+07,-131.51,-72.09
9.71955e+07,-132.70,-72.09
9.71991e+07,-128.28,-72.09
9.72027e+07,-125.88,-72.09
9.72063e+07,-138.46,-72.09
9.72099e+07,-128.28,-72.09
9.72135e+07,-130.14,-72.09
9.72171e+07,-138.92,-72.10
9.72206e+07,-127.88,-72.10
9.72242e+07,-123.95,-72.10
9.72278e+07,-125.33,-72.10
9.72314e+07,-127.42,-72.10
9.7235e+07,-137.58,-72.10
9.72386e+07,-135.85,-72.10
9.72422e+07,-133.54,-72.10
9.72458e+07,-128.11,-72.10
9.72494e+07,-128.93,-72.10
9.7253e+07,-127.62,-72.10
9.72566e+07,-128.18,-72.10
9.72602e+07,-131.79,-72.10
9.72637e+07,-135.58,-72.10
9.72673e+07,-152.98,-72.10
9.72709e+07,-137.54,-72.10
9.72745e+07,-134.41,-72.10
9.72781e+07,-148.74,-72.10
9.72817e+07,-131.06,-72.10
9.72853e+07,-133.73,-72.10
9.72889e+07,-140.44,-72.10
9.72925e+07,-129.32,-72.10
9.72961e+07,-127.82,-72.10
9.72997e+07,-132.81,-72.10
9.73033e+07,-141.30,-72.10
9.73068e+07,-135.46,-72.10
9.73104e+07,-130.09,-72.10
9.7314e+07,-128.65,-72.10
9.73176e+07,-137.51,-72.10
9.73212e+07,-137.85,-72.10
9.73248e+07,-145.44,-72.11
9.73284e+07,-132.61,-72.11
9.7332e+07,-131.85,-72.11
9.73356e+07,-130.45,-72.11
9.73392e+07,-129.48,-72.11
9.73428e+07,-131.57,-72.11
9.73464e+07,-136.25,-72.11
9.735e+07,-137.08,-72.11
9.73535e+07,-135.06,-72.11
9.73571e+07,-147.21,-72.11
9.73607e+07,-128.29,-72.11
9.73643e+07,-128.61,-72.11
9.73679e+07,-147.56,-72.11
9.73715e+07,-132.10,-72.11
9.73751e+07,-136.65,-72.11
9.73787e+07,-139.11,-72.11
9.73823e+07,-139.07,-72.11
9.73859e+07,-138.35,-72.11
9.73895e+07,-141.05,-72.11
9.73931e+07,-134.75,-72.11
9.73966e+07,-133.71,-72.11
9.74002e+07,-129.95,-72.11
9.74038e+07,-131.37,-72.11
9.74074e+07,-129.70,-72.11
9.7411e+07,-128.31,-72.11
9.74146e+07,-133.32,-72.11
9.74182e+07,-134.06,-72.11
9.74218e+07,-132.00,-72.11
9.74254e+07,-131.90,-72.11
9.7429e+07,-134.66,-72.11
9.74326e+07,-146.02,-72.12
9.74362e+07,-139.84,-72.12
9.74397e+07,-139.06,-72.12
9.74433e+07,-134.65,-72.12
9.74469e+07,-133.61,-72.12
9.74505e+07,-135.75,-72.12
9.74541e+07,-135.40,-72.12
9.74577e+07,-132.79,-72.12
9.74613e+07,-131.78,-72.12
9.74649e+07,-141.80,-72.12
9.74685e+07,-134.11,-72.12
9.74721e+07,-135.84,-72.12
9.74757e+07,-138.16,-72.12
9.74793e+07,-143.81,-72.12
9.74828e+07,-133.38,-72.12
9.74864e+07,-132.11,-72.12
9.749e+07,-136.19,-72.12
9.74936e+07,-141.32,-72.12
9.74972e+07,-148.27,-72.12
9.75008e+07,-139.85,-72.12
9.75044e+07,-135.22,-72.12
9.7508e+07,-136.61,-72.12
9.75116e+07,-132.88,-72.12
9.75152e+07,-134.83,-72.12
9.75188e+07,-135.38,-72.12
9.75224e+07,-136.15,-72.12
9.75259e+07,-141.27,-72.12
9.75295e+07,-133.19,-72.12
9.75331e+07,-135.67,-72.12
9.75367e+07,-134.03,-72.12
9.75403e+07,-131.97,-72.13
9.75439e+07,-133.41,-72.13
9.75475e+07,-130.99,-72.13
9.75511e+07,-133.57,-72.13
9.75547e+07,-132.59,-72.13
9.75583e+07,-130.50,-72.13
9.75619e+07,-131.55,-72.13
9.75655e+07,-132.04,-72.13
9.7569e+07,-131.07,-72.13
9.75726e+07,-134.49,-72.13
9.75762e+07,-135.68,-72.13
9.75798e+07,-131.93,-72.13
9.75834e+07,-135.33,-72.13
9.7587e+07,-134.06,-72.13
9.75906e+07,-130.71,-72.13
9.75942e+07,-138.44,-72.13
9.75978e+07,-142.09,-72.13
9.76014e+07,-139.72,-72.13
9.7605e+07,-134.71,-72.13
9.76086e+07,-131.41,-72.13
9.76121e+07,-132.70,-72.13
9.76157e+07,-134.84,-72.13
9.76193e+07,-146.12,-72.13
9.76229e+07,-138.25,-72.13
9.76265e+07,-134.36,-72.13
9.76301e+07,-131.11,-72.13
9.76337e+07,-133.13,-72.13
9.76373e+07,-138.72,-72.13
9.76409e+07,-147.19,-72.13
9.76445e+07,-155.39,-72.13
9.76481e+07,-131.03,-72.14
9.76517e+07,-123.95,-72.14
9.76552e+07,-123.14,-72.14
9.76588e+07,-131.82,-72.14
9.76624e+07,-136.21,-72.14
9.7666e+07,-133.46,-72.14
9.76696e+07,-134.31,-72.14
9.76732e+07,-129.69,-72.14
9.76768e+07,-134.42,-72.14
9.76804e+07,-133.91,-72.14
9.7684e+07,-131.29,-72.14
9.76876e+07,-137.29,-72.14
9.76912e+07,-125.33,-72.14
9.76948e+07,-124.41,-72.14
9.76983e+07,-125.90,-72.14
9.77019e+07,-123.92,-72.14
9.77055e+07,-123.66,-72.14
9.77091e+07,-125.57,-72.14
9.77127e+07,-120.86,-72.14
9.77163e+07,-117.62,-72.14
9.77199e+07,-116.08,-72.14
9.77235e+07,-120.09,-72.14
9.77271e+07,-114.63,-72.14
9.77307e+07,-117.60,-72.14
9.77343e+07,-122.92,-72.14
9.77379e+07,-127.10,-72.14
9.77414e+07,-126.74,-72.14
9.7745e+07,-130.16,-72.14
9.77486e+07,-131.16,-72.14
9.77522e+07,-128.24,-72.14
9.77558e+07,-128.65,-72.15
9.77594e+07,-133.47,-72.15
9.7763e+07,-134.87,-72.15
9.77666e+07,-128.95,-72.15
9.77702e+07,-127.90,-72.15
9.77738e+07,-126.06,-72.15
9.77774e+07,-130.42,-72.15
9.7781e+07,-135.52,-72.15
9.77845e+07,-131.81,-72.15
9.77881e+07,-145.40,-72.15
9.77917e+07,-139.25,-72.15
9.77953e+07,-150.29,-72.15
9.77989e+07,-140.25,-72.15
9.78025e+07,-133.38,-72.15
9.78061e+07,-129.83,-72.15
9.78097e+07,-129.00,-72.15
9.78133e+07,-138.37,-72.15
9.78169e+07,-133.02,-72.15
9.78205e+07,-135.44,-72.15
9.78241e+07,-130.63,-72.15
9.78276e+07,-129.58,-72.15
9.78312e+07,-133.21,-72.15
9.78348e+07,-134.61,-72.15
9.78384e+07,-131.71,-72.15
9.7842e+07,-133.00,-72.15
9.78456e+07,-133.97,-72.15
9.78492e+07,-127.40,-72.15
9.78528e+07,-125.01,-72.15
9.78564e+07,-127.86,-72.15
9.786e+07,-135.52,-72.15
9.78636e+07,-130.23,-72.16
9.78672e+07,-127.87,-72.16
9.78707e+07,-130.09,-72.16
9.78743e+07,-137.37,-72.16
9.78779e+07,-128.51,-72.16
9.78815e+07,-139.02,-72.16
9.78851e+07,-134.23,-72.16
9.78887e+07,-130.57,-72.16
9.78923e+07,-130.21,-72.16
9.78959e+07,-135.45,-72.16
9.78995e+07,-139.90,-72.16
9.79031e+07,-156.99,-72.16
9.79067e+07,-140.28,-72.16
9.79103e+07,-142.57,-72.16
9.79139e+07,-159.42,-72.16
9.79174e+07,-147.71,-72.16
9.7921e+07,-152.15,-72.16
9.79246e+07,-151.98,-72.16
9.79282e+07,-159.06,-72.16
9.79318e+07,-139.11,-72.16
9.79354e+07,-161.11,-72.16
9.7939e+07,-133.12,-72.16
9.79426e+07,-134.07,-72.16
9.79462e+07,-138.15,-72.16
9.79498e+07,-134.14,-72.16
9.79534e+07,-143.78,-72.16
9.7957e+07,-138.54,-72.16
9.79605e+07,-136.80,-72.16
9.79641e+07,-131.68,-72.16
9.79677e+07,-131.03,-72.16
9.79713e+07,-133.43,-72.17
9.79749e+07,-150.67,-72.17
9.79785e+07,-138.02,-72.17
9.79821e+07,-144.99,-72.17
9.79857e+07,-133.49,-72.17
9.79893e+07,-131.80,-72.17
9.79929e+07,-136.71,-72.17
9.79965e+07,-131.23,-72.17
9.80001e+07,-137.53,-72.17
9.80036e+07,-143.30,-72.17
9.80072e+07,-143.08,-72.17
9.80108e+07,-139.12,-72.17
9.80144e+07,-133.03,-72.17
9.8018e+07,-129.13,-72.17
9.80216e+07,-136.00,-72.17
9.80252e+07,-139.26,-72.17
9.80288e+07,-139.91,-72.17
9.80324e+07,-152.89,-72.17
9.8036e+07,-139.50,-72.17
9.80396e+07,-130.93,-72.17
9.80432e+07,-134.97,-72.17
9.80467e+07,-139.62,-72.17
9.80503e+07,-155.21,-72.17
9.80539e+07,-135.44,-72.17
9.80575e+07,-128.90,-72.17
9.80611e+07,-131.99,-72.17
9.80647e+07,-136.34,-72.17
9.80683e+07,-131.52,-72.17
9.80719e+07,-131.75,-72.17
9.80755e+07,-132.20,-72.17
9.80791e+07,-132.52,-72.18
9.80827e+07,-131.89,-72.18
9.80863e+07,-138.36,-72.18
9.80898e+07,-149.38,-72.18
9.80934e+07,-141.86,-72.18
9.8097e+07,-133.80,-72.18
9.81006e+07,-134.04,-72.18
9.81042e+07,-138.24,-72.18
9.81078e+07,-143.46,-72.18
9.81114e+07,-140.01,-72.18
9.8115e+07,-139.21,-72.18
9.81186e+07,-134.44,-72.18
9.81222e+07,-135.71,-72.18
9.81258e+07,-147.25,-72.18
9.81294e+07,-146.16,-72.18
9.81329e+07,-142.91,-72.18
9.81365e+07,-138.03,-72.18
9.81401e+07,-131.18,-72.18
9.81437e+07,-137.57,-72.18
9.81473e+07,-136.37,-72.18
9.81509e+07,-141.58,-72.18
9.81545e+07,-141.17,-72.18
9.81581e+07,-134.37,-72.18
9.81617e+07,-135.56,-72.18
9.81653e+07,-129.83,-72.18
9.81689e+07,-129.11,-72.18
9.81725e+07,-136.03,-72.18
9.8176e+07,-139.33,-72.18
9.81796e+07,-140.57,-72.18
9.81832e+07,-137.26,-72.18
9.81868e+07,-132.04,-72.19
9.81904e+07,-132.74,-72.19
9.8194e+07,-130.12,-72.19
9.81976e+07,-135.57,-72.19
9.82012e+07,-128.76,-72.19
9.82048e+07,-127.20,-72.19
9.82084e+07,-128.71,-72.19
9.8212e+07,-140.63,-72.19
9.82156e+07,-136.08,-72.19
9.82191e+07,-139.88,-72.19
9.82227e+07,-135.01,-72.19
9.82263e+07,-129.78,-72.19
9.82299e+07,-126.37,-72.19
9.82335e+07,-129.48,-72.19
9.82371e+07,-140.23,-72.19
9.82407e+07,-139.16,-72.19
9.82443e+07,-130.71,-72.19
9.82479e+07,-130.03,-72.19
9.82515e+07,-135.74,-72.19
9.82551e+07,-132.57,-72.19
9.82587e+07,-136.66,-72.19
9.82622e+07,-143.80,-72.19
9.82658e+07,-139.29,-72.19
9.82694e+07,-131.05,-72.19
9.8273e+07,-135.71,-72.19
9.82766e+07,-134.23,-72.19
9.82802e+07,-135.77,-72.19
9.82838e+07,-136.57,-72.19
9.82874e+07,-132.41,-72.19
9.8291e+07,-134.50,-72.19
9.82946e+07,-129.49,-72.19
9.82982e+07,-131.00,-72.20
9.83018e+07,-134.72,-72.20
9.83053e+07,-128.38,-72.20
9.83089e+07,-131.01,-72.20
9.83125e+07,-129.06,-72.20
9.83161e+07,-125.58,-72.20
9.83197e+07,-128.84,-72.20
9.83233e+07,-136.58,-72.20
9.83269e+07,-150.19,-72.20
9.83305e+07,-143.01,-72.20
9.83341e+07,-129.44,-72.20
9.83377e+07,-129.14,-72.20
9.83413e+07,-138.06,-72.20
9.83449e+07,-134.91,-72.20
9.83484e+07,-139.49,-72.20
9.8352e+07,-127.64,-72.20
9.83556e+07,-129.48,-72.20
9.83592e+07,-131.81,-72.20
9.83628e+07,-135.51,-72.20
9.83664e+07,-135.33,-72.20
9.837e+07,-129.44,-72.20
9.83736e+07,-126.61,-72.20
9.83772e+07,-128.39,-72.20
9.83808e+07,-127.73,-72.20
9.83844e+07,-126.80,-72.20
9.8388e+07,-124.95,-72.20
9.83915e+07,-127.53,-72.20
9.83951e+07,-146.12,-72.20
9.83987e+07,-127.86,-72.20
9.84023e+07,-125.73,-72.20
9.84059e+07,-130.53,-72.21
9.84095e+07,-136.61,-72.21
9.84131e+07,-130.94,-72.21
9.84167e+07,-128.40,-72.21
9.84203e+07,-129.92,-72.21
9.84239e+07,-140.74,-72.21
9.84275e+07,-131.75,-72.21
9.84311e+07,-132.00,-72.21
9.84346e+07,-128.50,-72.21
9.84382e+07,-133.22,-72.21
9.84418e+07,-135.38,-72.21
9.84454e+07,-138.51,-72.21
9.8449e+07,-129.82,-72.21
9.84526e+07,-134.82,-72.21
9.84562e+07,-134.05,-72.21
9.84598e+07,-131.62,-72.21
9.84634e+07,-132.02,-72.21
9.8467e+07,-130.00,-72.21
9.84706e+07,-128.07,-72.21
9.84742e+07,-133.06,-72.21
9.84778e+07,-132.57,-72.21
9.84813e+07,-131.19,-72.21
9.84849e+07,-134.25,-72.21
9.84885e+07,-131.46,-72.21
9.84921e+07,-135.24,-72.21
9.84957e+07,-139.88,-72.21
9.84993e+07,-128.85,-72.21
9.85029e+07,-131.55,-72.21
9.85065e+07,-132.51,-72.21
9.85101e+07,-129.25,-72.21
9.85137e+07,-128.01,-72.22
9.85173e+07,-124.95,-72.22
9.85209e+07,-130.50,-72.22
9.85244e+07,-135.81,-72.22
9.8528e+07,-141.98,-72.22
9.85316e+07,-138.58,-72.22
9.85352e+07,-147.74,-72.22
9.85388e+07,-139.83,-72.22
9.85424e+07,-131.49,-72.22
9.8546e+07,-129.22,-72.22
9.85496e+07,-138.43,-72.22
9.85532e+07,-140.66,-72.22
9.85568e+07,-141.48,-72.22
9.85604e+07,-136.68,-72.22
9.8564e+07,-142.62,-72.22
9.85675e+07,-138.38,-72.22
9.85711e+07,-138.85,-72.22
9.85747e+07,-139.75,-72.22
9.85783e+07,-138.77,-72.22
9.85819e+07,-132.64,-72.22
9.85855e+07,-134.00,-72.22
9.85891e+07,-133.36,-72.22
9.85927e+07,-134.28,-72.22
9.85963e+07,-139.42,-72.22
9.85999e+07,-132.87,-72.22
9.86035e+07,-137.05,-72.22
9.86071e+07,-138.39,-72.22
9.86106e+07,-143.41,-72.22
9.86142e+07,-136.05,-72.22
9.86178e+07,-143.16,-72.22
9.86214e+07,-131.77,-72.23
9.8625e+07,-129.64,-72.23
9.86286e+07,-137.42,-72.23
9.86322e+07,-135.69,-72.23
9.86358e+07,-130.42,-72.23
9.86394e+07,-129.75,-72.23
9.8643e+07,-146.61,-72.23
9.86466e+07,-133.90,-72.23
9.86502e+07,-137.57,-72.23
9.86537e+07,-132.22,-72.23
9.86573e+07,-130.66,-72.23
9.86609e+07,-131.28,-72.23
9.86645e+07,-130.80,-72.23
9.86681e+07,-133.78,-72.23
9.86717e+07,-143.74,-72.23
9.86753e+07,-133.06,-72.23
9.86789e+07,-126.79,-72.23
9.86825e+07,-127.72,-72.23
9.86861e+07,-141.09,-72.23
9.86897e+07,-132.94,-72.23
9.86933e+07,-132.52,-72.23
9.86968e+07,-134.10,-72.23
9.87004e+07,-128.25,-72.23
9.8704e+07,-126.22,-72.23
9.87076e+07,-125.77,-72.23
9.87112e+07,-120.77,-72.23
9.87148e+07,-117.31,-72.23
9.87184e+07,-115.63,-72.23
9.8722e+07,-120.75,-72.23
9.87256e+07,-115.64,-72.23
9.87292e+07,-118.66,-72.23
9.87328e+07,-122.75,-72.24
9.87364e+07,-127.27,-72.24
9.87399e+07,-126.82,-72.24
9.87435e+07,-128.21,-72.24
9.87471e+07,-130.96,-72.24
9.87507e+07,-129.86,-72.24
9.87543e+07,-129.61,-72.24
9.87579e+07,-144.90,-72.24
9.87615e+07,-133.08,-72.24
9.87651e+07,-142.35,-72.24
9.87687e+07,-138.73,-72.24
9.87723e+07,-134.22,-72.24
9.87759e+07,-131.09,-72.24
9.87795e+07,-132.95,-72.24
9.8783e+07,-136.56,-72.24
9.87866e+07,-140.37,-72.24
9.87902e+07,-142.63,-72.24
9.87938e+07,-145.26,-72.24
9.87974e+07,-135.33,-72.24
9.8801e+07,-129.15,-72.24
9.88046e+07,-131.21,-72.24
9.88082e+07,-131.98,-72.24
9.88118e+07,-130.32,-72.24
9.88154e+07,-131.01,-72.24
9.8819e+07,-135.96,-72.24
9.88226e+07,-136.01,-72.24
9.88261e+07,-131.31,-72.24
9.88297e+07,-125.81,-72.24
9.88333e+07,-126.88,-72.24
9.88369e+07,-128.81,-72.24
9.88405e+07,-129.74,-72.25
9.88441e+07,-129.13,-72.25
9.88477e+07,-127.33,-72.25
9.88513e+07,-130.49,-72.25
9.88549e+07,-124.53,-72.25
9.88585e+07,-130.26,-72.25
9.88621e+07,-132.74,-72.25
9.88657e+07,-136.28,-72.25
9.88692e+07,-133.10,-72.25
9.88728e+07,-125.31,-72.25
9.88764e+07,-124.54,-72.25
9.888e+07,-128.59,-72.25
9.88836e+07,-136.39,-72.25
9.88872e+07,-141.59,-72.25
9.88908e+07,-143.10,-72.25
9.88944e+07,-132.55,-72.25
9.8898e+07,-141.10,-72.25
9.89016e+07,-133.42,-72.25
9.89052e+07,-134.14,-72.25
9.89088e+07,-144.94,-72.25
9.89123e+07,-131.45,-72.25
9.89159e+07,-129.94,-72.25
9.89195e+07,-138.13,-72.25
9.89231e+07,-139.59,-72.25
9.89267e+07,-137.62,-72.25
9.89303e+07,-146.21,-72.25
9.89339e+07,-133.21,-72.25
9.89375e+07,-133.48,-72.25
9.89411e+07,-131.72,-72.25
9.89447e+07,-132.75,-72.25
9.89483e+07,-137.10,-72.25
9.89519e+07,-140.74,-72.26
9.89554e+07,-134.85,-72.26
9.8959e+07,-134.42,-72.26
9.89626e+07,-138.10,-72.26
9.89662e+07,-137.64,-72.26
9.89698e+07,-135.15,-72.26
9.89734e+07,-130.79,-72.26
9.8977e+07,-138.55,-72.26
9.89806e+07,-136.94,-72.26
9.89842e+07,-135.37,-72.26
9.89878e+07,-133.78,-72.26
9.89914e+07,-129.59,-72.26
9.8995e+07,-130.76,-72.26
9.89985e+07,-139.09,-72.26
9.90021e+07,-136.43,-72.26
9.90057e+07,-141.59,-72.26
9.90093e+07,-137.33,-72.26
9.90129e+07,-137.22,-72.26
9.90165e+07,-140.28,-72.26
9.90201e+07,-142.32,-72.26
9.90237e+07,-132.25,-72.26
9.90273e+07,-133.01,-72.26
9.90309e+07,-129.70,-72.26
9.90345e+07,-128.34,-72.26
9.90381e+07,-128.05,-72.26
9.90417e+07,-130.06,-72.26
9.90452e+07,-132.56,-72.26
9.90488e+07,-136.08,-72.26
9.90524e+07,-137.31,-72.26
9.9056e+07,-138.06,-72.26
9.90596e+07,-144.60,-72.27
9.90632e+07,-132.96,-72.27
9.90668e+07,-127.53,-72.27
9.90704e+07,-130.09,-72.27
9.9074e+07,-134.95,-72.27
9.90776e+07,-133.43,-72.27
9.90812e+07,-135.85,-72.27
9.90848e+07,-141.96,-72.27
9.90883e+07,-141.05,-72.27
9.90919e+07,-135.59,-72.27
9.90955e+07,-146.82,-72.27
9.90991e+07,-133.30,-72.27
9.91027e+07,-132.95,-72.27
9.91063e+07,-143.51,-72.27
9.91099e+07,-136.51,-72.27
9.91135e+07,-134.90,-72.27
9.91171e+07,-140.66,-72.27
9.91207e+07,-143.45,-72.27
9.91243e+07,-137.48,-72.27
9.91279e+07,-134.23,-72.27
9.91314e+07,-138.22,-72.27
9.9135e+07,-132.84,-72.27
9.91386e+07,-127.92,-72.27
9.91422e+07,-134.00,-72.27
9.91458e+07,-131.69,-72.27
9.91494e+07,-133.32,-72.27
9.9153e+07,-140.89,-72.27
9.91566e+07,-147.93,-72.27
9.91602e+07,-136.84,-72.27
9.91638e+07,-132.17,-72.27
9.91674e+07,-140.23,-72.27
9.9171e+07,-132.70,-72.28
9.91745e+07,-132.84,-72.28
9.91781e+07,-133.92,-72.28
9.91817e+07,-128.15,-72.28
9.91853e+07,-126.75,-72.28
9.91889e+07,-128.30,-72.28
9.91925e+07,-127.43,-72.28
9.91961e+07,-127.61,-72.28
9.91997e+07,-124.36,-72.28
9.92033e+07,-127.17,-72.28
9.92069e+07,-129.70,-72.28
9.92105e+07,-137.33,-72.28
9.92141e+07,-126.90,-72.28
9.92176e+07,-120.97,-72.28
9.92212e+07,-119.12,-72.28
9.92248e+07,-122.33,-72.28
9.92284e+07,-124.07,-72.28
9.9232e+07,-145.90,-72.28
9.92356e+07,-131.48,-72.28
9.92392e+07,-130.32,-72.28
9.92428e+07,-127.61,-72.28
9.92464e+07,-131.72,-72.28
9.925e+07,-124.89,-72.28
9.92536e+07,-125.78,-72.28
9.92572e+07,-126.97,-72.28
9.92607e+07,-131.94,-72.28
9.92643e+07,-138.41,-72.28
9.92679e+07,-142.73,-72.28
9.92715e+07,-131.27,-72.28
9.92751e+07,-155.39,-72.28
9.92787e+07,-131.19,-72.29
9.92823e+07,-130.22,-72.29
9.92859e+07,-132.71,-72.29
9.92895e+07,-130.89,-72.29
9.92931e+07,-131.27,-72.29
9.92967e+07,-131.13,-72.29
9.93003e+07,-133.55,-72.29
9.93038e+07,-131.59,-72.29
9.93074e+07,-133.57,-72.29
9.9311e+07,-143.17,-72.29
9.93146e+07,-129.90,-72.29
9.93182e+07,-132.22,-72.29
9.93218e+07,-132.09,-72.29
9.93254e+07,-134.05,-72.29
9.9329e+07,-131.68,-72.29
9.93326e+07,-138.18,-72.29
9.93362e+07,-143.43,-72.29
9.93398e+07,-140.58,-72.29
9.93434e+07,-132.95,-72.29
9.93469e+07,-132.82,-72.29
9.93505e+07,-134.38,-72.29
9.93541e+07,-132.13,-72.29
9.93577e+07,-136.41,-72.29
9.93613e+07,-141.27,-72.29
9.93649e+07,-129.65,-72.29
9.93685e+07,-127.46,-72.29
9.93721e+07,-130.08,-72.29
9.93757e+07,-136.67,-72.29
9.93793e+07,-134.18,-72.29
9.93829e+07,-130.58,-72.29
9.93865e+07,-129.06,-72.29
9.939e+07,-134.83,-72.30
9.93936e+07,-132.70,-72.30
9.93972e+07,-125.87,-72.30
9.94008e+07,-127.97,-72.30
9.94044e+07,-129.05,-72.30
9.9408e+07,-128.33,-72.30
9.94116e+07,-132.29,-72.30
9.94152e+07,-133.28,-72.30
9.94188e+07,-134.69,-72.30
9.94224e+07,-137.95,-72.30
9.9426e+07,-134.51,-72.30
9.94296e+07,-132.56,-72.30
9.94331e+07,-140.44,-72.30
9.94367e+07,-133.35,-72.30
9.94403e+07,-133.64,-72.30
9.94439e+07,-143.93,-72.30
9.94475e+07,-137.13,-72.30
9.94511e+07,-150.86,-72.30
9.94547e+07,-130.33,-72.30
9.94583e+07,-132.17,-72.30
9.94619e+07,-133.91,-72.30
9.94655e+07,-144.13,-72.30
9.94691e+07,-143.47,-72.30
9.94727e+07,-140.09,-72.30
9.94762e+07,-133.41,-72.30
9.94798e+07,-133.62,-72.30
9.94834e+07,-133.93,-72.30
9.9487e+07,-128.77,-72.30
9.94906e+07,-127.79,-72.30
9.94942e+07,-131.06,-72.30
9.94978e+07,-132.76,-72.30
9.95014e+07,-133.22,-72.31
9.9505e+07,-133.52,-72.31
9.95086e+07,-133.64,-72.31
9.95122e+07,-134.95,-72.31
9.95158e+07,-139.89,-72.31
9.95193e+07,-141.46,-72.31
9.95229e+07,-139.62,-72.31
9.95265e+07,-137.93,-72.31
9.95301e+07,-139.00,-72.31
9.95337e+07,-137.49,-72.31
9.95373e+07,-143.58,-72.31
9.95409e+07,-142.53,-72.31
9.95445e+07,-133.68,-72.31
9.95481e+07,-133.52,-72.31
9.95517e+07,-138.00,-72.31
9.95553e+07,-140.27,-72.31
9.95589e+07,-140.37,-72.31
9.95624e+07,-136.94,-72.31
9.9566e+07,-140.96,-72.31
9.95696e+07,-142.00,-72.31
9.95732e+07,-137.72,-72.31
9.95768e+07,-136.86,-72.31
9.95804e+07,-134.16,-72.31
9.9584e+07,-138.04,-72.31
9.95876e+07,-134.87,-72.31
9.95912e+07,-132.21,-72.31
9.95948e+07,-136.07,-72.31
9.95984e+07,-142.37,-72.31
9.9602e+07,-136.95,-72.31
9.96056e+07,-135.94,-72.31
9.96091e+07,-135.19,-72.32
9.96127e+07,-142.37,-72.32
9.96163e+07,-139.15,-72.32
9.96199e+07,-138.50,-72.32
9.96235e+07,-146.55,-72.32
9.96271e+07,-140.04,-72.32
9.96307e+07,-144.11,-72.32
9.96343e+07,-140.77,-72.32
9.96379e+07,-135.82,-72.32
9.96415e+07,-134.87,-72.32
9.96451e+07,-138.67,-72.32
9.96487e+07,-133.93,-72.32
9.96522e+07,-131.50,-72.32
9.96558e+07,-131.46,-72.32
9.96594e+07,-127.25,-72.32
9.9663e+07,-126.33,-72.32
9.96666e+07,-132.22,-72.32
9.96702e+07,-139.08,-72.32
9.96738e+07,-140.88,-72.32
9.96774e+07,-140.24,-72.32
9.9681e+07,-130.70,-72.32
9.96846e+07,-132.26,-72.32
9.96882e+07,-133.27,-72.32
9.96918e+07,-133.23,-72.32
9.96953e+07,-136.41,-72.32
9.96989e+07,-129.46,-72.32
9.97025e+07,-126.39,-72.32
9.97061e+07,-128.11,-72.32
9.97097e+07,-128.10,-72.32
9.97133e+07,-126.13,-72.32
9.97169e+07,-124.36,-72.32
9.97205e+07,-132.24,-72.33
9.97241e+07,-123.19,-72.33
9.97277e+07,-127.56,-72.33
9.97313e+07,-130.10,-72.33
9.97349e+07,-134.02,-72.33
9.97384e+07,-130.37,-72.33
9.9742e+07,-131.48,-72.33
9.97456e+07,-134.79,-72.33
9.97492e+07,-136.98,-72.33
9.97528e+07,-136.55,-72.33
9.97564e+07,-145.55,-72.33
9.976e+07,-132.33,-72.33
9.97636e+07,-133.85,-72.33
9.97672e+07,-137.84,-72.33
9.97708e+07,-133.40,-72.33
9.97744e+07,-137.27,-72.33
9.9778e+07,-142.63,-72.33
9.97815e+07,-136.18,-72.33
9.97851e+07,-131.14,-72.33
9.97887e+07,-130.63,-72.33
9.97923e+07,-133.40,-72.33
9.97959e+07,-145.60,-72.33
9.97995e+07,-151.62,-72.33
9.98031e+07,-137.30,-72.33
9.98067e+07,-132.93,-72.33
9.98103e+07,-133.39,-72.33
9.98139e+07,-135.99,-72.33
9.98175e+07,-145.19,-72.33
9.98211e+07,-145.07,-72.33
9.98246e+07,-140.93,-72.33
9.98282e+07,-142.63,-72.33
9.98318e+07,-139.20,-72.34
9.98354e+07,-141.97,-72.34
9.9839e+07,-139.45,-72.34
9.98426e+07,-136.75,-72.34
9.98462e+07,-131.75,-72.34
9.98498e+07,-130.64,-72.34
9.98534e+07,-131.54,-72.34
9.9857e+07,-133.16,-72.34
9.98606e+07,-137.40,-72.34
9.98642e+07,-138.51,-72.34
9.98677e+07,-138.31,-72.34
9.98713e+07,-133.35,-72.34
9.98749e+07,-129.99,-72.34
9.98785e+07,-133.33,-72.34
9.98821e+07,-135.13,-72.34
9.98857e+07,-133.16,-72.34
9.98893e+07,-132.68,-72.34
9.98929e+07,-135.10,-72.34
9.98965e+07,-135.91,-72.34
9.99001e+07,-132.40,-72.34
9.99037e+07,-141.56,-72.34
9.99073e+07,-141.67,-72.34
9.99108e+07,-135.22,-72.34
9.99144e+07,-130.99,-72.34
9.9918e+07,-132.62,-72.34
9.99216e+07,-143.86,-72.34
9.99252e+07,-142.69,-72.34
9.99288e+07,-131.78,-72.34
9.99324e+07,-129.66,-72.34
9.9936e+07,-135.21,-72.34
9.99396e+07,-135.83,-72.34
9.99432e+07,-133.54,-72.35
9.99468e+07,-135.81,-72.35
9.99504e+07,-137.01,-72.35
9.99539e+07,-139.46,-72.35
9.99575e+07,-150.31,-72.35
9.99611e+07,-141.09,-72.35
9.99647e+07,-143.22,-72.35
9.99683e+07,-137.78,-72.35
9.99719e+07,-132.16,-72.35
9.99755e+07,-130.80,-72.35
9.99791e+07,-140.04,-72.35
9.99827e+07,-132.11,-72.35
9.99863e+07,-129.81,-72.35
9.99899e+07,-131.52,-72.35
9.99935e+07,-137.72,-72.35
9.9997e+07,-140.48,-72.35
