time,period
1.001944174e-06,1.001944e-06
1.003611972e-06,1.667798e-09
1.005874793e-06,2.262821e-09
1.009085767e-06,3.210974e-09
1.01424097e-06,5.155202e-09
1.02391993e-06,9.67896e-09
1.047411389e-06,2.349146e-08
1.095800758e-06,4.838937e-08
1.10398884e-06,8.188082e-09
1.108099074e-06,4.110234e-09
1.111173329e-06,3.074254e-09
1.11371768e-06,2.544351e-09
1.115987735e-06,2.270055e-09
1.118131905e-06,2.14417e-09
1.120167532e-06,2.035628e-09
1.122200839e-06,2.033307e-09
1.124149622e-06,1.948783e-09
1.126101052e-06,1.951429e-09
1.128042299e-06,1.941247e-09
1.129983101e-06,1.940803e-09
1.131879337e-06,1.896236e-09
1.133783311e-06,1.903974e-09
1.135682526e-06,1.899215e-09
1.137574661e-06,1.892135e-09
1.139483016e-06,1.908355e-09
1.141414586e-06,1.93157e-09
1.143374835e-06,1.96025e-09
1.145382717e-06,2.007881e-09
1.14739225e-06,2.009533e-09
1.149432253e-06,2.040003e-09
1.151464686e-06,2.032433e-09
1.153496343e-06,2.031657e-09
1.155546385e-06,2.050043e-09
1.157577576e-06,2.031191e-09
1.159574479e-06,1.996902e-09
1.161552508e-06,1.978029e-09
1.163543706e-06,1.991198e-09
1.165519069e-06,1.975363e-09
1.167533246e-06,2.014177e-09
1.169532614e-06,1.999368e-09
1.171525948e-06,1.993334e-09
1.173541779e-06,2.015831e-09
1.175554218e-06,2.01244e-09
1.177570901e-06,2.016683e-09
1.179596722e-06,2.025821e-09
1.18161141e-06,2.014688e-09
1.183628587e-06,2.017177e-09
1.185647171e-06,2.018584e-09
1.187636139e-06,1.988967e-09
1.189665404e-06,2.029265e-09
1.191666938e-06,2.001534e-09
1.193682743e-06,2.015805e-09
1.1956702e-06,1.987457e-09
1.197700138e-06,2.029937e-09
1.199710294e-06,2.010156e-09
1.201720284e-06,2.00999e-09
1.203737234e-06,2.01695e-09
1.205744846e-06,2.007612e-09
1.20775289e-06,2.008044e-09
1.209768994e-06,2.016104e-09
1.211772303e-06,2.003308e-09
1.213800659e-06,2.028356e-09
1.215795819e-06,1.995161e-09
1.217820612e-06,2.024793e-09
1.219822905e-06,2.002293e-09
1.221842201e-06,2.019296e-09
1.223835911e-06,1.993711e-09
1.225833802e-06,1.99789e-09
1.227808695e-06,1.974893e-09
1.229784658e-06,1.975964e-09
1.231798853e-06,2.014194e-09
1.233758264e-06,1.959412e-09
1.235757111e-06,1.998846e-09
1.237785078e-06,2.027967e-09
1.239781449e-06,1.996371e-09
1.24180796e-06,2.026511e-09
1.243794352e-06,1.986392e-09
1.245825074e-06,2.030722e-09
1.247840266e-06,2.015192e-09
1.249855326e-06,2.01506e-09
1.251842667e-06,1.987341e-09
1.253859385e-06,2.016718e-09
1.255884519e-06,2.025135e-09
1.257899182e-06,2.014663e-09
1.259942896e-06,2.043714e-09
1.261965475e-06,2.022579e-09
1.264012381e-06,2.046906e-09
1.266032739e-06,2.020359e-09
1.268056138e-06,2.023399e-09
1.270092512e-06,2.036374e-09
1.272107769e-06,2.015257e-09
1.27413025e-06,2.022481e-09
1.276128433e-06,1.998183e-09
1.278132863e-06,2.00443e-09
1.280133851e-06,2.000988e-09
1.282173141e-06,2.03929e-09
1.284180903e-06,2.007761e-09
1.286192508e-06,2.011605e-09
1.288200167e-06,2.007659e-09
1.290209992e-06,2.009825e-09
1.292176978e-06,1.966986e-09
1.294150578e-06,1.9736e-09
1.296164248e-06,2.01367e-09
1.298156733e-06,1.992485e-09
1.300139262e-06,1.982529e-09
1.302154959e-06,2.015697e-09
1.304152809e-06,1.99785e-09
1.306163896e-06,2.011088e-09
1.308172738e-06,2.008842e-09
1.310201234e-06,2.028496e-09
1.312209204e-06,2.00797e-09
1.314233888e-06,2.024684e-09
1.31622585e-06,1.991962e-09
1.318261544e-06,2.035693e-09
1.320258995e-06,1.997452e-09
1.322281363e-06,2.022367e-09
1.324273116e-06,1.991754e-09
1.326293977e-06,2.02086e-09
1.32829425e-06,2.000273e-09
1.330333449e-06,2.039199e-09
1.332333842e-06,2.000392e-09
1.334355695e-06,2.021853e-09
1.33635207e-06,1.996375e-09
1.33836323e-06,2.01116e-09
1.340364874e-06,2.001645e-09
1.342398953e-06,2.034079e-09
1.344415418e-06,2.016464e-09
1.346423836e-06,2.008418e-09
1.348431747e-06,2.007912e-09
1.350454768e-06,2.02302e-09
1.352452016e-06,1.997248e-09
1.354476191e-06,2.024176e-09
1.3564703e-06,1.994109e-09
1.358505334e-06,2.035034e-09
1.360495385e-06,1.99005e-09
1.362525094e-06,2.029709e-09
1.364527133e-06,2.00204e-09
1.3665618e-06,2.034666e-09
1.368566531e-06,2.004731e-09
1.370598043e-06,2.031513e-09
1.372595623e-06,1.997579e-09
1.374621241e-06,2.025618e-09
1.376622509e-06,2.001268e-09
1.378631969e-06,2.009459e-09
1.380649396e-06,2.017427e-09
1.382688522e-06,2.039126e-09
1.384721572e-06,2.03305e-09
1.386762718e-06,2.041146e-09
1.388815175e-06,2.052456e-09
1.390838568e-06,2.023393e-09
1.392879602e-06,2.041034e-09
1.394895067e-06,2.015465e-09
1.396919683e-06,2.024616e-09
1.398950402e-06,2.030719e-09
1.400953652e-06,2.00325e-09
1.402972965e-06,2.019313e-09
1.404979241e-06,2.006276e-09
1.40701021e-06,2.030969e-09
1.409006524e-06,1.996313e-09
1.411033708e-06,2.027185e-09
1.413051346e-06,2.017638e-09
1.415088668e-06,2.037322e-09
1.417086027e-06,1.997359e-09
1.419107225e-06,2.021198e-09
1.421095277e-06,1.988052e-09
1.423057507e-06,1.96223e-09
1.425069295e-06,2.011789e-09
1.427068816e-06,1.99952e-09
1.429041295e-06,1.97248e-09
1.431074485e-06,2.03319e-09
1.433071101e-06,1.996616e-09
1.435084888e-06,2.013788e-09
1.437116227e-06,2.031338e-09
1.439133518e-06,2.017291e-09
1.441145779e-06,2.012261e-09
1.443164176e-06,2.018397e-09
1.445174148e-06,2.009972e-09
1.447188504e-06,2.014355e-09
1.449193688e-06,2.005185e-09
1.451222501e-06,2.028813e-09
1.453210243e-06,1.987742e-09
1.455245081e-06,2.034838e-09
1.457242916e-06,1.997835e-09
1.459265735e-06,2.02282e-09
1.461282855e-06,2.017119e-09
1.463298902e-06,2.016047e-09
1.465303521e-06,2.004619e-09
1.467326751e-06,2.02323e-09
1.46932323e-06,1.99648e-09
1.471357436e-06,2.034206e-09
1.47335685e-06,1.999413e-09
1.475393764e-06,2.036914e-09
1.477410996e-06,2.017232e-09
1.479427487e-06,2.016492e-09
1.481429237e-06,2.001749e-09
1.483446301e-06,2.017064e-09
1.485453767e-06,2.007466e-09
1.487482459e-06,2.028692e-09
1.489486178e-06,2.003719e-09
1.491504492e-06,2.018314e-09
1.493515525e-06,2.011034e-09
1.495533517e-06,2.017992e-09
1.497549264e-06,2.015747e-09
1.499564101e-06,2.014837e-09
1.50158408e-06,2.019979e-09
1.503613581e-06,2.029501e-09
1.505619161e-06,2.005579e-09
1.507632071e-06,2.01291e-09
1.509678896e-06,2.046825e-09
1.511728983e-06,2.050087e-09
1.513780742e-06,2.051758e-09
1.515810039e-06,2.029297e-09
1.517846983e-06,2.036945e-09
1.51987763e-06,2.030647e-09
1.521901077e-06,2.023447e-09
1.52391537e-06,2.014293e-09
1.525936639e-06,2.021269e-09
1.527950886e-06,2.014247e-09
1.529968629e-06,2.017744e-09
1.531982197e-06,2.013567e-09
1.534006841e-06,2.024644e-09
1.536033398e-06,2.026557e-09
1.538033954e-06,2.000556e-09
1.540044839e-06,2.010885e-09
1.54207879e-06,2.033951e-09
1.544094985e-06,2.016194e-09
1.546109508e-06,2.014524e-09
1.54809992e-06,1.990411e-09
1.55008965e-06,1.98973e-09
1.552073083e-06,1.983432e-09
1.554070226e-06,1.997143e-09
1.556048478e-06,1.978253e-09
1.558052534e-06,2.004056e-09
1.560089177e-06,2.036642e-09
1.562088548e-06,1.999371e-09
1.564097581e-06,2.009034e-09
1.566127869e-06,2.030288e-09
1.56815164e-06,2.023771e-09
1.57015828e-06,2.00664e-09
1.572188427e-06,2.030147e-09
1.574186111e-06,1.997683e-09
1.576211997e-06,2.025886e-09
1.578209249e-06,1.997252e-09
1.580235062e-06,2.025813e-09
1.582241859e-06,2.006797e-09
1.584260748e-06,2.018889e-09
1.58626295e-06,2.002202e-09
1.588292763e-06,2.029813e-09
1.590311933e-06,2.01917e-09
1.592327759e-06,2.015826e-09
1.594339155e-06,2.011396e-09
1.596352699e-06,2.013544e-09
1.598377477e-06,2.024779e-09
1.600394578e-06,2.017101e-09
1.602399928e-06,2.00535e-09
1.60441539e-06,2.015462e-09
1.606437802e-06,2.022412e-09
1.608462637e-06,2.024836e-09
1.610469486e-06,2.006849e-09
1.612488053e-06,2.018566e-09
1.614512556e-06,2.024503e-09
1.616520676e-06,2.00812e-09
1.618535523e-06,2.014847e-09
1.620556797e-06,2.021274e-09
1.622569537e-06,2.01274e-09
1.624584076e-06,2.014539e-09
1.626611311e-06,2.027235e-09
1.628626675e-06,2.015364e-09
1.6306412e-06,2.014525e-09
1.632689382e-06,2.048182e-09
1.634717186e-06,2.027804e-09
1.636758679e-06,2.041493e-09
1.638799834e-06,2.041155e-09
1.640841479e-06,2.041645e-09
1.642883466e-06,2.041987e-09
1.644939837e-06,2.056371e-09
1.646946311e-06,2.006475e-09
1.64896138e-06,2.015069e-09
1.650971683e-06,2.010303e-09
1.653004243e-06,2.03256e-09
1.655006197e-06,2.001954e-09
1.657018348e-06,2.012152e-09
1.659041724e-06,2.023375e-09
1.66105339e-06,2.011666e-09
1.663083498e-06,2.030108e-09
1.665107758e-06,2.024261e-09
1.667127155e-06,2.019397e-09
1.66913561e-06,2.008455e-09
1.671168314e-06,2.032703e-09
1.673185952e-06,2.017639e-09
1.675194512e-06,2.00856e-09
1.677216229e-06,2.021717e-09
1.67918382e-06,1.96759e-09
1.681170298e-06,1.986478e-09
1.683183532e-06,2.013234e-09
1.685193042e-06,2.00951e-09
1.687186148e-06,1.993106e-09
1.689197725e-06,2.011576e-09
1.691197926e-06,2.000201e-09
1.693218017e-06,2.020091e-09
1.695232643e-06,2.014626e-09
1.697241943e-06,2.0093e-09
1.699272458e-06,2.030515e-09
1.701292857e-06,2.020399e-09
1.703307855e-06,2.014998e-09
1.705332598e-06,2.024743e-09
1.707329879e-06,1.997281e-09
1.709345675e-06,2.015796e-09
1.711349729e-06,2.004054e-09
1.713375321e-06,2.025593e-09
1.715383886e-06,2.008565e-09
1.71741483e-06,2.030944e-09
1.71943196e-06,2.01713e-09
1.721464936e-06,2.032976e-09
1.723467272e-06,2.002336e-09
1.7254798e-06,2.012528e-09
1.727501278e-06,2.021477e-09
1.729522985e-06,2.021708e-09
1.731532647e-06,2.009662e-09
1.733552213e-06,2.019566e-09
1.735562819e-06,2.010606e-09
1.737594214e-06,2.031395e-09
1.739609984e-06,2.01577e-09
1.741621137e-06,2.011153e-09
1.743646517e-06,2.02538e-09
1.745663546e-06,2.01703e-09
1.747678415e-06,2.014868e-09
1.749695171e-06,2.016757e-09
1.751715605e-06,2.020434e-09
1.753728535e-06,2.01293e-09
1.755751302e-06,2.022768e-09
1.757785284e-06,2.033981e-09
1.759839153e-06,2.053869e-09
1.761888262e-06,2.049109e-09
1.763923439e-06,2.035178e-09
1.76596509e-06,2.041651e-09
1.768007519e-06,2.042429e-09
1.770047615e-06,2.040096e-09
1.772073589e-06,2.025974e-09
1.774107637e-06,2.034049e-09
1.776099362e-06,1.991725e-09
1.778130965e-06,2.031603e-09
1.780142148e-06,2.011183e-09
1.782164376e-06,2.022229e-09
1.784184983e-06,2.020607e-09
1.786209597e-06,2.024614e-09
1.788232984e-06,2.023386e-09
1.790246311e-06,2.013327e-09
1.79226053e-06,2.014219e-09
1.794286463e-06,2.025933e-09
1.796310641e-06,2.024179e-09
1.798325278e-06,2.014636e-09
1.80035412e-06,2.028842e-09
1.802380907e-06,2.026788e-09
1.804384284e-06,2.003377e-09
1.806400387e-06,2.016103e-09
1.8083962e-06,1.995813e-09
1.810390067e-06,1.993867e-09
1.812370485e-06,1.980418e-09
1.814375206e-06,2.004721e-09
1.816355522e-06,1.980316e-09
1.818374204e-06,2.018682e-09
1.820395432e-06,2.021228e-09
1.822409297e-06,2.013865e-09
1.824445653e-06,2.036355e-09
1.826469237e-06,2.023584e-09
1.828470232e-06,2.000995e-09
1.830490624e-06,2.020392e-09
1.832490765e-06,2.000141e-09
1.834529897e-06,2.039133e-09
1.836533983e-06,2.004086e-09
1.838553248e-06,2.019265e-09
1.84055978e-06,2.006531e-09
1.84259876e-06,2.038981e-09
1.844594663e-06,1.995903e-09
1.846618453e-06,2.02379e-09
1.848638127e-06,2.019674e-09
1.850657656e-06,2.01953e-09
1.852674229e-06,2.016572e-09
1.854690107e-06,2.015878e-09
1.85670073e-06,2.010623e-09
1.858725367e-06,2.024637e-09
1.860742305e-06,2.016938e-09
1.862762595e-06,2.020291e-09
1.864776585e-06,2.013989e-09
1.86679941e-06,2.022825e-09
1.86880956e-06,2.01015e-09
1.870828348e-06,2.018788e-09
1.872840473e-06,2.012126e-09
1.874872121e-06,2.031647e-09
1.876881903e-06,2.009782e-09
1.878899667e-06,2.017765e-09
1.880942546e-06,2.042879e-09
1.882973222e-06,2.030675e-09
1.885013638e-06,2.040416e-09
1.887059562e-06,2.045924e-09
1.889100307e-06,2.040745e-09
1.891138443e-06,2.038136e-09
1.893191311e-06,2.052868e-09
1.895208637e-06,2.017326e-09
1.897225144e-06,2.016507e-09
1.899264064e-06,2.038921e-09
1.90127804e-06,2.013976e-09
1.903292246e-06,2.014205e-09
1.905326748e-06,2.034502e-09
1.907358391e-06,2.031643e-09
1.909362629e-06,2.004238e-09
1.911374866e-06,2.012237e-09
1.913396043e-06,2.021177e-09
1.915417497e-06,2.021454e-09
1.917445991e-06,2.028494e-09
1.919453899e-06,2.007908e-09
1.921483997e-06,2.030098e-09
1.923511178e-06,2.027181e-09
1.925510096e-06,1.998919e-09
1.927564082e-06,2.053986e-09
1.929570309e-06,2.006227e-09
1.931587227e-06,2.016919e-09
1.933597574e-06,2.010346e-09
1.935613541e-06,2.015967e-09
1.9375793e-06,1.965759e-09
1.939598788e-06,2.019488e-09
1.941577916e-06,1.979129e-09
1.943586844e-06,2.008928e-09
1.945588164e-06,2.00132e-09
1.947602566e-06,2.014403e-09
1.949610056e-06,2.00749e-09
1.951622621e-06,2.012565e-09
1.953655902e-06,2.033281e-09
1.955667973e-06,2.012072e-09
1.957691861e-06,2.023888e-09
1.959709451e-06,2.01759e-09
1.96174133e-06,2.031879e-09
1.963745892e-06,2.004562e-09
1.96576493e-06,2.019039e-09
1.967768794e-06,2.003864e-09
1.96979088e-06,2.022086e-09
1.971815896e-06,2.025016e-09
1.973831879e-06,2.015982e-09
1.975849901e-06,2.018022e-09
1.977881052e-06,2.031151e-09
1.979902708e-06,2.021655e-09
1.981915502e-06,2.012794e-09
1.983921968e-06,2.006466e-09
1.985937011e-06,2.015043e-09
1.987946368e-06,2.009357e-09
1.989983106e-06,2.036738e-09
1.991997001e-06,2.013894e-09
1.994028471e-06,2.03147e-09
1.996045977e-06,2.017506e-09
1.99806098e-06,2.015002e-09
2.00007315e-06,2.01217e-09
2.002103084e-06,2.029934e-09
2.0041195e-06,2.016416e-09
2.00615969e-06,2.040191e-09
2.008181979e-06,2.022288e-09
2.01023004e-06,2.048062e-09
2.012276273e-06,2.046232e-09
2.014329103e-06,2.052831e-09
2.016363557e-06,2.034453e-09
2.018405748e-06,2.042191e-09
2.020432928e-06,2.02718e-09
2.022473663e-06,2.040735e-09
2.024488136e-06,2.014473e-09
2.026510524e-06,2.022388e-09
2.028528312e-06,2.017787e-09
2.030551624e-06,2.023312e-09
2.032562493e-06,2.010869e-09
2.034582962e-06,2.020469e-09
2.036635766e-06,2.052805e-09
2.038641147e-06,2.005381e-09
2.040653684e-06,2.012537e-09
2.042671749e-06,2.018065e-09
2.044706732e-06,2.034983e-09
2.046738393e-06,2.031661e-09
2.0487411e-06,2.002707e-09
2.050772594e-06,2.031494e-09
2.052807328e-06,2.034734e-09
2.054811874e-06,2.004546e-09
2.056827655e-06,2.015781e-09
2.058855601e-06,2.027946e-09
2.060877333e-06,2.021731e-09
2.06289554e-06,2.018208e-09
2.064909226e-06,2.013685e-09
2.066883163e-06,1.973937e-09
2.068898555e-06,2.015392e-09
2.070878021e-06,1.979466e-09
2.072889365e-06,2.011344e-09
2.074870257e-06,1.980892e-09
2.076898585e-06,2.028328e-09
2.078920795e-06,2.02221e-09
2.080927959e-06,2.007165e-09
2.082945796e-06,2.017836e-09
2.084983895e-06,2.038099e-09
2.087002591e-06,2.018696e-09
2.089019041e-06,2.016451e-09
2.091028334e-06,2.009293e-09
2.093058611e-06,2.030277e-09
2.095078113e-06,2.019503e-09
2.097090951e-06,2.012837e-09
2.099107985e-06,2.017034e-09
2.101134677e-06,2.026692e-09
2.103151484e-06,2.016807e-09
2.10516106e-06,2.009576e-09
2.107178483e-06,2.017423e-09
2.109221672e-06,2.043189e-09
2.111227072e-06,2.0054e-09
2.113245035e-06,2.017964e-09
2.115266884e-06,2.021849e-09
2.117298924e-06,2.03204e-09
2.119312752e-06,2.013828e-09
2.121322676e-06,2.009924e-09
2.123351256e-06,2.028579e-09
2.125385155e-06,2.033899e-09
2.127405194e-06,2.020039e-09
2.129444219e-06,2.039024e-09
2.131457942e-06,2.013723e-09
2.133507005e-06,2.049064e-09
2.135562838e-06,2.055833e-09
2.137595519e-06,2.032681e-09
2.139642185e-06,2.046666e-09
2.141686898e-06,2.044713e-09
2.143730828e-06,2.04393e-09
2.14575601e-06,2.025183e-09
2.147801268e-06,2.045258e-09
2.149806004e-06,2.004736e-09
2.151830015e-06,2.024011e-09
2.153845606e-06,2.015592e-09
2.15587538e-06,2.029773e-09
2.157903836e-06,2.028456e-09
2.159920418e-06,2.016583e-09
2.161957757e-06,2.037339e-09
2.163958078e-06,2.00032e-09
2.165989876e-06,2.031798e-09
2.168016381e-06,2.026505e-09
2.170033695e-06,2.017313e-09
2.172060089e-06,2.026394e-09
2.17408416e-06,2.024071e-09
2.176109623e-06,2.025463e-09
2.178141973e-06,2.032349e-09
2.180136664e-06,1.994692e-09
2.182163752e-06,2.027088e-09
2.184184383e-06,2.020631e-09
2.186200824e-06,2.01644e-09
2.188215057e-06,2.014233e-09
2.190256253e-06,2.041196e-09
2.192270049e-06,2.013796e-09
2.194290136e-06,2.020087e-09
2.196259943e-06,1.969807e-09
2.198260781e-06,2.000838e-09
2.200259151e-06,1.998371e-09
2.202273788e-06,2.014637e-09
2.204249647e-06,1.975859e-09
2.206297578e-06,2.047931e-09
2.208296775e-06,1.999197e-09
2.210314504e-06,2.01773e-09
2.212347511e-06,2.033007e-09
2.214372104e-06,2.024593e-09
2.216394757e-06,2.022653e-09
2.218407821e-06,2.013064e-09
2.220430591e-06,2.02277e-09
2.222464326e-06,2.033735e-09
2.224466376e-06,2.002051e-09
2.226482866e-06,2.01649e-09
2.228505724e-06,2.022858e-09
2.23054186e-06,2.036136e-09
2.232540819e-06,1.998959e-09
2.234569351e-06,2.028532e-09
2.23659924e-06,2.029889e-09
2.238639812e-06,2.040572e-09
2.240652444e-06,2.012633e-09
2.242661966e-06,2.009521e-09
2.244694305e-06,2.032339e-09
2.246718076e-06,2.023772e-09
2.248726391e-06,2.008314e-09
2.250770123e-06,2.043733e-09
2.252796091e-06,2.025967e-09
2.254808295e-06,2.012205e-09
2.256846083e-06,2.037787e-09
2.258871051e-06,2.024969e-09
2.26089666e-06,2.025608e-09
2.262926639e-06,2.029979e-09
2.264956718e-06,2.030079e-09
2.266971468e-06,2.01475e-09
2.268990965e-06,2.019497e-09
2.271007393e-06,2.016428e-09
2.273039094e-06,2.031701e-09
2.27504663e-06,2.007535e-09
2.277067765e-06,2.021135e-09
2.279115356e-06,2.047591e-09
2.281114706e-06,1.99935e-09
2.283151362e-06,2.036657e-09
2.285192077e-06,2.040714e-09
2.28720485e-06,2.012773e-09
2.289238145e-06,2.033295e-09
2.291249566e-06,2.01142e-09
2.293290698e-06,2.041132e-09
2.295302909e-06,2.012211e-09
2.297334912e-06,2.032003e-09
2.299348666e-06,2.013754e-09
2.301381191e-06,2.032525e-09
2.303407272e-06,2.026082e-09
2.305445727e-06,2.038455e-09
2.307461176e-06,2.015448e-09
2.309484108e-06,2.022933e-09
2.311508266e-06,2.024158e-09
2.313536012e-06,2.027746e-09
2.315565558e-06,2.029546e-09
2.317599287e-06,2.033729e-09
2.319625565e-06,2.026278e-09
2.321648792e-06,2.023227e-09
2.323676372e-06,2.027579e-09
2.325712424e-06,2.036052e-09
2.327730892e-06,2.018468e-09
2.329765868e-06,2.034976e-09
2.331786825e-06,2.020957e-09
2.333808938e-06,2.022113e-09
2.335864158e-06,2.05522e-09
2.337880027e-06,2.015869e-09
2.339928507e-06,2.048481e-09
2.341929355e-06,2.000848e-09
2.343973451e-06,2.044096e-09
2.345994789e-06,2.021338e-09
2.348012585e-06,2.017797e-09
2.350055399e-06,2.042814e-09
2.352064304e-06,2.008905e-09
2.354106188e-06,2.041884e-09
2.356127297e-06,2.021109e-09
2.358159417e-06,2.03212e-09
2.360209551e-06,2.050134e-09
2.362217999e-06,2.008447e-09
2.364241737e-06,2.023739e-09
2.366290707e-06,2.04897e-09
2.368306059e-06,2.015352e-09
2.370332982e-06,2.026923e-09
2.372394586e-06,2.061605e-09
2.374396358e-06,2.001772e-09
2.376425219e-06,2.028861e-09
2.378466067e-06,2.040848e-09
2.380487984e-06,2.021917e-09
2.382548362e-06,2.060378e-09
2.384595254e-06,2.046892e-09
2.386644932e-06,2.049678e-09
2.388688629e-06,2.043697e-09
2.390716477e-06,2.027848e-09
2.392752231e-06,2.035754e-09
2.394755177e-06,2.002946e-09
2.396777287e-06,2.02211e-09
2.3987773e-06,2.000014e-09
2.400797999e-06,2.020698e-09
2.402820114e-06,2.022115e-09
2.404850736e-06,2.030622e-09
2.406885293e-06,2.034558e-09
2.408915133e-06,2.029839e-09
2.410970982e-06,2.055849e-09
2.41299316e-06,2.022178e-09
2.415033418e-06,2.040258e-09
2.417057666e-06,2.024249e-09
2.41909332e-06,2.035653e-09
2.421112256e-06,2.018936e-09
2.423140621e-06,2.028365e-09
2.425175088e-06,2.034467e-09
2.427214762e-06,2.039673e-09
2.429237229e-06,2.022467e-09
2.431278459e-06,2.04123e-09
2.4333134e-06,2.034941e-09
2.435337857e-06,2.024458e-09
2.437361035e-06,2.023178e-09
2.439413911e-06,2.052876e-09
2.44143117e-06,2.017258e-09
2.443475954e-06,2.044784e-09
2.445528389e-06,2.052435e-09
2.447548376e-06,2.019987e-09
2.449557371e-06,2.008996e-09
2.451601404e-06,2.044032e-09
2.453628194e-06,2.02679e-09
2.455670841e-06,2.042647e-09
2.45769225e-06,2.021409e-09
2.459737076e-06,2.044825e-09
2.461760446e-06,2.023371e-09
2.463802645e-06,2.042199e-09
2.465854021e-06,2.051376e-09
2.467865312e-06,2.011291e-09
2.469892721e-06,2.027409e-09
2.471921824e-06,2.029103e-09
2.473959498e-06,2.037674e-09
2.476006105e-06,2.046607e-09
2.478028026e-06,2.021921e-09
2.480075277e-06,2.047251e-09
2.482097335e-06,2.022057e-09
2.484134009e-06,2.036674e-09
2.486166628e-06,2.032619e-09
2.488203364e-06,2.036736e-09
2.490234504e-06,2.031139e-09
2.492284162e-06,2.049659e-09
2.4943068e-06,2.022638e-09
2.496336647e-06,2.029847e-09
2.498397942e-06,2.061295e-09
2.500427151e-06,2.02921e-09
2.502450606e-06,2.023455e-09
2.504503505e-06,2.052899e-09
2.506539199e-06,2.035695e-09
2.508598478e-06,2.059279e-09
2.510662855e-06,2.064376e-09
2.512720321e-06,2.057467e-09
2.514785742e-06,2.065421e-09
2.516833603e-06,2.047861e-09
2.518858888e-06,2.025284e-09
2.520889645e-06,2.030757e-09
2.522903259e-06,2.013614e-09
2.524903807e-06,2.000548e-09
2.526916454e-06,2.012647e-09
2.528921409e-06,2.004954e-09
2.53093295e-06,2.011541e-09
2.532973926e-06,2.040977e-09
2.535009046e-06,2.03512e-09
2.537046997e-06,2.037951e-09
2.539101451e-06,2.054454e-09
2.541136257e-06,2.034806e-09
2.543175463e-06,2.039206e-09
2.545209345e-06,2.033882e-09
2.547247044e-06,2.037699e-09
2.549284837e-06,2.037793e-09
2.55130927e-06,2.024433e-09
2.553349328e-06,2.040058e-09
2.555376062e-06,2.026734e-09
2.557426715e-06,2.050653e-09
2.559449517e-06,2.022802e-09
2.561503621e-06,2.054103e-09
2.56352054e-06,2.01692e-09
2.565561931e-06,2.041391e-09
2.567594716e-06,2.032786e-09
2.569648228e-06,2.053512e-09
2.571699782e-06,2.051554e-09
2.57371228e-06,2.012498e-09
2.575743847e-06,2.031568e-09
2.577778684e-06,2.034836e-09
2.579817151e-06,2.038467e-09
2.581862362e-06,2.045211e-09
2.583899796e-06,2.037434e-09
2.585947373e-06,2.047578e-09
2.587971324e-06,2.023951e-09
2.59001508e-06,2.043755e-09
2.592057914e-06,2.042835e-09
2.594091076e-06,2.033162e-09
2.596133139e-06,2.042063e-09
2.598172792e-06,2.039653e-09
2.600210892e-06,2.0381e-09
2.602246131e-06,2.035239e-09
2.604292293e-06,2.046162e-09
2.606332458e-06,2.040165e-09
2.608369382e-06,2.036925e-09
2.610406865e-06,2.037483e-09
2.612447087e-06,2.040221e-09
2.614499446e-06,2.052359e-09
2.616565087e-06,2.065641e-09
2.618580314e-06,2.015227e-09
2.620619336e-06,2.039022e-09
2.622681742e-06,2.062406e-09
2.624709725e-06,2.027983e-09
2.626766888e-06,2.057163e-09
2.628813272e-06,2.046383e-09
2.63084539e-06,2.032119e-09
2.632910095e-06,2.064705e-09
2.63496638e-06,2.056285e-09
2.637027729e-06,2.061349e-09
2.639107198e-06,2.079469e-09
2.641160097e-06,2.052899e-09
2.643214197e-06,2.0541e-09
2.645263577e-06,2.04938e-09
2.647300994e-06,2.037417e-09
2.64932843e-06,2.027436e-09
2.651330931e-06,2.0025e-09
2.653357134e-06,2.026204e-09
2.655343905e-06,1.986771e-09
2.657391191e-06,2.047285e-09
2.65940167e-06,2.010479e-09
2.661422855e-06,2.021185e-09
2.663472285e-06,2.04943e-09
2.665511309e-06,2.039024e-09
2.667569002e-06,2.057693e-09
2.669607157e-06,2.038155e-09
2.671669773e-06,2.062616e-09
2.673694105e-06,2.024332e-09
2.675741421e-06,2.047317e-09
2.67780127e-06,2.059849e-09
2.679820065e-06,2.018795e-09
2.681856836e-06,2.036771e-09
2.683895735e-06,2.038899e-09
2.685941851e-06,2.046116e-09
2.687992084e-06,2.050233e-09
2.6900537e-06,2.061616e-09
2.692068194e-06,2.014494e-09
2.694105e-06,2.036806e-09
2.696161139e-06,2.056138e-09
2.698190634e-06,2.029495e-09
2.700248436e-06,2.057802e-09
2.702305394e-06,2.056958e-09
2.704335644e-06,2.03025e-09
2.706364912e-06,2.029268e-09
2.70840995e-06,2.045038e-09
2.710452585e-06,2.042634e-09
2.71250973e-06,2.057145e-09
2.714543702e-06,2.033973e-09
2.716594737e-06,2.051035e-09
2.718638993e-06,2.044257e-09
2.720698949e-06,2.059956e-09
2.72273258e-06,2.033631e-09
2.724795305e-06,2.062725e-09
2.726820143e-06,2.024838e-09
2.728870725e-06,2.050582e-09
2.730912484e-06,2.04176e-09
2.732963707e-06,2.051223e-09
2.735040479e-06,2.076772e-09
2.737065676e-06,2.025197e-09
2.739100373e-06,2.034697e-09
2.74114736e-06,2.046987e-09
2.743190275e-06,2.042915e-09
2.745244743e-06,2.054468e-09
2.747285437e-06,2.040694e-09
2.749341503e-06,2.056067e-09
2.751379174e-06,2.03767e-09
2.753431052e-06,2.051878e-09
2.755517149e-06,2.086097e-09
2.757549553e-06,2.032404e-09
2.759620167e-06,2.070615e-09
2.761693951e-06,2.073784e-09
2.76375756e-06,2.063609e-09
2.765827991e-06,2.070431e-09
2.76789402e-06,2.066029e-09
2.769958129e-06,2.064109e-09
2.771995298e-06,2.037168e-09
2.774035305e-06,2.040007e-09
2.776084657e-06,2.049352e-09
2.778115976e-06,2.031319e-09
2.78016193e-06,2.045954e-09
2.78216879e-06,2.006859e-09
2.784185417e-06,2.016627e-09
2.786201741e-06,2.016325e-09
2.788239591e-06,2.03785e-09
2.790265855e-06,2.026264e-09
2.792285542e-06,2.019687e-09
2.794341616e-06,2.056074e-09
2.796418907e-06,2.07729e-09
2.798446834e-06,2.027928e-09
2.800487886e-06,2.041052e-09
2.802548666e-06,2.06078e-09
2.804606421e-06,2.057755e-09
2.806632273e-06,2.025852e-09
2.808678149e-06,2.045876e-09
2.810726683e-06,2.048535e-09
2.812776834e-06,2.050151e-09
2.814818098e-06,2.041264e-09
2.816851811e-06,2.033713e-09
2.81890567e-06,2.053859e-09
2.820946529e-06,2.040859e-09
2.822995758e-06,2.049229e-09
2.82505492e-06,2.059162e-09
2.827098316e-06,2.043396e-09
2.829140695e-06,2.042378e-09
2.831198995e-06,2.0583e-09
2.833260326e-06,2.061331e-09
2.83528996e-06,2.029634e-09
2.83735529e-06,2.06533e-09
2.83939784e-06,2.04255e-09
2.841444689e-06,2.04685e-09
2.843494609e-06,2.04992e-09
2.845572068e-06,2.077458e-09
2.84760509e-06,2.033023e-09
2.849650152e-06,2.045061e-09
2.851696022e-06,2.045871e-09
2.853740296e-06,2.044273e-09
2.855795612e-06,2.055316e-09
2.857844869e-06,2.049257e-09
2.859898061e-06,2.053192e-09
2.861949799e-06,2.051738e-09
2.863997342e-06,2.047543e-09
2.866050036e-06,2.052694e-09
2.868113531e-06,2.063494e-09
2.870174537e-06,2.061006e-09
2.872210303e-06,2.035766e-09
2.874264831e-06,2.054528e-09
2.876325348e-06,2.060517e-09
2.878401531e-06,2.076183e-09
2.880439468e-06,2.037938e-09
2.882501143e-06,2.061675e-09
2.884580729e-06,2.079585e-09
2.886650559e-06,2.069831e-09
2.888738267e-06,2.087708e-09
2.890832092e-06,2.093825e-09
2.892865304e-06,2.033213e-09
2.894922303e-06,2.056999e-09
2.896976934e-06,2.054631e-09
2.899018846e-06,2.041913e-09
2.901071118e-06,2.052271e-09
2.903108728e-06,2.03761e-09
2.905148884e-06,2.040157e-09
2.907192202e-06,2.043318e-09
2.90924977e-06,2.057568e-09
2.911275996e-06,2.026225e-09
2.913311592e-06,2.035596e-09
2.915331666e-06,2.020075e-09
2.917353044e-06,2.021378e-09
2.919394972e-06,2.041928e-09
2.921424491e-06,2.02952e-09
2.92345016e-06,2.025669e-09
2.925503453e-06,2.053293e-09
2.927554721e-06,2.051267e-09
2.9296068e-06,2.05208e-09
2.931661519e-06,2.054719e-09
2.933727905e-06,2.066386e-09
2.935769197e-06,2.041292e-09
2.937821818e-06,2.052621e-09
2.939866069e-06,2.044251e-09
2.941919797e-06,2.053728e-09
2.943966175e-06,2.046378e-09
2.946024318e-06,2.058143e-09
2.948083208e-06,2.05889e-09
2.950124109e-06,2.040901e-09
2.952168686e-06,2.044577e-09
2.954235352e-06,2.066666e-09
2.956291944e-06,2.056592e-09
2.958340674e-06,2.04873e-09
2.960387416e-06,2.046742e-09
2.962439182e-06,2.051766e-09
2.964502865e-06,2.063683e-09
2.966564103e-06,2.061238e-09
2.968617047e-06,2.052944e-09
2.970669246e-06,2.052199e-09
2.972720366e-06,2.05112e-09
2.974779393e-06,2.059027e-09
2.976830857e-06,2.051464e-09
2.978897608e-06,2.06675e-09
2.980958694e-06,2.061086e-09
2.983016171e-06,2.057477e-09
2.985080018e-06,2.063847e-09
2.987135307e-06,2.055289e-09
2.989190314e-06,2.055007e-09
2.991243376e-06,2.053062e-09
2.993313227e-06,2.069851e-09
2.995367819e-06,2.054593e-09
2.997421384e-06,2.053565e-09
2.999493069e-06,2.071685e-09
3.001575803e-06,2.082734e-09
3.003611004e-06,2.0352e-09
3.0056868e-06,2.075797e-09
3.007751261e-06,2.064461e-09
3.009832879e-06,2.081618e-09
3.01193653e-06,2.103651e-09
3.014010411e-06,2.073882e-09
3.016084268e-06,2.073857e-09
3.018152063e-06,2.067794e-09
3.020215977e-06,2.063915e-09
3.02230856e-06,2.092582e-09
3.024328334e-06,2.019774e-09
3.026406637e-06,2.078304e-09
3.028430716e-06,2.024078e-09
3.030508916e-06,2.0782e-09
3.032525817e-06,2.016902e-09
3.034575021e-06,2.049203e-09
3.036634595e-06,2.059574e-09
3.038683696e-06,2.049101e-09
3.040737978e-06,2.054282e-09
3.042780272e-06,2.042294e-09
3.044806446e-06,2.026174e-09
3.046834139e-06,2.027693e-09
3.048854996e-06,2.020857e-09
3.050892335e-06,2.037339e-09
3.052935125e-06,2.042791e-09
3.05498229e-06,2.047165e-09
3.057040228e-06,2.057938e-09
3.059099642e-06,2.059414e-09
3.061162288e-06,2.062646e-09
3.063221805e-06,2.059517e-09
3.065294712e-06,2.072907e-09
3.067338363e-06,2.043651e-09
3.069400506e-06,2.062143e-09
3.07145584e-06,2.055334e-09
3.073510356e-06,2.054517e-09
3.07555742e-06,2.047063e-09
3.077632572e-06,2.075152e-09
3.079706268e-06,2.073696e-09
3.081740682e-06,2.034415e-09
3.083792959e-06,2.052276e-09
3.085854152e-06,2.061193e-09
3.087922414e-06,2.068262e-09
3.08999624e-06,2.073826e-09
3.092042682e-06,2.046442e-09
3.094107593e-06,2.064911e-09
3.096179513e-06,2.07192e-09
3.098241564e-06,2.062051e-09
3.100325648e-06,2.084084e-09
3.102359521e-06,2.033872e-09
3.104420333e-06,2.060812e-09
3.10649224e-06,2.071907e-09
3.108549352e-06,2.057112e-09
3.110619881e-06,2.070529e-09
3.112681024e-06,2.061143e-09
3.114754766e-06,2.073742e-09
3.116808778e-06,2.054012e-09
3.118878656e-06,2.069878e-09
3.120951237e-06,2.072581e-09
3.123015381e-06,2.064143e-09
3.1251e-06,2.084619e-09
3.127150064e-06,2.050064e-09
3.129225963e-06,2.075899e-09
3.131306192e-06,2.080229e-09
3.133404508e-06,2.098316e-09
3.135492307e-06,2.087799e-09
3.13757621e-06,2.083904e-09
3.139664115e-06,2.087904e-09
3.141747229e-06,2.083115e-09
3.143823181e-06,2.075952e-09
3.145888824e-06,2.065643e-09
3.147960756e-06,2.071932e-09
3.150009299e-06,2.048542e-09
3.152079053e-06,2.069754e-09
3.154119865e-06,2.040813e-09
3.156186863e-06,2.066997e-09
3.158244242e-06,2.057379e-09
3.160299371e-06,2.055129e-09
3.162385943e-06,2.086572e-09
3.164419404e-06,2.033461e-09
3.166479359e-06,2.059955e-09
3.168531328e-06,2.051969e-09
3.170591114e-06,2.059786e-09
3.172641053e-06,2.049939e-09
3.174682774e-06,2.041721e-09
3.176720482e-06,2.037708e-09
3.178745359e-06,2.024876e-09
3.180791006e-06,2.045647e-09
3.182811124e-06,2.020118e-09
3.184862583e-06,2.051459e-09
3.186948148e-06,2.085565e-09
3.18898111e-06,2.032962e-09
3.191042153e-06,2.061043e-09
3.19311585e-06,2.073697e-09
3.195179342e-06,2.063492e-09
3.197255719e-06,2.076378e-09
3.199304552e-06,2.048833e-09
3.201367846e-06,2.063294e-09
3.203430244e-06,2.062398e-09
3.205491761e-06,2.061516e-09
3.207551938e-06,2.060178e-09
3.209623282e-06,2.071344e-09
3.211697474e-06,2.074192e-09
3.213750719e-06,2.053245e-09
3.215807016e-06,2.056297e-09
3.217875933e-06,2.068917e-09
3.219949419e-06,2.073487e-09
3.22203988e-06,2.09046e-09
3.224092284e-06,2.052404e-09
3.22615872e-06,2.066437e-09
3.228228034e-06,2.069314e-09
3.230303745e-06,2.075711e-09
3.232369744e-06,2.065998e-09
3.234443323e-06,2.073579e-09
3.2365147e-06,2.071377e-09
3.238587611e-06,2.072911e-09
3.240654396e-06,2.066784e-09
3.242730134e-06,2.075739e-09
3.244807582e-06,2.077447e-09
3.24689006e-06,2.082478e-09
3.248955556e-06,2.065496e-09
3.251037044e-06,2.081489e-09
3.253102506e-06,2.065461e-09
3.255187957e-06,2.085451e-09
3.257270303e-06,2.082346e-09
3.259382631e-06,2.112328e-09
3.261479035e-06,2.096404e-09
3.263563143e-06,2.084109e-09
3.265689943e-06,2.126799e-09
3.267768073e-06,2.07813e-09
3.269841706e-06,2.073634e-09
3.271904367e-06,2.06266e-09
3.273963499e-06,2.059132e-09
3.276036441e-06,2.072942e-09
3.278089805e-06,2.053364e-09
3.280160247e-06,2.070442e-09
3.282216569e-06,2.056322e-09
3.284281007e-06,2.064438e-09
3.28638273e-06,2.101723e-09
3.288414075e-06,2.031345e-09
3.290476632e-06,2.062557e-09
3.292545917e-06,2.069285e-09
3.294613857e-06,2.06794e-09
3.296675316e-06,2.061459e-09
3.298735716e-06,2.0604e-09
3.300802891e-06,2.067175e-09
3.302856359e-06,2.053468e-09
3.304921132e-06,2.064773e-09
3.306955546e-06,2.034414e-09
3.309002233e-06,2.046687e-09
3.311030203e-06,2.027969e-09
3.31306991e-06,2.039707e-09
3.315107509e-06,2.037599e-09
3.317175472e-06,2.067963e-09
3.319223424e-06,2.047953e-09
3.321308229e-06,2.084804e-09
3.323367888e-06,2.059659e-09
3.325442258e-06,2.074371e-09
3.327512825e-06,2.070566e-09
3.329597079e-06,2.084254e-09
3.331664472e-06,2.067393e-09
3.333731397e-06,2.066926e-09
3.335799281e-06,2.067884e-09
3.337883833e-06,2.084552e-09
3.339932729e-06,2.048896e-09
3.342009576e-06,2.076847e-09
3.344066758e-06,2.057182e-09
3.346154708e-06,2.08795e-09
3.348211927e-06,2.05722e-09
3.350310043e-06,2.098116e-09
3.352362822e-06,2.052779e-09
3.35443868e-06,2.075857e-09
3.356509984e-06,2.071304e-09
3.358585151e-06,2.075167e-09
3.360665441e-06,2.08029e-09
3.362744601e-06,2.07916e-09
3.364816056e-06,2.071455e-09
3.366914746e-06,2.09869e-09
3.369013415e-06,2.098669e-09
3.371058428e-06,2.045013e-09
3.373141582e-06,2.083154e-09
3.375227027e-06,2.085445e-09
3.377310513e-06,2.083486e-09
3.379396326e-06,2.085813e-09
3.381515523e-06,2.119197e-09
3.383606306e-06,2.090783e-09
3.385709249e-06,2.102943e-09
3.387813767e-06,2.104518e-09
3.389925395e-06,2.111628e-09
3.392035372e-06,2.109977e-09
3.394117442e-06,2.08207e-09
3.396212244e-06,2.094803e-09
3.398262212e-06,2.049967e-09
3.400334691e-06,2.072479e-09
3.402401623e-06,2.066932e-09
3.404471692e-06,2.070069e-09
3.406534413e-06,2.062721e-09
3.408615729e-06,2.081316e-09
3.410677703e-06,2.061973e-09
3.412755105e-06,2.077403e-09
3.414833501e-06,2.078396e-09
3.416905537e-06,2.072036e-09
3.418972619e-06,2.067081e-09
3.421036053e-06,2.063434e-09
3.423100278e-06,2.064226e-09
3.425165309e-06,2.065031e-09
3.427231952e-06,2.066642e-09
3.429303751e-06,2.071799e-09
3.431359122e-06,2.055372e-09
3.433433975e-06,2.074852e-09
3.435490741e-06,2.056767e-09
3.437559233e-06,2.068491e-09
3.439602526e-06,2.043293e-09
3.441651772e-06,2.049246e-09
3.443691961e-06,2.040189e-09
3.445747975e-06,2.056014e-09
3.447780502e-06,2.032527e-09
3.449853403e-06,2.0729e-09
3.451912587e-06,2.059184e-09
3.453989345e-06,2.076758e-09
3.456061303e-06,2.071958e-09
3.458145023e-06,2.08372e-09
3.460221384e-06,2.076361e-09
3.462304624e-06,2.08324e-09
3.464371544e-06,2.06692e-09
3.466449251e-06,2.077706e-09
3.468528377e-06,2.079126e-09
3.470610893e-06,2.082515e-09
3.472673251e-06,2.062359e-09
3.47475736e-06,2.084109e-09
3.476832123e-06,2.074763e-09
3.478916007e-06,2.083884e-09
3.480999075e-06,2.083068e-09
3.483092348e-06,2.093273e-09
3.485173202e-06,2.080854e-09
3.48725452e-06,2.081318e-09
3.489358372e-06,2.103852e-09
3.491444521e-06,2.086149e-09
3.493546487e-06,2.101966e-09
3.495601753e-06,2.055266e-09
3.497688726e-06,2.086973e-09
3.499791393e-06,2.102668e-09
3.501865594e-06,2.074201e-09
3.503967488e-06,2.101894e-09
3.506088288e-06,2.1208e-09
3.5081654e-06,2.077111e-09
3.510284843e-06,2.119443e-09
3.512401699e-06,2.116856e-09
3.51451302e-06,2.11132e-09
3.516627251e-06,2.114231e-09
3.518750879e-06,2.123628e-09
3.520810442e-06,2.059563e-09
3.522912472e-06,2.10203e-09
3.524981587e-06,2.069116e-09
3.527040426e-06,2.058838e-09
3.529116252e-06,2.075826e-09
3.531182451e-06,2.066199e-09
3.533280626e-06,2.098175e-09
3.535343919e-06,2.063293e-09
3.537418347e-06,2.074427e-09
3.539493142e-06,2.074795e-09
3.541579419e-06,2.086277e-09
3.543661717e-06,2.082298e-09
3.545736807e-06,2.07509e-09
3.547808947e-06,2.07214e-09
3.54987733e-06,2.068383e-09
3.55196971e-06,2.09238e-09
3.554037388e-06,2.067677e-09
3.556091057e-06,2.053669e-09
3.558161366e-06,2.070309e-09
3.5602384e-06,2.077033e-09
3.562309093e-06,2.070693e-09
3.564372851e-06,2.063758e-09
3.566445407e-06,2.072557e-09
3.568511583e-06,2.066176e-09
3.570581008e-06,2.069425e-09
3.572644243e-06,2.063234e-09
3.574681101e-06,2.036859e-09
3.576760613e-06,2.079512e-09
3.578788531e-06,2.027918e-09
3.580864584e-06,2.076053e-09
3.582896673e-06,2.032089e-09
3.584983019e-06,2.086345e-09
3.587061866e-06,2.078847e-09
3.58915481e-06,2.092944e-09
3.591241169e-06,2.086359e-09
3.593332772e-06,2.091604e-09
3.595402379e-06,2.069607e-09
3.597478872e-06,2.076493e-09
3.599566245e-06,2.087373e-09
3.601636455e-06,2.07021e-09
3.603716682e-06,2.080227e-09
3.605796065e-06,2.079383e-09
3.607894678e-06,2.098613e-09
3.609970627e-06,2.075949e-09
3.612064173e-06,2.093546e-09
3.61417963e-06,2.115457e-09
3.616256332e-06,2.076702e-09
3.618345089e-06,2.088757e-09
3.620446091e-06,2.101002e-09
3.622567441e-06,2.12135e-09
3.624632511e-06,2.06507e-09
3.626735553e-06,2.103042e-09
3.628831063e-06,2.095509e-09
3.63094153e-06,2.110468e-09
3.633052727e-06,2.111197e-09
3.635177589e-06,2.124861e-09
3.637300009e-06,2.12242e-09
3.639397636e-06,2.097628e-09
3.641506465e-06,2.108828e-09
3.643581976e-06,2.075511e-09
3.645655272e-06,2.073296e-09
3.6477268e-06,2.071528e-09
3.649827277e-06,2.100477e-09
3.651933836e-06,2.10656e-09
3.654008284e-06,2.074448e-09
3.656124862e-06,2.116577e-09
3.658237351e-06,2.11249e-09
3.660388924e-06,2.151573e-09
3.662483843e-06,2.094919e-09
3.664617867e-06,2.134025e-09
3.666708366e-06,2.090499e-09
3.668824193e-06,2.115826e-09
3.670930483e-06,2.10629e-09
3.673059296e-06,2.128813e-09
3.675141001e-06,2.081706e-09
3.677281837e-06,2.140836e-09
3.679373743e-06,2.091906e-09
3.681494319e-06,2.120576e-09
3.683624329e-06,2.13001e-09
3.685737346e-06,2.113017e-09
3.687847781e-06,2.110435e-09
3.689976663e-06,2.128882e-09
3.692095576e-06,2.118913e-09
3.69422639e-06,2.130814e-09
3.696347635e-06,2.121245e-09
3.698476694e-06,2.129059e-09
3.700597092e-06,2.120398e-09
3.702728577e-06,2.131485e-09
3.704845112e-06,2.116536e-09
3.706977983e-06,2.13287e-09
3.709101788e-06,2.123805e-09
3.711241476e-06,2.139689e-09
3.713367088e-06,2.125612e-09
3.715501754e-06,2.134666e-09
3.717631887e-06,2.130134e-09
3.719767195e-06,2.135307e-09
3.721899887e-06,2.132693e-09
3.724037339e-06,2.137452e-09
3.726182621e-06,2.145282e-09
3.728309193e-06,2.126572e-09
3.730439243e-06,2.13005e-09
3.732589635e-06,2.150392e-09
3.734717827e-06,2.128192e-09
3.7368609e-06,2.143073e-09
3.73899179e-06,2.13089e-09
3.741136979e-06,2.145189e-09
3.743274607e-06,2.137628e-09
3.745423411e-06,2.148804e-09
3.747568642e-06,2.145231e-09
3.749714474e-06,2.145831e-09
3.751857125e-06,2.142651e-09
3.754006093e-06,2.148968e-09
3.756157347e-06,2.151254e-09
3.758314265e-06,2.156918e-09
3.760473795e-06,2.15953e-09
3.762641024e-06,2.16723e-09
3.764803826e-06,2.162801e-09
3.766976804e-06,2.172979e-09
3.769085836e-06,2.109032e-09
3.77122765e-06,2.141814e-09
3.773340305e-06,2.112655e-09
3.775441931e-06,2.101626e-09
3.777523258e-06,2.081327e-09
3.779629032e-06,2.105774e-09
3.781712789e-06,2.083757e-09
3.783824638e-06,2.111849e-09
3.785952392e-06,2.127754e-09
3.788094328e-06,2.141936e-09
3.790246897e-06,2.152569e-09
3.792414343e-06,2.167446e-09
3.794576274e-06,2.161931e-09
3.796706517e-06,2.130243e-09
3.79884729e-06,2.140773e-09
3.800989265e-06,2.141976e-09
3.80313167e-06,2.142405e-09
3.805268427e-06,2.136757e-09
3.807402684e-06,2.134256e-09
3.809546126e-06,2.143442e-09
3.811704184e-06,2.158058e-09
3.813831946e-06,2.127762e-09
3.815984094e-06,2.152149e-09
3.818139838e-06,2.155744e-09
3.820288692e-06,2.148854e-09
3.822444052e-06,2.15536e-09
3.82459455e-06,2.150497e-09
3.826780048e-06,2.185498e-09
3.828902198e-06,2.12215e-09
3.831061731e-06,2.159533e-09
3.833214179e-06,2.152448e-09
3.835364727e-06,2.150549e-09
3.837528217e-06,2.163489e-09
3.839688257e-06,2.16004e-09
3.841869314e-06,2.181057e-09
3.844015646e-06,2.146333e-09
3.846161226e-06,2.14558e-09
3.848338058e-06,2.176831e-09
3.850503217e-06,2.16516e-09
3.852682821e-06,2.179603e-09
3.854834446e-06,2.151625e-09
3.857010777e-06,2.176331e-09
3.859171035e-06,2.160258e-09
3.861336651e-06,2.165616e-09
3.863495455e-06,2.158804e-09
3.865695729e-06,2.200274e-09
3.867837293e-06,2.141564e-09
3.870012896e-06,2.175603e-09
3.872200105e-06,2.187209e-09
3.874373474e-06,2.173369e-09
3.876550115e-06,2.17664e-09
3.878724101e-06,2.173987e-09
3.880898537e-06,2.174435e-09
3.883118321e-06,2.219784e-09
3.885287608e-06,2.169287e-09
3.887512163e-06,2.224555e-09
3.889682931e-06,2.170768e-09
3.891862548e-06,2.179617e-09
3.89402398e-06,2.161432e-09
3.896174434e-06,2.150454e-09
3.898324587e-06,2.150153e-09
3.900457629e-06,2.133043e-09
3.902579625e-06,2.121996e-09
3.904718876e-06,2.139251e-09
3.906842834e-06,2.123957e-09
3.908982873e-06,2.14004e-09
3.911118358e-06,2.135485e-09
3.913245134e-06,2.126776e-09
3.91536675e-06,2.121616e-09
3.917484047e-06,2.117297e-09
3.919604853e-06,2.120806e-09
3.921730692e-06,2.125839e-09
3.923869506e-06,2.138815e-09
3.926026545e-06,2.157038e-09
3.928190648e-06,2.164103e-09
3.930365324e-06,2.174676e-09
3.932528593e-06,2.16327e-09
3.934702568e-06,2.173975e-09
3.936880733e-06,2.178165e-09
3.939022073e-06,2.14134e-09
3.941175296e-06,2.153223e-09
3.943351589e-06,2.176293e-09
3.945506575e-06,2.154986e-09
3.947686221e-06,2.179646e-09
3.94985323e-06,2.167009e-09
3.952001904e-06,2.148674e-09
3.954171761e-06,2.169857e-09
3.956353741e-06,2.18198e-09
3.958529919e-06,2.176178e-09
3.960706003e-06,2.176084e-09
3.962904673e-06,2.19867e-09
3.965075206e-06,2.170533e-09
3.967269117e-06,2.193912e-09
3.969427465e-06,2.158348e-09
3.971617331e-06,2.189866e-09
3.973787482e-06,2.170151e-09
3.975991334e-06,2.203852e-09
3.978178827e-06,2.187493e-09
3.98036147e-06,2.182643e-09
3.982562501e-06,2.201032e-09
3.984759758e-06,2.197257e-09
3.986978354e-06,2.218596e-09
3.98915303e-06,2.174676e-09
3.991369617e-06,2.216587e-09
3.993538897e-06,2.16928e-09
3.995767546e-06,2.228648e-09
3.997933456e-06,2.165911e-09
4.000146832e-06,2.213376e-09
4.00235794e-06,2.211107e-09
4.004547878e-06,2.189938e-09
4.006768234e-06,2.220356e-09
4.009001511e-06,2.233277e-09
4.011204325e-06,2.202814e-09
4.013410945e-06,2.20662e-09
4.0156349e-06,2.223955e-09
4.017841017e-06,2.206118e-09
4.01999637e-06,2.155353e-09
4.022177379e-06,2.181009e-09
4.024325596e-06,2.148217e-09
4.026481785e-06,2.156189e-09
4.028652447e-06,2.170662e-09
4.030797012e-06,2.144565e-09
4.032946944e-06,2.149932e-09
4.035137083e-06,2.190138e-09
4.037274189e-06,2.137106e-09
4.03943527e-06,2.161081e-09
4.041590919e-06,2.155649e-09
4.043755095e-06,2.164176e-09
4.045895106e-06,2.140012e-09
4.048050664e-06,2.155557e-09
4.050190082e-06,2.139419e-09
4.052325108e-06,2.135026e-09
4.054444102e-06,2.118994e-09
4.056574051e-06,2.129949e-09
4.058699102e-06,2.125051e-09
4.060838741e-06,2.13964e-09
4.062997815e-06,2.159074e-09
4.065170036e-06,2.172221e-09
4.06735894e-06,2.188904e-09
4.069536503e-06,2.177562e-09
4.071746788e-06,2.210285e-09
4.073921269e-06,2.174481e-09
4.076108609e-06,2.18734e-09
4.078281842e-06,2.173233e-09
4.080455863e-06,2.174021e-09
4.082638014e-06,2.182151e-09
4.084816419e-06,2.178405e-09
4.086988512e-06,2.172093e-09
4.089183495e-06,2.194983e-09
4.091383157e-06,2.199662e-09
4.093590035e-06,2.206878e-09
4.095768998e-06,2.178963e-09
4.097996615e-06,2.227617e-09
4.100200671e-06,2.204056e-09
4.102388438e-06,2.187767e-09
4.104626716e-06,2.238278e-09
4.106819923e-06,2.193208e-09
4.109041358e-06,2.221435e-09
4.11122594e-06,2.184582e-09
4.113460472e-06,2.234532e-09
4.115645155e-06,2.184683e-09
4.117876192e-06,2.231037e-09
4.120104175e-06,2.227983e-09
4.12231333e-06,2.209156e-09
4.124535659e-06,2.222328e-09
4.126768425e-06,2.232766e-09
4.128982317e-06,2.213892e-09
4.131236555e-06,2.254238e-09
4.133458508e-06,2.221953e-09
4.135702912e-06,2.244404e-09
4.137937123e-06,2.234212e-09
4.140174652e-06,2.237528e-09
4.14239009e-06,2.215438e-09
4.144616366e-06,2.226276e-09
4.146797638e-06,2.181272e-09
4.148973034e-06,2.175396e-09
4.1511474e-06,2.174367e-09
4.15332681e-06,2.179409e-09
4.155502736e-06,2.175926e-09
4.157673684e-06,2.170948e-09
4.159858654e-06,2.18497e-09
4.162028868e-06,2.170213e-09
4.164219377e-06,2.19051e-09
4.166385348e-06,2.16597e-09
4.168563318e-06,2.177971e-09
4.170740046e-06,2.176728e-09
4.172907494e-06,2.167448e-09
4.175082182e-06,2.174687e-09
4.177226106e-06,2.143924e-09
4.179382768e-06,2.156662e-09
4.181541554e-06,2.158785e-09
4.183701942e-06,2.160388e-09
4.185853129e-06,2.151187e-09
4.188010026e-06,2.156897e-09
4.190172307e-06,2.162281e-09
4.192319166e-06,2.14686e-09
4.19447398e-06,2.154814e-09
4.196590031e-06,2.116051e-09
4.19873284e-06,2.142809e-09
4.200883593e-06,2.150753e-09
4.203060223e-06,2.176629e-09
4.205243714e-06,2.183491e-09
4.207448582e-06,2.204868e-09
4.209655809e-06,2.207227e-09
4.211855697e-06,2.199888e-09
4.214061006e-06,2.205309e-09
4.216253531e-06,2.192525e-09
4.218450935e-06,2.197404e-09
4.220651305e-06,2.20037e-09
4.222838931e-06,2.187626e-09
4.225037739e-06,2.198809e-09
4.227267207e-06,2.229467e-09
4.229444496e-06,2.177289e-09
4.231690978e-06,2.246481e-09
4.233892359e-06,2.201382e-09
4.236112209e-06,2.21985e-09
4.238344861e-06,2.232652e-09
4.24057839e-06,2.233528e-09
4.242804297e-06,2.225908e-09
4.245038888e-06,2.234591e-09
4.247274751e-06,2.235863e-09
4.249496266e-06,2.221516e-09
4.251740506e-06,2.24424e-09
4.253965046e-06,2.22454e-09
4.256199636e-06,2.23459e-09
4.258467141e-06,2.267505e-09
4.260739717e-06,2.272576e-09
4.262972615e-06,2.232898e-09
4.265203462e-06,2.230847e-09
4.267439426e-06,2.235965e-09
4.269674302e-06,2.234876e-09
4.271888311e-06,2.214009e-09
4.274116196e-06,2.227885e-09
4.276345981e-06,2.229785e-09
4.278598623e-06,2.252642e-09
4.280883619e-06,2.284996e-09
4.28316803e-06,2.284412e-09
4.285440768e-06,2.272737e-09
4.287746418e-06,2.305651e-09
4.290018496e-06,2.272078e-09
4.292279493e-06,2.260997e-09
4.29454208e-06,2.262587e-09
4.296826761e-06,2.284681e-09
4.299077701e-06,2.25094e-09
4.301345857e-06,2.268156e-09
4.303652509e-06,2.306652e-09
4.305911873e-06,2.259364e-09
4.308226608e-06,2.314735e-09
4.310506307e-06,2.279699e-09
4.312792043e-06,2.285736e-09
4.315110638e-06,2.318595e-09
4.317410753e-06,2.300115e-09
4.319684051e-06,2.273298e-09
4.322001576e-06,2.317525e-09
4.324315739e-06,2.314164e-09
4.326576979e-06,2.26124e-09
4.328899205e-06,2.322226e-09
4.331195659e-06,2.296453e-09
4.333515768e-06,2.320109e-09
4.335836812e-06,2.321045e-09
4.338115534e-06,2.278722e-09
4.340466081e-06,2.350548e-09
4.342777145e-06,2.311064e-09
4.345105375e-06,2.32823e-09
4.347395211e-06,2.289836e-09
4.349711523e-06,2.316312e-09
4.352057881e-06,2.346357e-09
4.35439572e-06,2.337839e-09
4.356690437e-06,2.294718e-09
4.359041649e-06,2.351212e-09
4.361364801e-06,2.323151e-09
4.363678386e-06,2.313585e-09
4.366029444e-06,2.351058e-09
4.368352288e-06,2.322844e-09
4.370704797e-06,2.352509e-09
4.373055888e-06,2.351091e-09
4.375414563e-06,2.358676e-09
4.377721712e-06,2.307148e-09
4.380090601e-06,2.36889e-09
4.382458801e-06,2.368199e-09
4.384776595e-06,2.317794e-09
4.38713198e-06,2.355385e-09
4.389487254e-06,2.355274e-09
4.391828248e-06,2.340994e-09
4.394151183e-06,2.322935e-09
4.396439329e-06,2.288145e-09
4.398706532e-06,2.267204e-09
4.40094875e-06,2.242218e-09
4.403203142e-06,2.254392e-09
4.405462297e-06,2.259155e-09
4.407727287e-06,2.26499e-09
4.409970702e-06,2.243414e-09
4.412229712e-06,2.25901e-09
4.414512929e-06,2.283217e-09
4.416787821e-06,2.274893e-09
4.419079202e-06,2.291381e-09
4.421359507e-06,2.280305e-09
4.423670876e-06,2.311369e-09
4.426016066e-06,2.34519e-09
4.428381551e-06,2.365485e-09
4.430673337e-06,2.291785e-09
4.432996435e-06,2.323098e-09
4.435357033e-06,2.360598e-09
4.437648484e-06,2.291452e-09
4.439947842e-06,2.299358e-09
4.442272918e-06,2.325075e-09
4.444621921e-06,2.349003e-09
4.446949386e-06,2.327465e-09
4.449283154e-06,2.333768e-09
4.451646736e-06,2.363582e-09
4.453966283e-06,2.319547e-09
4.456346792e-06,2.380509e-09
4.458677426e-06,2.330635e-09
4.461055876e-06,2.37845e-09
4.463384815e-06,2.328939e-09
4.465750891e-06,2.366076e-09
4.46809914e-06,2.348248e-09
4.470458943e-06,2.359804e-09
4.472828787e-06,2.369843e-09
4.475196741e-06,2.367954e-09
4.477578925e-06,2.382184e-09
4.479972542e-06,2.393617e-09
4.482322213e-06,2.349672e-09
4.484731447e-06,2.409234e-09
4.487082386e-06,2.350939e-09
4.489493992e-06,2.411605e-09
4.491844001e-06,2.35001e-09
4.494269318e-06,2.425317e-09
4.496636197e-06,2.366879e-09
4.499044359e-06,2.408163e-09
4.501435917e-06,2.391558e-09
4.50382136e-06,2.385442e-09
4.506232658e-06,2.411298e-09
4.508645492e-06,2.412834e-09
4.511039134e-06,2.393643e-09
4.513456554e-06,2.41742e-09
4.515831359e-06,2.374806e-09
4.518203609e-06,2.37225e-09
4.520537202e-06,2.333593e-09
4.522852032e-06,2.31483e-09
4.525159772e-06,2.30774e-09
4.527471666e-06,2.311894e-09
4.529800391e-06,2.328725e-09
4.532058264e-06,2.257874e-09
4.534373951e-06,2.315687e-09
4.536720159e-06,2.346208e-09
4.539029126e-06,2.308967e-09
4.541332524e-06,2.303398e-09
4.543647112e-06,2.314588e-09
4.545947369e-06,2.300256e-09
4.548228892e-06,2.281523e-09
4.55047506e-06,2.246168e-09
4.552769231e-06,2.294171e-09
4.555033863e-06,2.264632e-09
4.557306738e-06,2.272875e-09
4.559543418e-06,2.23668e-09
4.561794827e-06,2.251409e-09
4.564065715e-06,2.270887e-09
4.566378421e-06,2.312706e-09
4.568679619e-06,2.301198e-09
4.57096437e-06,2.284751e-09
4.573307861e-06,2.34349e-09
4.575698799e-06,2.390938e-09
4.578029858e-06,2.331059e-09
4.580378045e-06,2.348188e-09
4.582732467e-06,2.354422e-09
4.585078712e-06,2.346245e-09
4.587411168e-06,2.332456e-09
4.589774497e-06,2.363328e-09
4.592126961e-06,2.352465e-09
4.594449603e-06,2.322642e-09
4.596807752e-06,2.358149e-09
4.599206332e-06,2.39858e-09
4.601590322e-06,2.38399e-09
4.603985197e-06,2.394875e-09
4.60635181e-06,2.366613e-09
4.608748578e-06,2.396769e-09
4.611172383e-06,2.423805e-09
4.613561465e-06,2.389082e-09
4.615969859e-06,2.408394e-09
4.618355212e-06,2.385353e-09
4.620759559e-06,2.404347e-09
4.623152404e-06,2.392844e-09
4.62554566e-06,2.393257e-09
4.627968396e-06,2.422736e-09
4.630418627e-06,2.450232e-09
4.63284837e-06,2.429742e-09
4.635306909e-06,2.45854e-09
4.637741536e-06,2.434627e-09
4.640160742e-06,2.419206e-09
4.642547952e-06,2.387209e-09
4.644988981e-06,2.44103e-09
4.647404337e-06,2.415356e-09
4.649873736e-06,2.469399e-09
4.652321764e-06,2.448028e-09
4.654767968e-06,2.446204e-09
4.657237804e-06,2.469836e-09
4.659715355e-06,2.477551e-09
4.662197976e-06,2.482621e-09
4.664652257e-06,2.45428e-09
4.667095727e-06,2.44347e-09
4.669599099e-06,2.503372e-09
4.672028299e-06,2.429201e-09
4.674504826e-06,2.476526e-09
4.676992495e-06,2.487669e-09
4.679483077e-06,2.490582e-09
4.681974669e-06,2.491592e-09
4.684477503e-06,2.502834e-09
4.686970663e-06,2.493161e-09
4.689464058e-06,2.493394e-09
4.691972402e-06,2.508344e-09
4.694470054e-06,2.497652e-09
4.696974566e-06,2.504512e-09
4.69948852e-06,2.513954e-09
4.701989393e-06,2.500873e-09
4.704495718e-06,2.506325e-09
4.706976585e-06,2.480866e-09
4.709507889e-06,2.531304e-09
4.712029514e-06,2.521625e-09
4.714566081e-06,2.536567e-09
4.71710287e-06,2.536789e-09
4.719650509e-06,2.547639e-09
4.722173408e-06,2.522899e-09
4.724709441e-06,2.536033e-09
4.72720092e-06,2.491478e-09
4.729781359e-06,2.580439e-09
4.732311796e-06,2.530437e-09
4.734859475e-06,2.547679e-09
4.737386795e-06,2.527321e-09
4.739948549e-06,2.561754e-09
4.742518044e-06,2.569495e-09
4.745030684e-06,2.51264e-09
4.747590416e-06,2.559731e-09
4.750147903e-06,2.557487e-09
4.752726789e-06,2.578886e-09
4.755284909e-06,2.55812e-09
4.757859657e-06,2.574748e-09
4.760435018e-06,2.575361e-09
4.762990051e-06,2.555033e-09
4.765546408e-06,2.556358e-09
4.768039016e-06,2.492607e-09
4.770524011e-06,2.484995e-09
4.773005893e-06,2.481882e-09
4.775432662e-06,2.426769e-09
4.777847469e-06,2.414807e-09
4.780275238e-06,2.427768e-09
4.78271455e-06,2.439313e-09
4.785150128e-06,2.435578e-09
4.787622343e-06,2.472215e-09
4.790070769e-06,2.448426e-09
4.79246701e-06,2.39624e-09
4.794921797e-06,2.454787e-09
4.797325762e-06,2.403965e-09
4.799758749e-06,2.432987e-09
4.802168529e-06,2.40978e-09
4.804617202e-06,2.448673e-09
4.807100525e-06,2.483323e-09
4.809644627e-06,2.544102e-09
4.81215942e-06,2.514794e-09
4.814682845e-06,2.523425e-09
4.817226027e-06,2.543182e-09
4.819734129e-06,2.508102e-09
4.822256098e-06,2.521969e-09
4.824746368e-06,2.49027e-09
4.827222441e-06,2.476073e-09
4.829746425e-06,2.523984e-09
4.832248715e-06,2.50229e-09
4.834818112e-06,2.569397e-09
4.837356446e-06,2.538334e-09
4.83994306e-06,2.586613e-09
4.842498969e-06,2.55591e-09
4.845063847e-06,2.564878e-09
4.847628858e-06,2.565011e-09
4.850183888e-06,2.555029e-09
4.852757041e-06,2.573154e-09
4.855309841e-06,2.5528e-09
4.857890788e-06,2.580947e-09
4.860468138e-06,2.577349e-09
4.863035415e-06,2.567278e-09
4.86564559e-06,2.610175e-09
4.868263967e-06,2.618377e-09
4.870901495e-06,2.637528e-09
4.87351951e-06,2.618015e-09
4.876115383e-06,2.595872e-09
4.878748637e-06,2.633254e-09
4.881342076e-06,2.59344e-09
4.883980703e-06,2.638627e-09
4.886601433e-06,2.62073e-09
4.889187725e-06,2.586292e-09
4.891778817e-06,2.591092e-09
4.894333574e-06,2.554757e-09
4.896860275e-06,2.526701e-09
4.899345257e-06,2.484982e-09
4.90184509e-06,2.499832e-09
4.904326308e-06,2.481219e-09
4.906816735e-06,2.490427e-09
4.909305762e-06,2.489027e-09
4.911813945e-06,2.508183e-09
4.914279757e-06,2.465812e-09
4.916806063e-06,2.526306e-09
4.919274109e-06,2.468046e-09
4.921767044e-06,2.492935e-09
4.924213179e-06,2.446135e-09
4.926647659e-06,2.43448e-09
4.929092503e-06,2.444844e-09
4.931550025e-06,2.457522e-09
4.933950223e-06,2.400198e-09
4.936392847e-06,2.442624e-09
4.938832042e-06,2.439195e-09
4.941232807e-06,2.400765e-09
4.9436847e-06,2.451893e-09
4.94613421e-06,2.449509e-09
4.94854016e-06,2.40595e-09
4.950971828e-06,2.431668e-09
4.953375927e-06,2.404099e-09
4.955776413e-06,2.400486e-09
4.958180172e-06,2.403759e-09
4.960590254e-06,2.410082e-09
4.962992034e-06,2.40178e-09
4.965483784e-06,2.49175e-09
4.967979579e-06,2.495795e-09
4.970545301e-06,2.565722e-09
4.973081678e-06,2.536377e-09
4.975636967e-06,2.555289e-09
4.978160223e-06,2.523256e-09
4.980707107e-06,2.546884e-09
4.983180817e-06,2.47371e-09
4.9857053e-06,2.524483e-09
4.988247166e-06,2.541866e-09
4.990777876e-06,2.530709e-09
4.993313038e-06,2.535162e-09
4.995865498e-06,2.55246e-09
4.998499633e-06,2.634136e-09
5.001130784e-06,2.631151e-09
5.003739773e-06,2.608989e-09
5.006316201e-06,2.576428e-09
5.008924073e-06,2.607872e-09
5.011524157e-06,2.600083e-09
5.014125003e-06,2.600847e-09
5.016669421e-06,2.544417e-09
5.019212993e-06,2.543572e-09
5.021716893e-06,2.5039e-09
5.02422584e-06,2.508946e-09
5.026739329e-06,2.51349e-09
5.029216127e-06,2.476798e-09
5.031723069e-06,2.506942e-09
5.034219237e-06,2.496169e-09
5.036750911e-06,2.531674e-09
5.03926382e-06,2.512909e-09
5.041791182e-06,2.527362e-09
5.044332426e-06,2.541243e-09
5.046889965e-06,2.557539e-09
5.049504877e-06,2.614912e-09
5.052127234e-06,2.622357e-09
5.054748068e-06,2.620834e-09
5.057364341e-06,2.616273e-09
5.059960378e-06,2.596037e-09
5.062571535e-06,2.611156e-09
5.065210538e-06,2.639003e-09
5.067804198e-06,2.59366e-09
5.070386161e-06,2.581963e-09
5.073011698e-06,2.625537e-09
5.075682665e-06,2.670967e-09
5.078379639e-06,2.696974e-09
5.081030567e-06,2.650929e-09
5.083755387e-06,2.72482e-09
5.086445041e-06,2.689653e-09
5.089135005e-06,2.689964e-09
5.091790236e-06,2.655231e-09
5.094499075e-06,2.708839e-09
5.097200024e-06,2.700949e-09
5.099886778e-06,2.686755e-09
5.102560436e-06,2.673658e-09
5.105328786e-06,2.768349e-09
5.108018179e-06,2.689393e-09
5.110772044e-06,2.753865e-09
5.113514892e-06,2.742848e-09
5.116283665e-06,2.768774e-09
5.119039007e-06,2.755342e-09
5.121773934e-06,2.734927e-09
5.124538736e-06,2.764803e-09
5.127312951e-06,2.774214e-09
5.130031763e-06,2.718813e-09
5.132810258e-06,2.778494e-09
5.135602218e-06,2.79196e-09
5.138370273e-06,2.768055e-09
5.141112594e-06,2.742321e-09
5.143792054e-06,2.67946e-09
5.146487658e-06,2.695604e-09
5.149117992e-06,2.630334e-09
5.151732634e-06,2.614642e-09
5.154288087e-06,2.555454e-09
5.156911118e-06,2.62303e-09
5.159526494e-06,2.615376e-09
5.162175153e-06,2.648659e-09
5.164812309e-06,2.637156e-09
5.167447993e-06,2.635684e-09
5.170040126e-06,2.592134e-09
5.172626567e-06,2.58644e-09
5.175238289e-06,2.611722e-09
5.177750931e-06,2.512642e-09
5.180335153e-06,2.584222e-09
5.182855956e-06,2.520803e-09
5.185399606e-06,2.54365e-09
5.187957479e-06,2.557873e-09
5.190503909e-06,2.54643e-09
5.193048326e-06,2.544417e-09
5.195630755e-06,2.582429e-09
5.198142746e-06,2.511991e-09
5.200711303e-06,2.568557e-09
5.203195769e-06,2.484465e-09
5.205738888e-06,2.543119e-09
5.20824461e-06,2.505722e-09
5.210780284e-06,2.535674e-09
5.213337627e-06,2.557342e-09
5.215963295e-06,2.625669e-09
5.218627885e-06,2.66459e-09
5.221317739e-06,2.689854e-09
5.223981324e-06,2.663585e-09
5.226696237e-06,2.714913e-09
5.229367632e-06,2.671395e-09
5.232024848e-06,2.657216e-09
5.234659273e-06,2.634425e-09
5.237314446e-06,2.655172e-09
5.239960329e-06,2.645883e-09
5.242670485e-06,2.710156e-09
5.245376463e-06,2.705978e-09
5.248128006e-06,2.751543e-09
5.250903597e-06,2.775591e-09
5.253690974e-06,2.787377e-09
5.256475139e-06,2.784165e-09
5.259201272e-06,2.726133e-09
5.261953628e-06,2.752356e-09
5.264671774e-06,2.718146e-09
5.267326722e-06,2.654947e-09
5.270027124e-06,2.700402e-09
5.272667931e-06,2.640807e-09
5.275299057e-06,2.631126e-09
5.277882792e-06,2.583735e-09
5.280551994e-06,2.669201e-09
5.283163603e-06,2.61161e-09
5.285835486e-06,2.671883e-09
5.288476997e-06,2.641511e-09
5.291124919e-06,2.647922e-09
5.293755933e-06,2.631014e-09
5.296389085e-06,2.633153e-09
5.299036948e-06,2.647863e-09
5.301766994e-06,2.730046e-09
5.304521703e-06,2.754709e-09
5.30728528e-06,2.763577e-09
5.310071146e-06,2.785866e-09
5.312872413e-06,2.801267e-09
5.315648142e-06,2.775729e-09
5.318406829e-06,2.758687e-09
5.321140785e-06,2.733956e-09
5.323889677e-06,2.748893e-09
5.326660658e-06,2.770981e-09
5.32947121e-06,2.810552e-09
5.332268186e-06,2.796977e-09
5.335110772e-06,2.842585e-09
5.337976145e-06,2.865373e-09
5.340824086e-06,2.847941e-09
5.343699813e-06,2.875727e-09
5.346537483e-06,2.83767e-09
5.34937328e-06,2.835796e-09
5.352177927e-06,2.804647e-09
5.3550578e-06,2.879873e-09
5.357893191e-06,2.835391e-09
5.3607623e-06,2.86911e-09
5.363663086e-06,2.900786e-09
5.366579041e-06,2.915955e-09
5.369505199e-06,2.926157e-09
5.372426752e-06,2.921553e-09
5.375342597e-06,2.915845e-09
5.378253811e-06,2.911214e-09
5.381153354e-06,2.899543e-09
5.38411451e-06,2.961156e-09
5.387020111e-06,2.905602e-09
5.38992196e-06,2.901848e-09
5.392773863e-06,2.851903e-09
5.395625375e-06,2.851512e-09
5.398402949e-06,2.777574e-09
5.401194003e-06,2.791054e-09
5.403910464e-06,2.716461e-09
5.406680531e-06,2.770067e-09
5.409400784e-06,2.720253e-09
5.412175127e-06,2.774343e-09
5.414935232e-06,2.760105e-09
5.417717153e-06,2.781921e-09
5.42051061e-06,2.793458e-09
5.42324982e-06,2.73921e-09
5.425956197e-06,2.706377e-09
5.428650934e-06,2.694737e-09
5.431312221e-06,2.661288e-09
5.433951676e-06,2.639455e-09
5.436640917e-06,2.689242e-09
5.439317332e-06,2.676415e-09
5.442006039e-06,2.688707e-09
5.444661292e-06,2.655253e-09
5.44737555e-06,2.714258e-09
5.450051746e-06,2.676195e-09
5.452719148e-06,2.667402e-09
5.455343568e-06,2.62442e-09
5.457967257e-06,2.623689e-09
5.460597975e-06,2.630718e-09
5.463240433e-06,2.642458e-09
5.465864624e-06,2.624191e-09
5.468502274e-06,2.637651e-09
5.471155903e-06,2.653629e-09
5.473841142e-06,2.685239e-09
5.476565113e-06,2.723971e-09
5.479343162e-06,2.778049e-09
5.482119165e-06,2.776003e-09
5.484931151e-06,2.811986e-09
5.487765637e-06,2.834485e-09
5.490565295e-06,2.799658e-09
5.493390013e-06,2.824718e-09
5.496178147e-06,2.788134e-09
5.498961798e-06,2.783652e-09
5.501781345e-06,2.819547e-09
5.504590841e-06,2.809495e-09
5.507452398e-06,2.861557e-09
5.510372959e-06,2.920561e-09
5.513228545e-06,2.855586e-09
5.51609368e-06,2.865134e-09
5.518922128e-06,2.828448e-09
5.521670885e-06,2.748757e-09
5.524442e-06,2.771115e-09
5.52712379e-06,2.68179e-09
5.529774267e-06,2.650477e-09
5.532490387e-06,2.71612e-09
5.535235553e-06,2.745166e-09
5.538022055e-06,2.786502e-09
5.540773781e-06,2.751726e-09
5.543546039e-06,2.772257e-09
5.546343642e-06,2.797603e-09
5.549055986e-06,2.712344e-09
5.551739215e-06,2.683229e-09
5.55441027e-06,2.671055e-09
5.557022868e-06,2.612599e-09
5.559712846e-06,2.689978e-09
5.562435517e-06,2.722671e-09
5.565239996e-06,2.804478e-09
5.568103306e-06,2.86331e-09
5.571030975e-06,2.927669e-09
5.57393553e-06,2.904555e-09
5.576881351e-06,2.945821e-09
5.579733976e-06,2.852625e-09
5.582552731e-06,2.818755e-09
5.585395641e-06,2.84291e-09
5.588199641e-06,2.804e-09
5.59104884e-06,2.849199e-09
5.593961311e-06,2.912471e-09
5.596929545e-06,2.968234e-09
5.599938063e-06,3.008518e-09
5.602940847e-06,3.002784e-09
5.605954909e-06,3.014061e-09
5.608945308e-06,2.990399e-09
5.611878445e-06,2.933137e-09
5.614814728e-06,2.936283e-09
5.617772348e-06,2.957621e-09
5.620751111e-06,2.978763e-09
5.623774522e-06,3.023411e-09
5.62681489e-06,3.040368e-09
5.629915283e-06,3.100394e-09
5.633019045e-06,3.103762e-09
5.636081087e-06,3.062042e-09
5.639094853e-06,3.013765e-09
5.642078034e-06,2.983182e-09
5.644983109e-06,2.905075e-09
5.647873621e-06,2.890512e-09
5.650711713e-06,2.838092e-09
5.653594727e-06,2.883014e-09
5.656547702e-06,2.952974e-09
5.659609178e-06,3.061476e-09
5.66273131e-06,3.122132e-09
5.665911289e-06,3.17998e-09
5.669072773e-06,3.161484e-09
5.672187045e-06,3.114272e-09
5.675221607e-06,3.034561e-09
5.678230775e-06,3.009169e-09
5.681209789e-06,2.979013e-09
5.684274022e-06,3.064234e-09
5.687352599e-06,3.078577e-09
5.69048686e-06,3.13426e-09
5.693685925e-06,3.199066e-09
5.696912715e-06,3.22679e-09
5.700131256e-06,3.218541e-09
5.703281867e-06,3.150611e-09
5.70642121e-06,3.139343e-09
5.709505092e-06,3.083883e-09
5.712612569e-06,3.107476e-09
5.715746849e-06,3.134281e-09
5.718950576e-06,3.203727e-09
5.722190529e-06,3.239953e-09
5.725460713e-06,3.270184e-09
5.72871894e-06,3.258227e-09
5.731954319e-06,3.235378e-09
5.735160056e-06,3.205737e-09
5.738378151e-06,3.218095e-09
5.741538415e-06,3.160264e-09
5.744752259e-06,3.213844e-09
5.747997354e-06,3.245096e-09
5.751269935e-06,3.272581e-09
5.754604595e-06,3.33466e-09
5.757906595e-06,3.302e-09
5.761201822e-06,3.295228e-09
5.764459121e-06,3.257299e-09
5.767627776e-06,3.168655e-09
5.770712976e-06,3.0852e-09
5.773808028e-06,3.095051e-09
5.776815548e-06,3.007521e-09
5.779809973e-06,2.994425e-09
5.782901029e-06,3.091056e-09
5.785959582e-06,3.058553e-09
5.78902161e-06,3.062028e-09
5.792112402e-06,3.090792e-09
5.795145204e-06,3.032802e-09
5.79817181e-06,3.026606e-09
5.80114433e-06,2.97252e-09
5.804049276e-06,2.904946e-09
5.80696345e-06,2.914174e-09
5.809899547e-06,2.936097e-09
5.812841287e-06,2.941739e-09
5.815819327e-06,2.97804e-09
5.818752118e-06,2.932792e-09
5.821743639e-06,2.991521e-09
5.824645725e-06,2.902086e-09
5.827567645e-06,2.92192e-09
5.830424025e-06,2.85638e-09
5.833317347e-06,2.893322e-09
5.83614025e-06,2.822903e-09
5.839031227e-06,2.890977e-09
5.841901507e-06,2.87028e-09
5.844811232e-06,2.909726e-09
5.847674604e-06,2.863371e-09
5.850605269e-06,2.930666e-09
5.853570128e-06,2.964859e-09
5.85656672e-06,2.996592e-09
5.859613188e-06,3.046468e-09
5.862706212e-06,3.093024e-09
5.865823164e-06,3.116952e-09
5.868922524e-06,3.09936e-09
5.871974296e-06,3.051773e-09
5.87504794e-06,3.073644e-09
5.878158888e-06,3.110948e-09
5.881267049e-06,3.10816e-09
5.884371763e-06,3.104714e-09
5.887514917e-06,3.143154e-09
5.89066689e-06,3.151973e-09
5.893765325e-06,3.098435e-09
5.896819353e-06,3.054028e-09
5.899822842e-06,3.003489e-09
5.902757627e-06,2.934785e-09
5.905699919e-06,2.942293e-09
5.908648973e-06,2.949054e-09
5.91163728e-06,2.988307e-09
5.914662861e-06,3.025581e-09
5.917671947e-06,3.009086e-09
5.920695806e-06,3.023859e-09
5.923685701e-06,2.989895e-09
5.92662385e-06,2.938149e-09
5.929583811e-06,2.959961e-09
5.93246979e-06,2.885979e-09
5.93534517e-06,2.87538e-09
5.938223501e-06,2.878331e-09
5.941142244e-06,2.918743e-09
5.944105148e-06,2.962904e-09
5.947076837e-06,2.971689e-09
5.950108498e-06,3.031661e-09
5.953200157e-06,3.091659e-09
5.956332101e-06,3.131944e-09
5.95947189e-06,3.139789e-09
5.962609477e-06,3.137587e-09
5.965746073e-06,3.136596e-09
5.968869606e-06,3.123533e-09
5.971974759e-06,3.105153e-09
5.975125211e-06,3.150452e-09
5.978298073e-06,3.172863e-09
5.981523216e-06,3.225142e-09
5.984762461e-06,3.239245e-09
5.98804002e-06,3.277559e-09
5.991307182e-06,3.267162e-09
5.994591595e-06,3.284413e-09
5.997853175e-06,3.261579e-09
6.001123899e-06,3.270724e-09
6.004389051e-06,3.265152e-09
6.007704532e-06,3.315481e-09
6.011005292e-06,3.30076e-09
6.014340329e-06,3.335037e-09
6.01760869e-06,3.268361e-09
6.02082488e-06,3.216189e-09
6.023978532e-06,3.153652e-09
6.027104384e-06,3.125852e-09
6.030157899e-06,3.053514e-09
6.033257461e-06,3.099563e-09
6.036382364e-06,3.124902e-09
6.03950799e-06,3.125626e-09
6.042669255e-06,3.161266e-09
6.045842775e-06,3.17352e-09
6.049020543e-06,3.177767e-09
6.052207677e-06,3.187134e-09
6.055453678e-06,3.246001e-09
6.058729106e-06,3.275428e-09
6.062028856e-06,3.29975e-09
6.065361799e-06,3.332943e-09
6.068688663e-06,3.326864e-09
6.072022523e-06,3.33386e-09
6.075344515e-06,3.321993e-09
6.078671698e-06,3.327183e-09
6.082019847e-06,3.348149e-09
6.085377878e-06,3.358031e-09
6.088795293e-06,3.417416e-09
6.092204348e-06,3.409054e-09
6.095627899e-06,3.423551e-09
6.099104847e-06,3.476949e-09
6.102556132e-06,3.451285e-09
6.10598747e-06,3.431337e-09
6.109415643e-06,3.428173e-09
6.112894206e-06,3.478563e-09
6.116389798e-06,3.495592e-09
6.119870375e-06,3.480577e-09
6.123415607e-06,3.545231e-09
6.126932345e-06,3.516738e-09
6.130509875e-06,3.577531e-09
6.134046182e-06,3.536307e-09
6.137553201e-06,3.507018e-09
6.14104981e-06,3.496609e-09
6.144453755e-06,3.403946e-09
6.147799436e-06,3.345681e-09
6.151105862e-06,3.306425e-09
6.154428502e-06,3.32264e-09
6.157788647e-06,3.360145e-09
6.161277642e-06,3.488995e-09
6.164878159e-06,3.600517e-09
6.168539266e-06,3.661107e-09
6.172177748e-06,3.638481e-09
6.17575196e-06,3.574212e-09
6.179255554e-06,3.503595e-09
6.182709221e-06,3.453666e-09
6.186170953e-06,3.461733e-09
6.189671915e-06,3.500962e-09
6.193305234e-06,3.633318e-09
6.197013091e-06,3.707857e-09
6.200738268e-06,3.725177e-09
6.20444244e-06,3.704172e-09
6.20809705e-06,3.654611e-09
6.211683637e-06,3.586587e-09
6.21528153e-06,3.597893e-09
6.218908474e-06,3.626944e-09
6.222584164e-06,3.67569e-09
6.226318256e-06,3.734092e-09
6.230079307e-06,3.761051e-09
6.233867908e-06,3.788601e-09
6.237647954e-06,3.780046e-09
6.241357398e-06,3.709444e-09
6.245083785e-06,3.726387e-09
6.248768977e-06,3.685191e-09
6.252505249e-06,3.736272e-09
6.256305075e-06,3.799826e-09
6.260127354e-06,3.822278e-09
6.263937729e-06,3.810375e-09
6.267671998e-06,3.734269e-09
6.271318063e-06,3.646064e-09
6.274906843e-06,3.58878e-09
6.278588099e-06,3.681257e-09
6.282356438e-06,3.768338e-09
6.286225535e-06,3.869097e-09
6.290150819e-06,3.925284e-09
6.294064546e-06,3.913727e-09
6.297938441e-06,3.873895e-09
6.301743343e-06,3.804902e-09
6.305483865e-06,3.740522e-09
6.309244056e-06,3.760191e-09
6.313057973e-06,3.813917e-09
6.316998332e-06,3.940359e-09
6.320952542e-06,3.954209e-09
6.324979538e-06,4.026997e-09
6.328919958e-06,3.94042e-09
6.332814138e-06,3.89418e-09
6.336655894e-06,3.841756e-09
6.340529453e-06,3.873559e-09
6.344476136e-06,3.946682e-09
6.348455483e-06,3.979347e-09
6.352467321e-06,4.011839e-09
6.356515014e-06,4.047693e-09
6.360530019e-06,4.015005e-09
6.364548072e-06,4.018052e-09
6.368477429e-06,3.929358e-09
6.37247421e-06,3.996781e-09
6.376490947e-06,4.016737e-09
6.380524795e-06,4.033848e-09
6.384646245e-06,4.12145e-09
6.388670619e-06,4.024374e-09
6.392690773e-06,4.020154e-09
6.396572073e-06,3.8813e-09
6.400440285e-06,3.868212e-09
6.404382181e-06,3.941896e-09
6.408414056e-06,4.031875e-09
6.412598657e-06,4.184601e-09
6.416819282e-06,4.220625e-09
6.421020659e-06,4.201377e-09
6.425098894e-06,4.078235e-09
6.429097647e-06,3.998753e-09
6.433101096e-06,4.003449e-09
6.437175169e-06,4.074073e-09
6.441305346e-06,4.130177e-09
6.44554567e-06,4.240324e-09
6.449807729e-06,4.26206e-09
6.454027733e-06,4.220004e-09
6.458187001e-06,4.159268e-09
6.46230075e-06,4.113749e-09
6.466481134e-06,4.180384e-09
6.470652466e-06,4.171331e-09
6.474911428e-06,4.258962e-09
6.479225067e-06,4.313639e-09
6.483540961e-06,4.315894e-09
6.487829806e-06,4.288846e-09
6.492074132e-06,4.244326e-09
6.496296661e-06,4.222529e-09
6.500567904e-06,4.271243e-09
6.50487976e-06,4.311856e-09
6.509218835e-06,4.339075e-09
6.513551786e-06,4.332951e-09
6.517831614e-06,4.279829e-09
6.52190338e-06,4.071765e-09
6.525880986e-06,3.977607e-09
6.529835969e-06,3.954983e-09
6.533891362e-06,4.055393e-09
6.53819855e-06,4.307187e-09
6.542713956e-06,4.515407e-09
6.547195373e-06,4.481416e-09
6.55157692e-06,4.381547e-09
6.555794232e-06,4.217312e-09
6.559927724e-06,4.133492e-09
6.564101933e-06,4.17421e-09
6.568421917e-06,4.319983e-09
6.572909841e-06,4.487924e-09
6.577535384e-06,4.625543e-09
6.582033992e-06,4.498608e-09
6.586466023e-06,4.432032e-09
6.590791449e-06,4.325425e-09
6.595118122e-06,4.326673e-09
6.599522943e-06,4.404821e-09
6.604083545e-06,4.560602e-09
6.608672911e-06,4.589367e-09
6.613356403e-06,4.683492e-09
6.617910063e-06,4.55366e-09
6.622395496e-06,4.485433e-09
6.626849616e-06,4.45412e-09
6.631356517e-06,4.506901e-09
6.635948109e-06,4.591592e-09
6.640572368e-06,4.62426e-09
6.645025014e-06,4.452646e-09
6.649297532e-06,4.272518e-09
6.653438206e-06,4.140674e-09
6.657492302e-06,4.054096e-09
6.661600721e-06,4.108419e-09
6.665749476e-06,4.148755e-09
6.670065942e-06,4.316467e-09
6.674539342e-06,4.4734e-09
6.679083644e-06,4.544302e-09
6.683595395e-06,4.511752e-09
6.688029439e-06,4.434043e-09
6.692362937e-06,4.333498e-09
6.696736778e-06,4.373841e-09
6.701232537e-06,4.495759e-09
6.705781392e-06,4.548856e-09
6.710474181e-06,4.692789e-09
6.715157522e-06,4.683341e-09
6.719792468e-06,4.634946e-09
6.724400589e-06,4.608122e-09
6.728965665e-06,4.565076e-09
6.733608773e-06,4.643108e-09
6.738321881e-06,4.713108e-09
6.743153982e-06,4.832101e-09
6.747978474e-06,4.824492e-09
6.752765663e-06,4.787189e-09
6.757517501e-06,4.751839e-09
6.762261915e-06,4.744413e-09
6.766910353e-06,4.648438e-09
6.771508206e-06,4.597853e-09
6.775926276e-06,4.418069e-09
6.780278542e-06,4.352267e-09
6.78460494e-06,4.326398e-09
6.788934931e-06,4.329991e-09
6.793271755e-06,4.336824e-09
6.797619748e-06,4.347993e-09
6.801922248e-06,4.302499e-09
6.806209179e-06,4.286931e-09
6.810354499e-06,4.14532e-09
6.814608274e-06,4.253775e-09
6.819020039e-06,4.411765e-09
6.823614954e-06,4.594915e-09
6.828335398e-06,4.720444e-09
6.83303223e-06,4.696832e-09
6.837643371e-06,4.611142e-09
6.8421725e-06,4.529129e-09
6.846706089e-06,4.533589e-09
6.851362748e-06,4.656659e-09
6.85619437e-06,4.831622e-09
6.861092883e-06,4.898512e-09
6.866054644e-06,4.961762e-09
6.870919331e-06,4.864687e-09
6.875700748e-06,4.781417e-09
6.880515966e-06,4.815217e-09
6.885395342e-06,4.879376e-09
6.890329397e-06,4.934055e-09
6.895193459e-06,4.864062e-09
6.899874786e-06,4.681327e-09
6.904344955e-06,4.470168e-09
6.908716691e-06,4.371737e-09
6.913136394e-06,4.419702e-09
6.917652301e-06,4.515907e-09
6.922167888e-06,4.515587e-09
6.926728593e-06,4.560706e-09
6.931121739e-06,4.393146e-09
6.935435358e-06,4.313619e-09
6.939668454e-06,4.233095e-09
6.943890509e-06,4.222056e-09
6.948170546e-06,4.280036e-09
6.952496439e-06,4.325893e-09
6.956865138e-06,4.368699e-09
6.961290205e-06,4.425068e-09
6.96584159e-06,4.551384e-09
6.970445437e-06,4.603847e-09
6.975194418e-06,4.748981e-09
6.979907314e-06,4.712896e-09
6.984641837e-06,4.734523e-09
6.98937854e-06,4.736702e-09
6.99416318e-06,4.78464e-09
6.999011543e-06,4.848364e-09
7.003953692e-06,4.942148e-09
7.008960759e-06,5.007067e-09
7.013947292e-06,4.986533e-09
7.018822787e-06,4.875495e-09
7.023471473e-06,4.648686e-09
7.0279732e-06,4.501727e-09
7.032443688e-06,4.470489e-09
7.037000327e-06,4.556639e-09
7.041624424e-06,4.624098e-09
7.046263158e-06,4.638733e-09
7.050857399e-06,4.594241e-09
7.05531566e-06,4.458261e-09
7.059691041e-06,4.37538e-09
7.064003995e-06,4.312954e-09
7.068353409e-06,4.349415e-09
7.072758641e-06,4.405232e-09
7.07720071e-06,4.442069e-09
7.081631033e-06,4.430323e-09
7.086004832e-06,4.373799e-09
7.090308526e-06,4.303694e-09
7.094576837e-06,4.268311e-09
7.098837062e-06,4.260226e-09
7.103124566e-06,4.287503e-09
7.107605723e-06,4.481158e-09
7.112229514e-06,4.623791e-09
7.117034959e-06,4.805445e-09
7.121884483e-06,4.849524e-09
7.126728591e-06,4.844108e-09
7.131443313e-06,4.714723e-09
7.136203516e-06,4.760203e-09
7.140920988e-06,4.717471e-09
7.145637299e-06,4.716312e-09
7.150338825e-06,4.701526e-09
7.154891895e-06,4.55307e-09
7.159400539e-06,4.508643e-09
7.163892191e-06,4.491652e-09
7.16841108e-06,4.518889e-09
7.172961057e-06,4.549977e-09
7.177509388e-06,4.548331e-09
7.181995648e-06,4.48626e-09
7.186445801e-06,4.450153e-09
7.19084437e-06,4.39857e-09
7.195217107e-06,4.372737e-09
7.199620443e-06,4.403336e-09
7.204024655e-06,4.404212e-09
7.208446241e-06,4.421586e-09
7.212842533e-06,4.396293e-09
7.21721948e-06,4.376947e-09
7.221549531e-06,4.330051e-09
7.225872643e-06,4.323111e-09
7.230185881e-06,4.313239e-09
7.234532028e-06,4.346147e-09
7.238861716e-06,4.329688e-09
7.243224276e-06,4.36256e-09
7.247577384e-06,4.353108e-09
7.252027061e-06,4.449677e-09
7.256626354e-06,4.599293e-09
7.261383349e-06,4.756995e-09
7.266192925e-06,4.809576e-09
7.270847715e-06,4.654791e-09
7.275271455e-06,4.42374e-09
7.279598247e-06,4.326792e-09
7.283810026e-06,4.211779e-09
7.2881891e-06,4.379074e-09
7.292688584e-06,4.499484e-09
7.297323914e-06,4.63533e-09
7.30193189e-06,4.607976e-09
7.306318197e-06,4.386307e-09
7.310614579e-06,4.296383e-09
7.314840319e-06,4.22574e-09
7.31912432e-06,4.284001e-09
7.323507799e-06,4.383478e-09
7.327986097e-06,4.478298e-09
7.332477699e-06,4.491602e-09
7.336877196e-06,4.399497e-09
7.341179533e-06,4.302337e-09
7.345427785e-06,4.248252e-09
7.349663608e-06,4.235823e-09
7.353962166e-06,4.298558e-09
7.358324509e-06,4.362343e-09
7.362735403e-06,4.410894e-09
7.367117428e-06,4.382025e-09
7.371442947e-06,4.325519e-09
7.375720406e-06,4.277459e-09
7.379974478e-06,4.254072e-09
7.384214825e-06,4.240347e-09
7.388496248e-06,4.281423e-09
7.392792447e-06,4.296199e-09
7.397148661e-06,4.356214e-09
7.401463331e-06,4.31467e-09
7.405706373e-06,4.243042e-09
7.409977083e-06,4.27071e-09
7.414285812e-06,4.308729e-09
7.41851412e-06,4.228308e-09
7.422788266e-06,4.274146e-09
7.42707818e-06,4.289914e-09
7.431376483e-06,4.298303e-09
7.435655308e-06,4.278825e-09
7.439948546e-06,4.293238e-09
7.444196255e-06,4.247709e-09
7.448510234e-06,4.313979e-09
7.452740713e-06,4.230479e-09
7.457052073e-06,4.31136e-09
7.4612898e-06,4.237727e-09
7.4655988e-06,4.309e-09
7.469862484e-06,4.263684e-09
7.47410924e-06,4.246757e-09
7.478372593e-06,4.263353e-09
7.482640972e-06,4.268379e-09
7.486917624e-06,4.276652e-09
7.491229942e-06,4.312319e-09
7.495473719e-06,4.243777e-09
7.499760425e-06,4.286706e-09
7.504041319e-06,4.280894e-09
7.508296865e-06,4.255546e-09
7.512536255e-06,4.23939e-09
7.516715739e-06,4.179484e-09
7.520777682e-06,4.061943e-09
7.524748946e-06,3.971264e-09
7.528703081e-06,3.954135e-09
7.532781115e-06,4.078034e-09
7.536933312e-06,4.152197e-09
7.541223224e-06,4.289912e-09
7.54553128e-06,4.308056e-09
7.549786586e-06,4.255306e-09
7.553855205e-06,4.068619e-09
7.557887077e-06,4.031873e-09
7.561938033e-06,4.050956e-09
7.566112812e-06,4.174779e-09
7.570305854e-06,4.193042e-09
7.574643178e-06,4.337324e-09
7.578880217e-06,4.237039e-09
7.583092577e-06,4.21236e-09
7.587273449e-06,4.180872e-09
7.591376024e-06,4.102575e-09
7.595464316e-06,4.088293e-09
7.599673102e-06,4.208786e-09
7.603932469e-06,4.259367e-09
7.60822439e-06,4.291921e-09
7.612487525e-06,4.263135e-09
7.616694666e-06,4.20714e-09
7.62086306e-06,4.168394e-09
7.625028873e-06,4.165813e-09
7.629230884e-06,4.202011e-09
7.633445279e-06,4.214394e-09
7.637729062e-06,4.283784e-09
7.641862389e-06,4.133326e-09
7.645905846e-06,4.043458e-09
7.649839406e-06,3.93356e-09
7.653657371e-06,3.817965e-09
7.657438091e-06,3.78072e-09
7.661343408e-06,3.905317e-09
7.665348166e-06,4.004758e-09
7.669526962e-06,4.178796e-09
7.673748585e-06,4.221623e-09
7.677916377e-06,4.167792e-09
7.681934207e-06,4.01783e-09
7.685886837e-06,3.952629e-09
7.689806145e-06,3.919309e-09
7.693755738e-06,3.949592e-09
7.6978786e-06,4.122863e-09
7.702075988e-06,4.197388e-09
7.706295287e-06,4.219299e-09
7.710463904e-06,4.168617e-09
7.714570984e-06,4.10708e-09
7.718614039e-06,4.043056e-09
7.722601181e-06,3.987141e-09
7.726676104e-06,4.074923e-09
7.730856269e-06,4.180165e-09
7.73506887e-06,4.212601e-09
7.739295547e-06,4.226677e-09
7.74345981e-06,4.164263e-09
7.747613252e-06,4.153442e-09
7.751645443e-06,4.032191e-09
7.755745219e-06,4.099776e-09
7.7599129e-06,4.167681e-09
7.764033515e-06,4.120615e-09
7.768178861e-06,4.145347e-09
7.772160488e-06,3.981627e-09
7.776001674e-06,3.841186e-09
7.779766016e-06,3.764342e-09
7.783492436e-06,3.72642e-09
7.787301274e-06,3.808838e-09
7.791156015e-06,3.85474e-09
7.795138542e-06,3.982527e-09
7.799158815e-06,4.020273e-09
7.803227776e-06,4.068961e-09
7.807254179e-06,4.026403e-09
7.811184495e-06,3.930316e-09
7.815066531e-06,3.882036e-09
7.818964906e-06,3.898374e-09
7.82291879e-06,3.953884e-09
7.826927223e-06,4.008434e-09
7.83102753e-06,4.100307e-09
7.835134266e-06,4.106736e-09
7.839195007e-06,4.060742e-09
7.843211912e-06,4.016905e-09
7.847194208e-06,3.982296e-09
7.851181573e-06,3.987365e-09
7.855218363e-06,4.036789e-09
7.859306918e-06,4.088555e-09
7.863433104e-06,4.126186e-09
7.867577002e-06,4.143898e-09
7.871682028e-06,4.105026e-09
7.875740429e-06,4.058401e-09
7.879822876e-06,4.082447e-09
7.883858162e-06,4.035286e-09
7.887930473e-06,4.072311e-09
7.891950866e-06,4.020393e-09
7.895854877e-06,3.904011e-09
7.899691114e-06,3.836237e-09
7.903474936e-06,3.783822e-09
7.907183794e-06,3.708858e-09
7.910920734e-06,3.73694e-09
7.914670197e-06,3.749462e-09
7.918461415e-06,3.791218e-09
7.922368041e-06,3.906626e-09
7.926305609e-06,3.937568e-09
7.930257671e-06,3.952061e-09
7.934154778e-06,3.897107e-09
7.938070214e-06,3.915436e-09
7.941925689e-06,3.855475e-09
7.945796564e-06,3.870875e-09
7.949672813e-06,3.876249e-09
7.953640602e-06,3.967789e-09
7.957625246e-06,3.984644e-09
7.961656291e-06,4.031045e-09
7.965652625e-06,3.996334e-09
7.96964183e-06,3.989205e-09
7.973570641e-06,3.928811e-09
7.977517383e-06,3.946742e-09
7.981514999e-06,3.997616e-09
7.985492779e-06,3.97778e-09
7.989540294e-06,4.047515e-09
7.993623132e-06,4.082838e-09
7.997665455e-06,4.042324e-09
8.00168212e-06,4.016665e-09
8.005673664e-06,3.991544e-09
8.00966822e-06,3.994556e-09
8.013667629e-06,3.999409e-09
8.017595199e-06,3.92757e-09
8.021438547e-06,3.843348e-09
8.0252001e-06,3.761553e-09
8.02890986e-06,3.70976e-09
8.032606246e-06,3.696386e-09
8.036314589e-06,3.708343e-09
8.040003928e-06,3.68934e-09
8.043752794e-06,3.748866e-09
8.047530589e-06,3.777794e-09
8.051423204e-06,3.892616e-09
8.055275886e-06,3.852682e-09
8.059190459e-06,3.914574e-09
8.063027356e-06,3.836897e-09
8.06685222e-06,3.824864e-09
8.070642405e-06,3.790185e-09
8.074496833e-06,3.854428e-09
8.078387391e-06,3.890558e-09
8.082291356e-06,3.903965e-09
8.08624956e-06,3.958204e-09
8.090202655e-06,3.953095e-09
8.094134627e-06,3.931972e-09
8.098026816e-06,3.892189e-09
8.101961455e-06,3.934639e-09
8.10583626e-06,3.874805e-09
8.109779507e-06,3.943247e-09
8.113765849e-06,3.986342e-09
8.117751498e-06,3.98565e-09
8.121778243e-06,4.026745e-09
8.125713844e-06,3.9356e-09
8.129703579e-06,3.989735e-09
8.133649638e-06,3.94606e-09
8.137555341e-06,3.905703e-09
8.141478475e-06,3.923134e-09
8.145280879e-06,3.802404e-09
8.149043062e-06,3.762183e-09
8.152718542e-06,3.67548e-09
8.15637176e-06,3.653218e-09
8.160030164e-06,3.658403e-09
8.163708825e-06,3.678661e-09
8.167405375e-06,3.69655e-09
8.171172698e-06,3.767322e-09
8.174949726e-06,3.777029e-09
8.178820228e-06,3.870502e-09
8.182655738e-06,3.83551e-09
8.186449766e-06,3.794028e-09
8.190257677e-06,3.807911e-09
8.19402789e-06,3.770213e-09
8.197824685e-06,3.796795e-09
8.201637804e-06,3.81312e-09
8.20554202e-06,3.904215e-09
8.209438834e-06,3.896814e-09
8.213345778e-06,3.906944e-09
8.217231434e-06,3.885656e-09
8.221099494e-06,3.868059e-09
8.224932833e-06,3.833339e-09
8.228786473e-06,3.853641e-09
8.232698947e-06,3.912473e-09
8.23658866e-06,3.889713e-09
8.240531392e-06,3.942732e-09
8.244477295e-06,3.945904e-09
8.248413405e-06,3.936109e-09
8.252336358e-06,3.922953e-09
8.256259079e-06,3.922722e-09
8.260171375e-06,3.912295e-09
8.264024572e-06,3.853197e-09
8.26790767e-06,3.883099e-09
8.271649567e-06,3.741897e-09
8.275331828e-06,3.68226e-09
8.278935065e-06,3.603237e-09
8.282524582e-06,3.589517e-09
8.286166787e-06,3.642206e-09
8.289827687e-06,3.660899e-09
8.293562826e-06,3.735139e-09
8.297367804e-06,3.804978e-09
8.301183789e-06,3.815985e-09
8.305040256e-06,3.856467e-09
8.308803442e-06,3.763186e-09
8.312518987e-06,3.715545e-09
8.316254578e-06,3.735591e-09
8.319997393e-06,3.742815e-09
8.323799296e-06,3.801903e-09
8.327648649e-06,3.849353e-09
8.331513648e-06,3.864999e-09
8.335411543e-06,3.897895e-09
8.339234552e-06,3.823009e-09
8.343081164e-06,3.846611e-09
8.346891776e-06,3.810613e-09
8.350698577e-06,3.806801e-09
8.354543809e-06,3.845232e-09
8.358401218e-06,3.85741e-09
8.362347117e-06,3.945899e-09
8.366235878e-06,3.888761e-09
8.370170482e-06,3.934604e-09
8.374041465e-06,3.870983e-09
8.377876729e-06,3.835264e-09
8.381723656e-06,3.846927e-09
8.385633392e-06,3.909736e-09
8.389466025e-06,3.832633e-09
8.393287624e-06,3.821599e-09
8.397013646e-06,3.726023e-09
8.40062164e-06,3.607993e-09
8.404217476e-06,3.595836e-09
8.40775505e-06,3.537574e-09
8.411384267e-06,3.629217e-09
8.415052354e-06,3.668086e-09
8.41887826e-06,3.825907e-09
8.422735006e-06,3.856746e-09
8.426591211e-06,3.856205e-09
8.430379063e-06,3.787852e-09
8.434072792e-06,3.693729e-09
8.437710647e-06,3.637855e-09
8.441395604e-06,3.684957e-09
8.445170424e-06,3.77482e-09
8.448996297e-06,3.825873e-09
8.452865404e-06,3.869107e-09
8.456737427e-06,3.872023e-09
8.460615071e-06,3.877644e-09
8.46439815e-06,3.783078e-09
8.46814954e-06,3.75139e-09
8.47190966e-06,3.76012e-09
8.475677388e-06,3.767729e-09
8.479565425e-06,3.888036e-09
8.483445293e-06,3.879868e-09
8.487356737e-06,3.911444e-09
8.49123858e-06,3.881843e-09
8.495096707e-06,3.858127e-09
8.498919098e-06,3.82239e-09
8.5027323e-06,3.813203e-09
8.506540196e-06,3.807895e-09
8.510417606e-06,3.87741e-09
8.514246358e-06,3.828752e-09
8.518079141e-06,3.832783e-09
8.521765396e-06,3.686255e-09
8.525343708e-06,3.578312e-09
8.528902204e-06,3.558495e-09
8.532428839e-06,3.526635e-09
8.53610401e-06,3.675171e-09
8.539870615e-06,3.766605e-09
8.54372398e-06,3.853365e-09
8.547650919e-06,3.926939e-09
8.551478854e-06,3.827936e-09
8.555188496e-06,3.709642e-09
8.558836139e-06,3.647643e-09
8.562444603e-06,3.608464e-09
8.566151834e-06,3.707231e-09
8.569925565e-06,3.773731e-09
8.573775398e-06,3.849833e-09
8.577678359e-06,3.902961e-09
8.581573742e-06,3.895383e-09
8.585389512e-06,3.81577e-09
8.5891237e-06,3.734189e-09
8.592849929e-06,3.726228e-09
8.596573717e-06,3.723788e-09
8.600364882e-06,3.791165e-09
8.60426045e-06,3.895568e-09
8.608157718e-06,3.897269e-09
8.612070259e-06,3.91254e-09
8.615914998e-06,3.844739e-09
8.619723021e-06,3.808023e-09
8.623479125e-06,3.756104e-09
8.62724089e-06,3.761765e-09
8.631088046e-06,3.847157e-09
8.634943721e-06,3.855675e-09
8.638805052e-06,3.86133e-09
8.64262472e-06,3.819668e-09
8.646295838e-06,3.671118e-09
8.64986091e-06,3.565072e-09
8.653356976e-06,3.496067e-09
8.656966595e-06,3.609619e-09
8.660689632e-06,3.723036e-09
8.664536902e-06,3.847271e-09
8.668427966e-06,3.891064e-09
8.672346069e-06,3.918104e-09
8.676115663e-06,3.769593e-09
8.679799323e-06,3.68366e-09
8.683387202e-06,3.587879e-09
8.687039945e-06,3.652743e-09
8.690789342e-06,3.749397e-09
8.694617648e-06,3.828306e-09
8.698537987e-06,3.92034e-09
8.702444792e-06,3.906804e-09
8.706271259e-06,3.826467e-09
8.710027769e-06,3.75651e-09
8.713745956e-06,3.718187e-09
8.717446655e-06,3.700698e-09
8.721186699e-06,3.740045e-09
8.72502217e-06,3.83547e-09
8.728886917e-06,3.864747e-09
8.732819194e-06,3.932277e-09
8.736651482e-06,3.832289e-09
8.740501814e-06,3.850331e-09
8.744259495e-06,3.757681e-09
8.748001917e-06,3.742422e-09
8.75177597e-06,3.774053e-09
8.755619594e-06,3.843624e-09
8.759509329e-06,3.889735e-09
8.763362337e-06,3.853008e-09
8.767136871e-06,3.774534e-09
8.770794394e-06,3.657524e-09
8.774341685e-06,3.54729e-09
8.777937081e-06,3.595396e-09
8.781635995e-06,3.698914e-09
8.78543537e-06,3.799375e-09
8.789337526e-06,3.902156e-09
8.793256341e-06,3.918815e-09
8.797094253e-06,3.837912e-09
8.800833821e-06,3.739568e-09
8.804505441e-06,3.67162e-09
8.808163757e-06,3.658316e-09
8.811860752e-06,3.696995e-09
8.815657712e-06,3.79696e-09
8.819525901e-06,3.868189e-09
8.823399872e-06,3.873971e-09
8.827308226e-06,3.908354e-09
8.831110165e-06,3.801938e-09
8.834841539e-06,3.731374e-09
8.838533803e-06,3.692264e-09
8.842285755e-06,3.751952e-09
8.846091277e-06,3.805522e-09
8.849938011e-06,3.846734e-09
8.853793776e-06,3.855765e-09
8.857704355e-06,3.91058e-09
8.861504843e-06,3.800488e-09
8.865298314e-06,3.79347e-09
8.869048712e-06,3.750398e-09
8.87281402e-06,3.765308e-09
8.876611485e-06,3.797465e-09
8.880422587e-06,3.811102e-09
8.884297554e-06,3.874967e-09
8.888155767e-06,3.858213e-09
8.891935071e-06,3.779304e-09
8.895605956e-06,3.670885e-09
8.899249082e-06,3.643126e-09
8.902930313e-06,3.681231e-09
8.906714889e-06,3.784576e-09
8.910568809e-06,3.85392e-09
8.914468843e-06,3.900034e-09
8.918335735e-06,3.866892e-09
8.922118969e-06,3.783233e-09
8.92586563e-06,3.746662e-09
8.929529862e-06,3.664232e-09
8.933242949e-06,3.713087e-09
8.93704642e-06,3.803472e-09
8.940879052e-06,3.832631e-09
8.9447549e-06,3.875849e-09
8.948624036e-06,3.869136e-09
8.952421841e-06,3.797805e-09
8.956222259e-06,3.800418e-09
8.959960919e-06,3.73866e-09
8.963709938e-06,3.749019e-09
8.967509474e-06,3.799536e-09
8.971333842e-06,3.824368e-09
8.975188099e-06,3.854257e-09
8.979062728e-06,3.874629e-09
8.982868976e-06,3.806249e-09
8.986666397e-06,3.797421e-09
8.9904737e-06,3.807303e-09
8.994240481e-06,3.766781e-09
8.998004815e-06,3.764335e-09
9.001853369e-06,3.848553e-09
9.005704742e-06,3.851373e-09
9.009569873e-06,3.865131e-09
9.013388765e-06,3.818893e-09
9.017111867e-06,3.723102e-09
9.020869287e-06,3.75742e-09
9.024610978e-06,3.741691e-09
9.028369298e-06,3.758321e-09
9.032211129e-06,3.84183e-09
9.036098594e-06,3.887465e-09
9.039961502e-06,3.862909e-09
9.043759214e-06,3.797712e-09
9.047548916e-06,3.789701e-09
9.051332512e-06,3.783596e-09
9.055097007e-06,3.764495e-09
9.058861673e-06,3.764666e-09
9.0627e-06,3.838327e-09
9.066555622e-06,3.855622e-09
9.070398914e-06,3.843292e-09
9.074223167e-06,3.824253e-09
9.078051973e-06,3.828806e-09
9.081839601e-06,3.787629e-09
9.085621587e-06,3.781986e-09
9.089396659e-06,3.775072e-09
9.093248457e-06,3.851797e-09
9.097081165e-06,3.832709e-09
9.100931031e-06,3.849866e-09
9.104743435e-06,3.812404e-09
9.10855777e-06,3.814335e-09
9.112400316e-06,3.842546e-09
9.116183348e-06,3.783032e-09
9.119964656e-06,3.781308e-09
9.12382433e-06,3.859675e-09
9.127646408e-06,3.822077e-09
9.131493939e-06,3.847531e-09
9.135318717e-06,3.824779e-09
9.139152279e-06,3.833562e-09
9.142982696e-06,3.830417e-09
9.146813931e-06,3.831235e-09
9.150610576e-06,3.796645e-09
9.154451758e-06,3.841182e-09
9.158308951e-06,3.857193e-09
9.16210791e-06,3.798959e-09
9.165953011e-06,3.8451e-09
9.169795187e-06,3.842176e-09
9.173597825e-06,3.802638e-09
9.177434857e-06,3.837032e-09
9.181254933e-06,3.820076e-09
9.185107606e-06,3.852674e-09
9.188948236e-06,3.840629e-09
9.192741543e-06,3.793307e-09
9.196578201e-06,3.836658e-09
9.200411029e-06,3.832828e-09
9.204261985e-06,3.850956e-09
9.208088077e-06,3.826092e-09
9.211885517e-06,3.797439e-09
9.215709735e-06,3.824219e-09
9.219582531e-06,3.872795e-09
9.223401928e-06,3.819398e-09
9.227237383e-06,3.835455e-09
9.231030334e-06,3.792952e-09
9.234866303e-06,3.835969e-09
9.238680627e-06,3.814324e-09
9.242509393e-06,3.828766e-09
9.246343804e-06,3.834412e-09
9.250193783e-06,3.849979e-09
9.254033629e-06,3.839846e-09
9.257857136e-06,3.823507e-09
9.261699564e-06,3.842428e-09
9.265623954e-06,3.92439e-09
9.269546557e-06,3.922603e-09
9.27343411e-06,3.887553e-09
9.277347978e-06,3.913868e-09
9.281178764e-06,3.830786e-09
9.284958802e-06,3.780037e-09
9.28878365e-06,3.824848e-09
9.292648763e-06,3.865113e-09
9.296522078e-06,3.873316e-09
9.300410115e-06,3.888037e-09
9.304285755e-06,3.87564e-09
9.308157807e-06,3.872052e-09
9.311990783e-06,3.832976e-09
9.315808265e-06,3.817481e-09
9.319608199e-06,3.799935e-09
9.323454634e-06,3.846435e-09
9.327276309e-06,3.821675e-09
9.33117657e-06,3.900261e-09
9.335026774e-06,3.850204e-09
9.338903653e-06,3.876879e-09
9.342747843e-06,3.84419e-09
9.34657086e-06,3.823017e-09
9.350363798e-06,3.792939e-09
9.354229311e-06,3.865512e-09
9.35805189e-06,3.82258e-09
9.361920313e-06,3.868423e-09
9.365776852e-06,3.856539e-09
9.369598863e-06,3.822011e-09
9.373470475e-06,3.871611e-09
9.37728774e-06,3.817266e-09
9.381122783e-06,3.835042e-09
9.385021395e-06,3.898612e-09
9.388944435e-06,3.923041e-09
9.392954324e-06,4.009888e-09
9.39694663e-06,3.992307e-09
9.400870087e-06,3.923457e-09
9.404727244e-06,3.857157e-09
9.408559242e-06,3.831998e-09
9.412353653e-06,3.79441e-09
9.416185304e-06,3.831652e-09
9.420097446e-06,3.912141e-09
9.424089729e-06,3.992284e-09
9.428031448e-06,3.941718e-09
9.431894549e-06,3.863101e-09
9.435785344e-06,3.890795e-09
9.439563573e-06,3.778228e-09
9.443391206e-06,3.827634e-09
9.447217795e-06,3.826589e-09
9.451127497e-06,3.909701e-09
9.455039416e-06,3.91192e-09
9.458960357e-06,3.92094e-09
9.462842395e-06,3.882039e-09
9.466686982e-06,3.844587e-09
9.470480937e-06,3.793954e-09
9.474339746e-06,3.858809e-09
9.478159494e-06,3.819748e-09
9.481998697e-06,3.839203e-09
9.485876848e-06,3.878152e-09
9.489815114e-06,3.938265e-09
9.493663576e-06,3.848462e-09
9.497546422e-06,3.882846e-09
9.501341761e-06,3.795338e-09
9.505202593e-06,3.860832e-09
9.509113402e-06,3.91081e-09
9.513108669e-06,3.995266e-09
9.517128638e-06,4.019969e-09
9.521234674e-06,4.106037e-09
9.525180924e-06,3.94625e-09
9.52908456e-06,3.903636e-09
9.532840908e-06,3.756348e-09
9.536654532e-06,3.813623e-09
9.540499686e-06,3.845154e-09
9.544430073e-06,3.930387e-09
9.548408181e-06,3.978107e-09
9.552404463e-06,3.996283e-09
9.556347104e-06,3.942641e-09
9.560237268e-06,3.890164e-09
9.564073303e-06,3.836035e-09
9.567872595e-06,3.799292e-09
9.571697649e-06,3.825053e-09
9.575626026e-06,3.928377e-09
9.579566999e-06,3.940973e-09
9.583514005e-06,3.947006e-09
9.587393041e-06,3.879036e-09
9.591269079e-06,3.876038e-09
9.595092706e-06,3.823627e-09
9.598939286e-06,3.84658e-09
9.602757817e-06,3.81853e-09
9.606655439e-06,3.897622e-09
9.610548318e-06,3.892879e-09
9.614499834e-06,3.951517e-09
9.61840141e-06,3.901576e-09
9.622264475e-06,3.863065e-09
9.626069118e-06,3.804643e-09
9.62993295e-06,3.863832e-09
9.633867419e-06,3.934469e-09
9.637846538e-06,3.979119e-09
9.641937337e-06,4.090799e-09
9.64602473e-06,4.087393e-09
9.650055447e-06,4.030717e-09
9.65392596e-06,3.870513e-09
9.65775255e-06,3.82659e-09
9.661534091e-06,3.781541e-09
9.665410866e-06,3.876775e-09
9.669350181e-06,3.939315e-09
9.673360808e-06,4.010627e-09
9.677396181e-06,4.035372e-09
9.681391898e-06,3.995717e-09
9.685240122e-06,3.848225e-09
9.689096972e-06,3.856849e-09
9.692917595e-06,3.820623e-09
9.6967421e-06,3.824505e-09
9.700661607e-06,3.919508e-09
9.704622173e-06,3.960566e-09
9.708594482e-06,3.972309e-09
9.712551576e-06,3.957094e-09
9.716426071e-06,3.874495e-09
9.720269247e-06,3.843176e-09
9.724083632e-06,3.814385e-09
9.72796128e-06,3.877648e-09
9.73182786e-06,3.86658e-09
9.735792722e-06,3.964862e-09
9.739685283e-06,3.892561e-09
9.743627081e-06,3.941798e-09
9.747500434e-06,3.873352e-09
9.751364791e-06,3.864357e-09
9.755199989e-06,3.835198e-09
9.759120785e-06,3.920796e-09
9.763131537e-06,4.010751e-09
9.76723813e-06,4.106593e-09
9.771346936e-06,4.108806e-09
9.775347951e-06,4.001014e-09
9.779274879e-06,3.926928e-09
9.783092332e-06,3.817453e-09
9.786907909e-06,3.815577e-09
9.790753337e-06,3.845428e-09
9.794763579e-06,4.010242e-09
9.798776602e-06,4.013023e-09
9.802819704e-06,4.043102e-09
9.80678727e-06,3.967566e-09
9.810650887e-06,3.863617e-09
9.814486189e-06,3.835303e-09
9.818328026e-06,3.841837e-09
9.822196948e-06,3.868922e-09
9.826136722e-06,3.939774e-09
9.830121014e-06,3.984292e-09
9.834088841e-06,3.967828e-09
9.838015018e-06,3.926177e-09
9.841911182e-06,3.896163e-09
9.845751551e-06,3.840369e-09
9.849611479e-06,3.859928e-09
9.853460718e-06,3.849239e-09
9.857406272e-06,3.945554e-09
9.861353461e-06,3.947189e-09
9.865277988e-06,3.924527e-09
9.869245025e-06,3.967037e-09
9.873125065e-06,3.88004e-09
9.87695709e-06,3.832025e-09
9.880849038e-06,3.891948e-09
9.884766136e-06,3.917099e-09
9.888768773e-06,4.002637e-09
9.892865565e-06,4.096792e-09
9.896952322e-06,4.086757e-09
9.900976883e-06,4.02456e-09
9.904886644e-06,3.909762e-09
9.908708729e-06,3.822085e-09
9.912531766e-06,3.823037e-09
9.91641423e-06,3.882464e-09
9.92039851e-06,3.98428e-09
9.924430155e-06,4.031645e-09
9.928453116e-06,4.022961e-09
9.932418971e-06,3.965856e-09
9.936327902e-06,3.90893e-09
9.940202733e-06,3.874832e-09
9.94402085e-06,3.818117e-09
9.947936694e-06,3.915844e-09
9.951856672e-06,3.919977e-09
9.955836722e-06,3.98005e-09
9.959828597e-06,3.991876e-09
9.963769564e-06,3.940967e-09
9.967697931e-06,3.928367e-09
9.971566363e-06,3.868432e-09
9.975397278e-06,3.830915e-09
9.979267368e-06,3.870091e-09
9.983229312e-06,3.961943e-09
9.987145055e-06,3.915744e-09
9.991106669e-06,3.961613e-09
9.995032812e-06,3.926144e-09
9.998959228e-06,3.926416e-09
1.000283796e-05,3.878729e-09
1.000671871e-05,3.880752e-09
1.001061581e-05,3.897098e-09
1.001466724e-05,4.051428e-09
1.001874527e-05,4.078037e-09
1.002279085e-05,4.045581e-09
1.002681202e-05,4.021165e-09
1.003068383e-05,3.871816e-09
1.003454547e-05,3.861635e-09
1.003839869e-05,3.853217e-09
1.004228648e-05,3.887792e-09
1.004627477e-05,3.98829e-09
1.00503316e-05,4.056827e-09
1.005434322e-05,4.01162e-09
1.00582687e-05,3.925482e-09
1.006216198e-05,3.893286e-09
1.006605053e-05,3.888543e-09
1.006992025e-05,3.869724e-09
1.007380666e-05,3.886408e-09
1.007775708e-05,3.950423e-09
1.008172583e-05,3.968752e-09
1.00857311e-05,4.005262e-09
1.008963112e-05,3.900022e-09
1.009356452e-05,3.933398e-09
1.009744264e-05,3.878128e-09
1.010130801e-05,3.865363e-09
1.010521411e-05,3.906107e-09
1.01091127e-05,3.898587e-09
1.011306828e-05,3.955575e-09
1.0117016e-05,3.947728e-09
1.012094392e-05,3.927918e-09
1.012487671e-05,3.932786e-09
1.012873282e-05,3.856111e-09
1.013264536e-05,3.912536e-09
1.013659529e-05,3.949931e-09
1.014057607e-05,3.980781e-09
1.014465983e-05,4.083764e-09
1.014870145e-05,4.041615e-09
1.0152664e-05,3.962557e-09
1.015656369e-05,3.899689e-09
1.016044245e-05,3.878756e-09
1.016428106e-05,3.838611e-09
1.016821261e-05,3.931544e-09
1.017218834e-05,3.975739e-09
1.0176188e-05,3.999652e-09
1.018017861e-05,3.990613e-09
1.018412586e-05,3.947256e-09
1.01880485e-05,3.922631e-09
1.019191447e-05,3.86597e-09
1.019582957e-05,3.915103e-09
1.019971116e-05,3.881592e-09
1.020367419e-05,3.963028e-09
1.02076344e-05,3.960212e-09
1.021161266e-05,3.978259e-09
1.021557575e-05,3.963087e-09
1.021947319e-05,3.897442e-09
1.022334448e-05,3.871291e-09
1.02272157e-05,3.871215e-09
1.023114764e-05,3.931944e-09
1.023505097e-05,3.903324e-09
1.023902996e-05,3.978996e-09
1.024293736e-05,3.907402e-09
1.024689913e-05,3.961769e-09
1.025079304e-05,3.893906e-09
1.025468614e-05,3.893098e-09
1.025858736e-05,3.901223e-09
1.026248843e-05,3.901071e-09
1.026651696e-05,4.028526e-09
1.027053368e-05,4.016725e-09
1.027453717e-05,4.003493e-09
1.027845926e-05,3.922089e-09
1.028237689e-05,3.917631e-09
1.028626246e-05,3.885561e-09
1.029019304e-05,3.930586e-09
1.029407907e-05,3.886024e-09
1.029804819e-05,3.969126e-09
1.030202281e-05,3.974621e-09
1.030601208e-05,3.989268e-09
1.030995437e-05,3.942289e-09
1.031386353e-05,3.909162e-09
1.03177541e-05,3.890566e-09
1.032168926e-05,3.935167e-09
1.032555924e-05,3.869979e-09
1.032950334e-05,3.944097e-09
1.033350918e-05,4.005842e-09
1.033745736e-05,3.948182e-09
1.034136504e-05,3.907672e-09
1.034529922e-05,3.934183e-09
1.034919116e-05,3.891938e-09
1.035311339e-05,3.922232e-09
1.035698141e-05,3.868022e-09
1.036091776e-05,3.936345e-09
1.03648497e-05,3.931947e-09
1.036878548e-05,3.935772e-09
1.037272145e-05,3.935976e-09
1.037667117e-05,3.949715e-09
1.038057003e-05,3.898864e-09
1.038444859e-05,3.878556e-09
1.038840408e-05,3.955494e-09
1.039234459e-05,3.940504e-09
1.039629937e-05,3.954789e-09
1.04003009e-05,4.001528e-09
1.040420486e-05,3.903957e-09
1.040815614e-05,3.951282e-09
1.041203743e-05,3.881292e-09
1.041596335e-05,3.925913e-09
1.041989151e-05,3.928166e-09
1.042379873e-05,3.907216e-09
1.042776115e-05,3.962421e-09
1.043170029e-05,3.939139e-09
1.043563557e-05,3.935279e-09
1.043956836e-05,3.93279e-09
1.044348738e-05,3.919027e-09
1.044736335e-05,3.875971e-09
1.045128976e-05,3.926409e-09
1.045520689e-05,3.917125e-09
1.045915221e-05,3.945323e-09
1.046309746e-05,3.945251e-09
1.046702045e-05,3.922987e-09
1.047096989e-05,3.949436e-09
1.047485063e-05,3.880741e-09
1.047877462e-05,3.92399e-09
1.048268336e-05,3.908745e-09
1.048663997e-05,3.956612e-09
1.049053765e-05,3.897676e-09
1.049447518e-05,3.937526e-09
1.049844474e-05,3.969568e-09
1.050233404e-05,3.889299e-09
1.050622946e-05,3.895419e-09
1.051017459e-05,3.945133e-09
1.051406075e-05,3.886157e-09
1.051801067e-05,3.949922e-09
1.052195906e-05,3.948388e-09
1.052590367e-05,3.944607e-09
1.052984052e-05,3.936854e-09
1.053379968e-05,3.959154e-09
1.053768018e-05,3.880508e-09
1.054160369e-05,3.923502e-09
1.05454991e-05,3.895413e-09
1.054942997e-05,3.930872e-09
1.055337316e-05,3.943187e-09
1.055735491e-05,3.981754e-09
1.056129715e-05,3.942233e-09
1.05652142e-05,3.917056e-09
1.05691039e-05,3.889703e-09
1.057299681e-05,3.892905e-09
1.057693017e-05,3.933366e-09
1.058087696e-05,3.946787e-09
1.058477253e-05,3.895572e-09
1.058874368e-05,3.97115e-09
1.059266677e-05,3.923088e-09
1.059657797e-05,3.911198e-09
1.060047366e-05,3.89569e-09
1.060441272e-05,3.939063e-09
1.060834253e-05,3.929807e-09
1.061226118e-05,3.91865e-09
1.061615281e-05,3.891632e-09
1.062012536e-05,3.972554e-09
1.062402369e-05,3.898324e-09
1.06279444e-05,3.920711e-09
1.063185232e-05,3.90792e-09
1.063579395e-05,3.941628e-09
1.06396711e-05,3.877156e-09
1.064362582e-05,3.954721e-09
1.064751824e-05,3.892415e-09
1.065149263e-05,3.974388e-09
1.065540041e-05,3.907781e-09
1.065936725e-05,3.966846e-09
1.066327446e-05,3.907203e-09
1.066717805e-05,3.903599e-09
1.067108901e-05,3.910957e-09
1.067498457e-05,3.895555e-09
1.067893706e-05,3.952495e-09
1.068286618e-05,3.929121e-09
1.068677043e-05,3.904245e-09
1.069072944e-05,3.959008e-09
1.06946412e-05,3.911764e-09
1.069852353e-05,3.882329e-09
1.07024347e-05,3.911173e-09
1.070633932e-05,3.904614e-09
1.07102979e-05,3.95858e-09
1.071422357e-05,3.925673e-09
1.071811369e-05,3.890119e-09
1.072204218e-05,3.928491e-09
1.072600331e-05,3.961129e-09
1.072991442e-05,3.911111e-09
1.07337923e-05,3.877883e-09
1.073775638e-05,3.964074e-09
1.074165689e-05,3.900514e-09
1.074557225e-05,3.915361e-09
1.074949505e-05,3.922798e-09
1.075341265e-05,3.917605e-09
1.07573293e-05,3.916641e-09
1.076127873e-05,3.949429e-09
1.076515763e-05,3.878902e-09
1.076908325e-05,3.925619e-09
1.077301017e-05,3.926925e-09
1.077693545e-05,3.925284e-09
1.078087341e-05,3.937959e-09
1.078480381e-05,3.930395e-09
1.078871871e-05,3.9149e-09
1.079260822e-05,3.889514e-09
1.079653617e-05,3.927946e-09
1.08004509e-05,3.914732e-09
1.080436e-05,3.909104e-09
1.080828313e-05,3.923126e-09
1.081221417e-05,3.931038e-09
1.081610783e-05,3.893658e-09
1.082003219e-05,3.924361e-09
1.082398533e-05,3.953142e-09
1.082786783e-05,3.882498e-09
1.083182134e-05,3.953517e-09
1.083573963e-05,3.918281e-09
1.083961723e-05,3.877599e-09
1.08435564e-05,3.93917e-09
1.084750273e-05,3.946338e-09
1.085138148e-05,3.878743e-09
1.085532973e-05,3.948256e-09
1.085923064e-05,3.900904e-09
1.086312536e-05,3.894726e-09
1.086703079e-05,3.905432e-09
1.08709895e-05,3.958703e-09
1.087488386e-05,3.894357e-09
1.087880275e-05,3.918899e-09
1.088272668e-05,3.923927e-09
1.08866416e-05,3.914918e-09
1.08905665e-05,3.924899e-09
1.089446504e-05,3.89854e-09
1.089837597e-05,3.910931e-09
1.09022972e-05,3.921228e-09
1.09061967e-05,3.899505e-09
1.091013902e-05,3.942321e-09
1.091405849e-05,3.919463e-09
1.091798256e-05,3.924076e-09
1.092188151e-05,3.898943e-09
1.092580807e-05,3.926565e-09
1.092968831e-05,3.880242e-09
1.093363527e-05,3.946955e-09
1.093756214e-05,3.926868e-09
1.094146566e-05,3.903526e-09
1.094538682e-05,3.921161e-09
1.094930089e-05,3.914064e-09
1.095324794e-05,3.947056e-09
1.095712973e-05,3.881786e-09
1.096105968e-05,3.929952e-09
1.09649743e-05,3.91462e-09
1.096887105e-05,3.896746e-09
1.097281521e-05,3.944168e-09
1.097675595e-05,3.940739e-09
1.09806478e-05,3.891847e-09
1.098458312e-05,3.935315e-09
1.098845841e-05,3.875294e-09
1.099237745e-05,3.919039e-09
1.099631722e-05,3.939772e-09
1.100021992e-05,3.902701e-09
1.100413101e-05,3.91109e-09
1.100808848e-05,3.957463e-09
1.101196685e-05,3.878376e-09
1.101587973e-05,3.912879e-09
1.101975493e-05,3.875202e-09
1.102363919e-05,3.88426e-09
1.102754827e-05,3.909074e-09
1.103147792e-05,3.929658e-09
1.103539066e-05,3.912731e-09
1.103931502e-05,3.924366e-09
1.104322956e-05,3.914535e-09
1.104715574e-05,3.926181e-09
1.10510343e-05,3.878565e-09
1.105490189e-05,3.867585e-09
1.105884272e-05,3.940828e-09
1.106276844e-05,3.925727e-09
1.106667498e-05,3.906536e-09
1.107060584e-05,3.930864e-09
1.107454893e-05,3.943092e-09
1.107844518e-05,3.896245e-09
1.108234373e-05,3.898551e-09
1.10862096e-05,3.86587e-09
1.109015838e-05,3.948778e-09
1.10940462e-05,3.887817e-09
1.109801819e-05,3.971998e-09
1.110190184e-05,3.88365e-09
1.110582818e-05,3.926332e-09
1.110975987e-05,3.931693e-09
1.111363018e-05,3.870315e-09
1.111757775e-05,3.947563e-09
1.112148996e-05,3.912209e-09
1.112540771e-05,3.917753e-09
1.112933804e-05,3.930329e-09
1.113327613e-05,3.938095e-09
1.113718964e-05,3.913504e-09
1.114106834e-05,3.878702e-09
1.11449351e-05,3.866766e-09
1.114883616e-05,3.901059e-09
1.115273631e-05,3.900149e-09
1.115664086e-05,3.904545e-09
1.116059151e-05,3.950658e-09
1.116451724e-05,3.925726e-09
1.116843634e-05,3.919102e-09
1.117233189e-05,3.895551e-09
1.117623969e-05,3.907799e-09
1.118010661e-05,3.866916e-09
1.118404755e-05,3.940942e-09
1.118796319e-05,3.915636e-09
1.119192292e-05,3.95973e-09
1.119580861e-05,3.885695e-09
1.119975735e-05,3.948736e-09
1.120362273e-05,3.865384e-09
1.120751879e-05,3.896061e-09
1.121141499e-05,3.896196e-09
1.121535796e-05,3.942967e-09
1.12192806e-05,3.922642e-09
1.122318418e-05,3.903581e-09
1.12271519e-05,3.967721e-09
1.123103287e-05,3.880972e-09
1.123497252e-05,3.939645e-09
1.123887208e-05,3.899564e-09
1.124274276e-05,3.870673e-09
1.12466563e-05,3.913542e-09
1.125057121e-05,3.914907e-09
1.125449443e-05,3.923227e-09
1.125846962e-05,3.975187e-09
1.126236808e-05,3.898464e-09
1.126620838e-05,3.840292e-09
1.127009931e-05,3.890938e-09
1.127395127e-05,3.85196e-09
1.127787845e-05,3.927178e-09
1.128181637e-05,3.937918e-09
1.128572318e-05,3.906808e-09
1.128968373e-05,3.960557e-09
1.129359538e-05,3.911641e-09
1.129748747e-05,3.892094e-09
1.130133234e-05,3.844866e-09
1.130522846e-05,3.896128e-09
1.13091445e-05,3.916035e-09
1.131305345e-05,3.908947e-09
1.131698207e-05,3.928624e-09
1.132094974e-05,3.96767e-09
1.132483611e-05,3.886365e-09
1.132872193e-05,3.88582e-09
1.13326429e-05,3.920972e-09
1.133650392e-05,3.86102e-09
1.134043644e-05,3.932523e-09
1.13443304e-05,3.893958e-09
1.134826751e-05,3.937116e-09
1.135218443e-05,3.916914e-09
1.135610922e-05,3.924792e-09
1.136005426e-05,3.945038e-09
1.136392043e-05,3.866176e-09
1.136785929e-05,3.938852e-09
1.137174539e-05,3.886101e-09
1.13756486e-05,3.903213e-09
1.137958843e-05,3.939826e-09
1.138352846e-05,3.94003e-09
1.138742832e-05,3.89986e-09
1.139129219e-05,3.863875e-09
1.13951524e-05,3.860206e-09
1.139903403e-05,3.881634e-09
1.140293313e-05,3.899099e-09
1.140683243e-05,3.899302e-09
1.14107736e-05,3.941171e-09
1.141470853e-05,3.934924e-09
1.141864587e-05,3.937341e-09
1.142253772e-05,3.891847e-09
1.142640216e-05,3.864444e-09
1.143026823e-05,3.866065e-09
1.143420521e-05,3.936981e-09
1.143810229e-05,3.897082e-09
1.144203126e-05,3.928975e-09
1.144594932e-05,3.918053e-09
1.14498686e-05,3.919284e-09
1.145378898e-05,3.920375e-09
1.145768477e-05,3.89579e-09
1.146158426e-05,3.899492e-09
1.146547639e-05,3.892134e-09
1.14693574e-05,3.881009e-09
1.147332518e-05,3.967783e-09
1.147720747e-05,3.882289e-09
1.148112342e-05,3.915944e-09
1.148503655e-05,3.913131e-09
1.148895264e-05,3.91609e-09
1.149284866e-05,3.896024e-09
1.149672015e-05,3.871485e-09
1.150063961e-05,3.919459e-09
1.150456082e-05,3.921218e-09
1.150852964e-05,3.968811e-09
1.151242196e-05,3.892329e-09
1.151629765e-05,3.875681e-09
1.152013315e-05,3.8355e-09
1.152402806e-05,3.894914e-09
1.152791111e-05,3.883052e-09
1.153182045e-05,3.909342e-09
1.15357687e-05,3.948243e-09
1.153973449e-05,3.965798e-09
1.154363266e-05,3.898171e-09
1.154747251e-05,3.839848e-09
1.155136973e-05,3.897215e-09
1.155526934e-05,3.899614e-09
1.155916516e-05,3.895819e-09
1.156309537e-05,3.930205e-09
1.156703017e-05,3.934803e-09
1.157091766e-05,3.887493e-09
1.157486507e-05,3.947411e-09
1.157876268e-05,3.89761e-09
1.158263478e-05,3.8721e-09
1.158649701e-05,3.862232e-09
1.159042056e-05,3.92355e-09
1.159435169e-05,3.931127e-09
1.159828259e-05,3.930896e-09
1.160218392e-05,3.90133e-09
1.160609914e-05,3.915224e-09
1.16100245e-05,3.925363e-09
1.161390952e-05,3.885016e-09
1.161780873e-05,3.899215e-09
1.162170732e-05,3.89859e-09
1.162561963e-05,3.912303e-09
1.162951197e-05,3.892343e-09
1.163343591e-05,3.923942e-09
1.163737193e-05,3.936013e-09
1.164121778e-05,3.845852e-09
1.164510216e-05,3.884385e-09
1.164898797e-05,3.885808e-09
1.165286867e-05,3.880703e-09
1.165680521e-05,3.936536e-09
1.166074884e-05,3.943625e-09
1.166467123e-05,3.9224e-09
1.166854154e-05,3.870305e-09
1.167242362e-05,3.882075e-09
1.167630034e-05,3.876728e-09
1.168017812e-05,3.87778e-09
1.168410962e-05,3.931493e-09
1.168802722e-05,3.917608e-09
1.169197e-05,3.942774e-09
1.169585068e-05,3.880683e-09
1.169978558e-05,3.934902e-09
1.170367311e-05,3.887527e-09
1.170754667e-05,3.873555e-09
1.171145142e-05,3.904756e-09
1.171534825e-05,3.896826e-09
1.171926869e-05,3.92044e-09
1.172320455e-05,3.935857e-09
1.172712879e-05,3.924241e-09
1.173099374e-05,3.864949e-09
1.173492588e-05,3.932146e-09
1.173878115e-05,3.855267e-09
1.174268001e-05,3.898864e-09
1.174661395e-05,3.933934e-09
1.175050659e-05,3.892647e-09
1.175445177e-05,3.945176e-09
1.175833769e-05,3.885915e-09
1.176223659e-05,3.898907e-09
1.176612995e-05,3.893361e-09
1.176996998e-05,3.840031e-09
1.177387125e-05,3.901269e-09
1.17777641e-05,3.892845e-09
1.178166132e-05,3.897222e-09
1.178563061e-05,3.969285e-09
1.178953969e-05,3.909087e-09
1.179344456e-05,3.904868e-09
1.179729467e-05,3.850109e-09
1.180121116e-05,3.91649e-09
1.18050929e-05,3.881742e-09
1.180898829e-05,3.895388e-09
1.181288097e-05,3.892675e-09
1.18168367e-05,3.955735e-09
1.182072876e-05,3.892056e-09
1.182466742e-05,3.938666e-09
1.182852046e-05,3.853042e-09
1.183243111e-05,3.910647e-09
1.183633366e-05,3.902545e-09
1.184019777e-05,3.864112e-09
1.184411598e-05,3.918212e-09
1.184808531e-05,3.969332e-09
1.18520009e-05,3.915591e-09
1.185590551e-05,3.904604e-09
1.18597734e-05,3.867889e-09
1.18636999e-05,3.926503e-09
1.186758518e-05,3.885283e-09
1.187148589e-05,3.900712e-09
1.18754093e-05,3.92341e-09
1.187929731e-05,3.888007e-09
1.188324072e-05,3.943412e-09
1.188713575e-05,3.895024e-09
1.189100757e-05,3.871827e-09
1.189485546e-05,3.847889e-09
1.189874275e-05,3.887289e-09
1.19026334e-05,3.890648e-09
1.190656065e-05,3.927252e-09
1.191049603e-05,3.93538e-09
1.191437308e-05,3.877053e-09
1.19183119e-05,3.938819e-09
1.192217307e-05,3.861165e-09
1.192604158e-05,3.868514e-09
1.192995373e-05,3.91215e-09
1.193381532e-05,3.861583e-09
1.193776102e-05,3.945706e-09
1.194166277e-05,3.90175e-09
1.194561407e-05,3.951299e-09
1.194952595e-05,3.911876e-09
1.195340809e-05,3.882147e-09
1.195726571e-05,3.857615e-09
1.196114964e-05,3.88393e-09
1.196506087e-05,3.911234e-09
1.196897547e-05,3.9146e-09
1.197289979e-05,3.924315e-09
1.197681496e-05,3.915167e-09
1.198075335e-05,3.938397e-09
1.198465038e-05,3.897026e-09
1.198853224e-05,3.881861e-09
1.199242623e-05,3.893989e-09
1.199628927e-05,3.863038e-09
1.200020327e-05,3.913999e-09
1.200415321e-05,3.949942e-09
1.200803454e-05,3.881332e-09
1.201197543e-05,3.940893e-09
1.201583521e-05,3.85978e-09
1.201968962e-05,3.854409e-09
1.202357741e-05,3.887792e-09
1.202747859e-05,3.901175e-09
1.20313769e-05,3.898316e-09
1.203534579e-05,3.968882e-09
1.203923293e-05,3.887143e-09
1.204314622e-05,3.91329e-09
1.204702976e-05,3.883538e-09
1.205089364e-05,3.863885e-09
1.205480373e-05,3.910086e-09
1.205869422e-05,3.890492e-09
1.206257771e-05,3.883487e-09
1.206650577e-05,3.928064e-09
1.207046136e-05,3.955591e-09
1.207433084e-05,3.869473e-09
1.207824608e-05,3.915243e-09
1.208212304e-05,3.876964e-09
1.208597983e-05,3.856787e-09
1.20899157e-05,3.935867e-09
1.209381871e-05,3.903011e-09
1.20977436e-05,3.924897e-09
1.210163499e-05,3.891391e-09
1.210553088e-05,3.895881e-09
1.210944782e-05,3.916945e-09
1.211330562e-05,3.857803e-09
1.211723304e-05,3.927413e-09
1.21211022e-05,3.869165e-09
1.212501129e-05,3.909088e-09
1.212893187e-05,3.920577e-09
1.213283731e-05,3.905447e-09
1.213676456e-05,3.927248e-09
1.214061833e-05,3.853763e-09
1.214449618e-05,3.877854e-09
1.214838589e-05,3.889713e-09
1.215225239e-05,3.866499e-09
1.215618141e-05,3.929015e-09
1.216011595e-05,3.934549e-09
1.216403277e-05,3.916818e-09
1.216794324e-05,3.910465e-09
1.217184199e-05,3.898751e-09
1.217572698e-05,3.88499e-09
1.217960406e-05,3.877085e-09
1.218350642e-05,3.902356e-09
1.218739035e-05,3.883934e-09
1.219134635e-05,3.956e-09
1.219522287e-05,3.876515e-09
1.219915783e-05,3.93496e-09
1.220304903e-05,3.891199e-09
1.220694192e-05,3.892891e-09
1.221079618e-05,3.854266e-09
1.221469952e-05,3.903335e-09
1.221864606e-05,3.946539e-09
1.222256783e-05,3.921771e-09
1.222644404e-05,3.876212e-09
1.223034662e-05,3.902578e-09
1.22342447e-05,3.898082e-09
1.22381577e-05,3.912996e-09
1.224204272e-05,3.885029e-09
1.224594779e-05,3.905061e-09
1.22498569e-05,3.909118e-09
1.225376486e-05,3.90796e-09
1.225764618e-05,3.881315e-09
1.226158151e-05,3.935326e-09
1.226546406e-05,3.882552e-09
1.226932803e-05,3.86397e-09
1.227321386e-05,3.885836e-09
1.227708314e-05,3.869277e-09
1.228100121e-05,3.918067e-09
1.228492632e-05,3.925115e-09
1.228883865e-05,3.91233e-09
1.229277709e-05,3.938434e-09
1.229665886e-05,3.881769e-09
1.230052798e-05,3.869129e-09
1.230443019e-05,3.902204e-09
1.230834297e-05,3.912777e-09
1.231222614e-05,3.883172e-09
1.231614564e-05,3.919498e-09
1.232005843e-05,3.912795e-09
1.232395547e-05,3.897035e-09
1.232785042e-05,3.894952e-09
1.233173614e-05,3.885717e-09
1.233567405e-05,3.937912e-09
1.233955051e-05,3.876466e-09
1.234345159e-05,3.901082e-09
1.234740951e-05,3.957912e-09
1.235131518e-05,3.905668e-09
1.235520853e-05,3.893352e-09
1.235907847e-05,3.869945e-09
1.236299668e-05,3.918209e-09
1.236689204e-05,3.895361e-09
1.237078465e-05,3.892612e-09
1.237467618e-05,3.89153e-09
1.237859892e-05,3.922737e-09
1.238253651e-05,3.937587e-09
1.238642747e-05,3.890957e-09
1.239030745e-05,3.879985e-09
1.239418887e-05,3.881422e-09
1.239804667e-05,3.857802e-09
1.240199353e-05,3.946856e-09
1.240588596e-05,3.892428e-09
1.240984314e-05,3.957179e-09
1.241375085e-05,3.907708e-09
1.241764377e-05,3.892927e-09
1.242149664e-05,3.852869e-09
1.242540121e-05,3.904571e-09
1.242931914e-05,3.917929e-09
1.243322211e-05,3.902965e-09
1.24371026e-05,3.880496e-09
1.244102406e-05,3.921458e-09
1.244493828e-05,3.914216e-09
1.244883637e-05,3.898093e-09
1.245274542e-05,3.909052e-09
1.245663094e-05,3.885518e-09
1.246053772e-05,3.906782e-09
1.246443006e-05,3.892335e-09
1.246835359e-05,3.923535e-09
1.247227207e-05,3.91848e-09
1.247615082e-05,3.878754e-09
1.248005483e-05,3.904007e-09
1.248394288e-05,3.888048e-09
1.248787082e-05,3.927943e-09
1.249174112e-05,3.870295e-09
1.249566492e-05,3.923802e-09
1.249954415e-05,3.879236e-09
1.250345205e-05,3.90789e-09
1.250737599e-05,3.923948e-09
1.251129741e-05,3.921418e-09
1.251514407e-05,3.846659e-09
1.251905842e-05,3.914352e-09
1.252296783e-05,3.909404e-09
1.252685517e-05,3.887344e-09
1.253076019e-05,3.905021e-09
1.253468913e-05,3.92894e-09
1.253862256e-05,3.933427e-09
1.254251478e-05,3.892223e-09
1.254635943e-05,3.844654e-09
1.25502885e-05,3.929068e-09
1.255418099e-05,3.892486e-09
1.255808397e-05,3.902981e-09
1.256200254e-05,3.918572e-09
1.256588077e-05,3.878224e-09
1.256980244e-05,3.921673e-09
1.257372803e-05,3.925588e-09
1.257761273e-05,3.884707e-09
1.258147253e-05,3.859797e-09
1.258540785e-05,3.935322e-09
1.258928726e-05,3.879408e-09
1.259318186e-05,3.894604e-09
1.259712949e-05,3.947623e-09
1.260102974e-05,3.900248e-09
1.260490642e-05,3.876684e-09
1.260883602e-05,3.9296e-09
1.261269651e-05,3.860486e-09
1.261660012e-05,3.90362e-09
1.262053373e-05,3.933608e-09
1.262442494e-05,3.891205e-09
1.262835111e-05,3.926174e-09
1.263222707e-05,3.87596e-09
1.263615916e-05,3.932089e-09
1.264004408e-05,3.884918e-09
1.264390261e-05,3.858535e-09
1.264781695e-05,3.914337e-09
1.265170957e-05,3.892617e-09
1.265565478e-05,3.945213e-09
1.265957683e-05,3.92205e-09
1.26634546e-05,3.877769e-09
1.266738625e-05,3.931646e-09
1.267128316e-05,3.896908e-09
1.267517268e-05,3.889527e-09
1.26790388e-05,3.86612e-09
1.268298138e-05,3.942574e-09
1.268685951e-05,3.878136e-09
1.269080765e-05,3.948138e-09
1.269467784e-05,3.870194e-09
1.269862128e-05,3.943439e-09
1.270247677e-05,3.855491e-09
1.270640272e-05,3.92595e-09
1.271026497e-05,3.862242e-09
1.271419086e-05,3.925889e-09
1.271807815e-05,3.88729e-09
1.272202741e-05,3.949264e-09
1.272589417e-05,3.866762e-09
1.272982562e-05,3.931445e-09
1.273368417e-05,3.858554e-09
1.27376072e-05,3.92303e-09
1.274150597e-05,3.898775e-09
1.274540548e-05,3.899506e-09
1.274930582e-05,3.900344e-09
1.275323913e-05,3.933308e-09
1.275711855e-05,3.879415e-09
1.276104621e-05,3.927668e-09
1.276494261e-05,3.896396e-09
1.276882846e-05,3.885844e-09
1.277271084e-05,3.882386e-09
1.27766463e-05,3.935463e-09
1.278056818e-05,3.921875e-09
1.278448269e-05,3.914508e-09
1.278836643e-05,3.883746e-09
1.279229119e-05,3.924759e-09
1.279618669e-05,3.895493e-09
1.280008096e-05,3.894272e-09
1.280399421e-05,3.913255e-09
1.280786324e-05,3.869026e-09
1.281180947e-05,3.946232e-09
1.281568656e-05,3.877089e-09
1.281962635e-05,3.939792e-09
1.282352023e-05,3.893876e-09
1.282739814e-05,3.87791e-09
1.283131776e-05,3.91962e-09
1.283518035e-05,3.862591e-09
1.283912427e-05,3.943916e-09
1.284303065e-05,3.906379e-09
1.284695613e-05,3.92548e-09
1.285082153e-05,3.865401e-09
1.285472414e-05,3.902614e-09
1.285861191e-05,3.887765e-09
1.286254916e-05,3.937251e-09
1.286642381e-05,3.87465e-09
1.287035556e-05,3.931748e-09
1.287423416e-05,3.878606e-09
1.287817494e-05,3.940779e-09
1.288204335e-05,3.868405e-09
1.288594505e-05,3.901703e-09
1.288983694e-05,3.891891e-09
1.28937715e-05,3.934557e-09
1.289767221e-05,3.900709e-09
1.290156843e-05,3.896228e-09
1.290549695e-05,3.928522e-09
1.290941624e-05,3.919284e-09
1.291332987e-05,3.913629e-09
1.291722116e-05,3.891295e-09
1.292111826e-05,3.897099e-09
1.292500375e-05,3.885491e-09
1.292888492e-05,3.881172e-09
1.293282838e-05,3.94346e-09
1.293672101e-05,3.892622e-09
1.294063166e-05,3.910653e-09
1.294456032e-05,3.928663e-09
1.294844912e-05,3.888794e-09
1.295231667e-05,3.867552e-09
1.295624743e-05,3.930766e-09
1.296014341e-05,3.895973e-09
1.296403192e-05,3.888511e-09
1.296792579e-05,3.893873e-09
1.297187633e-05,3.950537e-09
1.297574382e-05,3.867495e-09
1.297964451e-05,3.900686e-09
1.298354438e-05,3.899867e-09
1.298747456e-05,3.930181e-09
1.299136967e-05,3.895116e-09
1.299524127e-05,3.871597e-09
1.299919256e-05,3.951284e-09
1.300309062e-05,3.898066e-09
1.300700579e-05,3.915171e-09
1.301089948e-05,3.893683e-09
1.301479024e-05,3.890769e-09
1.301869154e-05,3.901292e-09
1.302260324e-05,3.911709e-09
1.302650325e-05,3.900006e-09
1.303040627e-05,3.903015e-09
1.303436069e-05,3.95442e-09
1.303826634e-05,3.905658e-09
1.304215759e-05,3.891242e-09
1.304600124e-05,3.843659e-09
1.304992717e-05,3.925922e-09
1.305384688e-05,3.919714e-09
1.305773997e-05,3.893093e-09
1.306164209e-05,3.902116e-09
1.306557426e-05,3.932173e-09
1.306946831e-05,3.894044e-09
1.307340107e-05,3.932763e-09
1.307726406e-05,3.862991e-09
1.308116386e-05,3.899796e-09
1.308509032e-05,3.926461e-09
1.308899445e-05,3.904136e-09
1.30929201e-05,3.925651e-09
1.309683293e-05,3.912823e-09
1.310073668e-05,3.903749e-09
1.31046246e-05,3.887928e-09
1.310851846e-05,3.893854e-09
1.311238865e-05,3.870194e-09
1.31163252e-05,3.936546e-09
1.312020565e-05,3.880453e-09
1.312409999e-05,3.894345e-09
1.31280441e-05,3.944107e-09
1.313191191e-05,3.867809e-09
1.313585511e-05,3.943197e-09
1.313974837e-05,3.893262e-09
1.314361251e-05,3.864142e-09
1.314752193e-05,3.90942e-09
1.315147038e-05,3.948446e-09
1.315536145e-05,3.891074e-09
1.315928179e-05,3.920338e-09
1.316318893e-05,3.907144e-09
1.316708775e-05,3.898813e-09
1.317098113e-05,3.89338e-09
1.317491053e-05,3.929399e-09
1.317879324e-05,3.882715e-09
1.318270456e-05,3.91132e-09
1.318665482e-05,3.950261e-09
1.319053278e-05,3.877964e-09
1.319443297e-05,3.900181e-09
1.319835197e-05,3.919001e-09
1.320226526e-05,3.913296e-09
1.320613589e-05,3.870626e-09
1.321009426e-05,3.958366e-09
1.321396519e-05,3.870933e-09
1.321789964e-05,3.934453e-09
1.322180926e-05,3.909614e-09
1.322568576e-05,3.876503e-09
1.322958379e-05,3.898031e-09
1.323351602e-05,3.932229e-09
1.323738732e-05,3.871299e-09
1.324132699e-05,3.939674e-09
1.324523087e-05,3.903877e-09
1.324914418e-05,3.913314e-09
1.325304406e-05,3.899873e-09
1.325695255e-05,3.908489e-09
1.32608635e-05,3.910956e-09
1.326476339e-05,3.899888e-09
1.326862656e-05,3.86317e-09
1.327256211e-05,3.935547e-09
1.327648107e-05,3.91896e-09
1.328037758e-05,3.896517e-09
1.328433113e-05,3.953541e-09
1.328819814e-05,3.867013e-09
1.329214292e-05,3.94478e-09
1.329603965e-05,3.896732e-09
1.32999288e-05,3.889147e-09
1.330381408e-05,3.885281e-09
1.330776456e-05,3.95048e-09
1.331165674e-05,3.892177e-09
1.331556108e-05,3.904346e-09
1.331949612e-05,3.935035e-09
1.332339313e-05,3.897018e-09
1.332729278e-05,3.899644e-09
1.333115913e-05,3.866347e-09
1.333511418e-05,3.955049e-09
1.333901951e-05,3.905338e-09
1.334294714e-05,3.927626e-09
1.334685544e-05,3.908304e-09
1.335074792e-05,3.892481e-09
1.335465637e-05,3.908449e-09
1.335851891e-05,3.862535e-09
1.336245416e-05,3.935255e-09
1.336633658e-05,3.882421e-09
1.337024286e-05,3.906276e-09
1.337418858e-05,3.945722e-09
1.337806923e-05,3.880645e-09
1.338199907e-05,3.929847e-09
1.338586852e-05,3.869446e-09
1.338975463e-05,3.886115e-09
1.33936563e-05,3.901665e-09
1.339756215e-05,3.905848e-09
1.340151567e-05,3.953525e-09
1.340541012e-05,3.894449e-09
1.340936239e-05,3.952265e-09
1.341324204e-05,3.879655e-09
1.341717315e-05,3.931111e-09
1.342107419e-05,3.901033e-09
1.342494145e-05,3.867262e-09
1.342885683e-05,3.915384e-09
1.343279287e-05,3.936036e-09
1.343672137e-05,3.928498e-09
1.344059527e-05,3.873903e-09
1.344453948e-05,3.944205e-09
1.344844005e-05,3.900571e-09
1.345233011e-05,3.890064e-09
1.345622293e-05,3.892822e-09
1.346015072e-05,3.927789e-09
1.346404787e-05,3.897149e-09
1.346792452e-05,3.876654e-09
1.347187268e-05,3.948159e-09
1.347574555e-05,3.872866e-09
1.34796876e-05,3.942047e-09
1.348358359e-05,3.895994e-09
1.348745503e-05,3.87144e-09
1.349137086e-05,3.915826e-09
1.349527884e-05,3.907984e-09
1.349923877e-05,3.959927e-09
1.350313895e-05,3.900185e-09
1.350705273e-05,3.913777e-09
1.351094478e-05,3.89205e-09
1.351485249e-05,3.907708e-09
1.351874506e-05,3.892567e-09
1.352266245e-05,3.917395e-09
1.352657177e-05,3.909316e-09
1.35304622e-05,3.890437e-09
1.353438319e-05,3.920988e-09
1.35383407e-05,3.957507e-09
1.354220178e-05,3.861085e-09
1.354614735e-05,3.945563e-09
1.355003736e-05,3.890015e-09
1.355392087e-05,3.883507e-09
1.355786352e-05,3.942653e-09
1.356174838e-05,3.884859e-09
1.356567168e-05,3.9233e-09
1.356957216e-05,3.900483e-09
1.357350982e-05,3.937653e-09
1.357740769e-05,3.897875e-09
1.35812686e-05,3.860904e-09
1.358517075e-05,3.902152e-09
1.35890823e-05,3.911548e-09
1.359303387e-05,3.951577e-09
1.359694943e-05,3.915557e-09
1.360082482e-05,3.875391e-09
1.360476418e-05,3.939363e-09
1.360863919e-05,3.875007e-09
1.361254388e-05,3.904689e-09
1.3616497e-05,3.95312e-09
1.362038294e-05,3.885935e-09
1.362426663e-05,3.883696e-09
1.362821002e-05,3.943393e-09
1.363213205e-05,3.922031e-09
1.363599969e-05,3.867636e-09
1.363989058e-05,3.890886e-09
1.364380731e-05,3.916731e-09
1.364769581e-05,3.8885e-09
1.365161474e-05,3.918937e-09
1.365553285e-05,3.91811e-09
1.365948653e-05,3.953678e-09
1.366335404e-05,3.867506e-09
1.366729268e-05,3.938638e-09
1.367116027e-05,3.867589e-09
1.367507814e-05,3.917874e-09
1.367896316e-05,3.885026e-09
1.368286982e-05,3.906656e-09
1.368677654e-05,3.906715e-09
1.36907185e-05,3.941961e-09
1.369459771e-05,3.879208e-09
1.369852488e-05,3.92718e-09
1.370238992e-05,3.865034e-09
1.37063279e-05,3.937984e-09
1.371019698e-05,3.86908e-09
1.371414496e-05,3.947973e-09
1.371805398e-05,3.909026e-09
1.372197698e-05,3.922996e-09
1.372585663e-05,3.879648e-09
1.372975872e-05,3.902098e-09
1.373366374e-05,3.90502e-09
1.373759602e-05,3.932271e-09
1.374151321e-05,3.917198e-09
1.374539245e-05,3.879234e-09
1.374933233e-05,3.939884e-09
1.375320131e-05,3.868982e-09
1.375714168e-05,3.940362e-09
1.376103783e-05,3.896151e-09
1.376489403e-05,3.856201e-09
1.376878821e-05,3.894178e-09
1.377272696e-05,3.938756e-09
1.377664887e-05,3.921904e-09
1.378054577e-05,3.896906e-09
1.378450221e-05,3.956437e-09
1.378836816e-05,3.865949e-09
1.379231213e-05,3.943973e-09
1.379618961e-05,3.877483e-09
1.380008607e-05,3.896459e-09
1.380399297e-05,3.906902e-09
1.380786968e-05,3.876704e-09
1.381182831e-05,3.958634e-09
1.38156999e-05,3.871585e-09
1.381961317e-05,3.913271e-09
1.382355207e-05,3.938903e-09
1.382744868e-05,3.896607e-09
1.383134267e-05,3.893994e-09
1.383522662e-05,3.883952e-09
1.383917304e-05,3.946417e-09
1.384308523e-05,3.91219e-09
1.384699922e-05,3.91399e-09
1.385087244e-05,3.873221e-09
1.385481546e-05,3.943018e-09
1.385871598e-05,3.90052e-09
1.386262465e-05,3.908671e-09
1.386652423e-05,3.899582e-09
1.387043631e-05,3.912073e-09
1.38743585e-05,3.922197e-09
1.38782594e-05,3.900896e-09
1.388213425e-05,3.874847e-09
1.388606303e-05,3.928782e-09
1.38899628e-05,3.899768e-09
1.389385521e-05,3.892413e-09
1.389777284e-05,3.917625e-09
1.390165178e-05,3.878943e-09
1.390560639e-05,3.954615e-09
1.390953208e-05,3.925684e-09
1.391339861e-05,3.866535e-09
1.391729473e-05,3.896118e-09
1.392121751e-05,3.922779e-09
1.392511327e-05,3.895763e-09
1.392901481e-05,3.901538e-09
1.39329172e-05,3.90239e-09
1.393681884e-05,3.90164e-09
1.394073769e-05,3.91885e-09
1.394463705e-05,3.899362e-09
1.394857457e-05,3.937516e-09
1.395243659e-05,3.862026e-09
1.395633616e-05,3.899569e-09
1.396024851e-05,3.912349e-09
1.396416273e-05,3.914219e-09
1.396809835e-05,3.935615e-09
1.397203106e-05,3.932714e-09
1.397590668e-05,3.875615e-09
1.397980821e-05,3.901534e-09
1.398369515e-05,3.886944e-09
1.398763151e-05,3.936355e-09
1.399150024e-05,3.868727e-09
1.399541985e-05,3.919616e-09
1.39993343e-05,3.914445e-09
1.400328275e-05,3.948456e-09
1.400719582e-05,3.913068e-09
1.401109188e-05,3.896062e-09
1.401498061e-05,3.888728e-09
1.401885193e-05,3.871318e-09
1.402274019e-05,3.888266e-09
1.402669286e-05,3.952671e-09
1.403060508e-05,3.912215e-09
1.403454765e-05,3.942574e-09
1.403842874e-05,3.881088e-09
1.404235278e-05,3.924038e-09
1.404620903e-05,3.856254e-09
1.40501353e-05,3.926269e-09
1.405401351e-05,3.878204e-09
1.40579441e-05,3.930589e-09
1.406185952e-05,3.91542e-09
1.406577743e-05,3.917916e-09
1.406968464e-05,3.90721e-09
1.407360529e-05,3.920648e-09
1.40775168e-05,3.911504e-09
1.408138025e-05,3.863451e-09
1.408532298e-05,3.942738e-09
1.408920824e-05,3.88526e-09
1.409314669e-05,3.938444e-09
1.409706326e-05,3.916573e-09
1.410096606e-05,3.902798e-09
1.410487364e-05,3.907581e-09
1.410874462e-05,3.870982e-09
1.411264374e-05,3.899116e-09
1.411658718e-05,3.943438e-09
1.412047372e-05,3.88654e-09
1.412438259e-05,3.908874e-09
1.412829809e-05,3.9155e-09
1.413220976e-05,3.911672e-09
1.413611473e-05,3.904971e-09
1.413997703e-05,3.862294e-09
1.414391219e-05,3.935167e-09
1.414779633e-05,3.884133e-09
1.415174605e-05,3.94972e-09
1.415563092e-05,3.884868e-09
1.415957231e-05,3.941398e-09
1.416347543e-05,3.903118e-09
1.41673975e-05,3.922067e-09
1.417129006e-05,3.892566e-09
1.417517377e-05,3.883702e-09
1.417911665e-05,3.942885e-09
1.418302403e-05,3.907376e-09
1.418690153e-05,3.877503e-09
1.419081949e-05,3.91796e-09
1.419476881e-05,3.949318e-09
1.419866733e-05,3.898523e-09
1.420255058e-05,3.883254e-09
1.420644268e-05,3.892094e-09
1.421034514e-05,3.902466e-09
1.421428038e-05,3.935232e-09
1.421820501e-05,3.92463e-09
1.422211842e-05,3.913413e-09
1.422600261e-05,3.884194e-09
1.42299253e-05,3.922684e-09
1.423382105e-05,3.895753e-09
1.42376895e-05,3.868455e-09
1.424159353e-05,3.904029e-09
1.424550692e-05,3.913387e-09
1.424945116e-05,3.944235e-09
1.425336008e-05,3.908924e-09
1.425727045e-05,3.910371e-09
1.426117632e-05,3.905875e-09
1.426506443e-05,3.888108e-09
1.426895771e-05,3.893281e-09
1.427282842e-05,3.870711e-09
1.427677309e-05,3.94467e-09
1.428065933e-05,3.886232e-09
1.42846167e-05,3.957374e-09
1.428852768e-05,3.910982e-09
1.429242941e-05,3.901731e-09
1.429630903e-05,3.879621e-09
1.430021366e-05,3.904627e-09
1.430408559e-05,3.87193e-09
1.430801377e-05,3.928175e-09
1.431195073e-05,3.936959e-09
1.431582876e-05,3.878031e-09
1.431974477e-05,3.916011e-09
1.432368201e-05,3.937244e-09
1.43275447e-05,3.862693e-09
1.433147682e-05,3.932116e-09
1.433538112e-05,3.904302e-09
1.433927028e-05,3.88916e-09
1.43431942e-05,3.923919e-09
1.434710358e-05,3.909377e-09
1.435103015e-05,3.926576e-09
1.435492501e-05,3.89486e-09
1.435879192e-05,3.866902e-09
1.436273416e-05,3.942244e-09
1.436660374e-05,3.869579e-09
1.43705311e-05,3.927363e-09
1.437446778e-05,3.936675e-09
1.437835555e-05,3.887778e-09
1.438229649e-05,3.940938e-09
1.438618604e-05,3.889548e-09
1.439007419e-05,3.888149e-09
1.439397288e-05,3.898693e-09
1.439788429e-05,3.911405e-09
1.440180649e-05,3.922204e-09
1.440568488e-05,3.87839e-09
1.44096404e-05,3.955515e-09
1.441354943e-05,3.90903e-09
1.441744478e-05,3.895351e-09
1.442134392e-05,3.899147e-09
1.442520872e-05,3.864791e-09
1.442910824e-05,3.899526e-09
1.443306037e-05,3.952129e-09
1.443693892e-05,3.878546e-09
1.444087086e-05,3.93194e-09
1.444475917e-05,3.88831e-09
1.444869065e-05,3.931488e-09
1.44526004e-05,3.909741e-09
1.4456464e-05,3.863601e-09
1.446041741e-05,3.953413e-09
1.446431087e-05,3.893461e-09
1.446820034e-05,3.889474e-09
1.447215724e-05,3.956897e-09
1.447602397e-05,3.866725e-09
1.447996562e-05,3.941658e-09
1.448386842e-05,3.902794e-09
1.448776725e-05,3.898834e-09
1.449166191e-05,3.894657e-09
1.449553924e-05,3.877335e-09
1.449948716e-05,3.947913e-09
1.450339961e-05,3.912454e-09
1.450727769e-05,3.878076e-09
1.451117496e-05,3.897273e-09
1.451508889e-05,3.913931e-09
1.451894831e-05,3.859417e-09
1.452289028e-05,3.941971e-09
1.452680678e-05,3.916502e-09
1.453070481e-05,3.898033e-09
1.453465433e-05,3.949519e-09
1.453856427e-05,3.909942e-09
1.454242543e-05,3.861151e-09
1.454634352e-05,3.918091e-09
1.4550212e-05,3.868485e-09
1.455412278e-05,3.910781e-09
1.455806702e-05,3.944239e-09
1.456198153e-05,3.914508e-09
1.456587535e-05,3.893823e-09
1.456976649e-05,3.891135e-09
1.45737025e-05,3.936013e-09
1.457759505e-05,3.892553e-09
1.458149598e-05,3.90093e-09
1.458540609e-05,3.910112e-09
1.45892969e-05,3.890803e-09
1.459322722e-05,3.930324e-09
1.45971444e-05,3.917174e-09
1.460105576e-05,3.911363e-09
1.4604951e-05,3.89524e-09
1.460882449e-05,3.873496e-09
1.461275715e-05,3.932659e-09
1.461664568e-05,3.888524e-09
1.462058876e-05,3.94308e-09
1.462450032e-05,3.911568e-09
1.462839804e-05,3.897715e-09
1.463229021e-05,3.892169e-09
1.463623087e-05,3.940664e-09
1.464011441e-05,3.883539e-09
1.46440044e-05,3.889984e-09
1.464790728e-05,3.902887e-09
1.465182808e-05,3.920802e-09
1.465575071e-05,3.922625e-09
1.465967045e-05,3.919746e-09
1.46635717e-05,3.901249e-09
1.466747438e-05,3.902678e-09
1.467137467e-05,3.900289e-09
1.467523171e-05,3.857043e-09
1.467917741e-05,3.945703e-09
1.468308332e-05,3.905905e-09
1.468696826e-05,3.884939e-09
1.469091922e-05,3.95096e-09
1.469484804e-05,3.928825e-09
1.469872427e-05,3.87623e-09
1.470262733e-05,3.903053e-09
1.470653138e-05,3.904058e-09
1.471039916e-05,3.867772e-09
1.47143399e-05,3.940744e-09
1.471822848e-05,3.888583e-09
1.472217802e-05,3.949536e-09
1.472608809e-05,3.910068e-09
1.472995898e-05,3.870889e-09
1.473386684e-05,3.907859e-09
1.473776716e-05,3.900323e-09
1.474167443e-05,3.907269e-09
1.474562042e-05,3.945992e-09
1.474954334e-05,3.922922e-09
1.475344831e-05,3.904964e-09
1.475732203e-05,3.873721e-09
1.476125207e-05,3.930042e-09
1.476513247e-05,3.880401e-09
1.476902185e-05,3.889385e-09
1.477289276e-05,3.870905e-09
1.477682182e-05,3.929063e-09
1.478073358e-05,3.911758e-09
1.478468584e-05,3.952257e-09
1.478859522e-05,3.909388e-09
1.479246305e-05,3.867822e-09
1.47963803e-05,3.917254e-09
1.480027206e-05,3.891763e-09
1.480418566e-05,3.913596e-09
1.48080934e-05,3.907744e-09
1.481199613e-05,3.902724e-09
1.481592117e-05,3.925045e-09
1.481980336e-05,3.882192e-09
1.482373429e-05,3.93093e-09
1.48276499e-05,3.915602e-09
1.48315145e-05,3.864606e-09
1.48354314e-05,3.9169e-09
1.483935442e-05,3.923019e-09
1.484324438e-05,3.889961e-09
1.484720114e-05,3.956755e-09
1.485110818e-05,3.907039e-09
1.485500394e-05,3.895762e-09
1.485890276e-05,3.898825e-09
1.486277359e-05,3.870829e-09
1.486671008e-05,3.936492e-09
1.487061885e-05,3.908762e-09
1.487449715e-05,3.878303e-09
1.487840379e-05,3.906642e-09
1.488232497e-05,3.921178e-09
1.488624916e-05,3.924189e-09
1.489012868e-05,3.879523e-09
1.489402065e-05,3.891969e-09
1.489792424e-05,3.903586e-09
1.490180523e-05,3.880989e-09
1.490575732e-05,3.952091e-09
1.490968092e-05,3.923605e-09
1.491358859e-05,3.907671e-09
1.491744884e-05,3.860251e-09
1.492135683e-05,3.907988e-09
1.492526152e-05,3.90469e-09
1.49291689e-05,3.907375e-09
1.49330853e-05,3.916407e-09
1.493700784e-05,3.92254e-09
1.494088291e-05,3.875065e-09
1.494479784e-05,3.914931e-09
1.494873407e-05,3.936226e-09
1.495262337e-05,3.889304e-09
1.495652019e-05,3.896816e-09
1.49604084e-05,3.888214e-09
1.496435162e-05,3.943218e-09
1.496827316e-05,3.921545e-09
1.497218972e-05,3.916556e-09
1.497605402e-05,3.864299e-09
1.497999745e-05,3.943428e-09
1.498385605e-05,3.858607e-09
1.498776082e-05,3.904772e-09
1.49916726e-05,3.911778e-09
1.499561826e-05,3.945663e-09
1.499954699e-05,3.928723e-09
